channel_id,server_id,date,message_count,active_users
server_001_text_1,server_001,2025-12-18,122,1
server_001_text_2,server_001,2025-12-18,108,1
server_001_text_1,server_001,2025-12-19,0,0
server_001_text_2,server_001,2025-12-19,0,0
server_001_text_1,server_001,2025-12-20,87,1
server_001_text_2,server_001,2025-12-20,122,1
server_001_text_1,server_001,2025-12-21,112,2
server_001_text_2,server_001,2025-12-21,142,2
server_001_text_1,server_001,2025-12-22,134,4
server_001_text_2,server_001,2025-12-22,80,4
server_001_text_1,server_001,2025-12-23,112,6
server_001_text_2,server_001,2025-12-23,49,6
server_001_text_1,server_001,2025-12-24,3,0
server_001_text_2,server_001,2025-12-24,51,7
server_001_text_1,server_001,2025-12-25,179,7
server_001_text_2,server_001,2025-12-25,51,7
server_001_text_1,server_001,2025-12-26,43,17
server_001_text_2,server_001,2025-12-26,36,12
server_001_text_1,server_001,2025-12-27,196,18
server_001_text_2,server_001,2025-12-27,32,8
server_001_text_1,server_001,2025-12-28,71,20
server_001_text_2,server_001,2025-12-28,136,20
server_001_text_1,server_001,2025-12-29,59,14
server_001_text_2,server_001,2025-12-29,46,15
server_001_text_1,server_001,2025-12-30,84,22
server_001_text_2,server_001,2025-12-30,145,22
server_001_text_1,server_001,2025-12-31,133,32
server_001_text_2,server_001,2025-12-31,121,32
server_001_text_1,server_001,2026-01-01,49,16
server_001_text_2,server_001,2026-01-01,45,22
server_001_text_1,server_001,2026-01-02,102,34
server_001_text_2,server_001,2026-01-02,253,41
server_001_text_1,server_001,2026-01-03,114,41
server_001_text_2,server_001,2026-01-03,169,41
server_001_text_1,server_001,2026-01-04,308,42
server_001_text_2,server_001,2026-01-04,43,14
server_001_text_1,server_001,2026-01-05,219,44
server_001_text_2,server_001,2026-01-05,237,44
server_001_text_1,server_001,2026-01-06,181,44
server_001_text_2,server_001,2026-01-06,75,18
server_001_text_1,server_001,2026-01-07,37,37
server_001_text_2,server_001,2026-01-07,139,34
server_001_text_1,server_001,2026-01-08,149,42
server_001_text_2,server_001,2026-01-08,111,22
server_001_text_1,server_001,2026-01-09,134,44
server_001_text_2,server_001,2026-01-09,148,49
server_001_text_1,server_001,2026-01-10,201,40
server_001_text_2,server_001,2026-01-10,44,44
server_001_text_1,server_001,2026-01-11,15,3
server_001_text_2,server_001,2026-01-11,119,29
server_001_text_1,server_001,2026-01-12,109,36
server_001_text_2,server_001,2026-01-12,43,14
server_001_text_1,server_001,2026-01-13,39,13
server_001_text_2,server_001,2026-01-13,231,60
server_001_text_1,server_001,2026-01-14,120,24
server_001_text_2,server_001,2026-01-14,186,46
server_001_text_1,server_001,2026-01-15,38,7
server_001_text_2,server_001,2026-01-15,151,27
server_001_text_1,server_001,2026-01-16,29,14
server_001_text_2,server_001,2026-01-16,157,38
server_001_text_1,server_001,2026-01-17,40,10
server_001_text_2,server_001,2026-01-17,28,7
server_001_text_1,server_001,2026-01-18,47,21
server_001_text_2,server_001,2026-01-18,74,21
server_001_text_1,server_001,2026-01-19,260,57
server_001_text_2,server_001,2026-01-19,111,55
server_001_text_1,server_001,2026-01-20,6,0
server_001_text_2,server_001,2026-01-20,32,16
server_001_text_1,server_001,2026-01-21,231,67
server_001_text_2,server_001,2026-01-21,18,3
server_001_text_1,server_001,2026-01-22,67,11
server_001_text_2,server_001,2026-01-22,128,53
server_001_text_1,server_001,2026-01-23,164,43
server_001_text_2,server_001,2026-01-23,45,11
server_001_text_1,server_001,2026-01-24,127,21
server_001_text_2,server_001,2026-01-24,26,6
server_001_text_1,server_001,2026-01-25,42,14
server_001_text_2,server_001,2026-01-25,176,47
server_001_text_1,server_001,2026-01-26,81,13
server_001_text_2,server_001,2026-01-26,16,3
server_001_text_1,server_001,2026-01-27,89,29
server_001_text_2,server_001,2026-01-27,173,40
server_001_text_1,server_001,2026-01-28,101,23
server_001_text_2,server_001,2026-01-28,59,23
server_001_text_1,server_001,2026-01-29,36,12
server_001_text_2,server_001,2026-01-29,95,37
server_001_text_1,server_001,2026-01-30,67,11
server_001_text_2,server_001,2026-01-30,16,11
server_001_text_1,server_001,2026-01-31,180,91
server_001_text_2,server_001,2026-01-31,185,46
server_001_text_1,server_001,2026-02-01,139,27
server_001_text_2,server_001,2026-02-01,240,38
server_001_text_1,server_001,2026-02-02,130,39
server_001_text_2,server_001,2026-02-02,48,24
server_001_text_1,server_001,2026-02-03,254,66
server_001_text_2,server_001,2026-02-03,68,17
server_001_text_1,server_001,2026-02-04,135,71
server_001_text_2,server_001,2026-02-04,131,71
server_001_text_1,server_001,2026-02-05,254,45
server_001_text_2,server_001,2026-02-05,18,18
server_001_text_1,server_001,2026-02-06,61,20
server_001_text_2,server_001,2026-02-06,197,65
server_001_text_1,server_001,2026-02-07,21,5
server_001_text_2,server_001,2026-02-07,77,12
server_001_text_1,server_001,2026-02-08,100,50
server_001_text_2,server_001,2026-02-08,202,54
server_001_text_1,server_001,2026-02-09,106,26
server_001_text_2,server_001,2026-02-09,72,24
server_001_text_1,server_001,2026-02-10,100,33
server_001_text_2,server_001,2026-02-10,22,7
server_001_text_1,server_001,2026-02-11,79,15
server_001_text_2,server_001,2026-02-11,214,46
server_001_text_1,server_001,2026-02-12,26,5
server_001_text_2,server_001,2026-02-12,113,37
server_001_text_1,server_001,2026-02-13,140,46
server_001_text_2,server_001,2026-02-13,67,33
server_001_text_1,server_001,2026-02-14,133,44
server_001_text_2,server_001,2026-02-14,207,57
server_001_text_1,server_001,2026-02-15,152,21
server_001_text_2,server_001,2026-02-15,114,45
server_001_text_1,server_001,2026-02-16,22,5
server_001_text_2,server_001,2026-02-16,204,36
server_001_text_1,server_001,2026-02-17,90,30
server_001_text_2,server_001,2026-02-17,209,64
server_001_text_1,server_001,2026-02-18,192,96
server_001_text_2,server_001,2026-02-18,55,55
server_001_text_1,server_001,2026-02-19,78,34
server_001_text_2,server_001,2026-02-19,59,19
server_001_text_1,server_001,2026-02-20,264,56
server_001_text_2,server_001,2026-02-20,49,49
server_001_text_1,server_001,2026-02-21,205,68
server_001_text_2,server_001,2026-02-21,271,69
server_001_text_1,server_001,2026-02-22,61,20
server_001_text_2,server_001,2026-02-22,57,14
server_001_text_1,server_001,2026-02-23,209,41
server_001_text_2,server_001,2026-02-23,86,43
server_001_text_1,server_001,2026-02-24,122,35
server_001_text_2,server_001,2026-02-24,67,9
server_001_text_1,server_001,2026-02-25,30,15
server_001_text_2,server_001,2026-02-25,75,12
server_001_text_1,server_001,2026-02-26,59,14
server_001_text_2,server_001,2026-02-26,98,42
server_001_text_1,server_001,2026-02-27,51,21
server_001_text_2,server_001,2026-02-27,159,21
server_001_text_1,server_001,2026-02-28,207,75
server_001_text_2,server_001,2026-02-28,247,75
server_001_text_1,server_001,2026-03-01,162,27
server_001_text_2,server_001,2026-03-01,63,31
server_001_text_1,server_001,2026-03-02,165,41
server_001_text_2,server_001,2026-03-02,107,94
server_001_text_1,server_001,2026-03-03,37,14
server_001_text_2,server_001,2026-03-03,46,14
server_001_text_1,server_001,2026-03-04,235,47
server_001_text_2,server_001,2026-03-04,159,65
server_001_text_1,server_001,2026-03-05,152,30
server_001_text_2,server_001,2026-03-05,135,67
server_001_text_1,server_001,2026-03-06,123,37
server_001_text_2,server_001,2026-03-06,105,37
server_001_text_1,server_001,2026-03-07,220,55
server_001_text_2,server_001,2026-03-07,105,35
server_001_text_1,server_001,2026-03-08,33,16
server_001_text_2,server_001,2026-03-08,127,24
server_001_text_1,server_001,2026-03-09,63,21
server_001_text_2,server_001,2026-03-09,162,31
server_001_text_1,server_001,2026-03-10,72,24
server_001_text_2,server_001,2026-03-10,87,14
server_001_text_1,server_001,2026-03-11,51,21
server_001_text_2,server_001,2026-03-11,36,9
server_001_text_1,server_001,2026-03-12,131,18
server_001_text_2,server_001,2026-03-12,152,30
server_001_text_1,server_001,2026-03-13,107,35
server_001_text_2,server_001,2026-03-13,108,43
server_001_text_1,server_001,2026-03-14,162,54
server_001_text_2,server_001,2026-03-14,313,62
server_001_text_1,server_001,2026-03-15,411,51
server_001_text_2,server_001,2026-03-15,92,30
server_001_text_1,server_001,2026-03-16,23,18
server_001_text_2,server_001,2026-03-16,30,18
server_001_text_1,server_001,2026-03-17,90,22
server_001_text_2,server_001,2026-03-17,31,15
server_001_text_1,server_001,2026-03-18,203,34
server_001_text_2,server_001,2026-03-18,111,34
server_001_text_1,server_001,2026-03-19,125,41
server_001_text_2,server_001,2026-03-19,114,57
server_001_text_1,server_001,2026-03-20,97,32
server_001_text_2,server_001,2026-03-20,289,43
server_001_text_1,server_001,2026-03-21,33,6
server_001_text_2,server_001,2026-03-21,84,42
server_001_text_1,server_001,2026-03-22,169,56
server_001_text_2,server_001,2026-03-22,115,38
server_001_text_1,server_001,2026-03-23,99,19
server_001_text_2,server_001,2026-03-23,152,44
server_001_text_1,server_001,2026-03-24,208,207
server_001_text_2,server_001,2026-03-24,48,48
server_001_text_1,server_001,2026-03-25,181,49
server_001_text_2,server_001,2026-03-25,83,13
server_001_text_1,server_001,2026-03-26,212,57
server_001_text_2,server_001,2026-03-26,70,17
server_001_text_1,server_001,2026-03-27,80,24
server_001_text_2,server_001,2026-03-27,83,24
server_001_text_1,server_001,2026-03-28,191,47
server_001_text_2,server_001,2026-03-28,278,92
server_001_text_1,server_001,2026-03-29,51,25
server_001_text_2,server_001,2026-03-29,275,41
server_001_text_1,server_001,2026-03-30,119,23
server_001_text_2,server_001,2026-03-30,67,31
server_001_text_1,server_001,2026-03-31,135,19
server_001_text_2,server_001,2026-03-31,151,75
server_001_text_1,server_001,2026-04-01,147,35
server_001_text_2,server_001,2026-04-01,63,35
server_001_text_1,server_001,2026-04-02,94,47
server_001_text_2,server_001,2026-04-02,175,89
server_001_text_1,server_001,2026-04-03,172,91
server_001_text_2,server_001,2026-04-03,89,89
server_001_text_1,server_001,2026-04-04,57,21
server_001_text_2,server_001,2026-04-04,41,13
server_001_text_1,server_001,2026-04-05,127,63
server_001_text_2,server_001,2026-04-05,193,64
server_001_text_1,server_001,2026-04-06,196,65
server_001_text_2,server_001,2026-04-06,35,17
server_001_text_1,server_001,2026-04-07,320,43
server_001_text_2,server_001,2026-04-07,46,43
server_001_text_1,server_001,2026-04-08,114,19
server_001_text_2,server_001,2026-04-08,36,6
server_001_text_1,server_001,2026-04-09,88,17
server_001_text_2,server_001,2026-04-09,140,35
server_001_text_1,server_001,2026-04-10,161,32
server_001_text_2,server_001,2026-04-10,114,57
server_001_text_1,server_001,2026-04-11,88,17
server_001_text_2,server_001,2026-04-11,193,32
server_001_text_1,server_001,2026-04-12,93,20
server_001_text_2,server_001,2026-04-12,70,11
server_001_text_1,server_001,2026-04-13,123,17
server_001_text_2,server_001,2026-04-13,25,5
server_001_text_1,server_001,2026-04-14,185,45
server_001_text_2,server_001,2026-04-14,63,31
server_001_text_1,server_001,2026-04-15,146,36
server_001_text_2,server_001,2026-04-15,155,77
server_001_text_1,server_001,2026-04-16,173,40
server_001_text_2,server_001,2026-04-16,108,27
server_001_text_1,server_001,2026-04-17,138,22
server_001_text_2,server_001,2026-04-17,54,18
server_001_text_1,server_001,2026-04-18,191,38
server_001_text_2,server_001,2026-04-18,55,18
server_001_text_1,server_001,2026-04-19,63,63
server_001_text_2,server_001,2026-04-19,234,58
server_001_text_1,server_001,2026-04-20,190,95
server_001_text_2,server_001,2026-04-20,88,88
server_001_text_1,server_001,2026-04-21,83,22
server_001_text_2,server_001,2026-04-21,51,17
server_001_text_1,server_001,2026-04-22,85,28
server_001_text_2,server_001,2026-04-22,142,45
server_001_text_1,server_001,2026-04-23,41,10
server_001_text_2,server_001,2026-04-23,147,24
server_001_text_1,server_001,2026-04-24,145,36
server_001_text_2,server_001,2026-04-24,48,12
server_001_text_1,server_001,2026-04-25,104,26
server_001_text_2,server_001,2026-04-25,175,35
server_001_text_1,server_001,2026-04-26,56,36
server_001_text_2,server_001,2026-04-26,230,36
server_001_text_1,server_001,2026-04-27,21,10
server_001_text_2,server_001,2026-04-27,195,48
server_001_text_1,server_001,2026-04-28,55,13
server_001_text_2,server_001,2026-04-28,94,25
server_001_text_1,server_001,2026-04-29,84,16
server_001_text_2,server_001,2026-04-29,89,25
server_001_text_1,server_001,2026-04-30,76,25
server_001_text_2,server_001,2026-04-30,262,52
server_001_text_1,server_001,2026-05-01,66,33
server_001_text_2,server_001,2026-05-01,160,33
server_001_text_1,server_001,2026-05-02,109,34
server_001_text_2,server_001,2026-05-02,71,14
server_001_text_1,server_001,2026-05-03,282,94
server_001_text_2,server_001,2026-05-03,77,25
server_001_text_1,server_001,2026-05-04,145,24
server_001_text_2,server_001,2026-05-04,6,1
server_001_text_1,server_001,2026-05-05,53,10
server_001_text_2,server_001,2026-05-05,167,27
server_001_text_1,server_001,2026-05-06,135,121
server_001_text_2,server_001,2026-05-06,213,106
server_001_text_1,server_001,2026-05-07,69,15
server_001_text_2,server_001,2026-05-07,40,13
server_001_text_1,server_001,2026-05-08,191,78
server_001_text_2,server_001,2026-05-08,32,16
server_001_text_1,server_001,2026-05-09,84,50
server_001_text_2,server_001,2026-05-09,161,40
server_001_text_1,server_001,2026-05-10,240,85
server_001_text_2,server_001,2026-05-10,186,37
server_001_text_1,server_001,2026-05-11,138,41
server_001_text_2,server_001,2026-05-11,62,15
server_001_text_1,server_001,2026-05-12,75,24
server_001_text_2,server_001,2026-05-12,102,24
server_001_text_1,server_001,2026-05-13,52,13
server_001_text_2,server_001,2026-05-13,110,20
server_001_text_1,server_001,2026-05-14,134,32
server_001_text_2,server_001,2026-05-14,95,32
server_001_text_1,server_001,2026-05-15,36,12
server_001_text_2,server_001,2026-05-15,224,28
server_001_text_1,server_001,2026-05-16,257,151
server_001_text_2,server_001,2026-05-16,41,20
server_001_text_1,server_001,2026-05-17,181,60
server_001_text_2,server_001,2026-05-17,87,43
server_001_text_1,server_001,2026-05-18,213,52
server_001_text_2,server_001,2026-05-18,119,52
server_001_text_1,server_001,2026-05-19,58,58
server_001_text_2,server_001,2026-05-19,149,49
server_001_text_1,server_001,2026-05-20,125,31
server_001_text_2,server_001,2026-05-20,98,48
server_001_text_1,server_001,2026-05-21,178,33
server_001_text_2,server_001,2026-05-21,21,10
server_001_text_1,server_001,2026-05-22,108,27
server_001_text_2,server_001,2026-05-22,118,19
server_001_text_1,server_001,2026-05-23,97,59
server_001_text_2,server_001,2026-05-23,183,45
server_001_text_1,server_001,2026-05-24,34,17
server_001_text_2,server_001,2026-05-24,124,34
server_001_text_1,server_001,2026-05-25,145,22
server_001_text_2,server_001,2026-05-25,19,6
server_001_text_1,server_001,2026-05-26,183,61
server_001_text_2,server_001,2026-05-26,60,60
server_001_text_1,server_001,2026-05-27,33,16
server_001_text_2,server_001,2026-05-27,37,12
server_001_text_1,server_001,2026-05-28,99,19
server_001_text_2,server_001,2026-05-28,79,26
server_001_text_1,server_001,2026-05-29,31,5
server_001_text_2,server_001,2026-05-29,57,49
server_001_text_1,server_001,2026-05-30,243,94
server_001_text_2,server_001,2026-05-30,202,67
server_001_text_1,server_001,2026-05-31,118,28
server_001_text_2,server_001,2026-05-31,185,28
server_001_text_1,server_001,2026-06-01,176,34
server_001_text_2,server_001,2026-06-01,66,16
server_001_text_1,server_001,2026-06-02,130,32
server_001_text_2,server_001,2026-06-02,222,74
server_001_text_1,server_001,2026-06-03,50,16
server_001_text_2,server_001,2026-06-03,61,20
server_001_text_1,server_001,2026-06-04,82,27
server_001_text_2,server_001,2026-06-04,183,45
server_001_text_1,server_001,2026-06-05,76,15
server_001_text_2,server_001,2026-06-05,70,35
server_001_text_1,server_001,2026-06-06,51,17
server_001_text_2,server_001,2026-06-06,280,41
server_001_text_1,server_001,2026-06-07,123,30
server_001_text_2,server_001,2026-06-07,180,36
server_001_text_1,server_001,2026-06-08,138,68
server_001_text_2,server_001,2026-06-08,126,63
server_001_text_1,server_001,2026-06-09,16,5
server_001_text_2,server_001,2026-06-09,199,39
server_001_text_1,server_001,2026-06-10,112,37
server_001_text_2,server_001,2026-06-10,169,84
server_001_text_1,server_001,2026-06-11,215,43
server_001_text_2,server_001,2026-06-11,188,62
server_001_text_1,server_001,2026-06-12,50,25
server_001_text_2,server_001,2026-06-12,73,35
server_001_text_1,server_001,2026-06-13,67,13
server_001_text_2,server_001,2026-06-13,170,51
server_001_text_1,server_001,2026-06-14,208,52
server_001_text_2,server_001,2026-06-14,239,119
server_001_text_1,server_001,2026-06-15,90,30
server_001_text_2,server_001,2026-06-15,212,35
server_001_text_1,server_001,2026-06-16,18,6
server_001_text_2,server_001,2026-06-16,6,1
server_002_text_1,server_002,2025-12-18,29,2
server_002_text_2,server_002,2025-12-18,79,2
server_002_text_3,server_002,2025-12-18,66,2
server_002_text_4,server_002,2025-12-18,40,2
server_002_text_1,server_002,2025-12-19,6,1
server_002_text_2,server_002,2025-12-19,11,2
server_002_text_3,server_002,2025-12-19,6,1
server_002_text_4,server_002,2025-12-19,23,2
server_002_text_1,server_002,2025-12-20,29,2
server_002_text_2,server_002,2025-12-20,81,2
server_002_text_3,server_002,2025-12-20,99,2
server_002_text_4,server_002,2025-12-20,80,2
server_002_text_1,server_002,2025-12-21,73,2
server_002_text_2,server_002,2025-12-21,71,2
server_002_text_3,server_002,2025-12-21,64,2
server_002_text_4,server_002,2025-12-21,179,2
server_002_text_1,server_002,2025-12-22,34,3
server_002_text_2,server_002,2025-12-22,3,3
server_002_text_3,server_002,2025-12-22,22,3
server_002_text_4,server_002,2025-12-22,60,3
server_002_text_1,server_002,2025-12-23,59,3
server_002_text_2,server_002,2025-12-23,41,3
server_002_text_3,server_002,2025-12-23,34,3
server_002_text_4,server_002,2025-12-23,29,3
server_002_text_1,server_002,2025-12-24,20,4
server_002_text_2,server_002,2025-12-24,18,3
server_002_text_3,server_002,2025-12-24,27,4
server_002_text_4,server_002,2025-12-24,10,4
server_002_text_1,server_002,2025-12-25,111,7
server_002_text_2,server_002,2025-12-25,52,7
server_002_text_3,server_002,2025-12-25,42,7
server_002_text_4,server_002,2025-12-25,80,7
server_002_text_1,server_002,2025-12-26,156,8
server_002_text_2,server_002,2025-12-26,43,8
server_002_text_3,server_002,2025-12-26,44,8
server_002_text_4,server_002,2025-12-26,52,8
server_002_text_1,server_002,2025-12-27,68,8
server_002_text_2,server_002,2025-12-27,102,8
server_002_text_3,server_002,2025-12-27,43,8
server_002_text_4,server_002,2025-12-27,135,8
server_002_text_1,server_002,2025-12-28,75,8
server_002_text_2,server_002,2025-12-28,70,8
server_002_text_3,server_002,2025-12-28,17,8
server_002_text_4,server_002,2025-12-28,116,8
server_002_text_1,server_002,2025-12-29,68,8
server_002_text_2,server_002,2025-12-29,19,8
server_002_text_3,server_002,2025-12-29,50,8
server_002_text_4,server_002,2025-12-29,94,8
server_002_text_1,server_002,2025-12-30,60,14
server_002_text_2,server_002,2025-12-30,87,14
server_002_text_3,server_002,2025-12-30,71,14
server_002_text_4,server_002,2025-12-30,51,12
server_002_text_1,server_002,2025-12-31,36,9
server_002_text_2,server_002,2025-12-31,25,5
server_002_text_3,server_002,2025-12-31,13,4
server_002_text_4,server_002,2025-12-31,26,15
server_002_text_1,server_002,2026-01-01,24,17
server_002_text_2,server_002,2026-01-01,37,17
server_002_text_3,server_002,2026-01-01,35,11
server_002_text_4,server_002,2026-01-01,166,17
server_002_text_1,server_002,2026-01-02,59,11
server_002_text_2,server_002,2026-01-02,59,18
server_002_text_3,server_002,2026-01-02,44,6
server_002_text_4,server_002,2026-01-02,130,18
server_002_text_1,server_002,2026-01-03,11,2
server_002_text_2,server_002,2026-01-03,14,3
server_002_text_3,server_002,2026-01-03,9,4
server_002_text_4,server_002,2026-01-03,25,8
server_002_text_1,server_002,2026-01-04,23,7
server_002_text_2,server_002,2026-01-04,104,18
server_002_text_3,server_002,2026-01-04,69,13
server_002_text_4,server_002,2026-01-04,52,10
server_002_text_1,server_002,2026-01-05,14,2
server_002_text_2,server_002,2026-01-05,14,4
server_002_text_3,server_002,2026-01-05,65,19
server_002_text_4,server_002,2026-01-05,31,6
server_002_text_1,server_002,2026-01-06,31,17
server_002_text_2,server_002,2026-01-06,15,3
server_002_text_3,server_002,2026-01-06,11,5
server_002_text_4,server_002,2026-01-06,26,6
server_002_text_1,server_002,2026-01-07,11,11
server_002_text_2,server_002,2026-01-07,9,3
server_002_text_3,server_002,2026-01-07,75,17
server_002_text_4,server_002,2026-01-07,20,17
server_002_text_1,server_002,2026-01-08,14,7
server_002_text_2,server_002,2026-01-08,99,19
server_002_text_3,server_002,2026-01-08,91,19
server_002_text_4,server_002,2026-01-08,11,1
server_002_text_1,server_002,2026-01-09,49,9
server_002_text_2,server_002,2026-01-09,36,18
server_002_text_3,server_002,2026-01-09,31,15
server_002_text_4,server_002,2026-01-09,22,7
server_002_text_1,server_002,2026-01-10,58,25
server_002_text_2,server_002,2026-01-10,7,3
server_002_text_3,server_002,2026-01-10,41,10
server_002_text_4,server_002,2026-01-10,235,25
server_002_text_1,server_002,2026-01-11,46,25
server_002_text_2,server_002,2026-01-11,172,25
server_002_text_3,server_002,2026-01-11,81,25
server_002_text_4,server_002,2026-01-11,112,18
server_002_text_1,server_002,2026-01-12,94,26
server_002_text_2,server_002,2026-01-12,43,10
server_002_text_3,server_002,2026-01-12,74,26
server_002_text_4,server_002,2026-01-12,17,17
server_002_text_1,server_002,2026-01-13,6,6
server_002_text_2,server_002,2026-01-13,150,27
server_002_text_3,server_002,2026-01-13,102,27
server_002_text_4,server_002,2026-01-13,47,23
server_002_text_1,server_002,2026-01-14,75,18
server_002_text_2,server_002,2026-01-14,21,10
server_002_text_3,server_002,2026-01-14,63,28
server_002_text_4,server_002,2026-01-14,33,28
server_002_text_1,server_002,2026-01-15,14,2
server_002_text_2,server_002,2026-01-15,22,4
server_002_text_3,server_002,2026-01-15,10,10
server_002_text_4,server_002,2026-01-15,12,3
server_002_text_1,server_002,2026-01-16,63,12
server_002_text_2,server_002,2026-01-16,53,10
server_002_text_3,server_002,2026-01-16,142,32
server_002_text_4,server_002,2026-01-16,62,20
server_002_text_1,server_002,2026-01-17,57,33
server_002_text_2,server_002,2026-01-17,34,17
server_002_text_3,server_002,2026-01-17,57,11
server_002_text_4,server_002,2026-01-17,120,24
server_002_text_1,server_002,2026-01-18,133,33
server_002_text_2,server_002,2026-01-18,113,33
server_002_text_3,server_002,2026-01-18,26,26
server_002_text_4,server_002,2026-01-18,30,10
server_002_text_1,server_002,2026-01-19,130,37
server_002_text_2,server_002,2026-01-19,37,4
server_002_text_3,server_002,2026-01-19,40,13
server_002_text_4,server_002,2026-01-19,102,37
server_002_text_1,server_002,2026-01-20,81,41
server_002_text_2,server_002,2026-01-20,18,9
server_002_text_3,server_002,2026-01-20,57,8
server_002_text_4,server_002,2026-01-20,4,2
server_002_text_1,server_002,2026-01-21,19,9
server_002_text_2,server_002,2026-01-21,47,7
server_002_text_3,server_002,2026-01-21,38,7
server_002_text_4,server_002,2026-01-21,64,12
server_002_text_1,server_002,2026-01-22,97,42
server_002_text_2,server_002,2026-01-22,78,15
server_002_text_3,server_002,2026-01-22,49,42
server_002_text_4,server_002,2026-01-22,79,26
server_002_text_1,server_002,2026-01-23,116,45
server_002_text_2,server_002,2026-01-23,117,39
server_002_text_3,server_002,2026-01-23,35,17
server_002_text_4,server_002,2026-01-23,16,16
server_002_text_1,server_002,2026-01-24,171,28
server_002_text_2,server_002,2026-01-24,20,4
server_002_text_3,server_002,2026-01-24,93,41
server_002_text_4,server_002,2026-01-24,62,41
server_002_text_1,server_002,2026-01-25,62,31
server_002_text_2,server_002,2026-01-25,13,6
server_002_text_3,server_002,2026-01-25,50,6
server_002_text_4,server_002,2026-01-25,67,33
server_002_text_1,server_002,2026-01-26,6,1
server_002_text_2,server_002,2026-01-26,87,51
server_002_text_3,server_002,2026-01-26,100,50
server_002_text_4,server_002,2026-01-26,32,16
server_002_text_1,server_002,2026-01-27,32,16
server_002_text_2,server_002,2026-01-27,99,33
server_002_text_3,server_002,2026-01-27,20,6
server_002_text_4,server_002,2026-01-27,191,31
server_002_text_1,server_002,2026-01-28,150,52
server_002_text_2,server_002,2026-01-28,55,52
server_002_text_3,server_002,2026-01-28,28,7
server_002_text_4,server_002,2026-01-28,123,41
server_002_text_1,server_002,2026-01-29,2,0
server_002_text_2,server_002,2026-01-29,3,0
server_002_text_3,server_002,2026-01-29,71,25
server_002_text_4,server_002,2026-01-29,5,5
server_002_text_1,server_002,2026-01-30,58,19
server_002_text_2,server_002,2026-01-30,128,32
server_002_text_3,server_002,2026-01-30,53,26
server_002_text_4,server_002,2026-01-30,61,57
server_002_text_1,server_002,2026-01-31,118,23
server_002_text_2,server_002,2026-01-31,49,49
server_002_text_3,server_002,2026-01-31,123,49
server_002_text_4,server_002,2026-01-31,42,42
server_002_text_1,server_002,2026-02-01,27,13
server_002_text_2,server_002,2026-02-01,43,24
server_002_text_3,server_002,2026-02-01,90,22
server_002_text_4,server_002,2026-02-01,34,11
server_002_text_1,server_002,2026-02-02,0,0
server_002_text_2,server_002,2026-02-02,0,0
server_002_text_3,server_002,2026-02-02,0,0
server_002_text_4,server_002,2026-02-02,0,0
server_002_text_1,server_002,2026-02-03,83,68
server_002_text_2,server_002,2026-02-03,25,8
server_002_text_3,server_002,2026-02-03,96,32
server_002_text_4,server_002,2026-02-03,19,9
server_002_text_1,server_002,2026-02-04,57,28
server_002_text_2,server_002,2026-02-04,54,18
server_002_text_3,server_002,2026-02-04,46,23
server_002_text_4,server_002,2026-02-04,78,68
server_002_text_1,server_002,2026-02-05,53,8
server_002_text_2,server_002,2026-02-05,43,14
server_002_text_3,server_002,2026-02-05,60,12
server_002_text_4,server_002,2026-02-05,55,29
server_002_text_1,server_002,2026-02-06,134,33
server_002_text_2,server_002,2026-02-06,22,4
server_002_text_3,server_002,2026-02-06,35,17
server_002_text_4,server_002,2026-02-06,26,13
server_002_text_1,server_002,2026-02-07,61,15
server_002_text_2,server_002,2026-02-07,268,53
server_002_text_3,server_002,2026-02-07,48,24
server_002_text_4,server_002,2026-02-07,13,2
server_002_text_1,server_002,2026-02-08,77,19
server_002_text_2,server_002,2026-02-08,108,46
server_002_text_3,server_002,2026-02-08,48,12
server_002_text_4,server_002,2026-02-08,85,28
server_002_text_1,server_002,2026-02-09,14,4
server_002_text_2,server_002,2026-02-09,33,8
server_002_text_3,server_002,2026-02-09,40,20
server_002_text_4,server_002,2026-02-09,64,21
server_002_text_1,server_002,2026-02-10,66,29
server_002_text_2,server_002,2026-02-10,47,29
server_002_text_3,server_002,2026-02-10,23,7
server_002_text_4,server_002,2026-02-10,35,7
server_002_text_1,server_002,2026-02-11,0,0
server_002_text_2,server_002,2026-02-11,0,0
server_002_text_3,server_002,2026-02-11,0,0
server_002_text_4,server_002,2026-02-11,0,0
server_002_text_1,server_002,2026-02-12,22,11
server_002_text_2,server_002,2026-02-12,26,6
server_002_text_3,server_002,2026-02-12,75,19
server_002_text_4,server_002,2026-02-12,49,8
server_002_text_1,server_002,2026-02-13,47,23
server_002_text_2,server_002,2026-02-13,63,15
server_002_text_3,server_002,2026-02-13,19,9
server_002_text_4,server_002,2026-02-13,71,17
server_002_text_1,server_002,2026-02-14,49,16
server_002_text_2,server_002,2026-02-14,45,42
server_002_text_3,server_002,2026-02-14,24,8
server_002_text_4,server_002,2026-02-14,138,34
server_002_text_1,server_002,2026-02-15,37,12
server_002_text_2,server_002,2026-02-15,52,17
server_002_text_3,server_002,2026-02-15,74,37
server_002_text_4,server_002,2026-02-15,53,13
server_002_text_1,server_002,2026-02-16,34,4
server_002_text_2,server_002,2026-02-16,62,12
server_002_text_3,server_002,2026-02-16,108,54
server_002_text_4,server_002,2026-02-16,90,18
server_002_text_1,server_002,2026-02-17,15,7
server_002_text_2,server_002,2026-02-17,13,2
server_002_text_3,server_002,2026-02-17,11,2
server_002_text_4,server_002,2026-02-17,141,25
server_002_text_1,server_002,2026-02-18,11,3
server_002_text_2,server_002,2026-02-18,37,18
server_002_text_3,server_002,2026-02-18,77,19
server_002_text_4,server_002,2026-02-18,23,5
server_002_text_1,server_002,2026-02-19,42,42
server_002_text_2,server_002,2026-02-19,188,47
server_002_text_3,server_002,2026-02-19,17,4
server_002_text_4,server_002,2026-02-19,63,47
server_002_text_1,server_002,2026-02-20,57,19
server_002_text_2,server_002,2026-02-20,17,5
server_002_text_3,server_002,2026-02-20,43,41
server_002_text_4,server_002,2026-02-20,243,41
server_002_text_1,server_002,2026-02-21,99,33
server_002_text_2,server_002,2026-02-21,77,34
server_002_text_3,server_002,2026-02-21,45,15
server_002_text_4,server_002,2026-02-21,44,11
server_002_text_1,server_002,2026-02-22,18,9
server_002_text_2,server_002,2026-02-22,10,5
server_002_text_3,server_002,2026-02-22,18,3
server_002_text_4,server_002,2026-02-22,39,13
server_002_text_1,server_002,2026-02-23,42,42
server_002_text_2,server_002,2026-02-23,85,28
server_002_text_3,server_002,2026-02-23,50,25
server_002_text_4,server_002,2026-02-23,30,10
server_002_text_1,server_002,2026-02-24,74,37
server_002_text_2,server_002,2026-02-24,85,42
server_002_text_3,server_002,2026-02-24,40,40
server_002_text_4,server_002,2026-02-24,127,42
server_002_text_1,server_002,2026-02-25,40,10
server_002_text_2,server_002,2026-02-25,7,3
server_002_text_3,server_002,2026-02-25,57,19
server_002_text_4,server_002,2026-02-25,61,15
server_002_text_1,server_002,2026-02-26,28,5
server_002_text_2,server_002,2026-02-26,76,15
server_002_text_3,server_002,2026-02-26,28,5
server_002_text_4,server_002,2026-02-26,47,23
server_002_text_1,server_002,2026-02-27,4,1
server_002_text_2,server_002,2026-02-27,88,80
server_002_text_3,server_002,2026-02-27,47,15
server_002_text_4,server_002,2026-02-27,18,6
server_002_text_1,server_002,2026-02-28,172,57
server_002_text_2,server_002,2026-02-28,40,13
server_002_text_3,server_002,2026-02-28,41,13
server_002_text_4,server_002,2026-02-28,117,19
server_002_text_1,server_002,2026-03-01,35,35
server_002_text_2,server_002,2026-03-01,244,79
server_002_text_3,server_002,2026-03-01,76,15
server_002_text_4,server_002,2026-03-01,36,9
server_002_text_1,server_002,2026-03-02,17,3
server_002_text_2,server_002,2026-03-02,47,11
server_002_text_3,server_002,2026-03-02,93,31
server_002_text_4,server_002,2026-03-02,82,35
server_002_text_1,server_002,2026-03-03,54,54
server_002_text_2,server_002,2026-03-03,30,10
server_002_text_3,server_002,2026-03-03,58,29
server_002_text_4,server_002,2026-03-03,106,21
server_002_text_1,server_002,2026-03-04,7,1
server_002_text_2,server_002,2026-03-04,32,32
server_002_text_3,server_002,2026-03-04,93,93
server_002_text_4,server_002,2026-03-04,39,39
server_002_text_1,server_002,2026-03-05,72,24
server_002_text_2,server_002,2026-03-05,25,5
server_002_text_3,server_002,2026-03-05,54,13
server_002_text_4,server_002,2026-03-05,37,12
server_002_text_1,server_002,2026-03-06,68,34
server_002_text_2,server_002,2026-03-06,5,0
server_002_text_3,server_002,2026-03-06,38,38
server_002_text_4,server_002,2026-03-06,158,39
server_002_text_1,server_002,2026-03-07,56,14
server_002_text_2,server_002,2026-03-07,54,13
server_002_text_3,server_002,2026-03-07,66,33
server_002_text_4,server_002,2026-03-07,76,50
server_002_text_1,server_002,2026-03-08,220,79
server_002_text_2,server_002,2026-03-08,34,34
server_002_text_3,server_002,2026-03-08,9,1
server_002_text_4,server_002,2026-03-08,211,79
server_002_text_1,server_002,2026-03-09,52,17
server_002_text_2,server_002,2026-03-09,50,16
server_002_text_3,server_002,2026-03-09,99,33
server_002_text_4,server_002,2026-03-09,53,53
server_002_text_1,server_002,2026-03-10,75,12
server_002_text_2,server_002,2026-03-10,198,99
server_002_text_3,server_002,2026-03-10,67,67
server_002_text_4,server_002,2026-03-10,50,12
server_002_text_1,server_002,2026-03-11,22,11
server_002_text_2,server_002,2026-03-11,47,15
server_002_text_3,server_002,2026-03-11,20,5
server_002_text_4,server_002,2026-03-11,150,37
server_002_text_1,server_002,2026-03-12,86,17
server_002_text_2,server_002,2026-03-12,100,44
server_002_text_3,server_002,2026-03-12,106,26
server_002_text_4,server_002,2026-03-12,67,16
server_002_text_1,server_002,2026-03-13,32,5
server_002_text_2,server_002,2026-03-13,152,38
server_002_text_3,server_002,2026-03-13,24,24
server_002_text_4,server_002,2026-03-13,61,12
server_002_text_1,server_002,2026-03-14,77,38
server_002_text_2,server_002,2026-03-14,95,83
server_002_text_3,server_002,2026-03-14,31,15
server_002_text_4,server_002,2026-03-14,43,14
server_002_text_1,server_002,2026-03-15,70,23
server_002_text_2,server_002,2026-03-15,15,2
server_002_text_3,server_002,2026-03-15,82,70
server_002_text_4,server_002,2026-03-15,32,32
server_002_text_1,server_002,2026-03-16,6,3
server_002_text_2,server_002,2026-03-16,0,0
server_002_text_3,server_002,2026-03-16,5,1
server_002_text_4,server_002,2026-03-16,1,0
server_002_text_1,server_002,2026-03-17,17,5
server_002_text_2,server_002,2026-03-17,9,9
server_002_text_3,server_002,2026-03-17,57,11
server_002_text_4,server_002,2026-03-17,27,27
server_002_text_1,server_002,2026-03-18,61,8
server_002_text_2,server_002,2026-03-18,66,66
server_002_text_3,server_002,2026-03-18,28,9
server_002_text_4,server_002,2026-03-18,67,22
server_002_text_1,server_002,2026-03-19,64,64
server_002_text_2,server_002,2026-03-19,11,2
server_002_text_3,server_002,2026-03-19,79,79
server_002_text_4,server_002,2026-03-19,39,39
server_002_text_1,server_002,2026-03-20,95,61
server_002_text_2,server_002,2026-03-20,44,22
server_002_text_3,server_002,2026-03-20,124,61
server_002_text_4,server_002,2026-03-20,19,9
server_002_text_1,server_002,2026-03-21,111,42
server_002_text_2,server_002,2026-03-21,72,42
server_002_text_3,server_002,2026-03-21,68,34
server_002_text_4,server_002,2026-03-21,64,16
server_002_text_1,server_002,2026-03-22,81,27
server_002_text_2,server_002,2026-03-22,47,9
server_002_text_3,server_002,2026-03-22,34,5
server_002_text_4,server_002,2026-03-22,65,13
server_002_text_1,server_002,2026-03-23,29,14
server_002_text_2,server_002,2026-03-23,121,40
server_002_text_3,server_002,2026-03-23,115,16
server_002_text_4,server_002,2026-03-23,55,11
server_002_text_1,server_002,2026-03-24,17,2
server_002_text_2,server_002,2026-03-24,44,13
server_002_text_3,server_002,2026-03-24,27,13
server_002_text_4,server_002,2026-03-24,10,10
server_002_text_1,server_002,2026-03-25,43,8
server_002_text_2,server_002,2026-03-25,61,10
server_002_text_3,server_002,2026-03-25,29,29
server_002_text_4,server_002,2026-03-25,71,38
server_002_text_1,server_002,2026-03-26,27,6
server_002_text_2,server_002,2026-03-26,70,11
server_002_text_3,server_002,2026-03-26,91,45
server_002_text_4,server_002,2026-03-26,152,38
server_002_text_1,server_002,2026-03-27,15,3
server_002_text_2,server_002,2026-03-27,19,13
server_002_text_3,server_002,2026-03-27,16,2
server_002_text_4,server_002,2026-03-27,50,12
server_002_text_1,server_002,2026-03-28,67,22
server_002_text_2,server_002,2026-03-28,74,14
server_002_text_3,server_002,2026-03-28,154,51
server_002_text_4,server_002,2026-03-28,102,20
server_002_text_1,server_002,2026-03-29,6,1
server_002_text_2,server_002,2026-03-29,178,88
server_002_text_3,server_002,2026-03-29,45,45
server_002_text_4,server_002,2026-03-29,28,9
server_002_text_1,server_002,2026-03-30,58,11
server_002_text_2,server_002,2026-03-30,55,18
server_002_text_3,server_002,2026-03-30,31,26
server_002_text_4,server_002,2026-03-30,29,9
server_002_text_1,server_002,2026-03-31,11,3
server_002_text_2,server_002,2026-03-31,105,17
server_002_text_3,server_002,2026-03-31,13,13
server_002_text_4,server_002,2026-03-31,17,2
server_002_text_1,server_002,2026-04-01,61,61
server_002_text_2,server_002,2026-04-01,57,57
server_002_text_3,server_002,2026-04-01,2,0
server_002_text_4,server_002,2026-04-01,41,10
server_002_text_1,server_002,2026-04-02,78,39
server_002_text_2,server_002,2026-04-02,26,13
server_002_text_3,server_002,2026-04-02,28,14
server_002_text_4,server_002,2026-04-02,64,32
server_002_text_1,server_002,2026-04-03,129,25
server_002_text_2,server_002,2026-04-03,65,16
server_002_text_3,server_002,2026-04-03,129,43
server_002_text_4,server_002,2026-04-03,110,36
server_002_text_1,server_002,2026-04-04,162,54
server_002_text_2,server_002,2026-04-04,94,31
server_002_text_3,server_002,2026-04-04,93,31
server_002_text_4,server_002,2026-04-04,64,64
server_002_text_1,server_002,2026-04-05,51,10
server_002_text_2,server_002,2026-04-05,37,37
server_002_text_3,server_002,2026-04-05,143,54
server_002_text_4,server_002,2026-04-05,41,41
server_002_text_1,server_002,2026-04-06,21,10
server_002_text_2,server_002,2026-04-06,99,16
server_002_text_3,server_002,2026-04-06,11,3
server_002_text_4,server_002,2026-04-06,11,5
server_002_text_1,server_002,2026-04-07,108,36
server_002_text_2,server_002,2026-04-07,245,61
server_002_text_3,server_002,2026-04-07,39,4
server_002_text_4,server_002,2026-04-07,89,29
server_002_text_1,server_002,2026-04-08,64,16
server_002_text_2,server_002,2026-04-08,12,2
server_002_text_3,server_002,2026-04-08,13,4
server_002_text_4,server_002,2026-04-08,156,41
server_002_text_1,server_002,2026-04-09,22,11
server_002_text_2,server_002,2026-04-09,40,13
server_002_text_3,server_002,2026-04-09,30,7
server_002_text_4,server_002,2026-04-09,61,12
server_002_text_1,server_002,2026-04-10,50,10
server_002_text_2,server_002,2026-04-10,19,9
server_002_text_3,server_002,2026-04-10,99,33
server_002_text_4,server_002,2026-04-10,79,26
server_002_text_1,server_002,2026-04-11,59,9
server_002_text_2,server_002,2026-04-11,116,29
server_002_text_3,server_002,2026-04-11,119,50
server_002_text_4,server_002,2026-04-11,34,6
server_002_text_1,server_002,2026-04-12,228,43
server_002_text_2,server_002,2026-04-12,127,43
server_002_text_3,server_002,2026-04-12,90,30
server_002_text_4,server_002,2026-04-12,35,5
server_002_text_1,server_002,2026-04-13,21,21
server_002_text_2,server_002,2026-04-13,142,55
server_002_text_3,server_002,2026-04-13,38,38
server_002_text_4,server_002,2026-04-13,64,6
server_002_text_1,server_002,2026-04-14,118,118
server_002_text_2,server_002,2026-04-14,134,134
server_002_text_3,server_002,2026-04-14,59,29
server_002_text_4,server_002,2026-04-14,44,44
server_002_text_1,server_002,2026-04-15,42,21
server_002_text_2,server_002,2026-04-15,42,8
server_002_text_3,server_002,2026-04-15,70,23
server_002_text_4,server_002,2026-04-15,51,25
server_002_text_1,server_002,2026-04-16,85,17
server_002_text_2,server_002,2026-04-16,54,18
server_002_text_3,server_002,2026-04-16,28,9
server_002_text_4,server_002,2026-04-16,148,37
server_002_text_1,server_002,2026-04-17,61,12
server_002_text_2,server_002,2026-04-17,72,24
server_002_text_3,server_002,2026-04-17,56,28
server_002_text_4,server_002,2026-04-17,34,17
server_002_text_1,server_002,2026-04-18,25,6
server_002_text_2,server_002,2026-04-18,70,70
server_002_text_3,server_002,2026-04-18,72,8
server_002_text_4,server_002,2026-04-18,71,11
server_002_text_1,server_002,2026-04-19,44,11
server_002_text_2,server_002,2026-04-19,22,3
server_002_text_3,server_002,2026-04-19,136,27
server_002_text_4,server_002,2026-04-19,6,2
server_002_text_1,server_002,2026-04-20,102,51
server_002_text_2,server_002,2026-04-20,82,27
server_002_text_3,server_002,2026-04-20,115,38
server_002_text_4,server_002,2026-04-20,6,1
server_002_text_1,server_002,2026-04-21,60,8
server_002_text_2,server_002,2026-04-21,34,11
server_002_text_3,server_002,2026-04-21,60,30
server_002_text_4,server_002,2026-04-21,13,4
server_002_text_1,server_002,2026-04-22,120,13
server_002_text_2,server_002,2026-04-22,54,34
server_002_text_3,server_002,2026-04-22,62,31
server_002_text_4,server_002,2026-04-22,16,8
server_002_text_1,server_002,2026-04-23,63,21
server_002_text_2,server_002,2026-04-23,121,60
server_002_text_3,server_002,2026-04-23,58,8
server_002_text_4,server_002,2026-04-23,117,13
server_002_text_1,server_002,2026-04-24,28,9
server_002_text_2,server_002,2026-04-24,122,122
server_002_text_3,server_002,2026-04-24,25,8
server_002_text_4,server_002,2026-04-24,156,156
server_002_text_1,server_002,2026-04-25,42,21
server_002_text_2,server_002,2026-04-25,64,32
server_002_text_3,server_002,2026-04-25,56,14
server_002_text_4,server_002,2026-04-25,21,7
server_002_text_1,server_002,2026-04-26,8,2
server_002_text_2,server_002,2026-04-26,87,47
server_002_text_3,server_002,2026-04-26,103,14
server_002_text_4,server_002,2026-04-26,99,47
server_002_text_1,server_002,2026-04-27,14,4
server_002_text_2,server_002,2026-04-27,21,3
server_002_text_3,server_002,2026-04-27,27,6
server_002_text_4,server_002,2026-04-27,96,34
server_002_text_1,server_002,2026-04-28,6,2
server_002_text_2,server_002,2026-04-28,15,3
server_002_text_3,server_002,2026-04-28,5,5
server_002_text_4,server_002,2026-04-28,8,4
server_002_text_1,server_002,2026-04-29,157,49
server_002_text_2,server_002,2026-04-29,41,6
server_002_text_3,server_002,2026-04-29,17,17
server_002_text_4,server_002,2026-04-29,110,27
server_002_text_1,server_002,2026-04-30,43,21
server_002_text_2,server_002,2026-04-30,137,45
server_002_text_3,server_002,2026-04-30,98,19
server_002_text_4,server_002,2026-04-30,105,52
server_002_text_1,server_002,2026-05-01,31,7
server_002_text_2,server_002,2026-05-01,44,14
server_002_text_3,server_002,2026-05-01,49,37
server_002_text_4,server_002,2026-05-01,36,18
server_002_text_1,server_002,2026-05-02,76,59
server_002_text_2,server_002,2026-05-02,51,12
server_002_text_3,server_002,2026-05-02,50,25
server_002_text_4,server_002,2026-05-02,101,33
server_002_text_1,server_002,2026-05-03,67,22
server_002_text_2,server_002,2026-05-03,198,64
server_002_text_3,server_002,2026-05-03,72,64
server_002_text_4,server_002,2026-05-03,46,6
server_002_text_1,server_002,2026-05-04,59,9
server_002_text_2,server_002,2026-05-04,66,16
server_002_text_3,server_002,2026-05-04,106,26
server_002_text_4,server_002,2026-05-04,83,37
server_002_text_1,server_002,2026-05-05,37,12
server_002_text_2,server_002,2026-05-05,109,30
server_002_text_3,server_002,2026-05-05,16,5
server_002_text_4,server_002,2026-05-05,78,19
server_002_text_1,server_002,2026-05-06,33,33
server_002_text_2,server_002,2026-05-06,85,14
server_002_text_3,server_002,2026-05-06,18,3
server_002_text_4,server_002,2026-05-06,52,52
server_002_text_1,server_002,2026-05-07,91,45
server_002_text_2,server_002,2026-05-07,56,18
server_002_text_3,server_002,2026-05-07,30,7
server_002_text_4,server_002,2026-05-07,42,10
server_002_text_1,server_002,2026-05-08,120,30
server_002_text_2,server_002,2026-05-08,33,33
server_002_text_3,server_002,2026-05-08,76,19
server_002_text_4,server_002,2026-05-08,67,67
server_002_text_1,server_002,2026-05-09,138,46
server_002_text_2,server_002,2026-05-09,59,14
server_002_text_3,server_002,2026-05-09,44,22
server_002_text_4,server_002,2026-05-09,28,9
server_002_text_1,server_002,2026-05-10,96,24
server_002_text_2,server_002,2026-05-10,20,6
server_002_text_3,server_002,2026-05-10,57,19
server_002_text_4,server_002,2026-05-10,20,10
server_002_text_1,server_002,2026-05-11,97,35
server_002_text_2,server_002,2026-05-11,23,7
server_002_text_3,server_002,2026-05-11,31,15
server_002_text_4,server_002,2026-05-11,39,6
server_002_text_1,server_002,2026-05-12,23,11
server_002_text_2,server_002,2026-05-12,25,12
server_002_text_3,server_002,2026-05-12,12,4
server_002_text_4,server_002,2026-05-12,43,38
server_002_text_1,server_002,2026-05-13,56,14
server_002_text_2,server_002,2026-05-13,71,11
server_002_text_3,server_002,2026-05-13,8,8
server_002_text_4,server_002,2026-05-13,42,40
server_002_text_1,server_002,2026-05-14,78,19
server_002_text_2,server_002,2026-05-14,21,5
server_002_text_3,server_002,2026-05-14,66,33
server_002_text_4,server_002,2026-05-14,43,37
server_002_text_1,server_002,2026-05-15,102,49
server_002_text_2,server_002,2026-05-15,81,16
server_002_text_3,server_002,2026-05-15,60,49
server_002_text_4,server_002,2026-05-15,30,6
server_002_text_1,server_002,2026-05-16,154,50
server_002_text_2,server_002,2026-05-16,20,10
server_002_text_3,server_002,2026-05-16,69,13
server_002_text_4,server_002,2026-05-16,89,44
server_002_text_1,server_002,2026-05-17,34,17
server_002_text_2,server_002,2026-05-17,100,50
server_002_text_3,server_002,2026-05-17,61,7
server_002_text_4,server_002,2026-05-17,20,5
server_002_text_1,server_002,2026-05-18,77,15
server_002_text_2,server_002,2026-05-18,88,11
server_002_text_3,server_002,2026-05-18,19,9
server_002_text_4,server_002,2026-05-18,42,21
server_002_text_1,server_002,2026-05-19,135,53
server_002_text_2,server_002,2026-05-19,74,24
server_002_text_3,server_002,2026-05-19,85,14
server_002_text_4,server_002,2026-05-19,62,31
server_002_text_1,server_002,2026-05-20,47,23
server_002_text_2,server_002,2026-05-20,15,15
server_002_text_3,server_002,2026-05-20,48,24
server_002_text_4,server_002,2026-05-20,20,2
server_002_text_1,server_002,2026-05-21,67,41
server_002_text_2,server_002,2026-05-21,59,14
server_002_text_3,server_002,2026-05-21,37,12
server_002_text_4,server_002,2026-05-21,76,25
server_002_text_1,server_002,2026-05-22,98,32
server_002_text_2,server_002,2026-05-22,91,45
server_002_text_3,server_002,2026-05-22,44,6
server_002_text_4,server_002,2026-05-22,105,49
server_002_text_1,server_002,2026-05-23,94,23
server_002_text_2,server_002,2026-05-23,49,24
server_002_text_3,server_002,2026-05-23,13,4
server_002_text_4,server_002,2026-05-23,76,38
server_002_text_1,server_002,2026-05-24,40,40
server_002_text_2,server_002,2026-05-24,68,22
server_002_text_3,server_002,2026-05-24,65,65
server_002_text_4,server_002,2026-05-24,59,11
server_002_text_1,server_002,2026-05-25,98,32
server_002_text_2,server_002,2026-05-25,110,36
server_002_text_3,server_002,2026-05-25,79,19
server_002_text_4,server_002,2026-05-25,139,46
server_002_text_1,server_002,2026-05-26,116,58
server_002_text_2,server_002,2026-05-26,53,17
server_002_text_3,server_002,2026-05-26,162,40
server_002_text_4,server_002,2026-05-26,64,32
server_002_text_1,server_002,2026-05-27,28,9
server_002_text_2,server_002,2026-05-27,93,18
server_002_text_3,server_002,2026-05-27,17,3
server_002_text_4,server_002,2026-05-27,170,28
server_002_text_1,server_002,2026-05-28,82,8
server_002_text_2,server_002,2026-05-28,37,12
server_002_text_3,server_002,2026-05-28,72,24
server_002_text_4,server_002,2026-05-28,66,33
server_002_text_1,server_002,2026-05-29,17,17
server_002_text_2,server_002,2026-05-29,46,23
server_002_text_3,server_002,2026-05-29,26,8
server_002_text_4,server_002,2026-05-29,8,2
server_002_text_1,server_002,2026-05-30,76,19
server_002_text_2,server_002,2026-05-30,81,16
server_002_text_3,server_002,2026-05-30,38,38
server_002_text_4,server_002,2026-05-30,91,22
server_002_text_1,server_002,2026-05-31,149,41
server_002_text_2,server_002,2026-05-31,45,22
server_002_text_3,server_002,2026-05-31,34,8
server_002_text_4,server_002,2026-05-31,84,14
server_002_text_1,server_002,2026-06-01,93,18
server_002_text_2,server_002,2026-06-01,56,43
server_002_text_3,server_002,2026-06-01,16,4
server_002_text_4,server_002,2026-06-01,39,39
server_002_text_1,server_002,2026-06-02,36,18
server_002_text_2,server_002,2026-06-02,194,64
server_002_text_3,server_002,2026-06-02,54,10
server_002_text_4,server_002,2026-06-02,32,6
server_002_text_1,server_002,2026-06-03,70,10
server_002_text_2,server_002,2026-06-03,126,59
server_002_text_3,server_002,2026-06-03,120,30
server_002_text_4,server_002,2026-06-03,13,2
server_002_text_1,server_002,2026-06-04,85,19
server_002_text_2,server_002,2026-06-04,81,19
server_002_text_3,server_002,2026-06-04,26,5
server_002_text_4,server_002,2026-06-04,30,7
server_002_text_1,server_002,2026-06-05,105,21
server_002_text_2,server_002,2026-06-05,77,19
server_002_text_3,server_002,2026-06-05,88,77
server_002_text_4,server_002,2026-06-05,22,22
server_002_text_1,server_002,2026-06-06,37,5
server_002_text_2,server_002,2026-06-06,86,21
server_002_text_3,server_002,2026-06-06,10,2
server_002_text_4,server_002,2026-06-06,38,12
server_002_text_1,server_002,2026-06-07,5,5
server_002_text_2,server_002,2026-06-07,16,13
server_002_text_3,server_002,2026-06-07,36,13
server_002_text_4,server_002,2026-06-07,55,13
server_002_text_1,server_002,2026-06-08,53,26
server_002_text_2,server_002,2026-06-08,67,33
server_002_text_3,server_002,2026-06-08,119,37
server_002_text_4,server_002,2026-06-08,91,30
server_002_text_1,server_002,2026-06-09,129,32
server_002_text_2,server_002,2026-06-09,21,7
server_002_text_3,server_002,2026-06-09,166,41
server_002_text_4,server_002,2026-06-09,16,4
server_002_text_1,server_002,2026-06-10,52,17
server_002_text_2,server_002,2026-06-10,78,15
server_002_text_3,server_002,2026-06-10,65,21
server_002_text_4,server_002,2026-06-10,52,26
server_002_text_1,server_002,2026-06-11,50,16
server_002_text_2,server_002,2026-06-11,63,31
server_002_text_3,server_002,2026-06-11,97,32
server_002_text_4,server_002,2026-06-11,31,10
server_002_text_1,server_002,2026-06-12,93,40
server_002_text_2,server_002,2026-06-12,43,14
server_002_text_3,server_002,2026-06-12,25,12
server_002_text_4,server_002,2026-06-12,115,38
server_002_text_1,server_002,2026-06-13,56,18
server_002_text_2,server_002,2026-06-13,18,18
server_002_text_3,server_002,2026-06-13,89,17
server_002_text_4,server_002,2026-06-13,143,47
server_002_text_1,server_002,2026-06-14,54,54
server_002_text_2,server_002,2026-06-14,27,27
server_002_text_3,server_002,2026-06-14,23,11
server_002_text_4,server_002,2026-06-14,52,26
server_002_text_1,server_002,2026-06-15,37,37
server_002_text_2,server_002,2026-06-15,113,56
server_002_text_3,server_002,2026-06-15,34,8
server_002_text_4,server_002,2026-06-15,87,21
server_002_text_1,server_002,2026-06-16,14,4
server_002_text_2,server_002,2026-06-16,19,6
server_002_text_3,server_002,2026-06-16,4,4
server_002_text_4,server_002,2026-06-16,26,4
server_003_text_1,server_003,2025-12-18,22,5
server_003_text_2,server_003,2025-12-18,19,5
server_003_text_3,server_003,2025-12-18,83,5
server_003_text_4,server_003,2025-12-18,15,5
server_003_text_5,server_003,2025-12-18,59,5
server_003_text_1,server_003,2025-12-19,8,2
server_003_text_2,server_003,2025-12-19,31,7
server_003_text_3,server_003,2025-12-19,75,7
server_003_text_4,server_003,2025-12-19,23,7
server_003_text_5,server_003,2025-12-19,43,7
server_003_text_1,server_003,2025-12-20,70,8
server_003_text_2,server_003,2025-12-20,47,8
server_003_text_3,server_003,2025-12-20,62,8
server_003_text_4,server_003,2025-12-20,31,8
server_003_text_5,server_003,2025-12-20,5,1
server_003_text_1,server_003,2025-12-21,7,1
server_003_text_2,server_003,2025-12-21,53,8
server_003_text_3,server_003,2025-12-21,46,9
server_003_text_4,server_003,2025-12-21,38,7
server_003_text_5,server_003,2025-12-21,42,9
server_003_text_1,server_003,2025-12-22,50,9
server_003_text_2,server_003,2025-12-22,35,8
server_003_text_3,server_003,2025-12-22,30,9
server_003_text_4,server_003,2025-12-22,76,9
server_003_text_5,server_003,2025-12-22,48,8
server_003_text_1,server_003,2025-12-23,63,16
server_003_text_2,server_003,2025-12-23,72,12
server_003_text_3,server_003,2025-12-23,13,4
server_003_text_4,server_003,2025-12-23,41,6
server_003_text_5,server_003,2025-12-23,78,15
server_003_text_1,server_003,2025-12-24,15,7
server_003_text_2,server_003,2025-12-24,43,10
server_003_text_3,server_003,2025-12-24,23,5
server_003_text_4,server_003,2025-12-24,33,17
server_003_text_5,server_003,2025-12-24,51,12
server_003_text_1,server_003,2025-12-25,20,4
server_003_text_2,server_003,2025-12-25,8,4
server_003_text_3,server_003,2025-12-25,51,18
server_003_text_4,server_003,2025-12-25,28,18
server_003_text_5,server_003,2025-12-25,35,18
server_003_text_1,server_003,2025-12-26,26,8
server_003_text_2,server_003,2025-12-26,22,3
server_003_text_3,server_003,2025-12-26,71,20
server_003_text_4,server_003,2025-12-26,115,20
server_003_text_5,server_003,2025-12-26,18,4
server_003_text_1,server_003,2025-12-27,59,20
server_003_text_2,server_003,2025-12-27,36,7
server_003_text_3,server_003,2025-12-27,56,18
server_003_text_4,server_003,2025-12-27,9,9
server_003_text_5,server_003,2025-12-27,106,20
server_003_text_1,server_003,2025-12-28,77,20
server_003_text_2,server_003,2025-12-28,48,20
server_003_text_3,server_003,2025-12-28,15,3
server_003_text_4,server_003,2025-12-28,27,20
server_003_text_5,server_003,2025-12-28,24,4
server_003_text_1,server_003,2025-12-29,48,22
server_003_text_2,server_003,2025-12-29,75,22
server_003_text_3,server_003,2025-12-29,20,5
server_003_text_4,server_003,2025-12-29,23,5
server_003_text_5,server_003,2025-12-29,43,14
server_003_text_1,server_003,2025-12-30,54,18
server_003_text_2,server_003,2025-12-30,122,26
server_003_text_3,server_003,2025-12-30,98,19
server_003_text_4,server_003,2025-12-30,50,12
server_003_text_5,server_003,2025-12-30,33,26
server_003_text_1,server_003,2025-12-31,38,27
server_003_text_2,server_003,2025-12-31,31,7
server_003_text_3,server_003,2025-12-31,56,18
server_003_text_4,server_003,2025-12-31,55,27
server_003_text_5,server_003,2025-12-31,23,4
server_003_text_1,server_003,2026-01-01,31,6
server_003_text_2,server_003,2026-01-01,26,26
server_003_text_3,server_003,2026-01-01,29,7
server_003_text_4,server_003,2026-01-01,26,5
server_003_text_5,server_003,2026-01-01,91,28
server_003_text_1,server_003,2026-01-02,15,3
server_003_text_2,server_003,2026-01-02,56,11
server_003_text_3,server_003,2026-01-02,65,16
server_003_text_4,server_003,2026-01-02,50,10
server_003_text_5,server_003,2026-01-02,32,8
server_003_text_1,server_003,2026-01-03,58,43
server_003_text_2,server_003,2026-01-03,33,16
server_003_text_3,server_003,2026-01-03,37,37
server_003_text_4,server_003,2026-01-03,30,15
server_003_text_5,server_003,2026-01-03,34,4
server_003_text_1,server_003,2026-01-04,9,1
server_003_text_2,server_003,2026-01-04,73,36
server_003_text_3,server_003,2026-01-04,41,10
server_003_text_4,server_003,2026-01-04,52,45
server_003_text_5,server_003,2026-01-04,145,45
server_003_text_1,server_003,2026-01-05,46,41
server_003_text_2,server_003,2026-01-05,32,6
server_003_text_3,server_003,2026-01-05,53,17
server_003_text_4,server_003,2026-01-05,29,9
server_003_text_5,server_003,2026-01-05,25,8
server_003_text_1,server_003,2026-01-06,6,1
server_003_text_2,server_003,2026-01-06,21,21
server_003_text_3,server_003,2026-01-06,87,17
server_003_text_4,server_003,2026-01-06,36,7
server_003_text_5,server_003,2026-01-06,154,33
server_003_text_1,server_003,2026-01-07,67,22
server_003_text_2,server_003,2026-01-07,54,18
server_003_text_3,server_003,2026-01-07,22,11
server_003_text_4,server_003,2026-01-07,28,28
server_003_text_5,server_003,2026-01-07,23,7
server_003_text_1,server_003,2026-01-08,26,4
server_003_text_2,server_003,2026-01-08,35,11
server_003_text_3,server_003,2026-01-08,19,9
server_003_text_4,server_003,2026-01-08,2,0
server_003_text_5,server_003,2026-01-08,15,3
server_003_text_1,server_003,2026-01-09,57,52
server_003_text_2,server_003,2026-01-09,17,5
server_003_text_3,server_003,2026-01-09,53,6
server_003_text_4,server_003,2026-01-09,5,1
server_003_text_5,server_003,2026-01-09,29,4
server_003_text_1,server_003,2026-01-10,28,9
server_003_text_2,server_003,2026-01-10,31,31
server_003_text_3,server_003,2026-01-10,33,16
server_003_text_4,server_003,2026-01-10,69,23
server_003_text_5,server_003,2026-01-10,106,21
server_003_text_1,server_003,2026-01-11,68,53
server_003_text_2,server_003,2026-01-11,35,35
server_003_text_3,server_003,2026-01-11,142,28
server_003_text_4,server_003,2026-01-11,110,53
server_003_text_5,server_003,2026-01-11,52,26
server_003_text_1,server_003,2026-01-12,24,8
server_003_text_2,server_003,2026-01-12,16,2
server_003_text_3,server_003,2026-01-12,33,33
server_003_text_4,server_003,2026-01-12,67,22
server_003_text_5,server_003,2026-01-12,32,6
server_003_text_1,server_003,2026-01-13,17,2
server_003_text_2,server_003,2026-01-13,19,6
server_003_text_3,server_003,2026-01-13,31,10
server_003_text_4,server_003,2026-01-13,16,5
server_003_text_5,server_003,2026-01-13,2,0
server_003_text_1,server_003,2026-01-14,78,15
server_003_text_2,server_003,2026-01-14,50,50
server_003_text_3,server_003,2026-01-14,70,17
server_003_text_4,server_003,2026-01-14,32,6
server_003_text_5,server_003,2026-01-14,48,9
server_003_text_1,server_003,2026-01-15,78,61
server_003_text_2,server_003,2026-01-15,10,10
server_003_text_3,server_003,2026-01-15,114,28
server_003_text_4,server_003,2026-01-15,42,8
server_003_text_5,server_003,2026-01-15,66,22
server_003_text_1,server_003,2026-01-16,72,14
server_003_text_2,server_003,2026-01-16,31,10
server_003_text_3,server_003,2026-01-16,38,9
server_003_text_4,server_003,2026-01-16,21,4
server_003_text_5,server_003,2026-01-16,22,7
server_003_text_1,server_003,2026-01-17,40,13
server_003_text_2,server_003,2026-01-17,37,12
server_003_text_3,server_003,2026-01-17,53,48
server_003_text_4,server_003,2026-01-17,110,48
server_003_text_5,server_003,2026-01-17,98,32
server_003_text_1,server_003,2026-01-18,33,16
server_003_text_2,server_003,2026-01-18,77,25
server_003_text_3,server_003,2026-01-18,79,40
server_003_text_4,server_003,2026-01-18,20,6
server_003_text_5,server_003,2026-01-18,39,19
server_003_text_1,server_003,2026-01-19,49,25
server_003_text_2,server_003,2026-01-19,46,25
server_003_text_3,server_003,2026-01-19,5,2
server_003_text_4,server_003,2026-01-19,30,25
server_003_text_5,server_003,2026-01-19,25,8
server_003_text_1,server_003,2026-01-20,11,11
server_003_text_2,server_003,2026-01-20,9,1
server_003_text_3,server_003,2026-01-20,34,17
server_003_text_4,server_003,2026-01-20,18,3
server_003_text_5,server_003,2026-01-20,23,7
server_003_text_1,server_003,2026-01-21,23,4
server_003_text_2,server_003,2026-01-21,19,15
server_003_text_3,server_003,2026-01-21,37,4
server_003_text_4,server_003,2026-01-21,19,4
server_003_text_5,server_003,2026-01-21,14,7
server_003_text_1,server_003,2026-01-22,37,12
server_003_text_2,server_003,2026-01-22,52,8
server_003_text_3,server_003,2026-01-22,34,8
server_003_text_4,server_003,2026-01-22,8,8
server_003_text_5,server_003,2026-01-22,3,3
server_003_text_1,server_003,2026-01-23,40,6
server_003_text_2,server_003,2026-01-23,26,6
server_003_text_3,server_003,2026-01-23,12,6
server_003_text_4,server_003,2026-01-23,82,35
server_003_text_5,server_003,2026-01-23,30,6
server_003_text_1,server_003,2026-01-24,70,14
server_003_text_2,server_003,2026-01-24,42,8
server_003_text_3,server_003,2026-01-24,57,19
server_003_text_4,server_003,2026-01-24,69,17
server_003_text_5,server_003,2026-01-24,38,19
server_003_text_1,server_003,2026-01-25,16,2
server_003_text_2,server_003,2026-01-25,38,19
server_003_text_3,server_003,2026-01-25,39,6
server_003_text_4,server_003,2026-01-25,22,11
server_003_text_5,server_003,2026-01-25,6,2
server_003_text_1,server_003,2026-01-26,39,19
server_003_text_2,server_003,2026-01-26,15,15
server_003_text_3,server_003,2026-01-26,79,13
server_003_text_4,server_003,2026-01-26,148,33
server_003_text_5,server_003,2026-01-26,37,9
server_003_text_1,server_003,2026-01-27,46,15
server_003_text_2,server_003,2026-01-27,68,34
server_003_text_3,server_003,2026-01-27,101,33
server_003_text_4,server_003,2026-01-27,12,1
server_003_text_5,server_003,2026-01-27,41,13
server_003_text_1,server_003,2026-01-28,28,4
server_003_text_2,server_003,2026-01-28,35,17
server_003_text_3,server_003,2026-01-28,85,12
server_003_text_4,server_003,2026-01-28,122,30
server_003_text_5,server_003,2026-01-28,15,2
server_003_text_1,server_003,2026-01-29,17,17
server_003_text_2,server_003,2026-01-29,33,33
server_003_text_3,server_003,2026-01-29,16,5
server_003_text_4,server_003,2026-01-29,31,6
server_003_text_5,server_003,2026-01-29,77,25
server_003_text_1,server_003,2026-01-30,69,23
server_003_text_2,server_003,2026-01-30,8,2
server_003_text_3,server_003,2026-01-30,32,16
server_003_text_4,server_003,2026-01-30,53,26
server_003_text_5,server_003,2026-01-30,53,5
server_003_text_1,server_003,2026-01-31,25,25
server_003_text_2,server_003,2026-01-31,12,12
server_003_text_3,server_003,2026-01-31,13,6
server_003_text_4,server_003,2026-01-31,120,24
server_003_text_5,server_003,2026-01-31,39,13
server_003_text_1,server_003,2026-02-01,85,42
server_003_text_2,server_003,2026-02-01,16,16
server_003_text_3,server_003,2026-02-01,66,66
server_003_text_4,server_003,2026-02-01,6,2
server_003_text_5,server_003,2026-02-01,26,8
server_003_text_1,server_003,2026-02-02,185,37
server_003_text_2,server_003,2026-02-02,26,5
server_003_text_3,server_003,2026-02-02,57,28
server_003_text_4,server_003,2026-02-02,71,71
server_003_text_5,server_003,2026-02-02,63,21
server_003_text_1,server_003,2026-02-03,28,28
server_003_text_2,server_003,2026-02-03,25,8
server_003_text_3,server_003,2026-02-03,31,10
server_003_text_4,server_003,2026-02-03,21,7
server_003_text_5,server_003,2026-02-03,12,12
server_003_text_1,server_003,2026-02-04,26,5
server_003_text_2,server_003,2026-02-04,23,11
server_003_text_3,server_003,2026-02-04,39,13
server_003_text_4,server_003,2026-02-04,64,32
server_003_text_5,server_003,2026-02-04,20,6
server_003_text_1,server_003,2026-02-05,98,32
server_003_text_2,server_003,2026-02-05,36,9
server_003_text_3,server_003,2026-02-05,24,8
server_003_text_4,server_003,2026-02-05,43,14
server_003_text_5,server_003,2026-02-05,70,17
server_003_text_1,server_003,2026-02-06,57,28
server_003_text_2,server_003,2026-02-06,25,6
server_003_text_3,server_003,2026-02-06,8,1
server_003_text_4,server_003,2026-02-06,4,2
server_003_text_5,server_003,2026-02-06,58,14
server_003_text_1,server_003,2026-02-07,37,12
server_003_text_2,server_003,2026-02-07,18,9
server_003_text_3,server_003,2026-02-07,126,52
server_003_text_4,server_003,2026-02-07,80,40
server_003_text_5,server_003,2026-02-07,39,9
server_003_text_1,server_003,2026-02-08,142,71
server_003_text_2,server_003,2026-02-08,70,23
server_003_text_3,server_003,2026-02-08,62,12
server_003_text_4,server_003,2026-02-08,46,11
server_003_text_5,server_003,2026-02-08,43,7
server_003_text_1,server_003,2026-02-09,24,4
server_003_text_2,server_003,2026-02-09,8,2
server_003_text_3,server_003,2026-02-09,99,49
server_003_text_4,server_003,2026-02-09,17,4
server_003_text_5,server_003,2026-02-09,12,6
server_003_text_1,server_003,2026-02-10,40,40
server_003_text_2,server_003,2026-02-10,34,34
server_003_text_3,server_003,2026-02-10,34,8
server_003_text_4,server_003,2026-02-10,25,25
server_003_text_5,server_003,2026-02-10,38,19
server_003_text_1,server_003,2026-02-11,32,31
server_003_text_2,server_003,2026-02-11,27,5
server_003_text_3,server_003,2026-02-11,27,27
server_003_text_4,server_003,2026-02-11,31,15
server_003_text_5,server_003,2026-02-11,7,3
server_003_text_1,server_003,2026-02-12,65,16
server_003_text_2,server_003,2026-02-12,42,6
server_003_text_3,server_003,2026-02-12,11,3
server_003_text_4,server_003,2026-02-12,23,23
server_003_text_5,server_003,2026-02-12,19,6
server_003_text_1,server_003,2026-02-13,16,5
server_003_text_2,server_003,2026-02-13,118,10
server_003_text_3,server_003,2026-02-13,9,9
server_003_text_4,server_003,2026-02-13,39,9
server_003_text_5,server_003,2026-02-13,31,10
server_003_text_1,server_003,2026-02-14,17,5
server_003_text_2,server_003,2026-02-14,32,32
server_003_text_3,server_003,2026-02-14,113,113
server_003_text_4,server_003,2026-02-14,68,34
server_003_text_5,server_003,2026-02-14,35,8
server_003_text_1,server_003,2026-02-15,31,15
server_003_text_2,server_003,2026-02-15,78,39
server_003_text_3,server_003,2026-02-15,20,6
server_003_text_4,server_003,2026-02-15,88,44
server_003_text_5,server_003,2026-02-15,162,32
server_003_text_1,server_003,2026-02-16,114,52
server_003_text_2,server_003,2026-02-16,29,7
server_003_text_3,server_003,2026-02-16,37,12
server_003_text_4,server_003,2026-02-16,8,2
server_003_text_5,server_003,2026-02-16,104,17
server_003_text_1,server_003,2026-02-17,41,41
server_003_text_2,server_003,2026-02-17,12,6
server_003_text_3,server_003,2026-02-17,24,6
server_003_text_4,server_003,2026-02-17,77,12
server_003_text_5,server_003,2026-02-17,36,12
server_003_text_1,server_003,2026-02-18,41,20
server_003_text_2,server_003,2026-02-18,28,23
server_003_text_3,server_003,2026-02-18,42,23
server_003_text_4,server_003,2026-02-18,124,23
server_003_text_5,server_003,2026-02-18,9,4
server_003_text_1,server_003,2026-02-19,101,50
server_003_text_2,server_003,2026-02-19,18,3
server_003_text_3,server_003,2026-02-19,28,9
server_003_text_4,server_003,2026-02-19,108,27
server_003_text_5,server_003,2026-02-19,37,37
server_003_text_1,server_003,2026-02-20,18,6
server_003_text_2,server_003,2026-02-20,31,31
server_003_text_3,server_003,2026-02-20,105,52
server_003_text_4,server_003,2026-02-20,24,8
server_003_text_5,server_003,2026-02-20,33,11
server_003_text_1,server_003,2026-02-21,107,35
server_003_text_2,server_003,2026-02-21,12,12
server_003_text_3,server_003,2026-02-21,63,10
server_003_text_4,server_003,2026-02-21,106,53
server_003_text_5,server_003,2026-02-21,126,63
server_003_text_1,server_003,2026-02-22,65,21
server_003_text_2,server_003,2026-02-22,18,2
server_003_text_3,server_003,2026-02-22,54,10
server_003_text_4,server_003,2026-02-22,57,11
server_003_text_5,server_003,2026-02-22,47,6
server_003_text_1,server_003,2026-02-23,38,24
server_003_text_2,server_003,2026-02-23,10,1
server_003_text_3,server_003,2026-02-23,17,4
server_003_text_4,server_003,2026-02-23,61,12
server_003_text_5,server_003,2026-02-23,54,13
server_003_text_1,server_003,2026-02-24,11,5
server_003_text_2,server_003,2026-02-24,73,18
server_003_text_3,server_003,2026-02-24,43,14
server_003_text_4,server_003,2026-02-24,75,25
server_003_text_5,server_003,2026-02-24,17,2
server_003_text_1,server_003,2026-02-25,22,5
server_003_text_2,server_003,2026-02-25,52,17
server_003_text_3,server_003,2026-02-25,8,2
server_003_text_4,server_003,2026-02-25,180,39
server_003_text_5,server_003,2026-02-25,2,0
server_003_text_1,server_003,2026-02-26,62,31
server_003_text_2,server_003,2026-02-26,35,8
server_003_text_3,server_003,2026-02-26,53,13
server_003_text_4,server_003,2026-02-26,31,6
server_003_text_5,server_003,2026-02-26,17,2
server_003_text_1,server_003,2026-02-27,16,4
server_003_text_2,server_003,2026-02-27,52,13
server_003_text_3,server_003,2026-02-27,77,38
server_003_text_4,server_003,2026-02-27,29,14
server_003_text_5,server_003,2026-02-27,38,19
server_003_text_1,server_003,2026-02-28,75,37
server_003_text_2,server_003,2026-02-28,69,23
server_003_text_3,server_003,2026-02-28,20,3
server_003_text_4,server_003,2026-02-28,86,28
server_003_text_5,server_003,2026-02-28,21,7
server_003_text_1,server_003,2026-03-01,94,13
server_003_text_2,server_003,2026-03-01,69,9
server_003_text_3,server_003,2026-03-01,158,79
server_003_text_4,server_003,2026-03-01,19,6
server_003_text_5,server_003,2026-03-01,46,15
server_003_text_1,server_003,2026-03-02,40,13
server_003_text_2,server_003,2026-03-02,10,2
server_003_text_3,server_003,2026-03-02,83,41
server_003_text_4,server_003,2026-03-02,30,7
server_003_text_5,server_003,2026-03-02,23,3
server_003_text_1,server_003,2026-03-03,17,8
server_003_text_2,server_003,2026-03-03,27,27
server_003_text_3,server_003,2026-03-03,56,11
server_003_text_4,server_003,2026-03-03,30,7
server_003_text_5,server_003,2026-03-03,16,8
server_003_text_1,server_003,2026-03-04,137,68
server_003_text_2,server_003,2026-03-04,98,49
server_003_text_3,server_003,2026-03-04,44,22
server_003_text_4,server_003,2026-03-04,20,4
server_003_text_5,server_003,2026-03-04,68,34
server_003_text_1,server_003,2026-03-05,52,13
server_003_text_2,server_003,2026-03-05,56,11
server_003_text_3,server_003,2026-03-05,25,3
server_003_text_4,server_003,2026-03-05,57,8
server_003_text_5,server_003,2026-03-05,16,5
server_003_text_1,server_003,2026-03-06,31,10
server_003_text_2,server_003,2026-03-06,30,10
server_003_text_3,server_003,2026-03-06,31,5
server_003_text_4,server_003,2026-03-06,18,4
server_003_text_5,server_003,2026-03-06,26,8
server_003_text_1,server_003,2026-03-07,108,21
server_003_text_2,server_003,2026-03-07,47,7
server_003_text_3,server_003,2026-03-07,15,7
server_003_text_4,server_003,2026-03-07,197,53
server_003_text_5,server_003,2026-03-07,32,32
server_003_text_1,server_003,2026-03-08,104,52
server_003_text_2,server_003,2026-03-08,22,3
server_003_text_3,server_003,2026-03-08,161,26
server_003_text_4,server_003,2026-03-08,71,35
server_003_text_5,server_003,2026-03-08,96,32
server_003_text_1,server_003,2026-03-09,30,10
server_003_text_2,server_003,2026-03-09,4,4
server_003_text_3,server_003,2026-03-09,34,11
server_003_text_4,server_003,2026-03-09,19,19
server_003_text_5,server_003,2026-03-09,20,5
server_003_text_1,server_003,2026-03-10,156,52
server_003_text_2,server_003,2026-03-10,56,14
server_003_text_3,server_003,2026-03-10,88,44
server_003_text_4,server_003,2026-03-10,26,8
server_003_text_5,server_003,2026-03-10,61,15
server_003_text_1,server_003,2026-03-11,88,44
server_003_text_2,server_003,2026-03-11,92,46
server_003_text_3,server_003,2026-03-11,4,1
server_003_text_4,server_003,2026-03-11,22,7
server_003_text_5,server_003,2026-03-11,24,24
server_003_text_1,server_003,2026-03-12,11,5
server_003_text_2,server_003,2026-03-12,16,2
server_003_text_3,server_003,2026-03-12,22,3
server_003_text_4,server_003,2026-03-12,10,10
server_003_text_5,server_003,2026-03-12,52,17
server_003_text_1,server_003,2026-03-13,68,17
server_003_text_2,server_003,2026-03-13,16,16
server_003_text_3,server_003,2026-03-13,19,9
server_003_text_4,server_003,2026-03-13,62,10
server_003_text_5,server_003,2026-03-13,49,16
server_003_text_1,server_003,2026-03-14,16,8
server_003_text_2,server_003,2026-03-14,74,37
server_003_text_3,server_003,2026-03-14,47,6
server_003_text_4,server_003,2026-03-14,24,8
server_003_text_5,server_003,2026-03-14,92,30
server_003_text_1,server_003,2026-03-15,20,10
server_003_text_2,server_003,2026-03-15,17,1
server_003_text_3,server_003,2026-03-15,33,11
server_003_text_4,server_003,2026-03-15,44,14
server_003_text_5,server_003,2026-03-15,6,3
server_003_text_1,server_003,2026-03-16,29,9
server_003_text_2,server_003,2026-03-16,50,25
server_003_text_3,server_003,2026-03-16,16,5
server_003_text_4,server_003,2026-03-16,30,30
server_003_text_5,server_003,2026-03-16,24,4
server_003_text_1,server_003,2026-03-17,22,5
server_003_text_2,server_003,2026-03-17,13,4
server_003_text_3,server_003,2026-03-17,110,29
server_003_text_4,server_003,2026-03-17,25,3
server_003_text_5,server_003,2026-03-17,20,6
server_003_text_1,server_003,2026-03-18,43,14
server_003_text_2,server_003,2026-03-18,14,2
server_003_text_3,server_003,2026-03-18,20,10
server_003_text_4,server_003,2026-03-18,12,4
server_003_text_5,server_003,2026-03-18,46,23
server_003_text_1,server_003,2026-03-19,16,5
server_003_text_2,server_003,2026-03-19,29,7
server_003_text_3,server_003,2026-03-19,25,6
server_003_text_4,server_003,2026-03-19,61,20
server_003_text_5,server_003,2026-03-19,49,16
server_003_text_1,server_003,2026-03-20,122,20
server_003_text_2,server_003,2026-03-20,79,39
server_003_text_3,server_003,2026-03-20,27,6
server_003_text_4,server_003,2026-03-20,61,20
server_003_text_5,server_003,2026-03-20,165,41
server_003_text_1,server_003,2026-03-21,26,26
server_003_text_2,server_003,2026-03-21,58,58
server_003_text_3,server_003,2026-03-21,30,7
server_003_text_4,server_003,2026-03-21,127,66
server_003_text_5,server_003,2026-03-21,88,22
server_003_text_1,server_003,2026-03-22,57,9
server_003_text_2,server_003,2026-03-22,71,11
server_003_text_3,server_003,2026-03-22,57,14
server_003_text_4,server_003,2026-03-22,16,8
server_003_text_5,server_003,2026-03-22,28,28
server_003_text_1,server_003,2026-03-23,25,8
server_003_text_2,server_003,2026-03-23,55,27
server_003_text_3,server_003,2026-03-23,26,6
server_003_text_4,server_003,2026-03-23,97,32
server_003_text_5,server_003,2026-03-23,20,20
server_003_text_1,server_003,2026-03-24,34,11
server_003_text_2,server_003,2026-03-24,13,6
server_003_text_3,server_003,2026-03-24,64,38
server_003_text_4,server_003,2026-03-24,23,7
server_003_text_5,server_003,2026-03-24,39,13
server_003_text_1,server_003,2026-03-25,45,9
server_003_text_2,server_003,2026-03-25,81,27
server_003_text_3,server_003,2026-03-25,35,17
server_003_text_4,server_003,2026-03-25,31,7
server_003_text_5,server_003,2026-03-25,12,4
server_003_text_1,server_003,2026-03-26,61,10
server_003_text_2,server_003,2026-03-26,7,2
server_003_text_3,server_003,2026-03-26,17,3
server_003_text_4,server_003,2026-03-26,47,23
server_003_text_5,server_003,2026-03-26,74,24
server_003_text_1,server_003,2026-03-27,55,55
server_003_text_2,server_003,2026-03-27,109,54
server_003_text_3,server_003,2026-03-27,47,9
server_003_text_4,server_003,2026-03-27,39,13
server_003_text_5,server_003,2026-03-27,68,13
server_003_text_1,server_003,2026-03-28,45,11
server_003_text_2,server_003,2026-03-28,33,8
server_003_text_3,server_003,2026-03-28,15,7
server_003_text_4,server_003,2026-03-28,11,3
server_003_text_5,server_003,2026-03-28,64,30
server_003_text_1,server_003,2026-03-29,113,28
server_003_text_2,server_003,2026-03-29,19,3
server_003_text_3,server_003,2026-03-29,81,34
server_003_text_4,server_003,2026-03-29,77,34
server_003_text_5,server_003,2026-03-29,32,8
server_003_text_1,server_003,2026-03-30,53,17
server_003_text_2,server_003,2026-03-30,48,12
server_003_text_3,server_003,2026-03-30,3,3
server_003_text_4,server_003,2026-03-30,57,14
server_003_text_5,server_003,2026-03-30,6,2
server_003_text_1,server_003,2026-03-31,56,28
server_003_text_2,server_003,2026-03-31,38,7
server_003_text_3,server_003,2026-03-31,66,13
server_003_text_4,server_003,2026-03-31,28,4
server_003_text_5,server_003,2026-03-31,20,10
server_003_text_1,server_003,2026-04-01,94,18
server_003_text_2,server_003,2026-04-01,23,11
server_003_text_3,server_003,2026-04-01,12,4
server_003_text_4,server_003,2026-04-01,10,2
server_003_text_5,server_003,2026-04-01,33,6
server_003_text_1,server_003,2026-04-02,22,5
server_003_text_2,server_003,2026-04-02,9,9
server_003_text_3,server_003,2026-04-02,17,3
server_003_text_4,server_003,2026-04-02,32,32
server_003_text_5,server_003,2026-04-02,107,17
server_003_text_1,server_003,2026-04-03,11,3
server_003_text_2,server_003,2026-04-03,22,5
server_003_text_3,server_003,2026-04-03,24,12
server_003_text_4,server_003,2026-04-03,5,0
server_003_text_5,server_003,2026-04-03,56,23
server_003_text_1,server_003,2026-04-04,15,7
server_003_text_2,server_003,2026-04-04,10,10
server_003_text_3,server_003,2026-04-04,109,36
server_003_text_4,server_003,2026-04-04,29,7
server_003_text_5,server_003,2026-04-04,105,71
server_003_text_1,server_003,2026-04-05,50,12
server_003_text_2,server_003,2026-04-05,39,13
server_003_text_3,server_003,2026-04-05,10,3
server_003_text_4,server_003,2026-04-05,17,8
server_003_text_5,server_003,2026-04-05,76,25
server_003_text_1,server_003,2026-04-06,30,7
server_003_text_2,server_003,2026-04-06,57,19
server_003_text_3,server_003,2026-04-06,12,2
server_003_text_4,server_003,2026-04-06,8,8
server_003_text_5,server_003,2026-04-06,10,3
server_003_text_1,server_003,2026-04-07,119,29
server_003_text_2,server_003,2026-04-07,37,18
server_003_text_3,server_003,2026-04-07,23,5
server_003_text_4,server_003,2026-04-07,74,14
server_003_text_5,server_003,2026-04-07,39,9
server_003_text_1,server_003,2026-04-08,54,18
server_003_text_2,server_003,2026-04-08,7,7
server_003_text_3,server_003,2026-04-08,17,5
server_003_text_4,server_003,2026-04-08,14,14
server_003_text_5,server_003,2026-04-08,97,24
server_003_text_1,server_003,2026-04-09,79,13
server_003_text_2,server_003,2026-04-09,7,2
server_003_text_3,server_003,2026-04-09,90,30
server_003_text_4,server_003,2026-04-09,31,10
server_003_text_5,server_003,2026-04-09,62,62
server_003_text_1,server_003,2026-04-10,218,55
server_003_text_2,server_003,2026-04-10,45,15
server_003_text_3,server_003,2026-04-10,26,8
server_003_text_4,server_003,2026-04-10,46,9
server_003_text_5,server_003,2026-04-10,37,37
server_003_text_1,server_003,2026-04-11,17,8
server_003_text_2,server_003,2026-04-11,13,2
server_003_text_3,server_003,2026-04-11,122,44
server_003_text_4,server_003,2026-04-11,6,2
server_003_text_5,server_003,2026-04-11,54,27
server_003_text_1,server_003,2026-04-12,17,17
server_003_text_2,server_003,2026-04-12,37,12
server_003_text_3,server_003,2026-04-12,39,31
server_003_text_4,server_003,2026-04-12,27,13
server_003_text_5,server_003,2026-04-12,31,15
server_003_text_1,server_003,2026-04-13,55,18
server_003_text_2,server_003,2026-04-13,52,10
server_003_text_3,server_003,2026-04-13,53,17
server_003_text_4,server_003,2026-04-13,11,11
server_003_text_5,server_003,2026-04-13,9,2
server_003_text_1,server_003,2026-04-14,114,38
server_003_text_2,server_003,2026-04-14,25,8
server_003_text_3,server_003,2026-04-14,47,39
server_003_text_4,server_003,2026-04-14,18,3
server_003_text_5,server_003,2026-04-14,106,15
server_003_text_1,server_003,2026-04-15,20,10
server_003_text_2,server_003,2026-04-15,100,25
server_003_text_3,server_003,2026-04-15,109,27
server_003_text_4,server_003,2026-04-15,19,3
server_003_text_5,server_003,2026-04-15,28,9
server_003_text_1,server_003,2026-04-16,1,0
server_003_text_2,server_003,2026-04-16,16,5
server_003_text_3,server_003,2026-04-16,142,23
server_003_text_4,server_003,2026-04-16,141,51
server_003_text_5,server_003,2026-04-16,58,29
server_003_text_1,server_003,2026-04-17,139,34
server_003_text_2,server_003,2026-04-17,112,18
server_003_text_3,server_003,2026-04-17,7,3
server_003_text_4,server_003,2026-04-17,19,3
server_003_text_5,server_003,2026-04-17,110,55
server_003_text_1,server_003,2026-04-18,65,13
server_003_text_2,server_003,2026-04-18,37,9
server_003_text_3,server_003,2026-04-18,84,36
server_003_text_4,server_003,2026-04-18,31,15
server_003_text_5,server_003,2026-04-18,18,3
server_003_text_1,server_003,2026-04-19,126,14
server_003_text_2,server_003,2026-04-19,70,35
server_003_text_3,server_003,2026-04-19,78,78
server_003_text_4,server_003,2026-04-19,66,33
server_003_text_5,server_003,2026-04-19,22,7
server_003_text_1,server_003,2026-04-20,59,29
server_003_text_2,server_003,2026-04-20,82,34
server_003_text_3,server_003,2026-04-20,77,34
server_003_text_4,server_003,2026-04-20,56,28
server_003_text_5,server_003,2026-04-20,36,34
server_003_text_1,server_003,2026-04-21,25,6
server_003_text_2,server_003,2026-04-21,42,8
server_003_text_3,server_003,2026-04-21,33,6
server_003_text_4,server_003,2026-04-21,89,29
server_003_text_5,server_003,2026-04-21,78,19
server_003_text_1,server_003,2026-04-22,46,7
server_003_text_2,server_003,2026-04-22,44,8
server_003_text_3,server_003,2026-04-22,45,11
server_003_text_4,server_003,2026-04-22,9,9
server_003_text_5,server_003,2026-04-22,70,23
server_003_text_1,server_003,2026-04-23,45,11
server_003_text_2,server_003,2026-04-23,33,8
server_003_text_3,server_003,2026-04-23,43,21
server_003_text_4,server_003,2026-04-23,43,10
server_003_text_5,server_003,2026-04-23,15,15
server_003_text_1,server_003,2026-04-24,24,12
server_003_text_2,server_003,2026-04-24,75,15
server_003_text_3,server_003,2026-04-24,8,2
server_003_text_4,server_003,2026-04-24,38,9
server_003_text_5,server_003,2026-04-24,12,12
server_003_text_1,server_003,2026-04-25,8,4
server_003_text_2,server_003,2026-04-25,67,54
server_003_text_3,server_003,2026-04-25,35,8
server_003_text_4,server_003,2026-04-25,39,19
server_003_text_5,server_003,2026-04-25,5,5
server_003_text_1,server_003,2026-04-26,171,46
server_003_text_2,server_003,2026-04-26,73,14
server_003_text_3,server_003,2026-04-26,0,0
server_003_text_4,server_003,2026-04-26,30,10
server_003_text_5,server_003,2026-04-26,112,18
server_003_text_1,server_003,2026-04-27,53,53
server_003_text_2,server_003,2026-04-27,193,38
server_003_text_3,server_003,2026-04-27,58,19
server_003_text_4,server_003,2026-04-27,12,3
server_003_text_5,server_003,2026-04-27,68,68
server_003_text_1,server_003,2026-04-28,148,37
server_003_text_2,server_003,2026-04-28,47,23
server_003_text_3,server_003,2026-04-28,49,24
server_003_text_4,server_003,2026-04-28,38,6
server_003_text_5,server_003,2026-04-28,22,11
server_003_text_1,server_003,2026-04-29,9,1
server_003_text_2,server_003,2026-04-29,20,15
server_003_text_3,server_003,2026-04-29,11,3
server_003_text_4,server_003,2026-04-29,25,15
server_003_text_5,server_003,2026-04-29,5,2
server_003_text_1,server_003,2026-04-30,30,7
server_003_text_2,server_003,2026-04-30,48,8
server_003_text_3,server_003,2026-04-30,121,50
server_003_text_4,server_003,2026-04-30,47,23
server_003_text_5,server_003,2026-04-30,96,50
server_003_text_1,server_003,2026-05-01,97,48
server_003_text_2,server_003,2026-05-01,54,13
server_003_text_3,server_003,2026-05-01,13,4
server_003_text_4,server_003,2026-05-01,40,40
server_003_text_5,server_003,2026-05-01,13,1
server_003_text_1,server_003,2026-05-02,75,18
server_003_text_2,server_003,2026-05-02,88,17
server_003_text_3,server_003,2026-05-02,54,27
server_003_text_4,server_003,2026-05-02,15,15
server_003_text_5,server_003,2026-05-02,48,24
server_003_text_1,server_003,2026-05-03,9,3
server_003_text_2,server_003,2026-05-03,10,3
server_003_text_3,server_003,2026-05-03,6,3
server_003_text_4,server_003,2026-05-03,11,11
server_003_text_5,server_003,2026-05-03,16,5
server_003_text_1,server_003,2026-05-04,6,1
server_003_text_2,server_003,2026-05-04,44,8
server_003_text_3,server_003,2026-05-04,21,21
server_003_text_4,server_003,2026-05-04,10,10
server_003_text_5,server_003,2026-05-04,38,9
server_003_text_1,server_003,2026-05-05,8,1
server_003_text_2,server_003,2026-05-05,64,10
server_003_text_3,server_003,2026-05-05,47,15
server_003_text_4,server_003,2026-05-05,102,25
server_003_text_5,server_003,2026-05-05,30,10
server_003_text_1,server_003,2026-05-06,30,15
server_003_text_2,server_003,2026-05-06,173,43
server_003_text_3,server_003,2026-05-06,2,0
server_003_text_4,server_003,2026-05-06,46,15
server_003_text_5,server_003,2026-05-06,90,90
server_003_text_1,server_003,2026-05-07,84,84
server_003_text_2,server_003,2026-05-07,42,8
server_003_text_3,server_003,2026-05-07,28,14
server_003_text_4,server_003,2026-05-07,28,3
server_003_text_5,server_003,2026-05-07,36,7
server_003_text_1,server_003,2026-05-08,10,2
server_003_text_2,server_003,2026-05-08,58,29
server_003_text_3,server_003,2026-05-08,153,51
server_003_text_4,server_003,2026-05-08,66,9
server_003_text_5,server_003,2026-05-08,13,2
server_003_text_1,server_003,2026-05-09,88,22
server_003_text_2,server_003,2026-05-09,80,80
server_003_text_3,server_003,2026-05-09,72,24
server_003_text_4,server_003,2026-05-09,51,25
server_003_text_5,server_003,2026-05-09,53,26
server_003_text_1,server_003,2026-05-10,37,15
server_003_text_2,server_003,2026-05-10,35,11
server_003_text_3,server_003,2026-05-10,7,1
server_003_text_4,server_003,2026-05-10,12,4
server_003_text_5,server_003,2026-05-10,17,3
server_003_text_1,server_003,2026-05-11,38,5
server_003_text_2,server_003,2026-05-11,40,10
server_003_text_3,server_003,2026-05-11,47,23
server_003_text_4,server_003,2026-05-11,28,4
server_003_text_5,server_003,2026-05-11,43,21
server_003_text_1,server_003,2026-05-12,70,21
server_003_text_2,server_003,2026-05-12,64,16
server_003_text_3,server_003,2026-05-12,12,3
server_003_text_4,server_003,2026-05-12,30,10
server_003_text_5,server_003,2026-05-12,43,14
server_003_text_1,server_003,2026-05-13,246,52
server_003_text_2,server_003,2026-05-13,24,6
server_003_text_3,server_003,2026-05-13,40,8
server_003_text_4,server_003,2026-05-13,59,52
server_003_text_5,server_003,2026-05-13,54,10
server_003_text_1,server_003,2026-05-14,2,2
server_003_text_2,server_003,2026-05-14,16,3
server_003_text_3,server_003,2026-05-14,15,3
server_003_text_4,server_003,2026-05-14,38,13
server_003_text_5,server_003,2026-05-14,6,6
server_003_text_1,server_003,2026-05-15,37,37
server_003_text_2,server_003,2026-05-15,87,17
server_003_text_3,server_003,2026-05-15,69,17
server_003_text_4,server_003,2026-05-15,29,9
server_003_text_5,server_003,2026-05-15,10,5
server_003_text_1,server_003,2026-05-16,28,28
server_003_text_2,server_003,2026-05-16,28,28
server_003_text_3,server_003,2026-05-16,56,56
server_003_text_4,server_003,2026-05-16,16,5
server_003_text_5,server_003,2026-05-16,237,64
server_003_text_1,server_003,2026-05-17,103,51
server_003_text_2,server_003,2026-05-17,104,52
server_003_text_3,server_003,2026-05-17,98,24
server_003_text_4,server_003,2026-05-17,52,17
server_003_text_5,server_003,2026-05-17,31,10
server_003_text_1,server_003,2026-05-18,7,2
server_003_text_2,server_003,2026-05-18,6,2
server_003_text_3,server_003,2026-05-18,17,8
server_003_text_4,server_003,2026-05-18,11,2
server_003_text_5,server_003,2026-05-18,8,2
server_003_text_1,server_003,2026-05-19,66,22
server_003_text_2,server_003,2026-05-19,96,19
server_003_text_3,server_003,2026-05-19,28,5
server_003_text_4,server_003,2026-05-19,22,11
server_003_text_5,server_003,2026-05-19,137,118
server_003_text_1,server_003,2026-05-20,32,16
server_003_text_2,server_003,2026-05-20,31,15
server_003_text_3,server_003,2026-05-20,39,9
server_003_text_4,server_003,2026-05-20,29,9
server_003_text_5,server_003,2026-05-20,51,8
server_003_text_1,server_003,2026-05-21,53,53
server_003_text_2,server_003,2026-05-21,163,32
server_003_text_3,server_003,2026-05-21,16,16
server_003_text_4,server_003,2026-05-21,27,27
server_003_text_5,server_003,2026-05-21,123,41
server_003_text_1,server_003,2026-05-22,18,4
server_003_text_2,server_003,2026-05-22,10,3
server_003_text_3,server_003,2026-05-22,41,13
server_003_text_4,server_003,2026-05-22,15,3
server_003_text_5,server_003,2026-05-22,23,5
server_003_text_1,server_003,2026-05-23,156,39
server_003_text_2,server_003,2026-05-23,61,30
server_003_text_3,server_003,2026-05-23,51,51
server_003_text_4,server_003,2026-05-23,10,2
server_003_text_5,server_003,2026-05-23,19,4
server_003_text_1,server_003,2026-05-24,7,7
server_003_text_2,server_003,2026-05-24,12,11
server_003_text_3,server_003,2026-05-24,17,8
server_003_text_4,server_003,2026-05-24,2,0
server_003_text_5,server_003,2026-05-24,11,5
server_003_text_1,server_003,2026-05-25,29,9
server_003_text_2,server_003,2026-05-25,67,33
server_003_text_3,server_003,2026-05-25,66,11
server_003_text_4,server_003,2026-05-25,59,19
server_003_text_5,server_003,2026-05-25,69,34
server_003_text_1,server_003,2026-05-26,11,2
server_003_text_2,server_003,2026-05-26,52,10
server_003_text_3,server_003,2026-05-26,12,6
server_003_text_4,server_003,2026-05-26,37,18
server_003_text_5,server_003,2026-05-26,22,4
server_003_text_1,server_003,2026-05-27,30,15
server_003_text_2,server_003,2026-05-27,17,17
server_003_text_3,server_003,2026-05-27,103,103
server_003_text_4,server_003,2026-05-27,47,9
server_003_text_5,server_003,2026-05-27,31,31
server_003_text_1,server_003,2026-05-28,57,57
server_003_text_2,server_003,2026-05-28,11,11
server_003_text_3,server_003,2026-05-28,136,34
server_003_text_4,server_003,2026-05-28,98,12
server_003_text_5,server_003,2026-05-28,31,15
server_003_text_1,server_003,2026-05-29,38,7
server_003_text_2,server_003,2026-05-29,45,15
server_003_text_3,server_003,2026-05-29,44,22
server_003_text_4,server_003,2026-05-29,44,8
server_003_text_5,server_003,2026-05-29,36,18
server_003_text_1,server_003,2026-05-30,55,55
server_003_text_2,server_003,2026-05-30,30,7
server_003_text_3,server_003,2026-05-30,109,85
server_003_text_4,server_003,2026-05-30,34,34
server_003_text_5,server_003,2026-05-30,192,64
server_003_text_1,server_003,2026-05-31,28,7
server_003_text_2,server_003,2026-05-31,112,37
server_003_text_3,server_003,2026-05-31,28,9
server_003_text_4,server_003,2026-05-31,45,7
server_003_text_5,server_003,2026-05-31,50,10
server_003_text_1,server_003,2026-06-01,9,3
server_003_text_2,server_003,2026-06-01,32,23
server_003_text_3,server_003,2026-06-01,51,10
server_003_text_4,server_003,2026-06-01,17,5
server_003_text_5,server_003,2026-06-01,36,23
server_003_text_1,server_003,2026-06-02,45,9
server_003_text_2,server_003,2026-06-02,64,32
server_003_text_3,server_003,2026-06-02,23,11
server_003_text_4,server_003,2026-06-02,114,114
server_003_text_5,server_003,2026-06-02,88,17
server_003_text_1,server_003,2026-06-03,20,10
server_003_text_2,server_003,2026-06-03,22,22
server_003_text_3,server_003,2026-06-03,19,19
server_003_text_4,server_003,2026-06-03,39,13
server_003_text_5,server_003,2026-06-03,15,5
server_003_text_1,server_003,2026-06-04,31,6
server_003_text_2,server_003,2026-06-04,78,26
server_003_text_3,server_003,2026-06-04,23,23
server_003_text_4,server_003,2026-06-04,20,10
server_003_text_5,server_003,2026-06-04,30,6
server_003_text_1,server_003,2026-06-05,31,10
server_003_text_2,server_003,2026-06-05,68,22
server_003_text_3,server_003,2026-06-05,37,18
server_003_text_4,server_003,2026-06-05,28,7
server_003_text_5,server_003,2026-06-05,39,13
server_003_text_1,server_003,2026-06-06,40,20
server_003_text_2,server_003,2026-06-06,21,5
server_003_text_3,server_003,2026-06-06,14,7
server_003_text_4,server_003,2026-06-06,15,15
server_003_text_5,server_003,2026-06-06,50,7
server_003_text_1,server_003,2026-06-07,47,23
server_003_text_2,server_003,2026-06-07,94,18
server_003_text_3,server_003,2026-06-07,70,14
server_003_text_4,server_003,2026-06-07,101,25
server_003_text_5,server_003,2026-06-07,115,28
server_003_text_1,server_003,2026-06-08,108,36
server_003_text_2,server_003,2026-06-08,79,15
server_003_text_3,server_003,2026-06-08,33,16
server_003_text_4,server_003,2026-06-08,19,4
server_003_text_5,server_003,2026-06-08,11,11
server_003_text_1,server_003,2026-06-09,62,60
server_003_text_2,server_003,2026-06-09,126,42
server_003_text_3,server_003,2026-06-09,69,23
server_003_text_4,server_003,2026-06-09,92,15
server_003_text_5,server_003,2026-06-09,56,56
server_003_text_1,server_003,2026-06-10,59,29
server_003_text_2,server_003,2026-06-10,88,12
server_003_text_3,server_003,2026-06-10,15,7
server_003_text_4,server_003,2026-06-10,68,34
server_003_text_5,server_003,2026-06-10,21,10
server_003_text_1,server_003,2026-06-11,80,16
server_003_text_2,server_003,2026-06-11,106,26
server_003_text_3,server_003,2026-06-11,33,8
server_003_text_4,server_003,2026-06-11,88,22
server_003_text_5,server_003,2026-06-11,106,26
server_003_text_1,server_003,2026-06-12,78,13
server_003_text_2,server_003,2026-06-12,82,82
server_003_text_3,server_003,2026-06-12,72,72
server_003_text_4,server_003,2026-06-12,39,39
server_003_text_5,server_003,2026-06-12,65,65
server_003_text_1,server_003,2026-06-13,40,20
server_003_text_2,server_003,2026-06-13,23,4
server_003_text_3,server_003,2026-06-13,22,5
server_003_text_4,server_003,2026-06-13,101,16
server_003_text_5,server_003,2026-06-13,74,12
server_003_text_1,server_003,2026-06-14,62,15
server_003_text_2,server_003,2026-06-14,132,66
server_003_text_3,server_003,2026-06-14,26,5
server_003_text_4,server_003,2026-06-14,124,31
server_003_text_5,server_003,2026-06-14,128,42
server_003_text_1,server_003,2026-06-15,27,6
server_003_text_2,server_003,2026-06-15,10,2
server_003_text_3,server_003,2026-06-15,22,22
server_003_text_4,server_003,2026-06-15,39,19
server_003_text_5,server_003,2026-06-15,35,8
server_003_text_1,server_003,2026-06-16,32,8
server_003_text_2,server_003,2026-06-16,96,32
server_003_text_3,server_003,2026-06-16,183,61
server_003_text_4,server_003,2026-06-16,66,22
server_003_text_5,server_003,2026-06-16,21,10
server_004_text_1,server_004,2025-12-18,143,2
server_004_text_2,server_004,2025-12-18,22,2
server_004_text_3,server_004,2025-12-18,111,2
server_004_text_4,server_004,2025-12-18,55,2
server_004_text_5,server_004,2025-12-18,11,2
server_004_text_1,server_004,2025-12-19,78,7
server_004_text_2,server_004,2025-12-19,59,7
server_004_text_3,server_004,2025-12-19,48,7
server_004_text_4,server_004,2025-12-19,79,7
server_004_text_5,server_004,2025-12-19,41,7
server_004_text_1,server_004,2025-12-20,15,5
server_004_text_2,server_004,2025-12-20,11,2
server_004_text_3,server_004,2025-12-20,49,7
server_004_text_4,server_004,2025-12-20,132,7
server_004_text_5,server_004,2025-12-20,40,7
server_004_text_1,server_004,2025-12-21,34,6
server_004_text_2,server_004,2025-12-21,59,7
server_004_text_3,server_004,2025-12-21,26,6
server_004_text_4,server_004,2025-12-21,24,7
server_004_text_5,server_004,2025-12-21,41,7
server_004_text_1,server_004,2025-12-22,15,8
server_004_text_2,server_004,2025-12-22,88,8
server_004_text_3,server_004,2025-12-22,77,8
server_004_text_4,server_004,2025-12-22,97,8
server_004_text_5,server_004,2025-12-22,25,8
server_004_text_1,server_004,2025-12-23,66,9
server_004_text_2,server_004,2025-12-23,95,9
server_004_text_3,server_004,2025-12-23,77,9
server_004_text_4,server_004,2025-12-23,39,9
server_004_text_5,server_004,2025-12-23,71,9
server_004_text_1,server_004,2025-12-24,94,18
server_004_text_2,server_004,2025-12-24,54,10
server_004_text_3,server_004,2025-12-24,11,5
server_004_text_4,server_004,2025-12-24,64,9
server_004_text_5,server_004,2025-12-24,81,18
server_004_text_1,server_004,2025-12-25,82,20
server_004_text_2,server_004,2025-12-25,7,3
server_004_text_3,server_004,2025-12-25,32,8
server_004_text_4,server_004,2025-12-25,44,14
server_004_text_5,server_004,2025-12-25,35,17
server_004_text_1,server_004,2025-12-26,27,6
server_004_text_2,server_004,2025-12-26,111,23
server_004_text_3,server_004,2025-12-26,63,23
server_004_text_4,server_004,2025-12-26,104,23
server_004_text_5,server_004,2025-12-26,35,23
server_004_text_1,server_004,2025-12-27,22,22
server_004_text_2,server_004,2025-12-27,50,25
server_004_text_3,server_004,2025-12-27,19,19
server_004_text_4,server_004,2025-12-27,104,30
server_004_text_5,server_004,2025-12-27,29,9
server_004_text_1,server_004,2025-12-28,99,30
server_004_text_2,server_004,2025-12-28,33,16
server_004_text_3,server_004,2025-12-28,12,6
server_004_text_4,server_004,2025-12-28,46,6
server_004_text_5,server_004,2025-12-28,176,30
server_004_text_1,server_004,2025-12-29,50,12
server_004_text_2,server_004,2025-12-29,54,27
server_004_text_3,server_004,2025-12-29,70,23
server_004_text_4,server_004,2025-12-29,15,15
server_004_text_5,server_004,2025-12-29,47,15
server_004_text_1,server_004,2025-12-30,44,8
server_004_text_2,server_004,2025-12-30,24,8
server_004_text_3,server_004,2025-12-30,66,37
server_004_text_4,server_004,2025-12-30,16,16
server_004_text_5,server_004,2025-12-30,125,25
server_004_text_1,server_004,2025-12-31,17,5
server_004_text_2,server_004,2025-12-31,16,8
server_004_text_3,server_004,2025-12-31,25,8
server_004_text_4,server_004,2025-12-31,85,21
server_004_text_5,server_004,2025-12-31,38,9
server_004_text_1,server_004,2026-01-01,82,20
server_004_text_2,server_004,2026-01-01,44,39
server_004_text_3,server_004,2026-01-01,47,15
server_004_text_4,server_004,2026-01-01,38,7
server_004_text_5,server_004,2026-01-01,103,39
server_004_text_1,server_004,2026-01-02,106,17
server_004_text_2,server_004,2026-01-02,16,16
server_004_text_3,server_004,2026-01-02,33,5
server_004_text_4,server_004,2026-01-02,97,41
server_004_text_5,server_004,2026-01-02,10,5
server_004_text_1,server_004,2026-01-03,94,23
server_004_text_2,server_004,2026-01-03,72,18
server_004_text_3,server_004,2026-01-03,40,10
server_004_text_4,server_004,2026-01-03,130,42
server_004_text_5,server_004,2026-01-03,30,10
server_004_text_1,server_004,2026-01-04,60,42
server_004_text_2,server_004,2026-01-04,62,20
server_004_text_3,server_004,2026-01-04,42,14
server_004_text_4,server_004,2026-01-04,125,31
server_004_text_5,server_004,2026-01-04,39,5
server_004_text_1,server_004,2026-01-05,81,20
server_004_text_2,server_004,2026-01-05,72,36
server_004_text_3,server_004,2026-01-05,56,18
server_004_text_4,server_004,2026-01-05,17,5
server_004_text_5,server_004,2026-01-05,90,46
server_004_text_1,server_004,2026-01-06,20,20
server_004_text_2,server_004,2026-01-06,14,7
server_004_text_3,server_004,2026-01-06,63,38
server_004_text_4,server_004,2026-01-06,19,6
server_004_text_5,server_004,2026-01-06,26,13
server_004_text_1,server_004,2026-01-07,32,32
server_004_text_2,server_004,2026-01-07,18,6
server_004_text_3,server_004,2026-01-07,33,8
server_004_text_4,server_004,2026-01-07,107,35
server_004_text_5,server_004,2026-01-07,34,8
server_004_text_1,server_004,2026-01-08,55,27
server_004_text_2,server_004,2026-01-08,8,8
server_004_text_3,server_004,2026-01-08,21,21
server_004_text_4,server_004,2026-01-08,71,35
server_004_text_5,server_004,2026-01-08,25,6
server_004_text_1,server_004,2026-01-09,11,3
server_004_text_2,server_004,2026-01-09,4,1
server_004_text_3,server_004,2026-01-09,10,10
server_004_text_4,server_004,2026-01-09,3,0
server_004_text_5,server_004,2026-01-09,3,1
server_004_text_1,server_004,2026-01-10,67,26
server_004_text_2,server_004,2026-01-10,26,13
server_004_text_3,server_004,2026-01-10,25,25
server_004_text_4,server_004,2026-01-10,15,2
server_004_text_5,server_004,2026-01-10,24,24
server_004_text_1,server_004,2026-01-11,106,35
server_004_text_2,server_004,2026-01-11,56,56
server_004_text_3,server_004,2026-01-11,14,4
server_004_text_4,server_004,2026-01-11,163,20
server_004_text_5,server_004,2026-01-11,24,6
server_004_text_1,server_004,2026-01-12,1,0
server_004_text_2,server_004,2026-01-12,67,32
server_004_text_3,server_004,2026-01-12,50,12
server_004_text_4,server_004,2026-01-12,32,10
server_004_text_5,server_004,2026-01-12,40,32
server_004_text_1,server_004,2026-01-13,9,2
server_004_text_2,server_004,2026-01-13,52,26
server_004_text_3,server_004,2026-01-13,140,43
server_004_text_4,server_004,2026-01-13,20,5
server_004_text_5,server_004,2026-01-13,21,7
server_004_text_1,server_004,2026-01-14,12,2
server_004_text_2,server_004,2026-01-14,38,19
server_004_text_3,server_004,2026-01-14,57,11
server_004_text_4,server_004,2026-01-14,50,25
server_004_text_5,server_004,2026-01-14,50,16
server_004_text_1,server_004,2026-01-15,48,12
server_004_text_2,server_004,2026-01-15,25,5
server_004_text_3,server_004,2026-01-15,54,10
server_004_text_4,server_004,2026-01-15,40,28
server_004_text_5,server_004,2026-01-15,8,2
server_004_text_1,server_004,2026-01-16,21,4
server_004_text_2,server_004,2026-01-16,18,18
server_004_text_3,server_004,2026-01-16,27,13
server_004_text_4,server_004,2026-01-16,40,13
server_004_text_5,server_004,2026-01-16,15,3
server_004_text_1,server_004,2026-01-17,25,6
server_004_text_2,server_004,2026-01-17,8,2
server_004_text_3,server_004,2026-01-17,20,10
server_004_text_4,server_004,2026-01-17,55,18
server_004_text_5,server_004,2026-01-17,143,35
server_004_text_1,server_004,2026-01-18,35,27
server_004_text_2,server_004,2026-01-18,18,9
server_004_text_3,server_004,2026-01-18,24,8
server_004_text_4,server_004,2026-01-18,3,0
server_004_text_5,server_004,2026-01-18,16,16
server_004_text_1,server_004,2026-01-19,13,6
server_004_text_2,server_004,2026-01-19,30,7
server_004_text_3,server_004,2026-01-19,11,5
server_004_text_4,server_004,2026-01-19,180,60
server_004_text_5,server_004,2026-01-19,52,52
server_004_text_1,server_004,2026-01-20,12,6
server_004_text_2,server_004,2026-01-20,14,4
server_004_text_3,server_004,2026-01-20,9,3
server_004_text_4,server_004,2026-01-20,43,21
server_004_text_5,server_004,2026-01-20,54,13
server_004_text_1,server_004,2026-01-21,20,10
server_004_text_2,server_004,2026-01-21,31,15
server_004_text_3,server_004,2026-01-21,10,5
server_004_text_4,server_004,2026-01-21,38,19
server_004_text_5,server_004,2026-01-21,7,7
server_004_text_1,server_004,2026-01-22,73,36
server_004_text_2,server_004,2026-01-22,41,20
server_004_text_3,server_004,2026-01-22,26,6
server_004_text_4,server_004,2026-01-22,23,5
server_004_text_5,server_004,2026-01-22,31,15
server_004_text_1,server_004,2026-01-23,17,3
server_004_text_2,server_004,2026-01-23,45,31
server_004_text_3,server_004,2026-01-23,21,4
server_004_text_4,server_004,2026-01-23,33,31
server_004_text_5,server_004,2026-01-23,19,6
server_004_text_1,server_004,2026-01-24,9,3
server_004_text_2,server_004,2026-01-24,5,1
server_004_text_3,server_004,2026-01-24,20,6
server_004_text_4,server_004,2026-01-24,11,3
server_004_text_5,server_004,2026-01-24,20,5
server_004_text_1,server_004,2026-01-25,25,3
server_004_text_2,server_004,2026-01-25,34,6
server_004_text_3,server_004,2026-01-25,26,8
server_004_text_4,server_004,2026-01-25,69,36
server_004_text_5,server_004,2026-01-25,52,17
server_004_text_1,server_004,2026-01-26,28,7
server_004_text_2,server_004,2026-01-26,48,24
server_004_text_3,server_004,2026-01-26,61,20
server_004_text_4,server_004,2026-01-26,42,21
server_004_text_5,server_004,2026-01-26,11,5
server_004_text_1,server_004,2026-01-27,24,12
server_004_text_2,server_004,2026-01-27,4,1
server_004_text_3,server_004,2026-01-27,33,16
server_004_text_4,server_004,2026-01-27,52,13
server_004_text_5,server_004,2026-01-27,61,20
server_004_text_1,server_004,2026-01-28,52,13
server_004_text_2,server_004,2026-01-28,113,28
server_004_text_3,server_004,2026-01-28,24,6
server_004_text_4,server_004,2026-01-28,11,11
server_004_text_5,server_004,2026-01-28,43,10
server_004_text_1,server_004,2026-01-29,84,28
server_004_text_2,server_004,2026-01-29,28,7
server_004_text_3,server_004,2026-01-29,29,29
server_004_text_4,server_004,2026-01-29,20,3
server_004_text_5,server_004,2026-01-29,12,4
server_004_text_1,server_004,2026-01-30,42,21
server_004_text_2,server_004,2026-01-30,38,6
server_004_text_3,server_004,2026-01-30,18,4
server_004_text_4,server_004,2026-01-30,81,20
server_004_text_5,server_004,2026-01-30,17,5
server_004_text_1,server_004,2026-01-31,32,32
server_004_text_2,server_004,2026-01-31,164,32
server_004_text_3,server_004,2026-01-31,65,57
server_004_text_4,server_004,2026-01-31,24,12
server_004_text_5,server_004,2026-01-31,35,5
server_004_text_1,server_004,2026-02-01,32,10
server_004_text_2,server_004,2026-02-01,45,11
server_004_text_3,server_004,2026-02-01,40,20
server_004_text_4,server_004,2026-02-01,14,7
server_004_text_5,server_004,2026-02-01,8,2
server_004_text_1,server_004,2026-02-02,0,0
server_004_text_2,server_004,2026-02-02,0,0
server_004_text_3,server_004,2026-02-02,0,0
server_004_text_4,server_004,2026-02-02,0,0
server_004_text_5,server_004,2026-02-02,0,0
server_004_text_1,server_004,2026-02-03,1,0
server_004_text_2,server_004,2026-02-03,10,3
server_004_text_3,server_004,2026-02-03,37,9
server_004_text_4,server_004,2026-02-03,31,10
server_004_text_5,server_004,2026-02-03,34,17
server_004_text_1,server_004,2026-02-04,68,17
server_004_text_2,server_004,2026-02-04,32,16
server_004_text_3,server_004,2026-02-04,42,42
server_004_text_4,server_004,2026-02-04,80,16
server_004_text_5,server_004,2026-02-04,6,1
server_004_text_1,server_004,2026-02-05,36,12
server_004_text_2,server_004,2026-02-05,55,18
server_004_text_3,server_004,2026-02-05,112,18
server_004_text_4,server_004,2026-02-05,29,7
server_004_text_5,server_004,2026-02-05,58,40
server_004_text_1,server_004,2026-02-06,52,13
server_004_text_2,server_004,2026-02-06,22,11
server_004_text_3,server_004,2026-02-06,91,15
server_004_text_4,server_004,2026-02-06,193,58
server_004_text_5,server_004,2026-02-06,20,10
server_004_text_1,server_004,2026-02-07,63,36
server_004_text_2,server_004,2026-02-07,31,10
server_004_text_3,server_004,2026-02-07,32,10
server_004_text_4,server_004,2026-02-07,54,18
server_004_text_5,server_004,2026-02-07,89,36
server_004_text_1,server_004,2026-02-08,32,6
server_004_text_2,server_004,2026-02-08,20,6
server_004_text_3,server_004,2026-02-08,71,17
server_004_text_4,server_004,2026-02-08,150,37
server_004_text_5,server_004,2026-02-08,17,8
server_004_text_1,server_004,2026-02-09,99,49
server_004_text_2,server_004,2026-02-09,78,13
server_004_text_3,server_004,2026-02-09,40,40
server_004_text_4,server_004,2026-02-09,61,30
server_004_text_5,server_004,2026-02-09,19,3
server_004_text_1,server_004,2026-02-10,8,8
server_004_text_2,server_004,2026-02-10,23,11
server_004_text_3,server_004,2026-02-10,26,26
server_004_text_4,server_004,2026-02-10,26,26
server_004_text_5,server_004,2026-02-10,98,30
server_004_text_1,server_004,2026-02-11,46,11
server_004_text_2,server_004,2026-02-11,62,15
server_004_text_3,server_004,2026-02-11,91,30
server_004_text_4,server_004,2026-02-11,10,2
server_004_text_5,server_004,2026-02-11,30,30
server_004_text_1,server_004,2026-02-12,15,7
server_004_text_2,server_004,2026-02-12,69,23
server_004_text_3,server_004,2026-02-12,18,6
server_004_text_4,server_004,2026-02-12,53,17
server_004_text_5,server_004,2026-02-12,177,71
server_004_text_1,server_004,2026-02-13,20,10
server_004_text_2,server_004,2026-02-13,57,14
server_004_text_3,server_004,2026-02-13,10,3
server_004_text_4,server_004,2026-02-13,38,12
server_004_text_5,server_004,2026-02-13,65,32
server_004_text_1,server_004,2026-02-14,13,4
server_004_text_2,server_004,2026-02-14,3,0
server_004_text_3,server_004,2026-02-14,4,4
server_004_text_4,server_004,2026-02-14,16,5
server_004_text_5,server_004,2026-02-14,0,0
server_004_text_1,server_004,2026-02-15,24,8
server_004_text_2,server_004,2026-02-15,69,34
server_004_text_3,server_004,2026-02-15,52,26
server_004_text_4,server_004,2026-02-15,4,1
server_004_text_5,server_004,2026-02-15,90,22
server_004_text_1,server_004,2026-02-16,28,9
server_004_text_2,server_004,2026-02-16,10,2
server_004_text_3,server_004,2026-02-16,28,14
server_004_text_4,server_004,2026-02-16,41,28
server_004_text_5,server_004,2026-02-16,9,9
server_004_text_1,server_004,2026-02-17,64,16
server_004_text_2,server_004,2026-02-17,12,6
server_004_text_3,server_004,2026-02-17,94,47
server_004_text_4,server_004,2026-02-17,78,39
server_004_text_5,server_004,2026-02-17,32,6
server_004_text_1,server_004,2026-02-18,103,51
server_004_text_2,server_004,2026-02-18,16,4
server_004_text_3,server_004,2026-02-18,159,53
server_004_text_4,server_004,2026-02-18,173,28
server_004_text_5,server_004,2026-02-18,13,13
server_004_text_1,server_004,2026-02-19,25,25
server_004_text_2,server_004,2026-02-19,59,11
server_004_text_3,server_004,2026-02-19,42,21
server_004_text_4,server_004,2026-02-19,37,18
server_004_text_5,server_004,2026-02-19,21,21
server_004_text_1,server_004,2026-02-20,98,32
server_004_text_2,server_004,2026-02-20,7,1
server_004_text_3,server_004,2026-02-20,78,15
server_004_text_4,server_004,2026-02-20,28,4
server_004_text_5,server_004,2026-02-20,59,11
server_004_text_1,server_004,2026-02-21,2,0
server_004_text_2,server_004,2026-02-21,10,2
server_004_text_3,server_004,2026-02-21,3,3
server_004_text_4,server_004,2026-02-21,8,8
server_004_text_5,server_004,2026-02-21,10,1
server_004_text_1,server_004,2026-02-22,44,44
server_004_text_2,server_004,2026-02-22,140,23
server_004_text_3,server_004,2026-02-22,34,8
server_004_text_4,server_004,2026-02-22,51,17
server_004_text_5,server_004,2026-02-22,47,23
server_004_text_1,server_004,2026-02-23,23,5
server_004_text_2,server_004,2026-02-23,17,17
server_004_text_3,server_004,2026-02-23,30,17
server_004_text_4,server_004,2026-02-23,65,16
server_004_text_5,server_004,2026-02-23,25,6
server_004_text_1,server_004,2026-02-24,64,9
server_004_text_2,server_004,2026-02-24,15,3
server_004_text_3,server_004,2026-02-24,47,9
server_004_text_4,server_004,2026-02-24,40,10
server_004_text_5,server_004,2026-02-24,34,8
server_004_text_1,server_004,2026-02-25,54,27
server_004_text_2,server_004,2026-02-25,56,7
server_004_text_3,server_004,2026-02-25,49,24
server_004_text_4,server_004,2026-02-25,27,27
server_004_text_5,server_004,2026-02-25,21,4
server_004_text_1,server_004,2026-02-26,29,14
server_004_text_2,server_004,2026-02-26,19,3
server_004_text_3,server_004,2026-02-26,31,6
server_004_text_4,server_004,2026-02-26,42,10
server_004_text_5,server_004,2026-02-26,51,12
server_004_text_1,server_004,2026-02-27,7,1
server_004_text_2,server_004,2026-02-27,7,3
server_004_text_3,server_004,2026-02-27,12,4
server_004_text_4,server_004,2026-02-27,59,19
server_004_text_5,server_004,2026-02-27,40,26
server_004_text_1,server_004,2026-02-28,5,2
server_004_text_2,server_004,2026-02-28,4,2
server_004_text_3,server_004,2026-02-28,12,6
server_004_text_4,server_004,2026-02-28,7,1
server_004_text_5,server_004,2026-02-28,10,2
server_004_text_1,server_004,2026-03-01,15,7
server_004_text_2,server_004,2026-03-01,52,26
server_004_text_3,server_004,2026-03-01,33,6
server_004_text_4,server_004,2026-03-01,53,17
server_004_text_5,server_004,2026-03-01,49,12
server_004_text_1,server_004,2026-03-02,57,14
server_004_text_2,server_004,2026-03-02,27,9
server_004_text_3,server_004,2026-03-02,68,51
server_004_text_4,server_004,2026-03-02,23,11
server_004_text_5,server_004,2026-03-02,16,8
server_004_text_1,server_004,2026-03-03,9,3
server_004_text_2,server_004,2026-03-03,44,44
server_004_text_3,server_004,2026-03-03,51,17
server_004_text_4,server_004,2026-03-03,19,6
server_004_text_5,server_004,2026-03-03,75,15
server_004_text_1,server_004,2026-03-04,183,69
server_004_text_2,server_004,2026-03-04,78,19
server_004_text_3,server_004,2026-03-04,19,9
server_004_text_4,server_004,2026-03-04,27,27
server_004_text_5,server_004,2026-03-04,34,34
server_004_text_1,server_004,2026-03-05,41,23
server_004_text_2,server_004,2026-03-05,38,12
server_004_text_3,server_004,2026-03-05,28,9
server_004_text_4,server_004,2026-03-05,57,11
server_004_text_5,server_004,2026-03-05,41,8
server_004_text_1,server_004,2026-03-06,21,10
server_004_text_2,server_004,2026-03-06,19,19
server_004_text_3,server_004,2026-03-06,15,7
server_004_text_4,server_004,2026-03-06,1,0
server_004_text_5,server_004,2026-03-06,33,8
server_004_text_1,server_004,2026-03-07,12,4
server_004_text_2,server_004,2026-03-07,62,16
server_004_text_3,server_004,2026-03-07,11,3
server_004_text_4,server_004,2026-03-07,33,4
server_004_text_5,server_004,2026-03-07,21,10
server_004_text_1,server_004,2026-03-08,11,1
server_004_text_2,server_004,2026-03-08,101,101
server_004_text_3,server_004,2026-03-08,52,10
server_004_text_4,server_004,2026-03-08,84,28
server_004_text_5,server_004,2026-03-08,63,63
server_004_text_1,server_004,2026-03-09,40,40
server_004_text_2,server_004,2026-03-09,51,25
server_004_text_3,server_004,2026-03-09,36,6
server_004_text_4,server_004,2026-03-09,87,43
server_004_text_5,server_004,2026-03-09,16,2
server_004_text_1,server_004,2026-03-10,103,66
server_004_text_2,server_004,2026-03-10,42,10
server_004_text_3,server_004,2026-03-10,29,7
server_004_text_4,server_004,2026-03-10,46,9
server_004_text_5,server_004,2026-03-10,37,9
server_004_text_1,server_004,2026-03-11,78,43
server_004_text_2,server_004,2026-03-11,39,9
server_004_text_3,server_004,2026-03-11,34,17
server_004_text_4,server_004,2026-03-11,25,8
server_004_text_5,server_004,2026-03-11,86,43
server_004_text_1,server_004,2026-03-12,77,38
server_004_text_2,server_004,2026-03-12,19,9
server_004_text_3,server_004,2026-03-12,58,11
server_004_text_4,server_004,2026-03-12,47,11
server_004_text_5,server_004,2026-03-12,31,15
server_004_text_1,server_004,2026-03-13,27,13
server_004_text_2,server_004,2026-03-13,35,17
server_004_text_3,server_004,2026-03-13,45,45
server_004_text_4,server_004,2026-03-13,65,21
server_004_text_5,server_004,2026-03-13,72,36
server_004_text_1,server_004,2026-03-14,94,60
server_004_text_2,server_004,2026-03-14,70,23
server_004_text_3,server_004,2026-03-14,40,13
server_004_text_4,server_004,2026-03-14,101,60
server_004_text_5,server_004,2026-03-14,55,11
server_004_text_1,server_004,2026-03-15,83,20
server_004_text_2,server_004,2026-03-15,75,37
server_004_text_3,server_004,2026-03-15,70,14
server_004_text_4,server_004,2026-03-15,35,35
server_004_text_5,server_004,2026-03-15,20,5
server_004_text_1,server_004,2026-03-16,79,69
server_004_text_2,server_004,2026-03-16,9,9
server_004_text_3,server_004,2026-03-16,10,2
server_004_text_4,server_004,2026-03-16,32,16
server_004_text_5,server_004,2026-03-16,64,12
server_004_text_1,server_004,2026-03-17,4,1
server_004_text_2,server_004,2026-03-17,7,4
server_004_text_3,server_004,2026-03-17,14,2
server_004_text_4,server_004,2026-03-17,7,3
server_004_text_5,server_004,2026-03-17,0,0
server_004_text_1,server_004,2026-03-18,17,9
server_004_text_2,server_004,2026-03-18,6,1
server_004_text_3,server_004,2026-03-18,22,7
server_004_text_4,server_004,2026-03-18,14,3
server_004_text_5,server_004,2026-03-18,18,9
server_004_text_1,server_004,2026-03-19,39,19
server_004_text_2,server_004,2026-03-19,78,33
server_004_text_3,server_004,2026-03-19,62,20
server_004_text_4,server_004,2026-03-19,47,11
server_004_text_5,server_004,2026-03-19,9,4
server_004_text_1,server_004,2026-03-20,92,30
server_004_text_2,server_004,2026-03-20,15,5
server_004_text_3,server_004,2026-03-20,7,1
server_004_text_4,server_004,2026-03-20,22,22
server_004_text_5,server_004,2026-03-20,58,9
server_004_text_1,server_004,2026-03-21,21,10
server_004_text_2,server_004,2026-03-21,70,35
server_004_text_3,server_004,2026-03-21,57,11
server_004_text_4,server_004,2026-03-21,108,54
server_004_text_5,server_004,2026-03-21,63,12
server_004_text_1,server_004,2026-03-22,38,19
server_004_text_2,server_004,2026-03-22,158,52
server_004_text_3,server_004,2026-03-22,30,10
server_004_text_4,server_004,2026-03-22,40,20
server_004_text_5,server_004,2026-03-22,27,27
server_004_text_1,server_004,2026-03-23,56,28
server_004_text_2,server_004,2026-03-23,48,12
server_004_text_3,server_004,2026-03-23,108,46
server_004_text_4,server_004,2026-03-23,32,8
server_004_text_5,server_004,2026-03-23,35,11
server_004_text_1,server_004,2026-03-24,24,18
server_004_text_2,server_004,2026-03-24,23,11
server_004_text_3,server_004,2026-03-24,12,12
server_004_text_4,server_004,2026-03-24,26,8
server_004_text_5,server_004,2026-03-24,15,5
server_004_text_1,server_004,2026-03-25,6,2
server_004_text_2,server_004,2026-03-25,85,14
server_004_text_3,server_004,2026-03-25,9,1
server_004_text_4,server_004,2026-03-25,74,24
server_004_text_5,server_004,2026-03-25,53,8
server_004_text_1,server_004,2026-03-26,74,37
server_004_text_2,server_004,2026-03-26,42,21
server_004_text_3,server_004,2026-03-26,44,11
server_004_text_4,server_004,2026-03-26,59,14
server_004_text_5,server_004,2026-03-26,51,51
server_004_text_1,server_004,2026-03-27,31,10
server_004_text_2,server_004,2026-03-27,76,25
server_004_text_3,server_004,2026-03-27,72,34
server_004_text_4,server_004,2026-03-27,27,13
server_004_text_5,server_004,2026-03-27,66,8
server_004_text_1,server_004,2026-03-28,8,1
server_004_text_2,server_004,2026-03-28,48,8
server_004_text_3,server_004,2026-03-28,65,21
server_004_text_4,server_004,2026-03-28,9,1
server_004_text_5,server_004,2026-03-28,41,20
server_004_text_1,server_004,2026-03-29,16,8
server_004_text_2,server_004,2026-03-29,76,25
server_004_text_3,server_004,2026-03-29,41,8
server_004_text_4,server_004,2026-03-29,63,15
server_004_text_5,server_004,2026-03-29,31,10
server_004_text_1,server_004,2026-03-30,88,29
server_004_text_2,server_004,2026-03-30,25,6
server_004_text_3,server_004,2026-03-30,72,10
server_004_text_4,server_004,2026-03-30,45,11
server_004_text_5,server_004,2026-03-30,94,13
server_004_text_1,server_004,2026-03-31,81,27
server_004_text_2,server_004,2026-03-31,33,16
server_004_text_3,server_004,2026-03-31,55,18
server_004_text_4,server_004,2026-03-31,10,3
server_004_text_5,server_004,2026-03-31,68,34
server_004_text_1,server_004,2026-04-01,20,3
server_004_text_2,server_004,2026-04-01,80,16
server_004_text_3,server_004,2026-04-01,14,7
server_004_text_4,server_004,2026-04-01,39,19
server_004_text_5,server_004,2026-04-01,70,70
server_004_text_1,server_004,2026-04-02,23,23
server_004_text_2,server_004,2026-04-02,66,22
server_004_text_3,server_004,2026-04-02,44,11
server_004_text_4,server_004,2026-04-02,82,66
server_004_text_5,server_004,2026-04-02,35,35
server_004_text_1,server_004,2026-04-03,62,15
server_004_text_2,server_004,2026-04-03,56,11
server_004_text_3,server_004,2026-04-03,28,5
server_004_text_4,server_004,2026-04-03,42,8
server_004_text_5,server_004,2026-04-03,29,29
server_004_text_1,server_004,2026-04-04,62,29
server_004_text_2,server_004,2026-04-04,6,6
server_004_text_3,server_004,2026-04-04,16,5
server_004_text_4,server_004,2026-04-04,35,29
server_004_text_5,server_004,2026-04-04,30,10
server_004_text_1,server_004,2026-04-05,118,29
server_004_text_2,server_004,2026-04-05,64,16
server_004_text_3,server_004,2026-04-05,71,14
server_004_text_4,server_004,2026-04-05,49,16
server_004_text_5,server_004,2026-04-05,108,69
server_004_text_1,server_004,2026-04-06,90,30
server_004_text_2,server_004,2026-04-06,55,13
server_004_text_3,server_004,2026-04-06,43,21
server_004_text_4,server_004,2026-04-06,15,5
server_004_text_5,server_004,2026-04-06,24,6
server_004_text_1,server_004,2026-04-07,118,29
server_004_text_2,server_004,2026-04-07,36,12
server_004_text_3,server_004,2026-04-07,27,9
server_004_text_4,server_004,2026-04-07,119,46
server_004_text_5,server_004,2026-04-07,9,3
server_004_text_1,server_004,2026-04-08,57,19
server_004_text_2,server_004,2026-04-08,8,2
server_004_text_3,server_004,2026-04-08,26,8
server_004_text_4,server_004,2026-04-08,35,17
server_004_text_5,server_004,2026-04-08,39,19
server_004_text_1,server_004,2026-04-09,43,21
server_004_text_2,server_004,2026-04-09,49,24
server_004_text_3,server_004,2026-04-09,25,12
server_004_text_4,server_004,2026-04-09,137,34
server_004_text_5,server_004,2026-04-09,94,31
server_004_text_1,server_004,2026-04-10,16,3
server_004_text_2,server_004,2026-04-10,133,19
server_004_text_3,server_004,2026-04-10,47,15
server_004_text_4,server_004,2026-04-10,40,4
server_004_text_5,server_004,2026-04-10,32,10
server_004_text_1,server_004,2026-04-11,26,13
server_004_text_2,server_004,2026-04-11,20,10
server_004_text_3,server_004,2026-04-11,6,1
server_004_text_4,server_004,2026-04-11,24,12
server_004_text_5,server_004,2026-04-11,101,25
server_004_text_1,server_004,2026-04-12,50,12
server_004_text_2,server_004,2026-04-12,32,8
server_004_text_3,server_004,2026-04-12,96,48
server_004_text_4,server_004,2026-04-12,39,19
server_004_text_5,server_004,2026-04-12,104,34
server_004_text_1,server_004,2026-04-13,52,26
server_004_text_2,server_004,2026-04-13,88,29
server_004_text_3,server_004,2026-04-13,70,60
server_004_text_4,server_004,2026-04-13,28,28
server_004_text_5,server_004,2026-04-13,4,1
server_004_text_1,server_004,2026-04-14,39,13
server_004_text_2,server_004,2026-04-14,26,23
server_004_text_3,server_004,2026-04-14,61,20
server_004_text_4,server_004,2026-04-14,33,5
server_004_text_5,server_004,2026-04-14,13,13
server_004_text_1,server_004,2026-04-15,60,15
server_004_text_2,server_004,2026-04-15,18,18
server_004_text_3,server_004,2026-04-15,77,25
server_004_text_4,server_004,2026-04-15,12,3
server_004_text_5,server_004,2026-04-15,44,11
server_004_text_1,server_004,2026-04-16,56,18
server_004_text_2,server_004,2026-04-16,47,11
server_004_text_3,server_004,2026-04-16,87,21
server_004_text_4,server_004,2026-04-16,31,7
server_004_text_5,server_004,2026-04-16,45,22
server_004_text_1,server_004,2026-04-17,97,24
server_004_text_2,server_004,2026-04-17,159,39
server_004_text_3,server_004,2026-04-17,30,30
server_004_text_4,server_004,2026-04-17,40,20
server_004_text_5,server_004,2026-04-17,45,22
server_004_text_1,server_004,2026-04-18,54,13
server_004_text_2,server_004,2026-04-18,39,19
server_004_text_3,server_004,2026-04-18,73,37
server_004_text_4,server_004,2026-04-18,48,37
server_004_text_5,server_004,2026-04-18,42,21
server_004_text_1,server_004,2026-04-19,20,10
server_004_text_2,server_004,2026-04-19,72,18
server_004_text_3,server_004,2026-04-19,59,29
server_004_text_4,server_004,2026-04-19,55,13
server_004_text_5,server_004,2026-04-19,105,26
server_004_text_1,server_004,2026-04-20,82,10
server_004_text_2,server_004,2026-04-20,11,2
server_004_text_3,server_004,2026-04-20,38,12
server_004_text_4,server_004,2026-04-20,57,57
server_004_text_5,server_004,2026-04-20,35,35
server_004_text_1,server_004,2026-04-21,41,41
server_004_text_2,server_004,2026-04-21,29,29
server_004_text_3,server_004,2026-04-21,148,21
server_004_text_4,server_004,2026-04-21,53,17
server_004_text_5,server_004,2026-04-21,40,20
server_004_text_1,server_004,2026-04-22,30,15
server_004_text_2,server_004,2026-04-22,74,37
server_004_text_3,server_004,2026-04-22,43,14
server_004_text_4,server_004,2026-04-22,130,43
server_004_text_5,server_004,2026-04-22,24,4
server_004_text_1,server_004,2026-04-23,121,40
server_004_text_2,server_004,2026-04-23,93,23
server_004_text_3,server_004,2026-04-23,26,6
server_004_text_4,server_004,2026-04-23,65,32
server_004_text_5,server_004,2026-04-23,73,65
server_004_text_1,server_004,2026-04-24,10,2
server_004_text_2,server_004,2026-04-24,63,15
server_004_text_3,server_004,2026-04-24,18,4
server_004_text_4,server_004,2026-04-24,52,26
server_004_text_5,server_004,2026-04-24,18,18
server_004_text_1,server_004,2026-04-25,38,19
server_004_text_2,server_004,2026-04-25,55,11
server_004_text_3,server_004,2026-04-25,106,35
server_004_text_4,server_004,2026-04-25,63,46
server_004_text_5,server_004,2026-04-25,30,10
server_004_text_1,server_004,2026-04-26,44,22
server_004_text_2,server_004,2026-04-26,40,40
server_004_text_3,server_004,2026-04-26,170,42
server_004_text_4,server_004,2026-04-26,13,6
server_004_text_5,server_004,2026-04-26,73,18
server_004_text_1,server_004,2026-04-27,24,8
server_004_text_2,server_004,2026-04-27,18,18
server_004_text_3,server_004,2026-04-27,40,20
server_004_text_4,server_004,2026-04-27,76,25
server_004_text_5,server_004,2026-04-27,81,42
server_004_text_1,server_004,2026-04-28,71,35
server_004_text_2,server_004,2026-04-28,29,29
server_004_text_3,server_004,2026-04-28,33,11
server_004_text_4,server_004,2026-04-28,60,30
server_004_text_5,server_004,2026-04-28,11,3
server_004_text_1,server_004,2026-04-29,123,30
server_004_text_2,server_004,2026-04-29,27,9
server_004_text_3,server_004,2026-04-29,58,19
server_004_text_4,server_004,2026-04-29,62,30
server_004_text_5,server_004,2026-04-29,5,2
server_004_text_1,server_004,2026-04-30,63,21
server_004_text_2,server_004,2026-04-30,110,56
server_004_text_3,server_004,2026-04-30,23,7
server_004_text_4,server_004,2026-04-30,38,12
server_004_text_5,server_004,2026-04-30,23,2
server_004_text_1,server_004,2026-05-01,51,12
server_004_text_2,server_004,2026-05-01,120,40
server_004_text_3,server_004,2026-05-01,96,32
server_004_text_4,server_004,2026-05-01,66,45
server_004_text_5,server_004,2026-05-01,20,6
server_004_text_1,server_004,2026-05-02,15,15
server_004_text_2,server_004,2026-05-02,21,7
server_004_text_3,server_004,2026-05-02,42,14
server_004_text_4,server_004,2026-05-02,17,4
server_004_text_5,server_004,2026-05-02,76,36
server_004_text_1,server_004,2026-05-03,63,10
server_004_text_2,server_004,2026-05-03,28,14
server_004_text_3,server_004,2026-05-03,30,6
server_004_text_4,server_004,2026-05-03,40,40
server_004_text_5,server_004,2026-05-03,27,13
server_004_text_1,server_004,2026-05-04,7,7
server_004_text_2,server_004,2026-05-04,7,2
server_004_text_3,server_004,2026-05-04,17,2
server_004_text_4,server_004,2026-05-04,36,18
server_004_text_5,server_004,2026-05-04,16,5
server_004_text_1,server_004,2026-05-05,23,7
server_004_text_2,server_004,2026-05-05,81,27
server_004_text_3,server_004,2026-05-05,39,6
server_004_text_4,server_004,2026-05-05,13,6
server_004_text_5,server_004,2026-05-05,26,6
server_004_text_1,server_004,2026-05-06,27,13
server_004_text_2,server_004,2026-05-06,10,2
server_004_text_3,server_004,2026-05-06,10,5
server_004_text_4,server_004,2026-05-06,39,9
server_004_text_5,server_004,2026-05-06,109,27
server_004_text_1,server_004,2026-05-07,86,38
server_004_text_2,server_004,2026-05-07,51,25
server_004_text_3,server_004,2026-05-07,19,6
server_004_text_4,server_004,2026-05-07,27,5
server_004_text_5,server_004,2026-05-07,69,17
server_004_text_1,server_004,2026-05-08,42,10
server_004_text_2,server_004,2026-05-08,41,41
server_004_text_3,server_004,2026-05-08,105,41
server_004_text_4,server_004,2026-05-08,53,8
server_004_text_5,server_004,2026-05-08,2,0
server_004_text_1,server_004,2026-05-09,189,37
server_004_text_2,server_004,2026-05-09,124,31
server_004_text_3,server_004,2026-05-09,53,13
server_004_text_4,server_004,2026-05-09,115,57
server_004_text_5,server_004,2026-05-09,158,73
server_004_text_1,server_004,2026-05-10,41,13
server_004_text_2,server_004,2026-05-10,23,7
server_004_text_3,server_004,2026-05-10,197,83
server_004_text_4,server_004,2026-05-10,58,14
server_004_text_5,server_004,2026-05-10,100,20
server_004_text_1,server_004,2026-05-11,17,3
server_004_text_2,server_004,2026-05-11,15,5
server_004_text_3,server_004,2026-05-11,77,19
server_004_text_4,server_004,2026-05-11,48,48
server_004_text_5,server_004,2026-05-11,8,2
server_004_text_1,server_004,2026-05-12,12,6
server_004_text_2,server_004,2026-05-12,54,13
server_004_text_3,server_004,2026-05-12,16,5
server_004_text_4,server_004,2026-05-12,43,10
server_004_text_5,server_004,2026-05-12,12,4
server_004_text_1,server_004,2026-05-13,11,1
server_004_text_2,server_004,2026-05-13,13,6
server_004_text_3,server_004,2026-05-13,24,6
server_004_text_4,server_004,2026-05-13,5,1
server_004_text_5,server_004,2026-05-13,62,20
server_004_text_1,server_004,2026-05-14,67,22
server_004_text_2,server_004,2026-05-14,19,4
server_004_text_3,server_004,2026-05-14,31,15
server_004_text_4,server_004,2026-05-14,65,22
server_004_text_5,server_004,2026-05-14,13,4
server_004_text_1,server_004,2026-05-15,86,21
server_004_text_2,server_004,2026-05-15,97,24
server_004_text_3,server_004,2026-05-15,18,4
server_004_text_4,server_004,2026-05-15,9,9
server_004_text_5,server_004,2026-05-15,83,41
server_004_text_1,server_004,2026-05-16,42,10
server_004_text_2,server_004,2026-05-16,15,7
server_004_text_3,server_004,2026-05-16,10,5
server_004_text_4,server_004,2026-05-16,7,3
server_004_text_5,server_004,2026-05-16,53,13
server_004_text_1,server_004,2026-05-17,34,30
server_004_text_2,server_004,2026-05-17,50,30
server_004_text_3,server_004,2026-05-17,21,7
server_004_text_4,server_004,2026-05-17,25,8
server_004_text_5,server_004,2026-05-17,38,19
server_004_text_1,server_004,2026-05-18,9,9
server_004_text_2,server_004,2026-05-18,23,7
server_004_text_3,server_004,2026-05-18,82,38
server_004_text_4,server_004,2026-05-18,63,21
server_004_text_5,server_004,2026-05-18,70,17
server_004_text_1,server_004,2026-05-19,28,7
server_004_text_2,server_004,2026-05-19,45,22
server_004_text_3,server_004,2026-05-19,11,2
server_004_text_4,server_004,2026-05-19,31,27
server_004_text_5,server_004,2026-05-19,10,3
server_004_text_1,server_004,2026-05-20,44,30
server_004_text_2,server_004,2026-05-20,41,10
server_004_text_3,server_004,2026-05-20,14,14
server_004_text_4,server_004,2026-05-20,20,5
server_004_text_5,server_004,2026-05-20,31,30
server_004_text_1,server_004,2026-05-21,22,4
server_004_text_2,server_004,2026-05-21,6,2
server_004_text_3,server_004,2026-05-21,23,7
server_004_text_4,server_004,2026-05-21,78,78
server_004_text_5,server_004,2026-05-21,54,54
server_004_text_1,server_004,2026-05-22,21,14
server_004_text_2,server_004,2026-05-22,23,7
server_004_text_3,server_004,2026-05-22,18,3
server_004_text_4,server_004,2026-05-22,11,3
server_004_text_5,server_004,2026-05-22,23,7
server_004_text_1,server_004,2026-05-23,30,30
server_004_text_2,server_004,2026-05-23,25,12
server_004_text_3,server_004,2026-05-23,89,44
server_004_text_4,server_004,2026-05-23,73,24
server_004_text_5,server_004,2026-05-23,42,21
server_004_text_1,server_004,2026-05-24,53,13
server_004_text_2,server_004,2026-05-24,47,23
server_004_text_3,server_004,2026-05-24,53,53
server_004_text_4,server_004,2026-05-24,33,6
server_004_text_5,server_004,2026-05-24,104,26
server_004_text_1,server_004,2026-05-25,56,56
server_004_text_2,server_004,2026-05-25,147,29
server_004_text_3,server_004,2026-05-25,11,2
server_004_text_4,server_004,2026-05-25,22,4
server_004_text_5,server_004,2026-05-25,28,4
server_004_text_1,server_004,2026-05-26,39,37
server_004_text_2,server_004,2026-05-26,65,13
server_004_text_3,server_004,2026-05-26,39,37
server_004_text_4,server_004,2026-05-26,31,10
server_004_text_5,server_004,2026-05-26,120,37
server_004_text_1,server_004,2026-05-27,2,0
server_004_text_2,server_004,2026-05-27,2,2
server_004_text_3,server_004,2026-05-27,6,3
server_004_text_4,server_004,2026-05-27,1,0
server_004_text_5,server_004,2026-05-27,9,3
server_004_text_1,server_004,2026-05-28,110,43
server_004_text_2,server_004,2026-05-28,27,9
server_004_text_3,server_004,2026-05-28,161,40
server_004_text_4,server_004,2026-05-28,10,1
server_004_text_5,server_004,2026-05-28,24,8
server_004_text_1,server_004,2026-05-29,129,61
server_004_text_2,server_004,2026-05-29,60,30
server_004_text_3,server_004,2026-05-29,10,1
server_004_text_4,server_004,2026-05-29,80,20
server_004_text_5,server_004,2026-05-29,3,1
server_004_text_1,server_004,2026-05-30,91,30
server_004_text_2,server_004,2026-05-30,54,9
server_004_text_3,server_004,2026-05-30,28,14
server_004_text_4,server_004,2026-05-30,45,9
server_004_text_5,server_004,2026-05-30,145,24
server_004_text_1,server_004,2026-05-31,6,0
server_004_text_2,server_004,2026-05-31,5,1
server_004_text_3,server_004,2026-05-31,14,14
server_004_text_4,server_004,2026-05-31,19,9
server_004_text_5,server_004,2026-05-31,19,3
server_004_text_1,server_004,2026-06-01,12,2
server_004_text_2,server_004,2026-06-01,76,59
server_004_text_3,server_004,2026-06-01,41,13
server_004_text_4,server_004,2026-06-01,21,4
server_004_text_5,server_004,2026-06-01,29,14
server_004_text_1,server_004,2026-06-02,3,3
server_004_text_2,server_004,2026-06-02,7,2
server_004_text_3,server_004,2026-06-02,12,6
server_004_text_4,server_004,2026-06-02,25,25
server_004_text_5,server_004,2026-06-02,106,26
server_004_text_1,server_004,2026-06-03,18,3
server_004_text_2,server_004,2026-06-03,64,16
server_004_text_3,server_004,2026-06-03,14,4
server_004_text_4,server_004,2026-06-03,2,0
server_004_text_5,server_004,2026-06-03,105,35
server_004_text_1,server_004,2026-06-04,32,10
server_004_text_2,server_004,2026-06-04,29,7
server_004_text_3,server_004,2026-06-04,14,4
server_004_text_4,server_004,2026-06-04,42,42
server_004_text_5,server_004,2026-06-04,37,12
server_004_text_1,server_004,2026-06-05,9,1
server_004_text_2,server_004,2026-06-05,117,74
server_004_text_3,server_004,2026-06-05,66,11
server_004_text_4,server_004,2026-06-05,70,17
server_004_text_5,server_004,2026-06-05,22,5
server_004_text_1,server_004,2026-06-06,90,27
server_004_text_2,server_004,2026-06-06,21,10
server_004_text_3,server_004,2026-06-06,9,1
server_004_text_4,server_004,2026-06-06,40,20
server_004_text_5,server_004,2026-06-06,79,27
server_004_text_1,server_004,2026-06-07,28,9
server_004_text_2,server_004,2026-06-07,142,28
server_004_text_3,server_004,2026-06-07,214,35
server_004_text_4,server_004,2026-06-07,19,3
server_004_text_5,server_004,2026-06-07,15,7
server_004_text_1,server_004,2026-06-08,81,40
server_004_text_2,server_004,2026-06-08,81,40
server_004_text_3,server_004,2026-06-08,65,9
server_004_text_4,server_004,2026-06-08,57,54
server_004_text_5,server_004,2026-06-08,30,3
server_004_text_1,server_004,2026-06-09,81,16
server_004_text_2,server_004,2026-06-09,51,25
server_004_text_3,server_004,2026-06-09,83,41
server_004_text_4,server_004,2026-06-09,21,3
server_004_text_5,server_004,2026-06-09,40,8
server_004_text_1,server_004,2026-06-10,28,9
server_004_text_2,server_004,2026-06-10,9,2
server_004_text_3,server_004,2026-06-10,44,28
server_004_text_4,server_004,2026-06-10,28,28
server_004_text_5,server_004,2026-06-10,20,6
server_004_text_1,server_004,2026-06-11,37,18
server_004_text_2,server_004,2026-06-11,74,24
server_004_text_3,server_004,2026-06-11,91,47
server_004_text_4,server_004,2026-06-11,26,26
server_004_text_5,server_004,2026-06-11,5,1
server_004_text_1,server_004,2026-06-12,105,71
server_004_text_2,server_004,2026-06-12,93,71
server_004_text_3,server_004,2026-06-12,58,11
server_004_text_4,server_004,2026-06-12,77,15
server_004_text_5,server_004,2026-06-12,16,4
server_004_text_1,server_004,2026-06-13,55,18
server_004_text_2,server_004,2026-06-13,74,37
server_004_text_3,server_004,2026-06-13,34,11
server_004_text_4,server_004,2026-06-13,41,41
server_004_text_5,server_004,2026-06-13,143,71
server_004_text_1,server_004,2026-06-14,25,6
server_004_text_2,server_004,2026-06-14,70,17
server_004_text_3,server_004,2026-06-14,56,11
server_004_text_4,server_004,2026-06-14,14,4
server_004_text_5,server_004,2026-06-14,107,35
server_004_text_1,server_004,2026-06-15,34,8
server_004_text_2,server_004,2026-06-15,22,5
server_004_text_3,server_004,2026-06-15,16,5
server_004_text_4,server_004,2026-06-15,19,4
server_004_text_5,server_004,2026-06-15,89,29
server_004_text_1,server_004,2026-06-16,0,0
server_004_text_2,server_004,2026-06-16,0,0
server_004_text_3,server_004,2026-06-16,0,0
server_004_text_4,server_004,2026-06-16,0,0
server_004_text_5,server_004,2026-06-16,0,0
server_005_text_1,server_005,2025-12-18,14,2
server_005_text_2,server_005,2025-12-18,10,2
server_005_text_3,server_005,2025-12-18,13,2
server_005_text_4,server_005,2025-12-18,28,2
server_005_text_5,server_005,2025-12-18,15,2
server_005_text_6,server_005,2025-12-18,19,2
server_005_text_1,server_005,2025-12-19,24,4
server_005_text_2,server_005,2025-12-19,1,0
server_005_text_3,server_005,2025-12-19,38,4
server_005_text_4,server_005,2025-12-19,39,4
server_005_text_5,server_005,2025-12-19,7,1
server_005_text_6,server_005,2025-12-19,35,4
server_005_text_1,server_005,2025-12-20,19,4
server_005_text_2,server_005,2025-12-20,46,4
server_005_text_3,server_005,2025-12-20,24,4
server_005_text_4,server_005,2025-12-20,31,4
server_005_text_5,server_005,2025-12-20,32,4
server_005_text_6,server_005,2025-12-20,13,4
server_005_text_1,server_005,2025-12-21,62,5
server_005_text_2,server_005,2025-12-21,59,5
server_005_text_3,server_005,2025-12-21,21,5
server_005_text_4,server_005,2025-12-21,65,5
server_005_text_5,server_005,2025-12-21,25,5
server_005_text_6,server_005,2025-12-21,44,5
server_005_text_1,server_005,2025-12-22,72,5
server_005_text_2,server_005,2025-12-22,12,5
server_005_text_3,server_005,2025-12-22,51,5
server_005_text_4,server_005,2025-12-22,52,5
server_005_text_5,server_005,2025-12-22,9,1
server_005_text_6,server_005,2025-12-22,54,5
server_005_text_1,server_005,2025-12-23,40,6
server_005_text_2,server_005,2025-12-23,21,3
server_005_text_3,server_005,2025-12-23,11,5
server_005_text_4,server_005,2025-12-23,27,8
server_005_text_5,server_005,2025-12-23,8,2
server_005_text_6,server_005,2025-12-23,21,5
server_005_text_1,server_005,2025-12-24,5,2
server_005_text_2,server_005,2025-12-24,32,9
server_005_text_3,server_005,2025-12-24,8,2
server_005_text_4,server_005,2025-12-24,10,2
server_005_text_5,server_005,2025-12-24,14,4
server_005_text_6,server_005,2025-12-24,11,5
server_005_text_1,server_005,2025-12-25,13,6
server_005_text_2,server_005,2025-12-25,48,12
server_005_text_3,server_005,2025-12-25,10,10
server_005_text_4,server_005,2025-12-25,4,2
server_005_text_5,server_005,2025-12-25,14,3
server_005_text_6,server_005,2025-12-25,20,5
server_005_text_1,server_005,2025-12-26,12,6
server_005_text_2,server_005,2025-12-26,106,14
server_005_text_3,server_005,2025-12-26,36,14
server_005_text_4,server_005,2025-12-26,14,4
server_005_text_5,server_005,2025-12-26,23,14
server_005_text_6,server_005,2025-12-26,90,14
server_005_text_1,server_005,2025-12-27,19,2
server_005_text_2,server_005,2025-12-27,29,4
server_005_text_3,server_005,2025-12-27,123,30
server_005_text_4,server_005,2025-12-27,34,8
server_005_text_5,server_005,2025-12-27,72,24
server_005_text_6,server_005,2025-12-27,7,1
server_005_text_1,server_005,2025-12-28,74,12
server_005_text_2,server_005,2025-12-28,17,8
server_005_text_3,server_005,2025-12-28,37,12
server_005_text_4,server_005,2025-12-28,94,18
server_005_text_5,server_005,2025-12-28,21,4
server_005_text_6,server_005,2025-12-28,25,25
server_005_text_1,server_005,2025-12-29,44,11
server_005_text_2,server_005,2025-12-29,24,4
server_005_text_3,server_005,2025-12-29,10,2
server_005_text_4,server_005,2025-12-29,29,7
server_005_text_5,server_005,2025-12-29,23,23
server_005_text_6,server_005,2025-12-29,30,15
server_005_text_1,server_005,2025-12-30,29,14
server_005_text_2,server_005,2025-12-30,30,5
server_005_text_3,server_005,2025-12-30,11,5
server_005_text_4,server_005,2025-12-30,28,5
server_005_text_5,server_005,2025-12-30,34,11
server_005_text_6,server_005,2025-12-30,4,2
server_005_text_1,server_005,2025-12-31,115,43
server_005_text_2,server_005,2025-12-31,75,43
server_005_text_3,server_005,2025-12-31,35,35
server_005_text_4,server_005,2025-12-31,22,5
server_005_text_5,server_005,2025-12-31,67,33
server_005_text_6,server_005,2025-12-31,45,9
server_005_text_1,server_005,2026-01-01,27,5
server_005_text_2,server_005,2026-01-01,62,12
server_005_text_3,server_005,2026-01-01,9,9
server_005_text_4,server_005,2026-01-01,33,16
server_005_text_5,server_005,2026-01-01,101,16
server_005_text_6,server_005,2026-01-01,86,46
server_005_text_1,server_005,2026-01-02,23,7
server_005_text_2,server_005,2026-01-02,110,48
server_005_text_3,server_005,2026-01-02,46,46
server_005_text_4,server_005,2026-01-02,51,48
server_005_text_5,server_005,2026-01-02,55,18
server_005_text_6,server_005,2026-01-02,42,10
server_005_text_1,server_005,2026-01-03,174,38
server_005_text_2,server_005,2026-01-03,20,6
server_005_text_3,server_005,2026-01-03,26,6
server_005_text_4,server_005,2026-01-03,25,25
server_005_text_5,server_005,2026-01-03,94,38
server_005_text_6,server_005,2026-01-03,56,9
server_005_text_1,server_005,2026-01-04,29,9
server_005_text_2,server_005,2026-01-04,26,13
server_005_text_3,server_005,2026-01-04,24,8
server_005_text_4,server_005,2026-01-04,59,14
server_005_text_5,server_005,2026-01-04,4,2
server_005_text_6,server_005,2026-01-04,10,2
server_005_text_1,server_005,2026-01-05,26,26
server_005_text_2,server_005,2026-01-05,48,12
server_005_text_3,server_005,2026-01-05,75,37
server_005_text_4,server_005,2026-01-05,14,14
server_005_text_5,server_005,2026-01-05,16,16
server_005_text_6,server_005,2026-01-05,35,17
server_005_text_1,server_005,2026-01-06,15,15
server_005_text_2,server_005,2026-01-06,27,9
server_005_text_3,server_005,2026-01-06,22,22
server_005_text_4,server_005,2026-01-06,24,6
server_005_text_5,server_005,2026-01-06,60,32
server_005_text_6,server_005,2026-01-06,12,3
server_005_text_1,server_005,2026-01-07,13,6
server_005_text_2,server_005,2026-01-07,9,9
server_005_text_3,server_005,2026-01-07,41,8
server_005_text_4,server_005,2026-01-07,48,16
server_005_text_5,server_005,2026-01-07,28,5
server_005_text_6,server_005,2026-01-07,54,27
server_005_text_1,server_005,2026-01-08,46,23
server_005_text_2,server_005,2026-01-08,23,7
server_005_text_3,server_005,2026-01-08,26,6
server_005_text_4,server_005,2026-01-08,26,5
server_005_text_5,server_005,2026-01-08,52,44
server_005_text_6,server_005,2026-01-08,31,7
server_005_text_1,server_005,2026-01-09,48,16
server_005_text_2,server_005,2026-01-09,9,2
server_005_text_3,server_005,2026-01-09,79,39
server_005_text_4,server_005,2026-01-09,6,2
server_005_text_5,server_005,2026-01-09,81,45
server_005_text_6,server_005,2026-01-09,63,15
server_005_text_1,server_005,2026-01-10,51,8
server_005_text_2,server_005,2026-01-10,19,9
server_005_text_3,server_005,2026-01-10,56,11
server_005_text_4,server_005,2026-01-10,21,7
server_005_text_5,server_005,2026-01-10,45,15
server_005_text_6,server_005,2026-01-10,33,33
server_005_text_1,server_005,2026-01-11,20,6
server_005_text_2,server_005,2026-01-11,7,7
server_005_text_3,server_005,2026-01-11,47,15
server_005_text_4,server_005,2026-01-11,19,6
server_005_text_5,server_005,2026-01-11,56,9
server_005_text_6,server_005,2026-01-11,28,26
server_005_text_1,server_005,2026-01-12,66,22
server_005_text_2,server_005,2026-01-12,70,35
server_005_text_3,server_005,2026-01-12,16,5
server_005_text_4,server_005,2026-01-12,19,9
server_005_text_5,server_005,2026-01-12,20,5
server_005_text_6,server_005,2026-01-12,54,27
server_005_text_1,server_005,2026-01-13,26,26
server_005_text_2,server_005,2026-01-13,36,9
server_005_text_3,server_005,2026-01-13,40,10
server_005_text_4,server_005,2026-01-13,19,9
server_005_text_5,server_005,2026-01-13,14,4
server_005_text_6,server_005,2026-01-13,36,9
server_005_text_1,server_005,2026-01-14,21,10
server_005_text_2,server_005,2026-01-14,12,4
server_005_text_3,server_005,2026-01-14,13,6
server_005_text_4,server_005,2026-01-14,11,2
server_005_text_5,server_005,2026-01-14,2,0
server_005_text_6,server_005,2026-01-14,5,5
server_005_text_1,server_005,2026-01-15,27,6
server_005_text_2,server_005,2026-01-15,54,13
server_005_text_3,server_005,2026-01-15,22,7
server_005_text_4,server_005,2026-01-15,24,8
server_005_text_5,server_005,2026-01-15,8,2
server_005_text_6,server_005,2026-01-15,24,8
server_005_text_1,server_005,2026-01-16,22,7
server_005_text_2,server_005,2026-01-16,31,10
server_005_text_3,server_005,2026-01-16,71,35
server_005_text_4,server_005,2026-01-16,3,1
server_005_text_5,server_005,2026-01-16,10,1
server_005_text_6,server_005,2026-01-16,35,11
server_005_text_1,server_005,2026-01-17,46,46
server_005_text_2,server_005,2026-01-17,80,16
server_005_text_3,server_005,2026-01-17,22,2
server_005_text_4,server_005,2026-01-17,39,39
server_005_text_5,server_005,2026-01-17,38,12
server_005_text_6,server_005,2026-01-17,73,14
server_005_text_1,server_005,2026-01-18,45,15
server_005_text_2,server_005,2026-01-18,23,23
server_005_text_3,server_005,2026-01-18,80,30
server_005_text_4,server_005,2026-01-18,31,7
server_005_text_5,server_005,2026-01-18,31,7
server_005_text_6,server_005,2026-01-18,7,3
server_005_text_1,server_005,2026-01-19,58,29
server_005_text_2,server_005,2026-01-19,41,13
server_005_text_3,server_005,2026-01-19,31,31
server_005_text_4,server_005,2026-01-19,20,20
server_005_text_5,server_005,2026-01-19,41,41
server_005_text_6,server_005,2026-01-19,47,11
server_005_text_1,server_005,2026-01-20,16,2
server_005_text_2,server_005,2026-01-20,39,6
server_005_text_3,server_005,2026-01-20,50,50
server_005_text_4,server_005,2026-01-20,25,5
server_005_text_5,server_005,2026-01-20,39,7
server_005_text_6,server_005,2026-01-20,45,15
server_005_text_1,server_005,2026-01-21,42,10
server_005_text_2,server_005,2026-01-21,103,103
server_005_text_3,server_005,2026-01-21,56,28
server_005_text_4,server_005,2026-01-21,20,4
server_005_text_5,server_005,2026-01-21,86,14
server_005_text_6,server_005,2026-01-21,19,6
server_005_text_1,server_005,2026-01-22,50,12
server_005_text_2,server_005,2026-01-22,37,37
server_005_text_3,server_005,2026-01-22,6,1
server_005_text_4,server_005,2026-01-22,15,3
server_005_text_5,server_005,2026-01-22,71,23
server_005_text_6,server_005,2026-01-22,10,2
server_005_text_1,server_005,2026-01-23,43,43
server_005_text_2,server_005,2026-01-23,22,11
server_005_text_3,server_005,2026-01-23,27,9
server_005_text_4,server_005,2026-01-23,65,21
server_005_text_5,server_005,2026-01-23,60,15
server_005_text_6,server_005,2026-01-23,38,9
server_005_text_1,server_005,2026-01-24,46,7
server_005_text_2,server_005,2026-01-24,46,15
server_005_text_3,server_005,2026-01-24,5,2
server_005_text_4,server_005,2026-01-24,29,9
server_005_text_5,server_005,2026-01-24,50,12
server_005_text_6,server_005,2026-01-24,87,87
server_005_text_1,server_005,2026-01-25,60,20
server_005_text_2,server_005,2026-01-25,28,5
server_005_text_3,server_005,2026-01-25,23,4
server_005_text_4,server_005,2026-01-25,32,5
server_005_text_5,server_005,2026-01-25,88,22
server_005_text_6,server_005,2026-01-25,36,12
server_005_text_1,server_005,2026-01-26,38,19
server_005_text_2,server_005,2026-01-26,1,0
server_005_text_3,server_005,2026-01-26,10,5
server_005_text_4,server_005,2026-01-26,52,17
server_005_text_5,server_005,2026-01-26,86,86
server_005_text_6,server_005,2026-01-26,58,19
server_005_text_1,server_005,2026-01-27,53,26
server_005_text_2,server_005,2026-01-27,42,21
server_005_text_3,server_005,2026-01-27,2,1
server_005_text_4,server_005,2026-01-27,34,17
server_005_text_5,server_005,2026-01-27,2,0
server_005_text_6,server_005,2026-01-27,55,27
server_005_text_1,server_005,2026-01-28,27,13
server_005_text_2,server_005,2026-01-28,29,9
server_005_text_3,server_005,2026-01-28,19,3
server_005_text_4,server_005,2026-01-28,25,8
server_005_text_5,server_005,2026-01-28,5,5
server_005_text_6,server_005,2026-01-28,13,13
server_005_text_1,server_005,2026-01-29,18,9
server_005_text_2,server_005,2026-01-29,22,3
server_005_text_3,server_005,2026-01-29,69,50
server_005_text_4,server_005,2026-01-29,53,50
server_005_text_5,server_005,2026-01-29,30,30
server_005_text_6,server_005,2026-01-29,52,17
server_005_text_1,server_005,2026-01-30,77,19
server_005_text_2,server_005,2026-01-30,20,4
server_005_text_3,server_005,2026-01-30,7,3
server_005_text_4,server_005,2026-01-30,10,3
server_005_text_5,server_005,2026-01-30,27,6
server_005_text_6,server_005,2026-01-30,23,11
server_005_text_1,server_005,2026-01-31,46,40
server_005_text_2,server_005,2026-01-31,15,5
server_005_text_3,server_005,2026-01-31,26,26
server_005_text_4,server_005,2026-01-31,46,11
server_005_text_5,server_005,2026-01-31,28,28
server_005_text_6,server_005,2026-01-31,42,14
server_005_text_1,server_005,2026-02-01,79,26
server_005_text_2,server_005,2026-02-01,82,27
server_005_text_3,server_005,2026-02-01,32,6
server_005_text_4,server_005,2026-02-01,87,43
server_005_text_5,server_005,2026-02-01,3,1
server_005_text_6,server_005,2026-02-01,66,22
server_005_text_1,server_005,2026-02-02,49,16
server_005_text_2,server_005,2026-02-02,22,11
server_005_text_3,server_005,2026-02-02,51,25
server_005_text_4,server_005,2026-02-02,27,13
server_005_text_5,server_005,2026-02-02,53,10
server_005_text_6,server_005,2026-02-02,43,8
server_005_text_1,server_005,2026-02-03,26,13
server_005_text_2,server_005,2026-02-03,53,13
server_005_text_3,server_005,2026-02-03,45,15
server_005_text_4,server_005,2026-02-03,12,3
server_005_text_5,server_005,2026-02-03,26,8
server_005_text_6,server_005,2026-02-03,6,6
server_005_text_1,server_005,2026-02-04,12,4
server_005_text_2,server_005,2026-02-04,39,39
server_005_text_3,server_005,2026-02-04,76,19
server_005_text_4,server_005,2026-02-04,81,20
server_005_text_5,server_005,2026-02-04,45,9
server_005_text_6,server_005,2026-02-04,11,3
server_005_text_1,server_005,2026-02-05,28,5
server_005_text_2,server_005,2026-02-05,47,15
server_005_text_3,server_005,2026-02-05,59,19
server_005_text_4,server_005,2026-02-05,34,17
server_005_text_5,server_005,2026-02-05,55,27
server_005_text_6,server_005,2026-02-05,117,39
server_005_text_1,server_005,2026-02-06,72,36
server_005_text_2,server_005,2026-02-06,22,7
server_005_text_3,server_005,2026-02-06,39,4
server_005_text_4,server_005,2026-02-06,16,8
server_005_text_5,server_005,2026-02-06,23,11
server_005_text_6,server_005,2026-02-06,13,2
server_005_text_1,server_005,2026-02-07,26,6
server_005_text_2,server_005,2026-02-07,45,11
server_005_text_3,server_005,2026-02-07,61,20
server_005_text_4,server_005,2026-02-07,22,22
server_005_text_5,server_005,2026-02-07,98,49
server_005_text_6,server_005,2026-02-07,23,4
server_005_text_1,server_005,2026-02-08,41,30
server_005_text_2,server_005,2026-02-08,32,6
server_005_text_3,server_005,2026-02-08,30,10
server_005_text_4,server_005,2026-02-08,16,8
server_005_text_5,server_005,2026-02-08,55,30
server_005_text_6,server_005,2026-02-08,42,21
server_005_text_1,server_005,2026-02-09,27,9
server_005_text_2,server_005,2026-02-09,38,6
server_005_text_3,server_005,2026-02-09,23,5
server_005_text_4,server_005,2026-02-09,48,12
server_005_text_5,server_005,2026-02-09,41,13
server_005_text_6,server_005,2026-02-09,30,15
server_005_text_1,server_005,2026-02-10,20,4
server_005_text_2,server_005,2026-02-10,28,9
server_005_text_3,server_005,2026-02-10,94,47
server_005_text_4,server_005,2026-02-10,7,1
server_005_text_5,server_005,2026-02-10,12,12
server_005_text_6,server_005,2026-02-10,32,5
server_005_text_1,server_005,2026-02-11,12,4
server_005_text_2,server_005,2026-02-11,15,15
server_005_text_3,server_005,2026-02-11,10,10
server_005_text_4,server_005,2026-02-11,20,4
server_005_text_5,server_005,2026-02-11,15,3
server_005_text_6,server_005,2026-02-11,22,5
server_005_text_1,server_005,2026-02-12,8,1
server_005_text_2,server_005,2026-02-12,9,1
server_005_text_3,server_005,2026-02-12,4,4
server_005_text_4,server_005,2026-02-12,4,1
server_005_text_5,server_005,2026-02-12,4,0
server_005_text_6,server_005,2026-02-12,10,1
server_005_text_1,server_005,2026-02-13,9,2
server_005_text_2,server_005,2026-02-13,8,8
server_005_text_3,server_005,2026-02-13,12,12
server_005_text_4,server_005,2026-02-13,11,3
server_005_text_5,server_005,2026-02-13,11,5
server_005_text_6,server_005,2026-02-13,37,18
server_005_text_1,server_005,2026-02-14,24,12
server_005_text_2,server_005,2026-02-14,9,4
server_005_text_3,server_005,2026-02-14,7,1
server_005_text_4,server_005,2026-02-14,48,8
server_005_text_5,server_005,2026-02-14,58,14
server_005_text_6,server_005,2026-02-14,24,6
server_005_text_1,server_005,2026-02-15,16,16
server_005_text_2,server_005,2026-02-15,126,32
server_005_text_3,server_005,2026-02-15,19,9
server_005_text_4,server_005,2026-02-15,54,10
server_005_text_5,server_005,2026-02-15,50,10
server_005_text_6,server_005,2026-02-15,9,9
server_005_text_1,server_005,2026-02-16,15,5
server_005_text_2,server_005,2026-02-16,118,29
server_005_text_3,server_005,2026-02-16,4,0
server_005_text_4,server_005,2026-02-16,104,20
server_005_text_5,server_005,2026-02-16,21,21
server_005_text_6,server_005,2026-02-16,10,5
server_005_text_1,server_005,2026-02-17,20,6
server_005_text_2,server_005,2026-02-17,18,9
server_005_text_3,server_005,2026-02-17,43,10
server_005_text_4,server_005,2026-02-17,75,25
server_005_text_5,server_005,2026-02-17,41,20
server_005_text_6,server_005,2026-02-17,87,27
server_005_text_1,server_005,2026-02-18,26,13
server_005_text_2,server_005,2026-02-18,6,2
server_005_text_3,server_005,2026-02-18,4,1
server_005_text_4,server_005,2026-02-18,13,13
server_005_text_5,server_005,2026-02-18,0,0
server_005_text_6,server_005,2026-02-18,14,14
server_005_text_1,server_005,2026-02-19,21,2
server_005_text_2,server_005,2026-02-19,56,11
server_005_text_3,server_005,2026-02-19,50,16
server_005_text_4,server_005,2026-02-19,61,51
server_005_text_5,server_005,2026-02-19,48,9
server_005_text_6,server_005,2026-02-19,14,4
server_005_text_1,server_005,2026-02-20,54,18
server_005_text_2,server_005,2026-02-20,43,43
server_005_text_3,server_005,2026-02-20,28,28
server_005_text_4,server_005,2026-02-20,3,3
server_005_text_5,server_005,2026-02-20,11,3
server_005_text_6,server_005,2026-02-20,74,37
server_005_text_1,server_005,2026-02-21,60,6
server_005_text_2,server_005,2026-02-21,106,26
server_005_text_3,server_005,2026-02-21,7,1
server_005_text_4,server_005,2026-02-21,20,10
server_005_text_5,server_005,2026-02-21,13,2
server_005_text_6,server_005,2026-02-21,51,12
server_005_text_1,server_005,2026-02-22,9,2
server_005_text_2,server_005,2026-02-22,46,46
server_005_text_3,server_005,2026-02-22,93,46
server_005_text_4,server_005,2026-02-22,43,14
server_005_text_5,server_005,2026-02-22,20,6
server_005_text_6,server_005,2026-02-22,62,31
server_005_text_1,server_005,2026-02-23,12,3
server_005_text_2,server_005,2026-02-23,14,14
server_005_text_3,server_005,2026-02-23,20,5
server_005_text_4,server_005,2026-02-23,17,17
server_005_text_5,server_005,2026-02-23,6,0
server_005_text_6,server_005,2026-02-23,9,9
server_005_text_1,server_005,2026-02-24,4,4
server_005_text_2,server_005,2026-02-24,33,11
server_005_text_3,server_005,2026-02-24,36,21
server_005_text_4,server_005,2026-02-24,49,16
server_005_text_5,server_005,2026-02-24,40,21
server_005_text_6,server_005,2026-02-24,13,2
server_005_text_1,server_005,2026-02-25,39,39
server_005_text_2,server_005,2026-02-25,40,20
server_005_text_3,server_005,2026-02-25,16,8
server_005_text_4,server_005,2026-02-25,77,38
server_005_text_5,server_005,2026-02-25,26,13
server_005_text_6,server_005,2026-02-25,67,22
server_005_text_1,server_005,2026-02-26,66,22
server_005_text_2,server_005,2026-02-26,20,10
server_005_text_3,server_005,2026-02-26,16,5
server_005_text_4,server_005,2026-02-26,15,15
server_005_text_5,server_005,2026-02-26,10,5
server_005_text_6,server_005,2026-02-26,80,13
server_005_text_1,server_005,2026-02-27,103,34
server_005_text_2,server_005,2026-02-27,4,1
server_005_text_3,server_005,2026-02-27,49,16
server_005_text_4,server_005,2026-02-27,12,12
server_005_text_5,server_005,2026-02-27,96,24
server_005_text_6,server_005,2026-02-27,42,10
server_005_text_1,server_005,2026-02-28,6,6
server_005_text_2,server_005,2026-02-28,71,29
server_005_text_3,server_005,2026-02-28,11,5
server_005_text_4,server_005,2026-02-28,13,4
server_005_text_5,server_005,2026-02-28,0,0
server_005_text_6,server_005,2026-02-28,19,19
server_005_text_1,server_005,2026-03-01,5,1
server_005_text_2,server_005,2026-03-01,11,11
server_005_text_3,server_005,2026-03-01,13,2
server_005_text_4,server_005,2026-03-01,32,8
server_005_text_5,server_005,2026-03-01,9,9
server_005_text_6,server_005,2026-03-01,6,2
server_005_text_1,server_005,2026-03-02,11,2
server_005_text_2,server_005,2026-03-02,35,5
server_005_text_3,server_005,2026-03-02,7,2
server_005_text_4,server_005,2026-03-02,21,10
server_005_text_5,server_005,2026-03-02,7,7
server_005_text_6,server_005,2026-03-02,16,8
server_005_text_1,server_005,2026-03-03,2,2
server_005_text_2,server_005,2026-03-03,22,7
server_005_text_3,server_005,2026-03-03,6,2
server_005_text_4,server_005,2026-03-03,20,10
server_005_text_5,server_005,2026-03-03,6,3
server_005_text_6,server_005,2026-03-03,14,3
server_005_text_1,server_005,2026-03-04,62,31
server_005_text_2,server_005,2026-03-04,55,55
server_005_text_3,server_005,2026-03-04,87,43
server_005_text_4,server_005,2026-03-04,34,11
server_005_text_5,server_005,2026-03-04,48,48
server_005_text_6,server_005,2026-03-04,49,16
server_005_text_1,server_005,2026-03-05,28,14
server_005_text_2,server_005,2026-03-05,8,2
server_005_text_3,server_005,2026-03-05,42,8
server_005_text_4,server_005,2026-03-05,61,19
server_005_text_5,server_005,2026-03-05,49,19
server_005_text_6,server_005,2026-03-05,37,5
server_005_text_1,server_005,2026-03-06,53,17
server_005_text_2,server_005,2026-03-06,70,43
server_005_text_3,server_005,2026-03-06,27,13
server_005_text_4,server_005,2026-03-06,10,2
server_005_text_5,server_005,2026-03-06,59,43
server_005_text_6,server_005,2026-03-06,80,20
server_005_text_1,server_005,2026-03-07,21,10
server_005_text_2,server_005,2026-03-07,11,2
server_005_text_3,server_005,2026-03-07,187,46
server_005_text_4,server_005,2026-03-07,57,14
server_005_text_5,server_005,2026-03-07,76,25
server_005_text_6,server_005,2026-03-07,68,68
server_005_text_1,server_005,2026-03-08,87,14
server_005_text_2,server_005,2026-03-08,30,15
server_005_text_3,server_005,2026-03-08,57,19
server_005_text_4,server_005,2026-03-08,85,42
server_005_text_5,server_005,2026-03-08,9,4
server_005_text_6,server_005,2026-03-08,62,15
server_005_text_1,server_005,2026-03-09,26,6
server_005_text_2,server_005,2026-03-09,56,7
server_005_text_3,server_005,2026-03-09,32,10
server_005_text_4,server_005,2026-03-09,29,9
server_005_text_5,server_005,2026-03-09,16,4
server_005_text_6,server_005,2026-03-09,37,29
server_005_text_1,server_005,2026-03-10,4,2
server_005_text_2,server_005,2026-03-10,3,1
server_005_text_3,server_005,2026-03-10,1,0
server_005_text_4,server_005,2026-03-10,6,3
server_005_text_5,server_005,2026-03-10,3,1
server_005_text_6,server_005,2026-03-10,6,6
server_005_text_1,server_005,2026-03-11,38,19
server_005_text_2,server_005,2026-03-11,29,9
server_005_text_3,server_005,2026-03-11,31,7
server_005_text_4,server_005,2026-03-11,30,30
server_005_text_5,server_005,2026-03-11,42,8
server_005_text_6,server_005,2026-03-11,6,1
server_005_text_1,server_005,2026-03-12,23,7
server_005_text_2,server_005,2026-03-12,29,5
server_005_text_3,server_005,2026-03-12,9,3
server_005_text_4,server_005,2026-03-12,27,9
server_005_text_5,server_005,2026-03-12,4,0
server_005_text_6,server_005,2026-03-12,21,4
server_005_text_1,server_005,2026-03-13,14,7
server_005_text_2,server_005,2026-03-13,11,3
server_005_text_3,server_005,2026-03-13,29,7
server_005_text_4,server_005,2026-03-13,13,13
server_005_text_5,server_005,2026-03-13,14,3
server_005_text_6,server_005,2026-03-13,14,7
server_005_text_1,server_005,2026-03-14,64,51
server_005_text_2,server_005,2026-03-14,34,17
server_005_text_3,server_005,2026-03-14,15,15
server_005_text_4,server_005,2026-03-14,22,11
server_005_text_5,server_005,2026-03-14,15,7
server_005_text_6,server_005,2026-03-14,35,8
server_005_text_1,server_005,2026-03-15,50,16
server_005_text_2,server_005,2026-03-15,28,28
server_005_text_3,server_005,2026-03-15,53,53
server_005_text_4,server_005,2026-03-15,170,42
server_005_text_5,server_005,2026-03-15,35,17
server_005_text_6,server_005,2026-03-15,108,108
server_005_text_1,server_005,2026-03-16,6,1
server_005_text_2,server_005,2026-03-16,12,2
server_005_text_3,server_005,2026-03-16,4,1
server_005_text_4,server_005,2026-03-16,6,1
server_005_text_5,server_005,2026-03-16,7,1
server_005_text_6,server_005,2026-03-16,5,1
server_005_text_1,server_005,2026-03-17,40,20
server_005_text_2,server_005,2026-03-17,20,4
server_005_text_3,server_005,2026-03-17,28,24
server_005_text_4,server_005,2026-03-17,17,3
server_005_text_5,server_005,2026-03-17,36,9
server_005_text_6,server_005,2026-03-17,39,13
server_005_text_1,server_005,2026-03-18,38,7
server_005_text_2,server_005,2026-03-18,43,14
server_005_text_3,server_005,2026-03-18,48,12
server_005_text_4,server_005,2026-03-18,81,27
server_005_text_5,server_005,2026-03-18,7,3
server_005_text_6,server_005,2026-03-18,14,3
server_005_text_1,server_005,2026-03-19,4,1
server_005_text_2,server_005,2026-03-19,88,22
server_005_text_3,server_005,2026-03-19,31,7
server_005_text_4,server_005,2026-03-19,45,11
server_005_text_5,server_005,2026-03-19,42,10
server_005_text_6,server_005,2026-03-19,47,15
server_005_text_1,server_005,2026-03-20,30,15
server_005_text_2,server_005,2026-03-20,40,40
server_005_text_3,server_005,2026-03-20,80,61
server_005_text_4,server_005,2026-03-20,44,14
server_005_text_5,server_005,2026-03-20,124,61
server_005_text_6,server_005,2026-03-20,18,3
server_005_text_1,server_005,2026-03-21,16,5
server_005_text_2,server_005,2026-03-21,17,17
server_005_text_3,server_005,2026-03-21,110,36
server_005_text_4,server_005,2026-03-21,43,21
server_005_text_5,server_005,2026-03-21,34,6
server_005_text_6,server_005,2026-03-21,36,36
server_005_text_1,server_005,2026-03-22,10,2
server_005_text_2,server_005,2026-03-22,81,68
server_005_text_3,server_005,2026-03-22,25,4
server_005_text_4,server_005,2026-03-22,146,24
server_005_text_5,server_005,2026-03-22,60,20
server_005_text_6,server_005,2026-03-22,146,48
server_005_text_1,server_005,2026-03-23,109,15
server_005_text_2,server_005,2026-03-23,27,6
server_005_text_3,server_005,2026-03-23,48,24
server_005_text_4,server_005,2026-03-23,34,8
server_005_text_5,server_005,2026-03-23,35,4
server_005_text_6,server_005,2026-03-23,45,45
server_005_text_1,server_005,2026-03-24,8,2
server_005_text_2,server_005,2026-03-24,9,9
server_005_text_3,server_005,2026-03-24,4,2
server_005_text_4,server_005,2026-03-24,4,0
server_005_text_5,server_005,2026-03-24,7,1
server_005_text_6,server_005,2026-03-24,5,1
server_005_text_1,server_005,2026-03-25,4,2
server_005_text_2,server_005,2026-03-25,75,18
server_005_text_3,server_005,2026-03-25,21,21
server_005_text_4,server_005,2026-03-25,46,23
server_005_text_5,server_005,2026-03-25,35,7
server_005_text_6,server_005,2026-03-25,19,3
server_005_text_1,server_005,2026-03-26,9,1
server_005_text_2,server_005,2026-03-26,6,3
server_005_text_3,server_005,2026-03-26,8,2
server_005_text_4,server_005,2026-03-26,1,0
server_005_text_5,server_005,2026-03-26,7,2
server_005_text_6,server_005,2026-03-26,7,7
server_005_text_1,server_005,2026-03-27,34,8
server_005_text_2,server_005,2026-03-27,43,43
server_005_text_3,server_005,2026-03-27,14,7
server_005_text_4,server_005,2026-03-27,10,3
server_005_text_5,server_005,2026-03-27,27,9
server_005_text_6,server_005,2026-03-27,5,2
server_005_text_1,server_005,2026-03-28,101,47
server_005_text_2,server_005,2026-03-28,18,18
server_005_text_3,server_005,2026-03-28,27,9
server_005_text_4,server_005,2026-03-28,18,3
server_005_text_5,server_005,2026-03-28,31,31
server_005_text_6,server_005,2026-03-28,66,22
server_005_text_1,server_005,2026-03-29,26,13
server_005_text_2,server_005,2026-03-29,41,13
server_005_text_3,server_005,2026-03-29,13,13
server_005_text_4,server_005,2026-03-29,3,1
server_005_text_5,server_005,2026-03-29,29,4
server_005_text_6,server_005,2026-03-29,15,2
server_005_text_1,server_005,2026-03-30,19,6
server_005_text_2,server_005,2026-03-30,25,8
server_005_text_3,server_005,2026-03-30,20,3
server_005_text_4,server_005,2026-03-30,31,7
server_005_text_5,server_005,2026-03-30,12,2
server_005_text_6,server_005,2026-03-30,5,1
server_005_text_1,server_005,2026-03-31,32,18
server_005_text_2,server_005,2026-03-31,18,18
server_005_text_3,server_005,2026-03-31,12,12
server_005_text_4,server_005,2026-03-31,16,16
server_005_text_5,server_005,2026-03-31,4,1
server_005_text_6,server_005,2026-03-31,38,18
server_005_text_1,server_005,2026-04-01,36,17
server_005_text_2,server_005,2026-04-01,17,3
server_005_text_3,server_005,2026-04-01,33,11
server_005_text_4,server_005,2026-04-01,10,5
server_005_text_5,server_005,2026-04-01,39,17
server_005_text_6,server_005,2026-04-01,28,17
server_005_text_1,server_005,2026-04-02,20,20
server_005_text_2,server_005,2026-04-02,24,4
server_005_text_3,server_005,2026-04-02,13,13
server_005_text_4,server_005,2026-04-02,3,3
server_005_text_5,server_005,2026-04-02,7,3
server_005_text_6,server_005,2026-04-02,8,2
server_005_text_1,server_005,2026-04-03,88,44
server_005_text_2,server_005,2026-04-03,46,11
server_005_text_3,server_005,2026-04-03,105,26
server_005_text_4,server_005,2026-04-03,7,1
server_005_text_5,server_005,2026-04-03,20,6
server_005_text_6,server_005,2026-04-03,32,5
server_005_text_1,server_005,2026-04-04,33,4
server_005_text_2,server_005,2026-04-04,27,13
server_005_text_3,server_005,2026-04-04,50,8
server_005_text_4,server_005,2026-04-04,102,34
server_005_text_5,server_005,2026-04-04,65,21
server_005_text_6,server_005,2026-04-04,63,31
server_005_text_1,server_005,2026-04-05,30,10
server_005_text_2,server_005,2026-04-05,18,9
server_005_text_3,server_005,2026-04-05,106,53
server_005_text_4,server_005,2026-04-05,22,5
server_005_text_5,server_005,2026-04-05,3,0
server_005_text_6,server_005,2026-04-05,96,59
server_005_text_1,server_005,2026-04-06,50,25
server_005_text_2,server_005,2026-04-06,40,20
server_005_text_3,server_005,2026-04-06,73,36
server_005_text_4,server_005,2026-04-06,60,12
server_005_text_5,server_005,2026-04-06,65,16
server_005_text_6,server_005,2026-04-06,54,27
server_005_text_1,server_005,2026-04-07,77,25
server_005_text_2,server_005,2026-04-07,165,41
server_005_text_3,server_005,2026-04-07,37,37
server_005_text_4,server_005,2026-04-07,28,28
server_005_text_5,server_005,2026-04-07,3,0
server_005_text_6,server_005,2026-04-07,27,9
server_005_text_1,server_005,2026-04-08,7,1
server_005_text_2,server_005,2026-04-08,60,60
server_005_text_3,server_005,2026-04-08,17,17
server_005_text_4,server_005,2026-04-08,69,13
server_005_text_5,server_005,2026-04-08,114,22
server_005_text_6,server_005,2026-04-08,24,12
server_005_text_1,server_005,2026-04-09,14,3
server_005_text_2,server_005,2026-04-09,31,7
server_005_text_3,server_005,2026-04-09,18,3
server_005_text_4,server_005,2026-04-09,22,11
server_005_text_5,server_005,2026-04-09,12,4
server_005_text_6,server_005,2026-04-09,9,4
server_005_text_1,server_005,2026-04-10,72,36
server_005_text_2,server_005,2026-04-10,51,8
server_005_text_3,server_005,2026-04-10,22,4
server_005_text_4,server_005,2026-04-10,48,12
server_005_text_5,server_005,2026-04-10,14,4
server_005_text_6,server_005,2026-04-10,14,14
server_005_text_1,server_005,2026-04-11,66,22
server_005_text_2,server_005,2026-04-11,47,15
server_005_text_3,server_005,2026-04-11,22,5
server_005_text_4,server_005,2026-04-11,16,5
server_005_text_5,server_005,2026-04-11,27,6
server_005_text_6,server_005,2026-04-11,104,104
server_005_text_1,server_005,2026-04-12,79,65
server_005_text_2,server_005,2026-04-12,10,5
server_005_text_3,server_005,2026-04-12,71,17
server_005_text_4,server_005,2026-04-12,26,5
server_005_text_5,server_005,2026-04-12,15,7
server_005_text_6,server_005,2026-04-12,40,40
server_005_text_1,server_005,2026-04-13,10,1
server_005_text_2,server_005,2026-04-13,27,6
server_005_text_3,server_005,2026-04-13,52,13
server_005_text_4,server_005,2026-04-13,9,3
server_005_text_5,server_005,2026-04-13,9,3
server_005_text_6,server_005,2026-04-13,49,24
server_005_text_1,server_005,2026-04-14,31,10
server_005_text_2,server_005,2026-04-14,38,15
server_005_text_3,server_005,2026-04-14,55,7
server_005_text_4,server_005,2026-04-14,44,11
server_005_text_5,server_005,2026-04-14,32,15
server_005_text_6,server_005,2026-04-14,21,4
server_005_text_1,server_005,2026-04-15,13,4
server_005_text_2,server_005,2026-04-15,34,8
server_005_text_3,server_005,2026-04-15,59,9
server_005_text_4,server_005,2026-04-15,53,22
server_005_text_5,server_005,2026-04-15,25,12
server_005_text_6,server_005,2026-04-15,9,3
server_005_text_1,server_005,2026-04-16,16,8
server_005_text_2,server_005,2026-04-16,40,20
server_005_text_3,server_005,2026-04-16,43,10
server_005_text_4,server_005,2026-04-16,69,17
server_005_text_5,server_005,2026-04-16,80,20
server_005_text_6,server_005,2026-04-16,34,11
server_005_text_1,server_005,2026-04-17,39,13
server_005_text_2,server_005,2026-04-17,48,9
server_005_text_3,server_005,2026-04-17,33,11
server_005_text_4,server_005,2026-04-17,10,5
server_005_text_5,server_005,2026-04-17,64,12
server_005_text_6,server_005,2026-04-17,56,18
server_005_text_1,server_005,2026-04-18,55,18
server_005_text_2,server_005,2026-04-18,31,10
server_005_text_3,server_005,2026-04-18,10,2
server_005_text_4,server_005,2026-04-18,102,12
server_005_text_5,server_005,2026-04-18,101,33
server_005_text_6,server_005,2026-04-18,71,23
server_005_text_1,server_005,2026-04-19,77,15
server_005_text_2,server_005,2026-04-19,100,48
server_005_text_3,server_005,2026-04-19,52,8
server_005_text_4,server_005,2026-04-19,30,30
server_005_text_5,server_005,2026-04-19,102,34
server_005_text_6,server_005,2026-04-19,23,11
server_005_text_1,server_005,2026-04-20,6,6
server_005_text_2,server_005,2026-04-20,46,5
server_005_text_3,server_005,2026-04-20,46,7
server_005_text_4,server_005,2026-04-20,15,3
server_005_text_5,server_005,2026-04-20,48,27
server_005_text_6,server_005,2026-04-20,8,8
server_005_text_1,server_005,2026-04-21,66,33
server_005_text_2,server_005,2026-04-21,189,63
server_005_text_3,server_005,2026-04-21,29,9
server_005_text_4,server_005,2026-04-21,45,7
server_005_text_5,server_005,2026-04-21,5,0
server_005_text_6,server_005,2026-04-21,45,15
server_005_text_1,server_005,2026-04-22,46,11
server_005_text_2,server_005,2026-04-22,30,15
server_005_text_3,server_005,2026-04-22,53,13
server_005_text_4,server_005,2026-04-22,37,6
server_005_text_5,server_005,2026-04-22,25,25
server_005_text_6,server_005,2026-04-22,95,23
server_005_text_1,server_005,2026-04-23,9,3
server_005_text_2,server_005,2026-04-23,17,4
server_005_text_3,server_005,2026-04-23,20,5
server_005_text_4,server_005,2026-04-23,69,69
server_005_text_5,server_005,2026-04-23,22,22
server_005_text_6,server_005,2026-04-23,34,34
server_005_text_1,server_005,2026-04-24,9,3
server_005_text_2,server_005,2026-04-24,35,17
server_005_text_3,server_005,2026-04-24,34,17
server_005_text_4,server_005,2026-04-24,7,7
server_005_text_5,server_005,2026-04-24,11,5
server_005_text_6,server_005,2026-04-24,5,1
server_005_text_1,server_005,2026-04-25,29,14
server_005_text_2,server_005,2026-04-25,61,15
server_005_text_3,server_005,2026-04-25,23,11
server_005_text_4,server_005,2026-04-25,18,4
server_005_text_5,server_005,2026-04-25,39,19
server_005_text_6,server_005,2026-04-25,33,11
server_005_text_1,server_005,2026-04-26,44,7
server_005_text_2,server_005,2026-04-26,52,17
server_005_text_3,server_005,2026-04-26,147,46
server_005_text_4,server_005,2026-04-26,101,46
server_005_text_5,server_005,2026-04-26,56,46
server_005_text_6,server_005,2026-04-26,16,4
server_005_text_1,server_005,2026-04-27,120,20
server_005_text_2,server_005,2026-04-27,15,2
server_005_text_3,server_005,2026-04-27,28,14
server_005_text_4,server_005,2026-04-27,46,23
server_005_text_5,server_005,2026-04-27,11,2
server_005_text_6,server_005,2026-04-27,9,2
server_005_text_1,server_005,2026-04-28,14,4
server_005_text_2,server_005,2026-04-28,50,12
server_005_text_3,server_005,2026-04-28,28,28
server_005_text_4,server_005,2026-04-28,12,12
server_005_text_5,server_005,2026-04-28,8,2
server_005_text_6,server_005,2026-04-28,14,3
server_005_text_1,server_005,2026-04-29,4,4
server_005_text_2,server_005,2026-04-29,94,47
server_005_text_3,server_005,2026-04-29,101,20
server_005_text_4,server_005,2026-04-29,19,9
server_005_text_5,server_005,2026-04-29,15,3
server_005_text_6,server_005,2026-04-29,89,22
server_005_text_1,server_005,2026-04-30,32,32
server_005_text_2,server_005,2026-04-30,15,15
server_005_text_3,server_005,2026-04-30,71,35
server_005_text_4,server_005,2026-04-30,91,18
server_005_text_5,server_005,2026-04-30,77,25
server_005_text_6,server_005,2026-04-30,13,4
server_005_text_1,server_005,2026-05-01,35,11
server_005_text_2,server_005,2026-05-01,68,9
server_005_text_3,server_005,2026-05-01,24,24
server_005_text_4,server_005,2026-05-01,49,38
server_005_text_5,server_005,2026-05-01,18,6
server_005_text_6,server_005,2026-05-01,12,2
server_005_text_1,server_005,2026-05-02,31,10
server_005_text_2,server_005,2026-05-02,10,5
server_005_text_3,server_005,2026-05-02,7,1
server_005_text_4,server_005,2026-05-02,31,4
server_005_text_5,server_005,2026-05-02,1,0
server_005_text_6,server_005,2026-05-02,43,14
server_005_text_1,server_005,2026-05-03,12,3
server_005_text_2,server_005,2026-05-03,74,18
server_005_text_3,server_005,2026-05-03,77,15
server_005_text_4,server_005,2026-05-03,46,23
server_005_text_5,server_005,2026-05-03,23,11
server_005_text_6,server_005,2026-05-03,67,33
server_005_text_1,server_005,2026-05-04,28,5
server_005_text_2,server_005,2026-05-04,12,2
server_005_text_3,server_005,2026-05-04,17,5
server_005_text_4,server_005,2026-05-04,29,14
server_005_text_5,server_005,2026-05-04,37,12
server_005_text_6,server_005,2026-05-04,34,11
server_005_text_1,server_005,2026-05-05,3,0
server_005_text_2,server_005,2026-05-05,6,1
server_005_text_3,server_005,2026-05-05,5,5
server_005_text_4,server_005,2026-05-05,5,1
server_005_text_5,server_005,2026-05-05,15,7
server_005_text_6,server_005,2026-05-05,0,0
server_005_text_1,server_005,2026-05-06,86,28
server_005_text_2,server_005,2026-05-06,43,10
server_005_text_3,server_005,2026-05-06,40,40
server_005_text_4,server_005,2026-05-06,26,6
server_005_text_5,server_005,2026-05-06,36,12
server_005_text_6,server_005,2026-05-06,36,18
server_005_text_1,server_005,2026-05-07,25,8
server_005_text_2,server_005,2026-05-07,84,10
server_005_text_3,server_005,2026-05-07,24,6
server_005_text_4,server_005,2026-05-07,40,37
server_005_text_5,server_005,2026-05-07,13,6
server_005_text_6,server_005,2026-05-07,15,7
server_005_text_1,server_005,2026-05-08,9,9
server_005_text_2,server_005,2026-05-08,115,51
server_005_text_3,server_005,2026-05-08,41,13
server_005_text_4,server_005,2026-05-08,43,10
server_005_text_5,server_005,2026-05-08,69,51
server_005_text_6,server_005,2026-05-08,32,5
server_005_text_1,server_005,2026-05-09,30,5
server_005_text_2,server_005,2026-05-09,27,9
server_005_text_3,server_005,2026-05-09,20,6
server_005_text_4,server_005,2026-05-09,11,11
server_005_text_5,server_005,2026-05-09,70,35
server_005_text_6,server_005,2026-05-09,38,37
server_005_text_1,server_005,2026-05-10,35,35
server_005_text_2,server_005,2026-05-10,34,17
server_005_text_3,server_005,2026-05-10,84,42
server_005_text_4,server_005,2026-05-10,49,16
server_005_text_5,server_005,2026-05-10,29,4
server_005_text_6,server_005,2026-05-10,67,22
server_005_text_1,server_005,2026-05-11,10,5
server_005_text_2,server_005,2026-05-11,5,1
server_005_text_3,server_005,2026-05-11,22,3
server_005_text_4,server_005,2026-05-11,2,0
server_005_text_5,server_005,2026-05-11,7,1
server_005_text_6,server_005,2026-05-11,10,2
server_005_text_1,server_005,2026-05-12,36,18
server_005_text_2,server_005,2026-05-12,62,62
server_005_text_3,server_005,2026-05-12,12,4
server_005_text_4,server_005,2026-05-12,23,11
server_005_text_5,server_005,2026-05-12,52,26
server_005_text_6,server_005,2026-05-12,42,21
server_005_text_1,server_005,2026-05-13,76,40
server_005_text_2,server_005,2026-05-13,52,17
server_005_text_3,server_005,2026-05-13,50,25
server_005_text_4,server_005,2026-05-13,11,2
server_005_text_5,server_005,2026-05-13,11,5
server_005_text_6,server_005,2026-05-13,28,7
server_005_text_1,server_005,2026-05-14,179,40
server_005_text_2,server_005,2026-05-14,29,7
server_005_text_3,server_005,2026-05-14,10,1
server_005_text_4,server_005,2026-05-14,23,3
server_005_text_5,server_005,2026-05-14,22,22
server_005_text_6,server_005,2026-05-14,123,40
server_005_text_1,server_005,2026-05-15,35,35
server_005_text_2,server_005,2026-05-15,24,6
server_005_text_3,server_005,2026-05-15,44,11
server_005_text_4,server_005,2026-05-15,3,1
server_005_text_5,server_005,2026-05-15,89,22
server_005_text_6,server_005,2026-05-15,111,18
server_005_text_1,server_005,2026-05-16,57,28
server_005_text_2,server_005,2026-05-16,88,38
server_005_text_3,server_005,2026-05-16,22,3
server_005_text_4,server_005,2026-05-16,15,5
server_005_text_5,server_005,2026-05-16,22,22
server_005_text_6,server_005,2026-05-16,23,5
server_005_text_1,server_005,2026-05-17,70,23
server_005_text_2,server_005,2026-05-17,64,12
server_005_text_3,server_005,2026-05-17,32,10
server_005_text_4,server_005,2026-05-17,44,44
server_005_text_5,server_005,2026-05-17,74,37
server_005_text_6,server_005,2026-05-17,45,45
server_005_text_1,server_005,2026-05-18,11,5
server_005_text_2,server_005,2026-05-18,34,11
server_005_text_3,server_005,2026-05-18,5,1
server_005_text_4,server_005,2026-05-18,38,38
server_005_text_5,server_005,2026-05-18,44,11
server_005_text_6,server_005,2026-05-18,14,14
server_005_text_1,server_005,2026-05-19,27,3
server_005_text_2,server_005,2026-05-19,24,6
server_005_text_3,server_005,2026-05-19,44,8
server_005_text_4,server_005,2026-05-19,11,1
server_005_text_5,server_005,2026-05-19,46,15
server_005_text_6,server_005,2026-05-19,61,30
server_005_text_1,server_005,2026-05-20,27,13
server_005_text_2,server_005,2026-05-20,117,23
server_005_text_3,server_005,2026-05-20,30,5
server_005_text_4,server_005,2026-05-20,9,4
server_005_text_5,server_005,2026-05-20,49,12
server_005_text_6,server_005,2026-05-20,11,3
server_005_text_1,server_005,2026-05-21,12,12
server_005_text_2,server_005,2026-05-21,11,5
server_005_text_3,server_005,2026-05-21,9,1
server_005_text_4,server_005,2026-05-21,24,6
server_005_text_5,server_005,2026-05-21,15,5
server_005_text_6,server_005,2026-05-21,17,3
server_005_text_1,server_005,2026-05-22,78,26
server_005_text_2,server_005,2026-05-22,76,25
server_005_text_3,server_005,2026-05-22,44,7
server_005_text_4,server_005,2026-05-22,141,28
server_005_text_5,server_005,2026-05-22,16,4
server_005_text_6,server_005,2026-05-22,21,7
server_005_text_1,server_005,2026-05-23,45,11
server_005_text_2,server_005,2026-05-23,50,50
server_005_text_3,server_005,2026-05-23,19,19
server_005_text_4,server_005,2026-05-23,4,1
server_005_text_5,server_005,2026-05-23,95,31
server_005_text_6,server_005,2026-05-23,90,15
server_005_text_1,server_005,2026-05-24,35,11
server_005_text_2,server_005,2026-05-24,13,6
server_005_text_3,server_005,2026-05-24,74,7
server_005_text_4,server_005,2026-05-24,32,8
server_005_text_5,server_005,2026-05-24,44,8
server_005_text_6,server_005,2026-05-24,51,17
server_005_text_1,server_005,2026-05-25,11,3
server_005_text_2,server_005,2026-05-25,11,1
server_005_text_3,server_005,2026-05-25,25,25
server_005_text_4,server_005,2026-05-25,48,16
server_005_text_5,server_005,2026-05-25,57,34
server_005_text_6,server_005,2026-05-25,19,3
server_005_text_1,server_005,2026-05-26,56,11
server_005_text_2,server_005,2026-05-26,79,79
server_005_text_3,server_005,2026-05-26,34,17
server_005_text_4,server_005,2026-05-26,45,9
server_005_text_5,server_005,2026-05-26,37,12
server_005_text_6,server_005,2026-05-26,34,6
server_005_text_1,server_005,2026-05-27,23,7
server_005_text_2,server_005,2026-05-27,35,7
server_005_text_3,server_005,2026-05-27,83,27
server_005_text_4,server_005,2026-05-27,12,3
server_005_text_5,server_005,2026-05-27,16,4
server_005_text_6,server_005,2026-05-27,21,5
server_005_text_1,server_005,2026-05-28,28,7
server_005_text_2,server_005,2026-05-28,30,30
server_005_text_3,server_005,2026-05-28,29,4
server_005_text_4,server_005,2026-05-28,47,23
server_005_text_5,server_005,2026-05-28,11,3
server_005_text_6,server_005,2026-05-28,35,7
server_005_text_1,server_005,2026-05-29,3,0
server_005_text_2,server_005,2026-05-29,11,5
server_005_text_3,server_005,2026-05-29,5,0
server_005_text_4,server_005,2026-05-29,15,5
server_005_text_5,server_005,2026-05-29,70,21
server_005_text_6,server_005,2026-05-29,10,5
server_005_text_1,server_005,2026-05-30,32,32
server_005_text_2,server_005,2026-05-30,16,5
server_005_text_3,server_005,2026-05-30,9,4
server_005_text_4,server_005,2026-05-30,70,11
server_005_text_5,server_005,2026-05-30,43,21
server_005_text_6,server_005,2026-05-30,14,4
server_005_text_1,server_005,2026-05-31,70,35
server_005_text_2,server_005,2026-05-31,50,25
server_005_text_3,server_005,2026-05-31,22,22
server_005_text_4,server_005,2026-05-31,59,42
server_005_text_5,server_005,2026-05-31,8,8
server_005_text_6,server_005,2026-05-31,25,8
server_005_text_1,server_005,2026-06-01,42,21
server_005_text_2,server_005,2026-06-01,136,104
server_005_text_3,server_005,2026-06-01,35,11
server_005_text_4,server_005,2026-06-01,48,48
server_005_text_5,server_005,2026-06-01,50,50
server_005_text_6,server_005,2026-06-01,107,13
server_005_text_1,server_005,2026-06-02,22,5
server_005_text_2,server_005,2026-06-02,44,8
server_005_text_3,server_005,2026-06-02,6,1
server_005_text_4,server_005,2026-06-02,99,50
server_005_text_5,server_005,2026-06-02,42,7
server_005_text_6,server_005,2026-06-02,34,34
server_005_text_1,server_005,2026-06-03,12,3
server_005_text_2,server_005,2026-06-03,188,23
server_005_text_3,server_005,2026-06-03,48,16
server_005_text_4,server_005,2026-06-03,24,6
server_005_text_5,server_005,2026-06-03,31,5
server_005_text_6,server_005,2026-06-03,68,34
server_005_text_1,server_005,2026-06-04,24,24
server_005_text_2,server_005,2026-06-04,17,3
server_005_text_3,server_005,2026-06-04,35,11
server_005_text_4,server_005,2026-06-04,81,27
server_005_text_5,server_005,2026-06-04,65,10
server_005_text_6,server_005,2026-06-04,52,39
server_005_text_1,server_005,2026-06-05,115,57
server_005_text_2,server_005,2026-06-05,79,19
server_005_text_3,server_005,2026-06-05,19,19
server_005_text_4,server_005,2026-06-05,75,37
server_005_text_5,server_005,2026-06-05,14,7
server_005_text_6,server_005,2026-06-05,34,17
server_005_text_1,server_005,2026-06-06,28,7
server_005_text_2,server_005,2026-06-06,3,3
server_005_text_3,server_005,2026-06-06,7,3
server_005_text_4,server_005,2026-06-06,8,8
server_005_text_5,server_005,2026-06-06,43,17
server_005_text_6,server_005,2026-06-06,21,4
server_005_text_1,server_005,2026-06-07,8,2
server_005_text_2,server_005,2026-06-07,15,3
server_005_text_3,server_005,2026-06-07,68,13
server_005_text_4,server_005,2026-06-07,14,7
server_005_text_5,server_005,2026-06-07,47,9
server_005_text_6,server_005,2026-06-07,63,15
server_005_text_1,server_005,2026-06-08,11,2
server_005_text_2,server_005,2026-06-08,25,12
server_005_text_3,server_005,2026-06-08,66,13
server_005_text_4,server_005,2026-06-08,23,4
server_005_text_5,server_005,2026-06-08,10,5
server_005_text_6,server_005,2026-06-08,42,7
server_005_text_1,server_005,2026-06-09,3,1
server_005_text_2,server_005,2026-06-09,34,17
server_005_text_3,server_005,2026-06-09,77,19
server_005_text_4,server_005,2026-06-09,51,17
server_005_text_5,server_005,2026-06-09,98,49
server_005_text_6,server_005,2026-06-09,28,7
server_005_text_1,server_005,2026-06-10,38,38
server_005_text_2,server_005,2026-06-10,22,7
server_005_text_3,server_005,2026-06-10,67,22
server_005_text_4,server_005,2026-06-10,43,43
server_005_text_5,server_005,2026-06-10,15,15
server_005_text_6,server_005,2026-06-10,11,3
server_005_text_1,server_005,2026-06-11,20,17
server_005_text_2,server_005,2026-06-11,25,8
server_005_text_3,server_005,2026-06-11,5,2
server_005_text_4,server_005,2026-06-11,4,1
server_005_text_5,server_005,2026-06-11,40,17
server_005_text_6,server_005,2026-06-11,20,6
server_005_text_1,server_005,2026-06-12,68,11
server_005_text_2,server_005,2026-06-12,23,23
server_005_text_3,server_005,2026-06-12,20,20
server_005_text_4,server_005,2026-06-12,37,37
server_005_text_5,server_005,2026-06-12,47,15
server_005_text_6,server_005,2026-06-12,69,17
server_005_text_1,server_005,2026-06-13,58,29
server_005_text_2,server_005,2026-06-13,141,141
server_005_text_3,server_005,2026-06-13,81,40
server_005_text_4,server_005,2026-06-13,44,44
server_005_text_5,server_005,2026-06-13,64,16
server_005_text_6,server_005,2026-06-13,204,51
server_005_text_1,server_005,2026-06-14,70,62
server_005_text_2,server_005,2026-06-14,25,6
server_005_text_3,server_005,2026-06-14,93,62
server_005_text_4,server_005,2026-06-14,51,7
server_005_text_5,server_005,2026-06-14,106,21
server_005_text_6,server_005,2026-06-14,68,34
server_005_text_1,server_005,2026-06-15,54,10
server_005_text_2,server_005,2026-06-15,5,1
server_005_text_3,server_005,2026-06-15,11,3
server_005_text_4,server_005,2026-06-15,7,3
server_005_text_5,server_005,2026-06-15,3,0
server_005_text_6,server_005,2026-06-15,37,18
server_005_text_1,server_005,2026-06-16,37,9
server_005_text_2,server_005,2026-06-16,26,8
server_005_text_3,server_005,2026-06-16,11,2
server_005_text_4,server_005,2026-06-16,11,3
server_005_text_5,server_005,2026-06-16,23,7
server_005_text_6,server_005,2026-06-16,60,30
server_006_text_1,server_006,2025-12-18,106,3
server_006_text_2,server_006,2025-12-18,107,3
server_006_text_1,server_006,2025-12-19,52,3
server_006_text_2,server_006,2025-12-19,159,3
server_006_text_1,server_006,2025-12-20,204,5
server_006_text_2,server_006,2025-12-20,56,5
server_006_text_1,server_006,2025-12-21,84,9
server_006_text_2,server_006,2025-12-21,32,9
server_006_text_1,server_006,2025-12-22,69,10
server_006_text_2,server_006,2025-12-22,182,10
server_006_text_1,server_006,2025-12-23,69,10
server_006_text_2,server_006,2025-12-23,126,10
server_006_text_1,server_006,2025-12-24,98,11
server_006_text_2,server_006,2025-12-24,0,0
server_006_text_1,server_006,2025-12-25,103,11
server_006_text_2,server_006,2025-12-25,209,11
server_006_text_1,server_006,2025-12-26,68,12
server_006_text_2,server_006,2025-12-26,237,12
server_006_text_1,server_006,2025-12-27,138,13
server_006_text_2,server_006,2025-12-27,150,13
server_006_text_1,server_006,2025-12-28,59,14
server_006_text_2,server_006,2025-12-28,79,14
server_006_text_1,server_006,2025-12-29,62,16
server_006_text_2,server_006,2025-12-29,154,16
server_006_text_1,server_006,2025-12-30,90,26
server_006_text_2,server_006,2025-12-30,50,16
server_006_text_1,server_006,2025-12-31,130,26
server_006_text_2,server_006,2025-12-31,127,26
server_006_text_1,server_006,2026-01-01,118,26
server_006_text_2,server_006,2026-01-01,155,26
server_006_text_1,server_006,2026-01-02,164,27
server_006_text_2,server_006,2026-01-02,77,27
server_006_text_1,server_006,2026-01-03,75,27
server_006_text_2,server_006,2026-01-03,167,27
server_006_text_1,server_006,2026-01-04,63,20
server_006_text_2,server_006,2026-01-04,101,20
server_006_text_1,server_006,2026-01-05,166,27
server_006_text_2,server_006,2026-01-05,78,27
server_006_text_1,server_006,2026-01-06,62,10
server_006_text_2,server_006,2026-01-06,104,30
server_006_text_1,server_006,2026-01-07,46,7
server_006_text_2,server_006,2026-01-07,364,30
server_006_text_1,server_006,2026-01-08,183,31
server_006_text_2,server_006,2026-01-08,120,30
server_006_text_1,server_006,2026-01-09,94,11
server_006_text_2,server_006,2026-01-09,114,32
server_006_text_1,server_006,2026-01-10,104,32
server_006_text_2,server_006,2026-01-10,194,32
server_006_text_1,server_006,2026-01-11,79,33
server_006_text_2,server_006,2026-01-11,117,33
server_006_text_1,server_006,2026-01-12,41,6
server_006_text_2,server_006,2026-01-12,64,36
server_006_text_1,server_006,2026-01-13,73,24
server_006_text_2,server_006,2026-01-13,75,12
server_006_text_1,server_006,2026-01-14,16,16
server_006_text_2,server_006,2026-01-14,159,44
server_006_text_1,server_006,2026-01-15,133,44
server_006_text_2,server_006,2026-01-15,65,9
server_006_text_1,server_006,2026-01-16,48,24
server_006_text_2,server_006,2026-01-16,159,53
server_006_text_1,server_006,2026-01-17,28,9
server_006_text_2,server_006,2026-01-17,112,49
server_006_text_1,server_006,2026-01-18,217,43
server_006_text_2,server_006,2026-01-18,82,13
server_006_text_1,server_006,2026-01-19,267,53
server_006_text_2,server_006,2026-01-19,85,17
server_006_text_1,server_006,2026-01-20,158,34
server_006_text_2,server_006,2026-01-20,50,16
server_006_text_1,server_006,2026-01-21,78,15
server_006_text_2,server_006,2026-01-21,95,23
server_006_text_1,server_006,2026-01-22,93,36
server_006_text_2,server_006,2026-01-22,48,36
server_006_text_1,server_006,2026-01-23,113,43
server_006_text_2,server_006,2026-01-23,87,29
server_006_text_1,server_006,2026-01-24,495,83
server_006_text_2,server_006,2026-01-24,19,4
server_006_text_1,server_006,2026-01-25,49,12
server_006_text_2,server_006,2026-01-25,33,16
server_006_text_1,server_006,2026-01-26,2,0
server_006_text_2,server_006,2026-01-26,152,22
server_006_text_1,server_006,2026-01-27,111,34
server_006_text_2,server_006,2026-01-27,146,34
server_006_text_1,server_006,2026-01-28,66,33
server_006_text_2,server_006,2026-01-28,98,49
server_006_text_1,server_006,2026-01-29,179,57
server_006_text_2,server_006,2026-01-29,106,35
server_006_text_1,server_006,2026-01-30,54,9
server_006_text_2,server_006,2026-01-30,183,36
server_006_text_1,server_006,2026-01-31,136,19
server_006_text_2,server_006,2026-01-31,145,48
server_006_text_1,server_006,2026-02-01,262,66
server_006_text_2,server_006,2026-02-01,130,21
server_006_text_1,server_006,2026-02-02,71,23
server_006_text_2,server_006,2026-02-02,94,23
server_006_text_1,server_006,2026-02-03,58,28
server_006_text_2,server_006,2026-02-03,62,28
server_006_text_1,server_006,2026-02-04,120,42
server_006_text_2,server_006,2026-02-04,65,21
server_006_text_1,server_006,2026-02-05,95,41
server_006_text_2,server_006,2026-02-05,133,41
server_006_text_1,server_006,2026-02-06,44,22
server_006_text_2,server_006,2026-02-06,114,28
server_006_text_1,server_006,2026-02-07,61,15
server_006_text_2,server_006,2026-02-07,126,41
server_006_text_1,server_006,2026-02-08,82,41
server_006_text_2,server_006,2026-02-08,172,84
server_006_text_1,server_006,2026-02-09,223,44
server_006_text_2,server_006,2026-02-09,140,35
server_006_text_1,server_006,2026-02-10,115,39
server_006_text_2,server_006,2026-02-10,61,39
server_006_text_1,server_006,2026-02-11,44,43
server_006_text_2,server_006,2026-02-11,199,43
server_006_text_1,server_006,2026-02-12,126,32
server_006_text_2,server_006,2026-02-12,53,13
server_006_text_1,server_006,2026-02-13,54,13
server_006_text_2,server_006,2026-02-13,43,14
server_006_text_1,server_006,2026-02-14,298,48
server_006_text_2,server_006,2026-02-14,44,22
server_006_text_1,server_006,2026-02-15,20,10
server_006_text_2,server_006,2026-02-15,91,30
server_006_text_1,server_006,2026-02-16,305,76
server_006_text_2,server_006,2026-02-16,65,65
server_006_text_1,server_006,2026-02-17,45,11
server_006_text_2,server_006,2026-02-17,104,17
server_006_text_1,server_006,2026-02-18,83,20
server_006_text_2,server_006,2026-02-18,207,51
server_006_text_1,server_006,2026-02-19,72,10
server_006_text_2,server_006,2026-02-19,143,20
server_006_text_1,server_006,2026-02-20,98,24
server_006_text_2,server_006,2026-02-20,43,14
server_006_text_1,server_006,2026-02-21,32,8
server_006_text_2,server_006,2026-02-21,38,17
server_006_text_1,server_006,2026-02-22,118,29
server_006_text_2,server_006,2026-02-22,242,93
server_006_text_1,server_006,2026-02-23,61,26
server_006_text_2,server_006,2026-02-23,111,26
server_006_text_1,server_006,2026-02-24,143,35
server_006_text_2,server_006,2026-02-24,141,35
server_006_text_1,server_006,2026-02-25,29,18
server_006_text_2,server_006,2026-02-25,74,18
server_006_text_1,server_006,2026-02-26,0,0
server_006_text_2,server_006,2026-02-26,0,0
server_006_text_1,server_006,2026-02-27,165,28
server_006_text_2,server_006,2026-02-27,12,12
server_006_text_1,server_006,2026-02-28,160,26
server_006_text_2,server_006,2026-02-28,133,48
server_006_text_1,server_006,2026-03-01,24,6
server_006_text_2,server_006,2026-03-01,57,14
server_006_text_1,server_006,2026-03-02,123,23
server_006_text_2,server_006,2026-03-02,55,23
server_006_text_1,server_006,2026-03-03,90,41
server_006_text_2,server_006,2026-03-03,23,23
server_006_text_1,server_006,2026-03-04,55,18
server_006_text_2,server_006,2026-03-04,217,54
server_006_text_1,server_006,2026-03-05,30,15
server_006_text_2,server_006,2026-03-05,83,15
server_006_text_1,server_006,2026-03-06,19,3
server_006_text_2,server_006,2026-03-06,8,1
server_006_text_1,server_006,2026-03-07,64,21
server_006_text_2,server_006,2026-03-07,42,21
server_006_text_1,server_006,2026-03-08,127,25
server_006_text_2,server_006,2026-03-08,268,132
server_006_text_1,server_006,2026-03-09,164,61
server_006_text_2,server_006,2026-03-09,127,15
server_006_text_1,server_006,2026-03-10,42,14
server_006_text_2,server_006,2026-03-10,118,39
server_006_text_1,server_006,2026-03-11,142,37
server_006_text_2,server_006,2026-03-11,136,22
server_006_text_1,server_006,2026-03-12,47,15
server_006_text_2,server_006,2026-03-12,169,26
server_006_text_1,server_006,2026-03-13,95,23
server_006_text_2,server_006,2026-03-13,199,52
server_006_text_1,server_006,2026-03-14,115,51
server_006_text_2,server_006,2026-03-14,83,41
server_006_text_1,server_006,2026-03-15,27,27
server_006_text_2,server_006,2026-03-15,277,53
server_006_text_1,server_006,2026-03-16,102,19
server_006_text_2,server_006,2026-03-16,34,8
server_006_text_1,server_006,2026-03-17,177,22
server_006_text_2,server_006,2026-03-17,86,55
server_006_text_1,server_006,2026-03-18,140,30
server_006_text_2,server_006,2026-03-18,90,30
server_006_text_1,server_006,2026-03-19,150,37
server_006_text_2,server_006,2026-03-19,136,34
server_006_text_1,server_006,2026-03-20,56,28
server_006_text_2,server_006,2026-03-20,200,47
server_006_text_1,server_006,2026-03-21,183,45
server_006_text_2,server_006,2026-03-21,63,31
server_006_text_1,server_006,2026-03-22,359,141
server_006_text_2,server_006,2026-03-22,59,29
server_006_text_1,server_006,2026-03-23,67,22
server_006_text_2,server_006,2026-03-23,131,131
server_006_text_1,server_006,2026-03-24,66,22
server_006_text_2,server_006,2026-03-24,106,32
server_006_text_1,server_006,2026-03-25,115,28
server_006_text_2,server_006,2026-03-25,262,56
server_006_text_1,server_006,2026-03-26,70,70
server_006_text_2,server_006,2026-03-26,86,79
server_006_text_1,server_006,2026-03-27,142,47
server_006_text_2,server_006,2026-03-27,139,47
server_006_text_1,server_006,2026-03-28,76,54
server_006_text_2,server_006,2026-03-28,190,54
server_006_text_1,server_006,2026-03-29,70,35
server_006_text_2,server_006,2026-03-29,230,38
server_006_text_1,server_006,2026-03-30,221,44
server_006_text_2,server_006,2026-03-30,66,33
server_006_text_1,server_006,2026-03-31,151,50
server_006_text_2,server_006,2026-03-31,213,55
server_006_text_1,server_006,2026-04-01,288,31
server_006_text_2,server_006,2026-04-01,28,7
server_006_text_1,server_006,2026-04-02,117,39
server_006_text_2,server_006,2026-04-02,96,43
server_006_text_1,server_006,2026-04-03,26,8
server_006_text_2,server_006,2026-04-03,13,2
server_006_text_1,server_006,2026-04-04,217,88
server_006_text_2,server_006,2026-04-04,42,42
server_006_text_1,server_006,2026-04-05,145,45
server_006_text_2,server_006,2026-04-05,161,45
server_006_text_1,server_006,2026-04-06,65,21
server_006_text_2,server_006,2026-04-06,104,26
server_006_text_1,server_006,2026-04-07,205,51
server_006_text_2,server_006,2026-04-07,95,15
server_006_text_1,server_006,2026-04-08,91,18
server_006_text_2,server_006,2026-04-08,150,37
server_006_text_1,server_006,2026-04-09,191,63
server_006_text_2,server_006,2026-04-09,80,72
server_006_text_1,server_006,2026-04-10,229,59
server_006_text_2,server_006,2026-04-10,118,59
server_006_text_1,server_006,2026-04-11,83,41
server_006_text_2,server_006,2026-04-11,385,96
server_006_text_1,server_006,2026-04-12,254,60
server_006_text_2,server_006,2026-04-12,44,22
server_006_text_1,server_006,2026-04-13,131,89
server_006_text_2,server_006,2026-04-13,218,54
server_006_text_1,server_006,2026-04-14,128,44
server_006_text_2,server_006,2026-04-14,38,38
server_006_text_1,server_006,2026-04-15,138,47
server_006_text_2,server_006,2026-04-15,242,47
server_006_text_1,server_006,2026-04-16,78,23
server_006_text_2,server_006,2026-04-16,155,23
server_006_text_1,server_006,2026-04-17,25,12
server_006_text_2,server_006,2026-04-17,163,52
server_006_text_1,server_006,2026-04-18,243,59
server_006_text_2,server_006,2026-04-18,233,38
server_006_text_1,server_006,2026-04-19,91,22
server_006_text_2,server_006,2026-04-19,90,22
server_006_text_1,server_006,2026-04-20,128,37
server_006_text_2,server_006,2026-04-20,112,37
server_006_text_1,server_006,2026-04-21,49,32
server_006_text_2,server_006,2026-04-21,44,11
server_006_text_1,server_006,2026-04-22,111,37
server_006_text_2,server_006,2026-04-22,67,13
server_006_text_1,server_006,2026-04-23,71,23
server_006_text_2,server_006,2026-04-23,195,39
server_006_text_1,server_006,2026-04-24,7,2
server_006_text_2,server_006,2026-04-24,159,26
server_006_text_1,server_006,2026-04-25,69,69
server_006_text_2,server_006,2026-04-25,175,86
server_006_text_1,server_006,2026-04-26,151,27
server_006_text_2,server_006,2026-04-26,54,10
server_006_text_1,server_006,2026-04-27,124,41
server_006_text_2,server_006,2026-04-27,28,5
server_006_text_1,server_006,2026-04-28,180,67
server_006_text_2,server_006,2026-04-28,156,31
server_006_text_1,server_006,2026-04-29,25,6
server_006_text_2,server_006,2026-04-29,71,23
server_006_text_1,server_006,2026-04-30,124,20
server_006_text_2,server_006,2026-04-30,82,41
server_006_text_1,server_006,2026-05-01,64,21
server_006_text_2,server_006,2026-05-01,29,4
server_006_text_1,server_006,2026-05-02,138,34
server_006_text_2,server_006,2026-05-02,233,65
server_006_text_1,server_006,2026-05-03,39,19
server_006_text_2,server_006,2026-05-03,89,26
server_006_text_1,server_006,2026-05-04,120,24
server_006_text_2,server_006,2026-05-04,66,33
server_006_text_1,server_006,2026-05-05,198,76
server_006_text_2,server_006,2026-05-05,92,30
server_006_text_1,server_006,2026-05-06,130,26
server_006_text_2,server_006,2026-05-06,123,41
server_006_text_1,server_006,2026-05-07,107,53
server_006_text_2,server_006,2026-05-07,383,66
server_006_text_1,server_006,2026-05-08,21,21
server_006_text_2,server_006,2026-05-08,186,21
server_006_text_1,server_006,2026-05-09,177,44
server_006_text_2,server_006,2026-05-09,123,61
server_006_text_1,server_006,2026-05-10,105,45
server_006_text_2,server_006,2026-05-10,56,18
server_006_text_1,server_006,2026-05-11,31,15
server_006_text_2,server_006,2026-05-11,268,37
server_006_text_1,server_006,2026-05-12,73,18
server_006_text_2,server_006,2026-05-12,306,52
server_006_text_1,server_006,2026-05-13,93,39
server_006_text_2,server_006,2026-05-13,130,39
server_006_text_1,server_006,2026-05-14,239,53
server_006_text_2,server_006,2026-05-14,68,34
server_006_text_1,server_006,2026-05-15,42,14
server_006_text_2,server_006,2026-05-15,90,24
server_006_text_1,server_006,2026-05-16,126,42
server_006_text_2,server_006,2026-05-16,123,41
server_006_text_1,server_006,2026-05-17,240,43
server_006_text_2,server_006,2026-05-17,148,43
server_006_text_1,server_006,2026-05-18,197,28
server_006_text_2,server_006,2026-05-18,111,28
server_006_text_1,server_006,2026-05-19,27,13
server_006_text_2,server_006,2026-05-19,172,44
server_006_text_1,server_006,2026-05-20,195,61
server_006_text_2,server_006,2026-05-20,85,61
server_006_text_1,server_006,2026-05-21,12,6
server_006_text_2,server_006,2026-05-21,15,3
server_006_text_1,server_006,2026-05-22,14,4
server_006_text_2,server_006,2026-05-22,133,37
server_006_text_1,server_006,2026-05-23,216,72
server_006_text_2,server_006,2026-05-23,212,53
server_006_text_1,server_006,2026-05-24,174,43
server_006_text_2,server_006,2026-05-24,129,43
server_006_text_1,server_006,2026-05-25,164,32
server_006_text_2,server_006,2026-05-25,59,29
server_006_text_1,server_006,2026-05-26,13,4
server_006_text_2,server_006,2026-05-26,216,45
server_006_text_1,server_006,2026-05-27,47,15
server_006_text_2,server_006,2026-05-27,88,22
server_006_text_1,server_006,2026-05-28,152,39
server_006_text_2,server_006,2026-05-28,84,16
server_006_text_1,server_006,2026-05-29,233,66
server_006_text_2,server_006,2026-05-29,30,10
server_006_text_1,server_006,2026-05-30,175,58
server_006_text_2,server_006,2026-05-30,74,74
server_006_text_1,server_006,2026-05-31,219,73
server_006_text_2,server_006,2026-05-31,163,40
server_006_text_1,server_006,2026-06-01,28,14
server_006_text_2,server_006,2026-06-01,84,12
server_006_text_1,server_006,2026-06-02,59,11
server_006_text_2,server_006,2026-06-02,208,53
server_006_text_1,server_006,2026-06-03,95,36
server_006_text_2,server_006,2026-06-03,142,36
server_006_text_1,server_006,2026-06-04,215,74
server_006_text_2,server_006,2026-06-04,138,69
server_006_text_1,server_006,2026-06-05,211,52
server_006_text_2,server_006,2026-06-05,69,23
server_006_text_1,server_006,2026-06-06,233,46
server_006_text_2,server_006,2026-06-06,146,57
server_006_text_1,server_006,2026-06-07,96,19
server_006_text_2,server_006,2026-06-07,178,59
server_006_text_1,server_006,2026-06-08,39,9
server_006_text_2,server_006,2026-06-08,121,45
server_006_text_1,server_006,2026-06-09,33,11
server_006_text_2,server_006,2026-06-09,66,16
server_006_text_1,server_006,2026-06-10,46,18
server_006_text_2,server_006,2026-06-10,99,18
server_006_text_1,server_006,2026-06-11,142,23
server_006_text_2,server_006,2026-06-11,79,15
server_006_text_1,server_006,2026-06-12,69,33
server_006_text_2,server_006,2026-06-12,131,33
server_006_text_1,server_006,2026-06-13,82,19
server_006_text_2,server_006,2026-06-13,62,19
server_006_text_1,server_006,2026-06-14,119,29
server_006_text_2,server_006,2026-06-14,199,84
server_006_text_1,server_006,2026-06-15,23,11
server_006_text_2,server_006,2026-06-15,70,15
server_006_text_1,server_006,2026-06-16,226,55
server_006_text_2,server_006,2026-06-16,89,44
server_007_text_1,server_007,2025-12-18,209,0
server_007_text_2,server_007,2025-12-18,49,0
server_007_text_1,server_007,2025-12-19,88,2
server_007_text_2,server_007,2025-12-19,188,2
server_007_text_1,server_007,2025-12-20,87,7
server_007_text_2,server_007,2025-12-20,122,7
server_007_text_1,server_007,2025-12-21,189,10
server_007_text_2,server_007,2025-12-21,16,8
server_007_text_1,server_007,2025-12-22,165,13
server_007_text_2,server_007,2025-12-22,81,13
server_007_text_1,server_007,2025-12-23,97,13
server_007_text_2,server_007,2025-12-23,30,10
server_007_text_1,server_007,2025-12-24,94,15
server_007_text_2,server_007,2025-12-24,75,15
server_007_text_1,server_007,2025-12-25,46,7
server_007_text_2,server_007,2025-12-25,168,20
server_007_text_1,server_007,2025-12-26,43,14
server_007_text_2,server_007,2025-12-26,79,20
server_007_text_1,server_007,2025-12-27,236,20
server_007_text_2,server_007,2025-12-27,126,20
server_007_text_1,server_007,2025-12-28,107,21
server_007_text_2,server_007,2025-12-28,43,7
server_007_text_1,server_007,2025-12-29,20,4
server_007_text_2,server_007,2025-12-29,131,21
server_007_text_1,server_007,2025-12-30,100,20
server_007_text_2,server_007,2025-12-30,128,22
server_007_text_1,server_007,2025-12-31,182,22
server_007_text_2,server_007,2025-12-31,14,3
server_007_text_1,server_007,2026-01-01,0,0
server_007_text_2,server_007,2026-01-01,0,0
server_007_text_1,server_007,2026-01-02,200,26
server_007_text_2,server_007,2026-01-02,105,26
server_007_text_1,server_007,2026-01-03,83,27
server_007_text_2,server_007,2026-01-03,161,27
server_007_text_1,server_007,2026-01-04,51,25
server_007_text_2,server_007,2026-01-04,104,27
server_007_text_1,server_007,2026-01-05,69,17
server_007_text_2,server_007,2026-01-05,227,28
server_007_text_1,server_007,2026-01-06,167,29
server_007_text_2,server_007,2026-01-06,46,11
server_007_text_1,server_007,2026-01-07,69,35
server_007_text_2,server_007,2026-01-07,68,22
server_007_text_1,server_007,2026-01-08,17,8
server_007_text_2,server_007,2026-01-08,31,7
server_007_text_1,server_007,2026-01-09,90,18
server_007_text_2,server_007,2026-01-09,15,5
server_007_text_1,server_007,2026-01-10,161,45
server_007_text_2,server_007,2026-01-10,23,4
server_007_text_1,server_007,2026-01-11,47,9
server_007_text_2,server_007,2026-01-11,60,21
server_007_text_1,server_007,2026-01-12,94,21
server_007_text_2,server_007,2026-01-12,41,20
server_007_text_1,server_007,2026-01-13,104,47
server_007_text_2,server_007,2026-01-13,25,8
server_007_text_1,server_007,2026-01-14,80,8
server_007_text_2,server_007,2026-01-14,62,31
server_007_text_1,server_007,2026-01-15,119,63
server_007_text_2,server_007,2026-01-15,155,63
server_007_text_1,server_007,2026-01-16,145,63
server_007_text_2,server_007,2026-01-16,109,63
server_007_text_1,server_007,2026-01-17,101,33
server_007_text_2,server_007,2026-01-17,75,33
server_007_text_1,server_007,2026-01-18,94,63
server_007_text_2,server_007,2026-01-18,118,23
server_007_text_1,server_007,2026-01-19,79,50
server_007_text_2,server_007,2026-01-19,195,50
server_007_text_1,server_007,2026-01-20,136,37
server_007_text_2,server_007,2026-01-20,77,37
server_007_text_1,server_007,2026-01-21,108,70
server_007_text_2,server_007,2026-01-21,149,49
server_007_text_1,server_007,2026-01-22,13,13
server_007_text_2,server_007,2026-01-22,80,21
server_007_text_1,server_007,2026-01-23,73,14
server_007_text_2,server_007,2026-01-23,59,14
server_007_text_1,server_007,2026-01-24,69,34
server_007_text_2,server_007,2026-01-24,58,19
server_007_text_1,server_007,2026-01-25,79,75
server_007_text_2,server_007,2026-01-25,187,75
server_007_text_1,server_007,2026-01-26,109,27
server_007_text_2,server_007,2026-01-26,39,9
server_007_text_1,server_007,2026-01-27,3,3
server_007_text_2,server_007,2026-01-27,234,64
server_007_text_1,server_007,2026-01-28,0,0
server_007_text_2,server_007,2026-01-28,0,0
server_007_text_1,server_007,2026-01-29,92,38
server_007_text_2,server_007,2026-01-29,89,14
server_007_text_1,server_007,2026-01-30,65,18
server_007_text_2,server_007,2026-01-30,53,18
server_007_text_1,server_007,2026-01-31,66,9
server_007_text_2,server_007,2026-01-31,45,15
server_007_text_1,server_007,2026-02-01,154,51
server_007_text_2,server_007,2026-02-01,52,26
server_007_text_1,server_007,2026-02-02,69,33
server_007_text_2,server_007,2026-02-02,141,33
server_007_text_1,server_007,2026-02-03,22,7
server_007_text_2,server_007,2026-02-03,16,3
server_007_text_1,server_007,2026-02-04,95,56
server_007_text_2,server_007,2026-02-04,180,56
server_007_text_1,server_007,2026-02-05,134,55
server_007_text_2,server_007,2026-02-05,133,55
server_007_text_1,server_007,2026-02-06,62,18
server_007_text_2,server_007,2026-02-06,47,18
server_007_text_1,server_007,2026-02-07,12,4
server_007_text_2,server_007,2026-02-07,20,10
server_007_text_1,server_007,2026-02-08,111,22
server_007_text_2,server_007,2026-02-08,62,24
server_007_text_1,server_007,2026-02-09,127,30
server_007_text_2,server_007,2026-02-09,177,30
server_007_text_1,server_007,2026-02-10,75,10
server_007_text_2,server_007,2026-02-10,80,26
server_007_text_1,server_007,2026-02-11,62,20
server_007_text_2,server_007,2026-02-11,111,27
server_007_text_1,server_007,2026-02-12,135,22
server_007_text_2,server_007,2026-02-12,65,16
server_007_text_1,server_007,2026-02-13,35,7
server_007_text_2,server_007,2026-02-13,190,38
server_007_text_1,server_007,2026-02-14,83,20
server_007_text_2,server_007,2026-02-14,137,44
server_007_text_1,server_007,2026-02-15,138,21
server_007_text_2,server_007,2026-02-15,27,4
server_007_text_1,server_007,2026-02-16,45,6
server_007_text_2,server_007,2026-02-16,64,19
server_007_text_1,server_007,2026-02-17,68,34
server_007_text_2,server_007,2026-02-17,73,24
server_007_text_1,server_007,2026-02-18,273,92
server_007_text_2,server_007,2026-02-18,190,47
server_007_text_1,server_007,2026-02-19,11,5
server_007_text_2,server_007,2026-02-19,24,8
server_007_text_1,server_007,2026-02-20,163,40
server_007_text_2,server_007,2026-02-20,133,53
server_007_text_1,server_007,2026-02-21,215,35
server_007_text_2,server_007,2026-02-21,63,21
server_007_text_1,server_007,2026-02-22,26,6
server_007_text_2,server_007,2026-02-22,30,10
server_007_text_1,server_007,2026-02-23,149,47
server_007_text_2,server_007,2026-02-23,66,11
server_007_text_1,server_007,2026-02-24,65,16
server_007_text_2,server_007,2026-02-24,53,31
server_007_text_1,server_007,2026-02-25,167,33
server_007_text_2,server_007,2026-02-25,121,40
server_007_text_1,server_007,2026-02-26,213,39
server_007_text_2,server_007,2026-02-26,44,22
server_007_text_1,server_007,2026-02-27,221,55
server_007_text_2,server_007,2026-02-27,59,59
server_007_text_1,server_007,2026-02-28,143,38
server_007_text_2,server_007,2026-02-28,126,38
server_007_text_1,server_007,2026-03-01,55,18
server_007_text_2,server_007,2026-03-01,77,38
server_007_text_1,server_007,2026-03-02,37,11
server_007_text_2,server_007,2026-03-02,52,11
server_007_text_1,server_007,2026-03-03,105,20
server_007_text_2,server_007,2026-03-03,40,20
server_007_text_1,server_007,2026-03-04,13,3
server_007_text_2,server_007,2026-03-04,75,23
server_007_text_1,server_007,2026-03-05,100,16
server_007_text_2,server_007,2026-03-05,202,53
server_007_text_1,server_007,2026-03-06,143,56
server_007_text_2,server_007,2026-03-06,187,56
server_007_text_1,server_007,2026-03-07,112,28
server_007_text_2,server_007,2026-03-07,183,45
server_007_text_1,server_007,2026-03-08,91,45
server_007_text_2,server_007,2026-03-08,315,105
server_007_text_1,server_007,2026-03-09,231,46
server_007_text_2,server_007,2026-03-09,45,7
server_007_text_1,server_007,2026-03-10,149,49
server_007_text_2,server_007,2026-03-10,120,40
server_007_text_1,server_007,2026-03-11,51,19
server_007_text_2,server_007,2026-03-11,19,6
server_007_text_1,server_007,2026-03-12,135,59
server_007_text_2,server_007,2026-03-12,98,49
server_007_text_1,server_007,2026-03-13,47,11
server_007_text_2,server_007,2026-03-13,7,3
server_007_text_1,server_007,2026-03-14,174,72
server_007_text_2,server_007,2026-03-14,112,22
server_007_text_1,server_007,2026-03-15,144,80
server_007_text_2,server_007,2026-03-15,326,80
server_007_text_1,server_007,2026-03-16,48,16
server_007_text_2,server_007,2026-03-16,33,11
server_007_text_1,server_007,2026-03-17,127,18
server_007_text_2,server_007,2026-03-17,182,45
server_007_text_1,server_007,2026-03-18,177,35
server_007_text_2,server_007,2026-03-18,117,39
server_007_text_1,server_007,2026-03-19,23,23
server_007_text_2,server_007,2026-03-19,310,66
server_007_text_1,server_007,2026-03-20,86,28
server_007_text_2,server_007,2026-03-20,134,36
server_007_text_1,server_007,2026-03-21,219,47
server_007_text_2,server_007,2026-03-21,52,26
server_007_text_1,server_007,2026-03-22,24,6
server_007_text_2,server_007,2026-03-22,64,18
server_007_text_1,server_007,2026-03-23,272,67
server_007_text_2,server_007,2026-03-23,54,13
server_007_text_1,server_007,2026-03-24,92,46
server_007_text_2,server_007,2026-03-24,186,57
server_007_text_1,server_007,2026-03-25,156,39
server_007_text_2,server_007,2026-03-25,73,24
server_007_text_1,server_007,2026-03-26,66,31
server_007_text_2,server_007,2026-03-26,49,24
server_007_text_1,server_007,2026-03-27,130,32
server_007_text_2,server_007,2026-03-27,116,29
server_007_text_1,server_007,2026-03-28,339,113
server_007_text_2,server_007,2026-03-28,146,24
server_007_text_1,server_007,2026-03-29,221,44
server_007_text_2,server_007,2026-03-29,383,152
server_007_text_1,server_007,2026-03-30,3,1
server_007_text_2,server_007,2026-03-30,70,15
server_007_text_1,server_007,2026-03-31,115,57
server_007_text_2,server_007,2026-03-31,252,91
server_007_text_1,server_007,2026-04-01,94,26
server_007_text_2,server_007,2026-04-01,34,8
server_007_text_1,server_007,2026-04-02,130,43
server_007_text_2,server_007,2026-04-02,141,28
server_007_text_1,server_007,2026-04-03,28,14
server_007_text_2,server_007,2026-04-03,116,48
server_007_text_1,server_007,2026-04-04,60,20
server_007_text_2,server_007,2026-04-04,126,42
server_007_text_1,server_007,2026-04-05,60,30
server_007_text_2,server_007,2026-04-05,175,33
server_007_text_1,server_007,2026-04-06,217,41
server_007_text_2,server_007,2026-04-06,58,29
server_007_text_1,server_007,2026-04-07,69,23
server_007_text_2,server_007,2026-04-07,32,10
server_007_text_1,server_007,2026-04-08,47,15
server_007_text_2,server_007,2026-04-08,191,38
server_007_text_1,server_007,2026-04-09,151,75
server_007_text_2,server_007,2026-04-09,202,50
server_007_text_1,server_007,2026-04-10,170,97
server_007_text_2,server_007,2026-04-10,204,51
server_007_text_1,server_007,2026-04-11,58,19
server_007_text_2,server_007,2026-04-11,248,35
server_007_text_1,server_007,2026-04-12,35,17
server_007_text_2,server_007,2026-04-12,238,31
server_007_text_1,server_007,2026-04-13,6,2
server_007_text_2,server_007,2026-04-13,216,49
server_007_text_1,server_007,2026-04-14,86,17
server_007_text_2,server_007,2026-04-14,26,13
server_007_text_1,server_007,2026-04-15,86,62
server_007_text_2,server_007,2026-04-15,92,30
server_007_text_1,server_007,2026-04-16,181,36
server_007_text_2,server_007,2026-04-16,155,155
server_007_text_1,server_007,2026-04-17,64,22
server_007_text_2,server_007,2026-04-17,59,22
server_007_text_1,server_007,2026-04-18,62,15
server_007_text_2,server_007,2026-04-18,117,29
server_007_text_1,server_007,2026-04-19,135,85
server_007_text_2,server_007,2026-04-19,199,33
server_007_text_1,server_007,2026-04-20,341,78
server_007_text_2,server_007,2026-04-20,27,5
server_007_text_1,server_007,2026-04-21,164,20
server_007_text_2,server_007,2026-04-21,37,18
server_007_text_1,server_007,2026-04-22,121,42
server_007_text_2,server_007,2026-04-22,93,42
server_007_text_1,server_007,2026-04-23,57,21
server_007_text_2,server_007,2026-04-23,66,21
server_007_text_1,server_007,2026-04-24,129,25
server_007_text_2,server_007,2026-04-24,154,38
server_007_text_1,server_007,2026-04-25,134,53
server_007_text_2,server_007,2026-04-25,129,32
server_007_text_1,server_007,2026-04-26,119,32
server_007_text_2,server_007,2026-04-26,62,20
server_007_text_1,server_007,2026-04-27,48,27
server_007_text_2,server_007,2026-04-27,82,27
server_007_text_1,server_007,2026-04-28,67,33
server_007_text_2,server_007,2026-04-28,175,58
server_007_text_1,server_007,2026-04-29,21,21
server_007_text_2,server_007,2026-04-29,340,37
server_007_text_1,server_007,2026-04-30,87,21
server_007_text_2,server_007,2026-04-30,40,13
server_007_text_1,server_007,2026-05-01,140,35
server_007_text_2,server_007,2026-05-01,78,38
server_007_text_1,server_007,2026-05-02,56,9
server_007_text_2,server_007,2026-05-02,178,28
server_007_text_1,server_007,2026-05-03,275,105
server_007_text_2,server_007,2026-05-03,134,67
server_007_text_1,server_007,2026-05-04,60,12
server_007_text_2,server_007,2026-05-04,196,35
server_007_text_1,server_007,2026-05-05,54,15
server_007_text_2,server_007,2026-05-05,42,15
server_007_text_1,server_007,2026-05-06,64,10
server_007_text_2,server_007,2026-05-06,231,64
server_007_text_1,server_007,2026-05-07,231,77
server_007_text_2,server_007,2026-05-07,105,52
server_007_text_1,server_007,2026-05-08,131,105
server_007_text_2,server_007,2026-05-08,177,35
server_007_text_1,server_007,2026-05-09,117,16
server_007_text_2,server_007,2026-05-09,12,2
server_007_text_1,server_007,2026-05-10,85,17
server_007_text_2,server_007,2026-05-10,71,23
server_007_text_1,server_007,2026-05-11,120,27
server_007_text_2,server_007,2026-05-11,90,27
server_007_text_1,server_007,2026-05-12,47,47
server_007_text_2,server_007,2026-05-12,121,47
server_007_text_1,server_007,2026-05-13,10,2
server_007_text_2,server_007,2026-05-13,25,7
server_007_text_1,server_007,2026-05-14,94,94
server_007_text_2,server_007,2026-05-14,110,22
server_007_text_1,server_007,2026-05-15,100,25
server_007_text_2,server_007,2026-05-15,197,98
server_007_text_1,server_007,2026-05-16,135,78
server_007_text_2,server_007,2026-05-16,98,78
server_007_text_1,server_007,2026-05-17,54,10
server_007_text_2,server_007,2026-05-17,37,12
server_007_text_1,server_007,2026-05-18,149,34
server_007_text_2,server_007,2026-05-18,135,33
server_007_text_1,server_007,2026-05-19,59,57
server_007_text_2,server_007,2026-05-19,286,57
server_007_text_1,server_007,2026-05-20,17,8
server_007_text_2,server_007,2026-05-20,33,12
server_007_text_1,server_007,2026-05-21,0,0
server_007_text_2,server_007,2026-05-21,0,0
server_007_text_1,server_007,2026-05-22,139,34
server_007_text_2,server_007,2026-05-22,79,39
server_007_text_1,server_007,2026-05-23,125,125
server_007_text_2,server_007,2026-05-23,469,200
server_007_text_1,server_007,2026-05-24,142,142
server_007_text_2,server_007,2026-05-24,191,38
server_007_text_1,server_007,2026-05-25,90,27
server_007_text_2,server_007,2026-05-25,40,13
server_007_text_1,server_007,2026-05-26,91,33
server_007_text_2,server_007,2026-05-26,107,26
server_007_text_1,server_007,2026-05-27,118,53
server_007_text_2,server_007,2026-05-27,27,9
server_007_text_1,server_007,2026-05-28,189,66
server_007_text_2,server_007,2026-05-28,129,43
server_007_text_1,server_007,2026-05-29,188,62
server_007_text_2,server_007,2026-05-29,153,30
server_007_text_1,server_007,2026-05-30,90,41
server_007_text_2,server_007,2026-05-30,55,13
server_007_text_1,server_007,2026-05-31,14,7
server_007_text_2,server_007,2026-05-31,1,0
server_007_text_1,server_007,2026-06-01,154,84
server_007_text_2,server_007,2026-06-01,87,43
server_007_text_1,server_007,2026-06-02,187,50
server_007_text_2,server_007,2026-06-02,115,23
server_007_text_1,server_007,2026-06-03,153,25
server_007_text_2,server_007,2026-06-03,175,19
server_007_text_1,server_007,2026-06-04,117,58
server_007_text_2,server_007,2026-06-04,61,10
server_007_text_1,server_007,2026-06-05,318,159
server_007_text_2,server_007,2026-06-05,82,82
server_007_text_1,server_007,2026-06-06,61,61
server_007_text_2,server_007,2026-06-06,135,67
server_007_text_1,server_007,2026-06-07,54,10
server_007_text_2,server_007,2026-06-07,21,10
server_007_text_1,server_007,2026-06-08,181,50
server_007_text_2,server_007,2026-06-08,110,15
server_007_text_1,server_007,2026-06-09,121,29
server_007_text_2,server_007,2026-06-09,104,20
server_007_text_1,server_007,2026-06-10,205,67
server_007_text_2,server_007,2026-06-10,168,67
server_007_text_1,server_007,2026-06-11,112,37
server_007_text_2,server_007,2026-06-11,171,34
server_007_text_1,server_007,2026-06-12,103,14
server_007_text_2,server_007,2026-06-12,147,29
server_007_text_1,server_007,2026-06-13,75,29
server_007_text_2,server_007,2026-06-13,99,16
server_007_text_1,server_007,2026-06-14,280,121
server_007_text_2,server_007,2026-06-14,206,68
server_007_text_1,server_007,2026-06-15,148,49
server_007_text_2,server_007,2026-06-15,87,12
server_007_text_1,server_007,2026-06-16,171,36
server_007_text_2,server_007,2026-06-16,108,36
server_008_text_1,server_008,2025-12-18,2,0
server_008_text_2,server_008,2025-12-18,19,1
server_008_text_3,server_008,2025-12-18,9,1
server_008_text_4,server_008,2025-12-18,10,1
server_008_text_5,server_008,2025-12-18,10,1
server_008_text_6,server_008,2025-12-18,8,1
server_008_text_1,server_008,2025-12-19,8,3
server_008_text_2,server_008,2025-12-19,9,3
server_008_text_3,server_008,2025-12-19,23,3
server_008_text_4,server_008,2025-12-19,35,3
server_008_text_5,server_008,2025-12-19,38,3
server_008_text_6,server_008,2025-12-19,25,3
server_008_text_1,server_008,2025-12-20,77,3
server_008_text_2,server_008,2025-12-20,34,3
server_008_text_3,server_008,2025-12-20,33,3
server_008_text_4,server_008,2025-12-20,54,3
server_008_text_5,server_008,2025-12-20,42,3
server_008_text_6,server_008,2025-12-20,74,3
server_008_text_1,server_008,2025-12-21,28,3
server_008_text_2,server_008,2025-12-21,12,3
server_008_text_3,server_008,2025-12-21,82,3
server_008_text_4,server_008,2025-12-21,1,0
server_008_text_5,server_008,2025-12-21,62,3
server_008_text_6,server_008,2025-12-21,79,3
server_008_text_1,server_008,2025-12-22,12,4
server_008_text_2,server_008,2025-12-22,49,6
server_008_text_3,server_008,2025-12-22,85,6
server_008_text_4,server_008,2025-12-22,29,6
server_008_text_5,server_008,2025-12-22,69,6
server_008_text_6,server_008,2025-12-22,20,4
server_008_text_1,server_008,2025-12-23,25,7
server_008_text_2,server_008,2025-12-23,16,5
server_008_text_3,server_008,2025-12-23,63,7
server_008_text_4,server_008,2025-12-23,22,5
server_008_text_5,server_008,2025-12-23,23,7
server_008_text_6,server_008,2025-12-23,31,7
server_008_text_1,server_008,2025-12-24,27,8
server_008_text_2,server_008,2025-12-24,45,8
server_008_text_3,server_008,2025-12-24,3,1
server_008_text_4,server_008,2025-12-24,44,6
server_008_text_5,server_008,2025-12-24,23,3
server_008_text_6,server_008,2025-12-24,34,8
server_008_text_1,server_008,2025-12-25,43,14
server_008_text_2,server_008,2025-12-25,48,15
server_008_text_3,server_008,2025-12-25,47,11
server_008_text_4,server_008,2025-12-25,31,10
server_008_text_5,server_008,2025-12-25,50,12
server_008_text_6,server_008,2025-12-25,26,15
server_008_text_1,server_008,2025-12-26,50,16
server_008_text_2,server_008,2025-12-26,30,16
server_008_text_3,server_008,2025-12-26,19,16
server_008_text_4,server_008,2025-12-26,27,16
server_008_text_5,server_008,2025-12-26,12,12
server_008_text_6,server_008,2025-12-26,19,4
server_008_text_1,server_008,2025-12-27,48,16
server_008_text_2,server_008,2025-12-27,22,3
server_008_text_3,server_008,2025-12-27,14,2
server_008_text_4,server_008,2025-12-27,73,18
server_008_text_5,server_008,2025-12-27,27,3
server_008_text_6,server_008,2025-12-27,64,12
server_008_text_1,server_008,2025-12-28,38,27
server_008_text_2,server_008,2025-12-28,104,27
server_008_text_3,server_008,2025-12-28,40,13
server_008_text_4,server_008,2025-12-28,79,27
server_008_text_5,server_008,2025-12-28,34,17
server_008_text_6,server_008,2025-12-28,56,14
server_008_text_1,server_008,2025-12-29,19,6
server_008_text_2,server_008,2025-12-29,13,6
server_008_text_3,server_008,2025-12-29,40,10
server_008_text_4,server_008,2025-12-29,17,5
server_008_text_5,server_008,2025-12-29,30,15
server_008_text_6,server_008,2025-12-29,53,24
server_008_text_1,server_008,2025-12-30,73,18
server_008_text_2,server_008,2025-12-30,41,8
server_008_text_3,server_008,2025-12-30,42,21
server_008_text_4,server_008,2025-12-30,31,15
server_008_text_5,server_008,2025-12-30,19,9
server_008_text_6,server_008,2025-12-30,27,4
server_008_text_1,server_008,2025-12-31,9,4
server_008_text_2,server_008,2025-12-31,27,13
server_008_text_3,server_008,2025-12-31,37,12
server_008_text_4,server_008,2025-12-31,57,19
server_008_text_5,server_008,2025-12-31,122,29
server_008_text_6,server_008,2025-12-31,59,8
server_008_text_1,server_008,2026-01-01,10,3
server_008_text_2,server_008,2026-01-01,48,24
server_008_text_3,server_008,2026-01-01,76,29
server_008_text_4,server_008,2026-01-01,36,9
server_008_text_5,server_008,2026-01-01,10,3
server_008_text_6,server_008,2026-01-01,25,5
server_008_text_1,server_008,2026-01-02,25,5
server_008_text_2,server_008,2026-01-02,12,1
server_008_text_3,server_008,2026-01-02,69,31
server_008_text_4,server_008,2026-01-02,7,1
server_008_text_5,server_008,2026-01-02,21,10
server_008_text_6,server_008,2026-01-02,22,11
server_008_text_1,server_008,2026-01-03,16,4
server_008_text_2,server_008,2026-01-03,11,3
server_008_text_3,server_008,2026-01-03,13,6
server_008_text_4,server_008,2026-01-03,21,7
server_008_text_5,server_008,2026-01-03,85,21
server_008_text_6,server_008,2026-01-03,64,37
server_008_text_1,server_008,2026-01-04,83,27
server_008_text_2,server_008,2026-01-04,14,7
server_008_text_3,server_008,2026-01-04,109,37
server_008_text_4,server_008,2026-01-04,34,11
server_008_text_5,server_008,2026-01-04,65,32
server_008_text_6,server_008,2026-01-04,18,6
server_008_text_1,server_008,2026-01-05,59,11
server_008_text_2,server_008,2026-01-05,64,32
server_008_text_3,server_008,2026-01-05,169,37
server_008_text_4,server_008,2026-01-05,54,18
server_008_text_5,server_008,2026-01-05,147,37
server_008_text_6,server_008,2026-01-05,16,8
server_008_text_1,server_008,2026-01-06,28,9
server_008_text_2,server_008,2026-01-06,41,10
server_008_text_3,server_008,2026-01-06,4,1
server_008_text_4,server_008,2026-01-06,64,21
server_008_text_5,server_008,2026-01-06,15,15
server_008_text_6,server_008,2026-01-06,19,19
server_008_text_1,server_008,2026-01-07,64,21
server_008_text_2,server_008,2026-01-07,30,5
server_008_text_3,server_008,2026-01-07,24,6
server_008_text_4,server_008,2026-01-07,27,6
server_008_text_5,server_008,2026-01-07,27,27
server_008_text_6,server_008,2026-01-07,65,38
server_008_text_1,server_008,2026-01-08,12,2
server_008_text_2,server_008,2026-01-08,21,10
server_008_text_3,server_008,2026-01-08,8,4
server_008_text_4,server_008,2026-01-08,35,17
server_008_text_5,server_008,2026-01-08,17,17
server_008_text_6,server_008,2026-01-08,42,10
server_008_text_1,server_008,2026-01-09,17,2
server_008_text_2,server_008,2026-01-09,24,24
server_008_text_3,server_008,2026-01-09,6,1
server_008_text_4,server_008,2026-01-09,54,10
server_008_text_5,server_008,2026-01-09,57,19
server_008_text_6,server_008,2026-01-09,47,9
server_008_text_1,server_008,2026-01-10,19,19
server_008_text_2,server_008,2026-01-10,84,21
server_008_text_3,server_008,2026-01-10,37,18
server_008_text_4,server_008,2026-01-10,55,18
server_008_text_5,server_008,2026-01-10,13,3
server_008_text_6,server_008,2026-01-10,21,4
server_008_text_1,server_008,2026-01-11,35,11
server_008_text_2,server_008,2026-01-11,45,37
server_008_text_3,server_008,2026-01-11,35,35
server_008_text_4,server_008,2026-01-11,55,37
server_008_text_5,server_008,2026-01-11,30,10
server_008_text_6,server_008,2026-01-11,83,27
server_008_text_1,server_008,2026-01-12,43,21
server_008_text_2,server_008,2026-01-12,29,4
server_008_text_3,server_008,2026-01-12,18,4
server_008_text_4,server_008,2026-01-12,21,7
server_008_text_5,server_008,2026-01-12,45,22
server_008_text_6,server_008,2026-01-12,78,50
server_008_text_1,server_008,2026-01-13,34,11
server_008_text_2,server_008,2026-01-13,61,30
server_008_text_3,server_008,2026-01-13,79,39
server_008_text_4,server_008,2026-01-13,29,14
server_008_text_5,server_008,2026-01-13,47,47
server_008_text_6,server_008,2026-01-13,39,9
server_008_text_1,server_008,2026-01-14,5,5
server_008_text_2,server_008,2026-01-14,8,5
server_008_text_3,server_008,2026-01-14,1,0
server_008_text_4,server_008,2026-01-14,9,1
server_008_text_5,server_008,2026-01-14,1,0
server_008_text_6,server_008,2026-01-14,10,5
server_008_text_1,server_008,2026-01-15,26,6
server_008_text_2,server_008,2026-01-15,18,6
server_008_text_3,server_008,2026-01-15,1,0
server_008_text_4,server_008,2026-01-15,25,6
server_008_text_5,server_008,2026-01-15,25,8
server_008_text_6,server_008,2026-01-15,48,32
server_008_text_1,server_008,2026-01-16,22,11
server_008_text_2,server_008,2026-01-16,88,52
server_008_text_3,server_008,2026-01-16,41,41
server_008_text_4,server_008,2026-01-16,45,22
server_008_text_5,server_008,2026-01-16,24,12
server_008_text_6,server_008,2026-01-16,21,10
server_008_text_1,server_008,2026-01-17,98,32
server_008_text_2,server_008,2026-01-17,45,15
server_008_text_3,server_008,2026-01-17,67,22
server_008_text_4,server_008,2026-01-17,45,11
server_008_text_5,server_008,2026-01-17,40,20
server_008_text_6,server_008,2026-01-17,51,10
server_008_text_1,server_008,2026-01-18,54,27
server_008_text_2,server_008,2026-01-18,19,9
server_008_text_3,server_008,2026-01-18,67,8
server_008_text_4,server_008,2026-01-18,25,8
server_008_text_5,server_008,2026-01-18,70,23
server_008_text_6,server_008,2026-01-18,17,5
server_008_text_1,server_008,2026-01-19,56,14
server_008_text_2,server_008,2026-01-19,29,9
server_008_text_3,server_008,2026-01-19,11,2
server_008_text_4,server_008,2026-01-19,57,9
server_008_text_5,server_008,2026-01-19,40,8
server_008_text_6,server_008,2026-01-19,16,5
server_008_text_1,server_008,2026-01-20,72,14
server_008_text_2,server_008,2026-01-20,36,12
server_008_text_3,server_008,2026-01-20,42,21
server_008_text_4,server_008,2026-01-20,48,16
server_008_text_5,server_008,2026-01-20,48,12
server_008_text_6,server_008,2026-01-20,21,5
server_008_text_1,server_008,2026-01-21,39,13
server_008_text_2,server_008,2026-01-21,40,13
server_008_text_3,server_008,2026-01-21,18,6
server_008_text_4,server_008,2026-01-21,83,41
server_008_text_5,server_008,2026-01-21,75,12
server_008_text_6,server_008,2026-01-21,14,4
server_008_text_1,server_008,2026-01-22,4,1
server_008_text_2,server_008,2026-01-22,1,0
server_008_text_3,server_008,2026-01-22,6,2
server_008_text_4,server_008,2026-01-22,4,1
server_008_text_5,server_008,2026-01-22,1,1
server_008_text_6,server_008,2026-01-22,4,4
server_008_text_1,server_008,2026-01-23,71,23
server_008_text_2,server_008,2026-01-23,23,23
server_008_text_3,server_008,2026-01-23,62,31
server_008_text_4,server_008,2026-01-23,8,2
server_008_text_5,server_008,2026-01-23,24,8
server_008_text_6,server_008,2026-01-23,34,34
server_008_text_1,server_008,2026-01-24,32,8
server_008_text_2,server_008,2026-01-24,45,7
server_008_text_3,server_008,2026-01-24,35,11
server_008_text_4,server_008,2026-01-24,117,39
server_008_text_5,server_008,2026-01-24,28,14
server_008_text_6,server_008,2026-01-24,22,5
server_008_text_1,server_008,2026-01-25,36,28
server_008_text_2,server_008,2026-01-25,10,2
server_008_text_3,server_008,2026-01-25,14,3
server_008_text_4,server_008,2026-01-25,37,28
server_008_text_5,server_008,2026-01-25,34,17
server_008_text_6,server_008,2026-01-25,13,2
server_008_text_1,server_008,2026-01-26,17,4
server_008_text_2,server_008,2026-01-26,19,6
server_008_text_3,server_008,2026-01-26,38,5
server_008_text_4,server_008,2026-01-26,38,7
server_008_text_5,server_008,2026-01-26,89,34
server_008_text_6,server_008,2026-01-26,74,34
server_008_text_1,server_008,2026-01-27,72,24
server_008_text_2,server_008,2026-01-27,34,34
server_008_text_3,server_008,2026-01-27,47,46
server_008_text_4,server_008,2026-01-27,10,2
server_008_text_5,server_008,2026-01-27,79,26
server_008_text_6,server_008,2026-01-27,66,33
server_008_text_1,server_008,2026-01-28,7,7
server_008_text_2,server_008,2026-01-28,14,14
server_008_text_3,server_008,2026-01-28,15,15
server_008_text_4,server_008,2026-01-28,9,3
server_008_text_5,server_008,2026-01-28,16,3
server_008_text_6,server_008,2026-01-28,7,1
server_008_text_1,server_008,2026-01-29,25,5
server_008_text_2,server_008,2026-01-29,22,7
server_008_text_3,server_008,2026-01-29,14,4
server_008_text_4,server_008,2026-01-29,42,21
server_008_text_5,server_008,2026-01-29,18,9
server_008_text_6,server_008,2026-01-29,46,7
server_008_text_1,server_008,2026-01-30,20,10
server_008_text_2,server_008,2026-01-30,9,9
server_008_text_3,server_008,2026-01-30,22,11
server_008_text_4,server_008,2026-01-30,38,12
server_008_text_5,server_008,2026-01-30,31,15
server_008_text_6,server_008,2026-01-30,16,5
server_008_text_1,server_008,2026-01-31,17,4
server_008_text_2,server_008,2026-01-31,13,6
server_008_text_3,server_008,2026-01-31,22,3
server_008_text_4,server_008,2026-01-31,46,22
server_008_text_5,server_008,2026-01-31,4,1
server_008_text_6,server_008,2026-01-31,21,10
server_008_text_1,server_008,2026-02-01,38,19
server_008_text_2,server_008,2026-02-01,35,8
server_008_text_3,server_008,2026-02-01,33,11
server_008_text_4,server_008,2026-02-01,41,13
server_008_text_5,server_008,2026-02-01,44,22
server_008_text_6,server_008,2026-02-01,61,15
server_008_text_1,server_008,2026-02-02,12,6
server_008_text_2,server_008,2026-02-02,43,43
server_008_text_3,server_008,2026-02-02,50,43
server_008_text_4,server_008,2026-02-02,44,43
server_008_text_5,server_008,2026-02-02,125,43
server_008_text_6,server_008,2026-02-02,17,8
server_008_text_1,server_008,2026-02-03,11,11
server_008_text_2,server_008,2026-02-03,13,4
server_008_text_3,server_008,2026-02-03,7,2
server_008_text_4,server_008,2026-02-03,16,8
server_008_text_5,server_008,2026-02-03,12,6
server_008_text_6,server_008,2026-02-03,7,3
server_008_text_1,server_008,2026-02-04,31,25
server_008_text_2,server_008,2026-02-04,13,4
server_008_text_3,server_008,2026-02-04,12,6
server_008_text_4,server_008,2026-02-04,5,1
server_008_text_5,server_008,2026-02-04,16,16
server_008_text_6,server_008,2026-02-04,11,2
server_008_text_1,server_008,2026-02-05,14,4
server_008_text_2,server_008,2026-02-05,28,28
server_008_text_3,server_008,2026-02-05,36,18
server_008_text_4,server_008,2026-02-05,33,8
server_008_text_5,server_008,2026-02-05,127,63
server_008_text_6,server_008,2026-02-05,31,5
server_008_text_1,server_008,2026-02-06,38,12
server_008_text_2,server_008,2026-02-06,17,4
server_008_text_3,server_008,2026-02-06,31,10
server_008_text_4,server_008,2026-02-06,93,18
server_008_text_5,server_008,2026-02-06,51,17
server_008_text_6,server_008,2026-02-06,37,12
server_008_text_1,server_008,2026-02-07,76,35
server_008_text_2,server_008,2026-02-07,14,14
server_008_text_3,server_008,2026-02-07,54,35
server_008_text_4,server_008,2026-02-07,41,8
server_008_text_5,server_008,2026-02-07,48,12
server_008_text_6,server_008,2026-02-07,28,9
server_008_text_1,server_008,2026-02-08,9,1
server_008_text_2,server_008,2026-02-08,21,4
server_008_text_3,server_008,2026-02-08,19,3
server_008_text_4,server_008,2026-02-08,35,15
server_008_text_5,server_008,2026-02-08,24,8
server_008_text_6,server_008,2026-02-08,36,12
server_008_text_1,server_008,2026-02-09,15,3
server_008_text_2,server_008,2026-02-09,21,10
server_008_text_3,server_008,2026-02-09,53,30
server_008_text_4,server_008,2026-02-09,15,7
server_008_text_5,server_008,2026-02-09,20,20
server_008_text_6,server_008,2026-02-09,3,3
server_008_text_1,server_008,2026-02-10,59,59
server_008_text_2,server_008,2026-02-10,61,12
server_008_text_3,server_008,2026-02-10,44,14
server_008_text_4,server_008,2026-02-10,39,39
server_008_text_5,server_008,2026-02-10,52,17
server_008_text_6,server_008,2026-02-10,40,10
server_008_text_1,server_008,2026-02-11,43,21
server_008_text_2,server_008,2026-02-11,9,1
server_008_text_3,server_008,2026-02-11,16,16
server_008_text_4,server_008,2026-02-11,24,8
server_008_text_5,server_008,2026-02-11,20,5
server_008_text_6,server_008,2026-02-11,19,19
server_008_text_1,server_008,2026-02-12,124,31
server_008_text_2,server_008,2026-02-12,22,22
server_008_text_3,server_008,2026-02-12,33,33
server_008_text_4,server_008,2026-02-12,27,27
server_008_text_5,server_008,2026-02-12,10,3
server_008_text_6,server_008,2026-02-12,95,31
server_008_text_1,server_008,2026-02-13,35,8
server_008_text_2,server_008,2026-02-13,112,18
server_008_text_3,server_008,2026-02-13,36,36
server_008_text_4,server_008,2026-02-13,5,2
server_008_text_5,server_008,2026-02-13,76,25
server_008_text_6,server_008,2026-02-13,91,30
server_008_text_1,server_008,2026-02-14,51,51
server_008_text_2,server_008,2026-02-14,40,5
server_008_text_3,server_008,2026-02-14,43,8
server_008_text_4,server_008,2026-02-14,98,98
server_008_text_5,server_008,2026-02-14,36,12
server_008_text_6,server_008,2026-02-14,25,5
server_008_text_1,server_008,2026-02-15,130,21
server_008_text_2,server_008,2026-02-15,22,11
server_008_text_3,server_008,2026-02-15,40,10
server_008_text_4,server_008,2026-02-15,5,1
server_008_text_5,server_008,2026-02-15,93,73
server_008_text_6,server_008,2026-02-15,54,7
server_008_text_1,server_008,2026-02-16,14,2
server_008_text_2,server_008,2026-02-16,8,2
server_008_text_3,server_008,2026-02-16,6,2
server_008_text_4,server_008,2026-02-16,114,28
server_008_text_5,server_008,2026-02-16,10,3
server_008_text_6,server_008,2026-02-16,26,26
server_008_text_1,server_008,2026-02-17,54,54
server_008_text_2,server_008,2026-02-17,28,14
server_008_text_3,server_008,2026-02-17,27,3
server_008_text_4,server_008,2026-02-17,26,6
server_008_text_5,server_008,2026-02-17,76,15
server_008_text_6,server_008,2026-02-17,47,47
server_008_text_1,server_008,2026-02-18,69,34
server_008_text_2,server_008,2026-02-18,8,4
server_008_text_3,server_008,2026-02-18,74,24
server_008_text_4,server_008,2026-02-18,65,10
server_008_text_5,server_008,2026-02-18,64,32
server_008_text_6,server_008,2026-02-18,34,6
server_008_text_1,server_008,2026-02-19,6,6
server_008_text_2,server_008,2026-02-19,26,14
server_008_text_3,server_008,2026-02-19,4,1
server_008_text_4,server_008,2026-02-19,2,0
server_008_text_5,server_008,2026-02-19,4,0
server_008_text_6,server_008,2026-02-19,3,1
server_008_text_1,server_008,2026-02-20,19,6
server_008_text_2,server_008,2026-02-20,19,4
server_008_text_3,server_008,2026-02-20,62,20
server_008_text_4,server_008,2026-02-20,18,4
server_008_text_5,server_008,2026-02-20,21,21
server_008_text_6,server_008,2026-02-20,39,19
server_008_text_1,server_008,2026-02-21,196,98
server_008_text_2,server_008,2026-02-21,71,23
server_008_text_3,server_008,2026-02-21,77,77
server_008_text_4,server_008,2026-02-21,31,31
server_008_text_5,server_008,2026-02-21,157,112
server_008_text_6,server_008,2026-02-21,46,15
server_008_text_1,server_008,2026-02-22,52,26
server_008_text_2,server_008,2026-02-22,69,17
server_008_text_3,server_008,2026-02-22,29,9
server_008_text_4,server_008,2026-02-22,8,2
server_008_text_5,server_008,2026-02-22,158,77
server_008_text_6,server_008,2026-02-22,44,14
server_008_text_1,server_008,2026-02-23,29,7
server_008_text_2,server_008,2026-02-23,25,12
server_008_text_3,server_008,2026-02-23,56,14
server_008_text_4,server_008,2026-02-23,26,24
server_008_text_5,server_008,2026-02-23,63,15
server_008_text_6,server_008,2026-02-23,23,23
server_008_text_1,server_008,2026-02-24,89,22
server_008_text_2,server_008,2026-02-24,37,18
server_008_text_3,server_008,2026-02-24,2,2
server_008_text_4,server_008,2026-02-24,61,20
server_008_text_5,server_008,2026-02-24,10,2
server_008_text_6,server_008,2026-02-24,42,42
server_008_text_1,server_008,2026-02-25,56,45
server_008_text_2,server_008,2026-02-25,113,37
server_008_text_3,server_008,2026-02-25,27,9
server_008_text_4,server_008,2026-02-25,12,4
server_008_text_5,server_008,2026-02-25,77,25
server_008_text_6,server_008,2026-02-25,47,11
server_008_text_1,server_008,2026-02-26,44,14
server_008_text_2,server_008,2026-02-26,20,10
server_008_text_3,server_008,2026-02-26,22,4
server_008_text_4,server_008,2026-02-26,88,29
server_008_text_5,server_008,2026-02-26,60,33
server_008_text_6,server_008,2026-02-26,27,9
server_008_text_1,server_008,2026-02-27,69,8
server_008_text_2,server_008,2026-02-27,22,4
server_008_text_3,server_008,2026-02-27,28,14
server_008_text_4,server_008,2026-02-27,63,31
server_008_text_5,server_008,2026-02-27,22,5
server_008_text_6,server_008,2026-02-27,30,6
server_008_text_1,server_008,2026-02-28,83,36
server_008_text_2,server_008,2026-02-28,61,20
server_008_text_3,server_008,2026-02-28,6,1
server_008_text_4,server_008,2026-02-28,13,3
server_008_text_5,server_008,2026-02-28,52,10
server_008_text_6,server_008,2026-02-28,3,0
server_008_text_1,server_008,2026-03-01,100,34
server_008_text_2,server_008,2026-03-01,20,10
server_008_text_3,server_008,2026-03-01,13,4
server_008_text_4,server_008,2026-03-01,89,34
server_008_text_5,server_008,2026-03-01,107,34
server_008_text_6,server_008,2026-03-01,19,4
server_008_text_1,server_008,2026-03-02,1,1
server_008_text_2,server_008,2026-03-02,26,4
server_008_text_3,server_008,2026-03-02,60,10
server_008_text_4,server_008,2026-03-02,16,5
server_008_text_5,server_008,2026-03-02,27,9
server_008_text_6,server_008,2026-03-02,37,9
server_008_text_1,server_008,2026-03-03,27,9
server_008_text_2,server_008,2026-03-03,42,42
server_008_text_3,server_008,2026-03-03,100,20
server_008_text_4,server_008,2026-03-03,102,93
server_008_text_5,server_008,2026-03-03,35,11
server_008_text_6,server_008,2026-03-03,62,10
server_008_text_1,server_008,2026-03-04,11,3
server_008_text_2,server_008,2026-03-04,21,10
server_008_text_3,server_008,2026-03-04,41,8
server_008_text_4,server_008,2026-03-04,40,40
server_008_text_5,server_008,2026-03-04,40,10
server_008_text_6,server_008,2026-03-04,45,45
server_008_text_1,server_008,2026-03-05,1,0
server_008_text_2,server_008,2026-03-05,1,0
server_008_text_3,server_008,2026-03-05,1,0
server_008_text_4,server_008,2026-03-05,1,0
server_008_text_5,server_008,2026-03-05,3,3
server_008_text_6,server_008,2026-03-05,9,6
server_008_text_1,server_008,2026-03-06,43,21
server_008_text_2,server_008,2026-03-06,30,6
server_008_text_3,server_008,2026-03-06,18,4
server_008_text_4,server_008,2026-03-06,22,7
server_008_text_5,server_008,2026-03-06,62,8
server_008_text_6,server_008,2026-03-06,23,4
server_008_text_1,server_008,2026-03-07,9,9
server_008_text_2,server_008,2026-03-07,15,15
server_008_text_3,server_008,2026-03-07,32,10
server_008_text_4,server_008,2026-03-07,12,1
server_008_text_5,server_008,2026-03-07,14,4
server_008_text_6,server_008,2026-03-07,15,5
server_008_text_1,server_008,2026-03-08,33,16
server_008_text_2,server_008,2026-03-08,102,51
server_008_text_3,server_008,2026-03-08,39,13
server_008_text_4,server_008,2026-03-08,157,52
server_008_text_5,server_008,2026-03-08,59,29
server_008_text_6,server_008,2026-03-08,59,14
server_008_text_1,server_008,2026-03-09,11,11
server_008_text_2,server_008,2026-03-09,111,27
server_008_text_3,server_008,2026-03-09,49,24
server_008_text_4,server_008,2026-03-09,22,3
server_008_text_5,server_008,2026-03-09,53,13
server_008_text_6,server_008,2026-03-09,21,10
server_008_text_1,server_008,2026-03-10,42,10
server_008_text_2,server_008,2026-03-10,85,14
server_008_text_3,server_008,2026-03-10,11,5
server_008_text_4,server_008,2026-03-10,18,4
server_008_text_5,server_008,2026-03-10,10,2
server_008_text_6,server_008,2026-03-10,64,6
server_008_text_1,server_008,2026-03-11,43,21
server_008_text_2,server_008,2026-03-11,16,8
server_008_text_3,server_008,2026-03-11,24,6
server_008_text_4,server_008,2026-03-11,11,11
server_008_text_5,server_008,2026-03-11,12,6
server_008_text_6,server_008,2026-03-11,7,7
server_008_text_1,server_008,2026-03-12,62,20
server_008_text_2,server_008,2026-03-12,25,6
server_008_text_3,server_008,2026-03-12,21,10
server_008_text_4,server_008,2026-03-12,19,6
server_008_text_5,server_008,2026-03-12,68,34
server_008_text_6,server_008,2026-03-12,16,4
server_008_text_1,server_008,2026-03-13,54,54
server_008_text_2,server_008,2026-03-13,24,24
server_008_text_3,server_008,2026-03-13,2,2
server_008_text_4,server_008,2026-03-13,35,11
server_008_text_5,server_008,2026-03-13,25,6
server_008_text_6,server_008,2026-03-13,94,23
server_008_text_1,server_008,2026-03-14,49,9
server_008_text_2,server_008,2026-03-14,137,45
server_008_text_3,server_008,2026-03-14,25,6
server_008_text_4,server_008,2026-03-14,31,10
server_008_text_5,server_008,2026-03-14,46,11
server_008_text_6,server_008,2026-03-14,20,20
server_008_text_1,server_008,2026-03-15,47,9
server_008_text_2,server_008,2026-03-15,10,3
server_008_text_3,server_008,2026-03-15,11,5
server_008_text_4,server_008,2026-03-15,21,7
server_008_text_5,server_008,2026-03-15,107,33
server_008_text_6,server_008,2026-03-15,37,33
server_008_text_1,server_008,2026-03-16,12,12
server_008_text_2,server_008,2026-03-16,22,5
server_008_text_3,server_008,2026-03-16,17,8
server_008_text_4,server_008,2026-03-16,16,8
server_008_text_5,server_008,2026-03-16,35,26
server_008_text_6,server_008,2026-03-16,22,22
server_008_text_1,server_008,2026-03-17,87,29
server_008_text_2,server_008,2026-03-17,44,11
server_008_text_3,server_008,2026-03-17,22,4
server_008_text_4,server_008,2026-03-17,17,5
server_008_text_5,server_008,2026-03-17,4,0
server_008_text_6,server_008,2026-03-17,22,7
server_008_text_1,server_008,2026-03-18,10,10
server_008_text_2,server_008,2026-03-18,25,12
server_008_text_3,server_008,2026-03-18,49,12
server_008_text_4,server_008,2026-03-18,63,21
server_008_text_5,server_008,2026-03-18,121,30
server_008_text_6,server_008,2026-03-18,9,2
server_008_text_1,server_008,2026-03-19,79,19
server_008_text_2,server_008,2026-03-19,32,32
server_008_text_3,server_008,2026-03-19,20,5
server_008_text_4,server_008,2026-03-19,12,2
server_008_text_5,server_008,2026-03-19,82,9
server_008_text_6,server_008,2026-03-19,24,8
server_008_text_1,server_008,2026-03-20,18,3
server_008_text_2,server_008,2026-03-20,12,3
server_008_text_3,server_008,2026-03-20,13,3
server_008_text_4,server_008,2026-03-20,18,3
server_008_text_5,server_008,2026-03-20,3,1
server_008_text_6,server_008,2026-03-20,24,6
server_008_text_1,server_008,2026-03-21,71,35
server_008_text_2,server_008,2026-03-21,57,19
server_008_text_3,server_008,2026-03-21,117,58
server_008_text_4,server_008,2026-03-21,20,5
server_008_text_5,server_008,2026-03-21,15,5
server_008_text_6,server_008,2026-03-21,146,29
server_008_text_1,server_008,2026-03-22,25,6
server_008_text_2,server_008,2026-03-22,46,23
server_008_text_3,server_008,2026-03-22,21,21
server_008_text_4,server_008,2026-03-22,75,37
server_008_text_5,server_008,2026-03-22,14,7
server_008_text_6,server_008,2026-03-22,50,16
server_008_text_1,server_008,2026-03-23,10,2
server_008_text_2,server_008,2026-03-23,36,18
server_008_text_3,server_008,2026-03-23,25,5
server_008_text_4,server_008,2026-03-23,24,12
server_008_text_5,server_008,2026-03-23,25,8
server_008_text_6,server_008,2026-03-23,12,12
server_008_text_1,server_008,2026-03-24,65,10
server_008_text_2,server_008,2026-03-24,26,8
server_008_text_3,server_008,2026-03-24,46,15
server_008_text_4,server_008,2026-03-24,8,2
server_008_text_5,server_008,2026-03-24,43,14
server_008_text_6,server_008,2026-03-24,3,3
server_008_text_1,server_008,2026-03-25,85,10
server_008_text_2,server_008,2026-03-25,34,5
server_008_text_3,server_008,2026-03-25,17,17
server_008_text_4,server_008,2026-03-25,24,12
server_008_text_5,server_008,2026-03-25,24,12
server_008_text_6,server_008,2026-03-25,29,14
server_008_text_1,server_008,2026-03-26,61,34
server_008_text_2,server_008,2026-03-26,28,28
server_008_text_3,server_008,2026-03-26,38,7
server_008_text_4,server_008,2026-03-26,30,10
server_008_text_5,server_008,2026-03-26,6,1
server_008_text_6,server_008,2026-03-26,77,34
server_008_text_1,server_008,2026-03-27,16,8
server_008_text_2,server_008,2026-03-27,30,6
server_008_text_3,server_008,2026-03-27,28,4
server_008_text_4,server_008,2026-03-27,13,3
server_008_text_5,server_008,2026-03-27,2,0
server_008_text_6,server_008,2026-03-27,53,17
server_008_text_1,server_008,2026-03-28,30,10
server_008_text_2,server_008,2026-03-28,29,14
server_008_text_3,server_008,2026-03-28,28,28
server_008_text_4,server_008,2026-03-28,24,4
server_008_text_5,server_008,2026-03-28,32,6
server_008_text_6,server_008,2026-03-28,42,21
server_008_text_1,server_008,2026-03-29,39,6
server_008_text_2,server_008,2026-03-29,117,29
server_008_text_3,server_008,2026-03-29,67,22
server_008_text_4,server_008,2026-03-29,53,13
server_008_text_5,server_008,2026-03-29,109,21
server_008_text_6,server_008,2026-03-29,62,15
server_008_text_1,server_008,2026-03-30,29,14
server_008_text_2,server_008,2026-03-30,26,6
server_008_text_3,server_008,2026-03-30,23,11
server_008_text_4,server_008,2026-03-30,16,2
server_008_text_5,server_008,2026-03-30,12,4
server_008_text_6,server_008,2026-03-30,43,14
server_008_text_1,server_008,2026-03-31,18,3
server_008_text_2,server_008,2026-03-31,44,44
server_008_text_3,server_008,2026-03-31,40,13
server_008_text_4,server_008,2026-03-31,50,50
server_008_text_5,server_008,2026-03-31,33,33
server_008_text_6,server_008,2026-03-31,93,13
server_008_text_1,server_008,2026-04-01,15,3
server_008_text_2,server_008,2026-04-01,39,39
server_008_text_3,server_008,2026-04-01,55,27
server_008_text_4,server_008,2026-04-01,80,16
server_008_text_5,server_008,2026-04-01,32,32
server_008_text_6,server_008,2026-04-01,66,22
server_008_text_1,server_008,2026-04-02,13,6
server_008_text_2,server_008,2026-04-02,19,9
server_008_text_3,server_008,2026-04-02,37,18
server_008_text_4,server_008,2026-04-02,45,15
server_008_text_5,server_008,2026-04-02,49,9
server_008_text_6,server_008,2026-04-02,27,13
server_008_text_1,server_008,2026-04-03,40,6
server_008_text_2,server_008,2026-04-03,3,1
server_008_text_3,server_008,2026-04-03,24,8
server_008_text_4,server_008,2026-04-03,19,4
server_008_text_5,server_008,2026-04-03,43,14
server_008_text_6,server_008,2026-04-03,29,5
server_008_text_1,server_008,2026-04-04,51,12
server_008_text_2,server_008,2026-04-04,110,110
server_008_text_3,server_008,2026-04-04,49,24
server_008_text_4,server_008,2026-04-04,53,26
server_008_text_5,server_008,2026-04-04,82,16
server_008_text_6,server_008,2026-04-04,56,11
server_008_text_1,server_008,2026-04-05,34,8
server_008_text_2,server_008,2026-04-05,30,7
server_008_text_3,server_008,2026-04-05,37,18
server_008_text_4,server_008,2026-04-05,21,4
server_008_text_5,server_008,2026-04-05,60,30
server_008_text_6,server_008,2026-04-05,42,42
server_008_text_1,server_008,2026-04-06,14,7
server_008_text_2,server_008,2026-04-06,5,1
server_008_text_3,server_008,2026-04-06,21,21
server_008_text_4,server_008,2026-04-06,22,11
server_008_text_5,server_008,2026-04-06,13,2
server_008_text_6,server_008,2026-04-06,2,0
server_008_text_1,server_008,2026-04-07,103,103
server_008_text_2,server_008,2026-04-07,50,25
server_008_text_3,server_008,2026-04-07,33,8
server_008_text_4,server_008,2026-04-07,99,24
server_008_text_5,server_008,2026-04-07,60,20
server_008_text_6,server_008,2026-04-07,31,31
server_008_text_1,server_008,2026-04-08,25,8
server_008_text_2,server_008,2026-04-08,27,13
server_008_text_3,server_008,2026-04-08,21,5
server_008_text_4,server_008,2026-04-08,44,8
server_008_text_5,server_008,2026-04-08,15,15
server_008_text_6,server_008,2026-04-08,18,3
server_008_text_1,server_008,2026-04-09,41,13
server_008_text_2,server_008,2026-04-09,16,8
server_008_text_3,server_008,2026-04-09,6,6
server_008_text_4,server_008,2026-04-09,66,22
server_008_text_5,server_008,2026-04-09,46,23
server_008_text_6,server_008,2026-04-09,37,37
server_008_text_1,server_008,2026-04-10,2,0
server_008_text_2,server_008,2026-04-10,5,1
server_008_text_3,server_008,2026-04-10,17,8
server_008_text_4,server_008,2026-04-10,10,3
server_008_text_5,server_008,2026-04-10,47,9
server_008_text_6,server_008,2026-04-10,52,13
server_008_text_1,server_008,2026-04-11,69,13
server_008_text_2,server_008,2026-04-11,20,6
server_008_text_3,server_008,2026-04-11,14,7
server_008_text_4,server_008,2026-04-11,43,14
server_008_text_5,server_008,2026-04-11,27,3
server_008_text_6,server_008,2026-04-11,57,28
server_008_text_1,server_008,2026-04-12,20,6
server_008_text_2,server_008,2026-04-12,35,8
server_008_text_3,server_008,2026-04-12,17,17
server_008_text_4,server_008,2026-04-12,63,12
server_008_text_5,server_008,2026-04-12,97,39
server_008_text_6,server_008,2026-04-12,6,1
server_008_text_1,server_008,2026-04-13,38,7
server_008_text_2,server_008,2026-04-13,42,42
server_008_text_3,server_008,2026-04-13,8,8
server_008_text_4,server_008,2026-04-13,20,20
server_008_text_5,server_008,2026-04-13,32,32
server_008_text_6,server_008,2026-04-13,39,13
server_008_text_1,server_008,2026-04-14,57,57
server_008_text_2,server_008,2026-04-14,74,65
server_008_text_3,server_008,2026-04-14,18,4
server_008_text_4,server_008,2026-04-14,40,40
server_008_text_5,server_008,2026-04-14,20,10
server_008_text_6,server_008,2026-04-14,54,54
server_008_text_1,server_008,2026-04-15,22,3
server_008_text_2,server_008,2026-04-15,46,15
server_008_text_3,server_008,2026-04-15,15,7
server_008_text_4,server_008,2026-04-15,41,8
server_008_text_5,server_008,2026-04-15,11,5
server_008_text_6,server_008,2026-04-15,101,50
server_008_text_1,server_008,2026-04-16,25,8
server_008_text_2,server_008,2026-04-16,21,7
server_008_text_3,server_008,2026-04-16,84,30
server_008_text_4,server_008,2026-04-16,15,3
server_008_text_5,server_008,2026-04-16,19,4
server_008_text_6,server_008,2026-04-16,17,5
server_008_text_1,server_008,2026-04-17,19,19
server_008_text_2,server_008,2026-04-17,41,28
server_008_text_3,server_008,2026-04-17,16,16
server_008_text_4,server_008,2026-04-17,23,11
server_008_text_5,server_008,2026-04-17,42,7
server_008_text_6,server_008,2026-04-17,95,28
server_008_text_1,server_008,2026-04-18,31,15
server_008_text_2,server_008,2026-04-18,19,3
server_008_text_3,server_008,2026-04-18,35,17
server_008_text_4,server_008,2026-04-18,16,4
server_008_text_5,server_008,2026-04-18,74,18
server_008_text_6,server_008,2026-04-18,37,24
server_008_text_1,server_008,2026-04-19,8,1
server_008_text_2,server_008,2026-04-19,61,30
server_008_text_3,server_008,2026-04-19,29,29
server_008_text_4,server_008,2026-04-19,68,11
server_008_text_5,server_008,2026-04-19,44,22
server_008_text_6,server_008,2026-04-19,62,31
server_008_text_1,server_008,2026-04-20,23,11
server_008_text_2,server_008,2026-04-20,57,11
server_008_text_3,server_008,2026-04-20,62,15
server_008_text_4,server_008,2026-04-20,17,17
server_008_text_5,server_008,2026-04-20,30,15
server_008_text_6,server_008,2026-04-20,19,6
server_008_text_1,server_008,2026-04-21,49,9
server_008_text_2,server_008,2026-04-21,25,12
server_008_text_3,server_008,2026-04-21,24,8
server_008_text_4,server_008,2026-04-21,10,5
server_008_text_5,server_008,2026-04-21,79,39
server_008_text_6,server_008,2026-04-21,65,21
server_008_text_1,server_008,2026-04-22,40,8
server_008_text_2,server_008,2026-04-22,16,3
server_008_text_3,server_008,2026-04-22,74,24
server_008_text_4,server_008,2026-04-22,33,6
server_008_text_5,server_008,2026-04-22,103,25
server_008_text_6,server_008,2026-04-22,26,6
server_008_text_1,server_008,2026-04-23,3,1
server_008_text_2,server_008,2026-04-23,28,7
server_008_text_3,server_008,2026-04-23,17,2
server_008_text_4,server_008,2026-04-23,28,9
server_008_text_5,server_008,2026-04-23,18,4
server_008_text_6,server_008,2026-04-23,6,1
server_008_text_1,server_008,2026-04-24,10,10
server_008_text_2,server_008,2026-04-24,93,23
server_008_text_3,server_008,2026-04-24,18,6
server_008_text_4,server_008,2026-04-24,65,32
server_008_text_5,server_008,2026-04-24,58,58
server_008_text_6,server_008,2026-04-24,33,16
server_008_text_1,server_008,2026-04-25,15,3
server_008_text_2,server_008,2026-04-25,67,22
server_008_text_3,server_008,2026-04-25,34,8
server_008_text_4,server_008,2026-04-25,22,22
server_008_text_5,server_008,2026-04-25,9,1
server_008_text_6,server_008,2026-04-25,118,29
server_008_text_1,server_008,2026-04-26,35,7
server_008_text_2,server_008,2026-04-26,49,9
server_008_text_3,server_008,2026-04-26,29,9
server_008_text_4,server_008,2026-04-26,22,11
server_008_text_5,server_008,2026-04-26,16,5
server_008_text_6,server_008,2026-04-26,136,34
server_008_text_1,server_008,2026-04-27,10,5
server_008_text_2,server_008,2026-04-27,50,20
server_008_text_3,server_008,2026-04-27,25,20
server_008_text_4,server_008,2026-04-27,5,5
server_008_text_5,server_008,2026-04-27,35,17
server_008_text_6,server_008,2026-04-27,17,5
server_008_text_1,server_008,2026-04-28,21,18
server_008_text_2,server_008,2026-04-28,33,8
server_008_text_3,server_008,2026-04-28,15,15
server_008_text_4,server_008,2026-04-28,7,1
server_008_text_5,server_008,2026-04-28,19,6
server_008_text_6,server_008,2026-04-28,34,11
server_008_text_1,server_008,2026-04-29,22,5
server_008_text_2,server_008,2026-04-29,51,17
server_008_text_3,server_008,2026-04-29,9,2
server_008_text_4,server_008,2026-04-29,26,4
server_008_text_5,server_008,2026-04-29,0,0
server_008_text_6,server_008,2026-04-29,69,34
server_008_text_1,server_008,2026-04-30,3,0
server_008_text_2,server_008,2026-04-30,5,1
server_008_text_3,server_008,2026-04-30,16,5
server_008_text_4,server_008,2026-04-30,5,1
server_008_text_5,server_008,2026-04-30,5,2
server_008_text_6,server_008,2026-04-30,2,0
server_008_text_1,server_008,2026-05-01,45,14
server_008_text_2,server_008,2026-05-01,41,8
server_008_text_3,server_008,2026-05-01,9,1
server_008_text_4,server_008,2026-05-01,17,5
server_008_text_5,server_008,2026-05-01,21,7
server_008_text_6,server_008,2026-05-01,16,8
server_008_text_1,server_008,2026-05-02,76,35
server_008_text_2,server_008,2026-05-02,18,9
server_008_text_3,server_008,2026-05-02,53,17
server_008_text_4,server_008,2026-05-02,23,23
server_008_text_5,server_008,2026-05-02,55,18
server_008_text_6,server_008,2026-05-02,76,35
server_008_text_1,server_008,2026-05-03,70,23
server_008_text_2,server_008,2026-05-03,117,39
server_008_text_3,server_008,2026-05-03,29,29
server_008_text_4,server_008,2026-05-03,43,14
server_008_text_5,server_008,2026-05-03,58,19
server_008_text_6,server_008,2026-05-03,61,61
server_008_text_1,server_008,2026-05-04,37,9
server_008_text_2,server_008,2026-05-04,32,6
server_008_text_3,server_008,2026-05-04,29,14
server_008_text_4,server_008,2026-05-04,102,51
server_008_text_5,server_008,2026-05-04,84,21
server_008_text_6,server_008,2026-05-04,11,11
server_008_text_1,server_008,2026-05-05,40,40
server_008_text_2,server_008,2026-05-05,38,9
server_008_text_3,server_008,2026-05-05,65,32
server_008_text_4,server_008,2026-05-05,31,7
server_008_text_5,server_008,2026-05-05,70,23
server_008_text_6,server_008,2026-05-05,34,8
server_008_text_1,server_008,2026-05-06,15,7
server_008_text_2,server_008,2026-05-06,57,19
server_008_text_3,server_008,2026-05-06,11,2
server_008_text_4,server_008,2026-05-06,57,14
server_008_text_5,server_008,2026-05-06,39,19
server_008_text_6,server_008,2026-05-06,32,6
server_008_text_1,server_008,2026-05-07,65,32
server_008_text_2,server_008,2026-05-07,48,12
server_008_text_3,server_008,2026-05-07,62,20
server_008_text_4,server_008,2026-05-07,9,1
server_008_text_5,server_008,2026-05-07,38,19
server_008_text_6,server_008,2026-05-07,89,17
server_008_text_1,server_008,2026-05-08,13,2
server_008_text_2,server_008,2026-05-08,49,25
server_008_text_3,server_008,2026-05-08,8,2
server_008_text_4,server_008,2026-05-08,38,25
server_008_text_5,server_008,2026-05-08,32,25
server_008_text_6,server_008,2026-05-08,28,7
server_008_text_1,server_008,2026-05-09,192,60
server_008_text_2,server_008,2026-05-09,25,8
server_008_text_3,server_008,2026-05-09,60,30
server_008_text_4,server_008,2026-05-09,31,7
server_008_text_5,server_008,2026-05-09,22,22
server_008_text_6,server_008,2026-05-09,21,5
server_008_text_1,server_008,2026-05-10,172,86
server_008_text_2,server_008,2026-05-10,46,46
server_008_text_3,server_008,2026-05-10,23,5
server_008_text_4,server_008,2026-05-10,29,29
server_008_text_5,server_008,2026-05-10,30,30
server_008_text_6,server_008,2026-05-10,74,74
server_008_text_1,server_008,2026-05-11,0,0
server_008_text_2,server_008,2026-05-11,0,0
server_008_text_3,server_008,2026-05-11,0,0
server_008_text_4,server_008,2026-05-11,0,0
server_008_text_5,server_008,2026-05-11,0,0
server_008_text_6,server_008,2026-05-11,0,0
server_008_text_1,server_008,2026-05-12,27,6
server_008_text_2,server_008,2026-05-12,16,5
server_008_text_3,server_008,2026-05-12,4,1
server_008_text_4,server_008,2026-05-12,28,4
server_008_text_5,server_008,2026-05-12,13,6
server_008_text_6,server_008,2026-05-12,3,0
server_008_text_1,server_008,2026-05-13,8,1
server_008_text_2,server_008,2026-05-13,11,11
server_008_text_3,server_008,2026-05-13,18,4
server_008_text_4,server_008,2026-05-13,17,13
server_008_text_5,server_008,2026-05-13,22,13
server_008_text_6,server_008,2026-05-13,12,4
server_008_text_1,server_008,2026-05-14,61,20
server_008_text_2,server_008,2026-05-14,24,6
server_008_text_3,server_008,2026-05-14,36,36
server_008_text_4,server_008,2026-05-14,36,9
server_008_text_5,server_008,2026-05-14,23,23
server_008_text_6,server_008,2026-05-14,50,16
server_008_text_1,server_008,2026-05-15,126,31
server_008_text_2,server_008,2026-05-15,13,6
server_008_text_3,server_008,2026-05-15,61,40
server_008_text_4,server_008,2026-05-15,13,4
server_008_text_5,server_008,2026-05-15,58,29
server_008_text_6,server_008,2026-05-15,37,37
server_008_text_1,server_008,2026-05-16,82,20
server_008_text_2,server_008,2026-05-16,17,3
server_008_text_3,server_008,2026-05-16,98,32
server_008_text_4,server_008,2026-05-16,14,3
server_008_text_5,server_008,2026-05-16,153,30
server_008_text_6,server_008,2026-05-16,28,7
server_008_text_1,server_008,2026-05-17,34,23
server_008_text_2,server_008,2026-05-17,4,0
server_008_text_3,server_008,2026-05-17,22,7
server_008_text_4,server_008,2026-05-17,27,3
server_008_text_5,server_008,2026-05-17,21,10
server_008_text_6,server_008,2026-05-17,29,9
server_008_text_1,server_008,2026-05-18,23,11
server_008_text_2,server_008,2026-05-18,37,18
server_008_text_3,server_008,2026-05-18,20,6
server_008_text_4,server_008,2026-05-18,14,14
server_008_text_5,server_008,2026-05-18,10,10
server_008_text_6,server_008,2026-05-18,54,27
server_008_text_1,server_008,2026-05-19,17,4
server_008_text_2,server_008,2026-05-19,96,24
server_008_text_3,server_008,2026-05-19,11,11
server_008_text_4,server_008,2026-05-19,42,10
server_008_text_5,server_008,2026-05-19,74,14
server_008_text_6,server_008,2026-05-19,41,41
server_008_text_1,server_008,2026-05-20,33,33
server_008_text_2,server_008,2026-05-20,81,27
server_008_text_3,server_008,2026-05-20,7,3
server_008_text_4,server_008,2026-05-20,57,19
server_008_text_5,server_008,2026-05-20,21,10
server_008_text_6,server_008,2026-05-20,33,6
server_008_text_1,server_008,2026-05-21,17,5
server_008_text_2,server_008,2026-05-21,37,12
server_008_text_3,server_008,2026-05-21,49,16
server_008_text_4,server_008,2026-05-21,50,10
server_008_text_5,server_008,2026-05-21,25,12
server_008_text_6,server_008,2026-05-21,12,4
server_008_text_1,server_008,2026-05-22,20,5
server_008_text_2,server_008,2026-05-22,9,4
server_008_text_3,server_008,2026-05-22,28,14
server_008_text_4,server_008,2026-05-22,41,13
server_008_text_5,server_008,2026-05-22,46,23
server_008_text_6,server_008,2026-05-22,28,9
server_008_text_1,server_008,2026-05-23,39,7
server_008_text_2,server_008,2026-05-23,7,7
server_008_text_3,server_008,2026-05-23,5,1
server_008_text_4,server_008,2026-05-23,59,28
server_008_text_5,server_008,2026-05-23,7,2
server_008_text_6,server_008,2026-05-23,23,7
server_008_text_1,server_008,2026-05-24,39,5
server_008_text_2,server_008,2026-05-24,60,8
server_008_text_3,server_008,2026-05-24,73,48
server_008_text_4,server_008,2026-05-24,8,2
server_008_text_5,server_008,2026-05-24,68,22
server_008_text_6,server_008,2026-05-24,36,7
server_008_text_1,server_008,2026-05-25,73,24
server_008_text_2,server_008,2026-05-25,78,15
server_008_text_3,server_008,2026-05-25,14,4
server_008_text_4,server_008,2026-05-25,38,7
server_008_text_5,server_008,2026-05-25,56,14
server_008_text_6,server_008,2026-05-25,30,7
server_008_text_1,server_008,2026-05-26,109,21
server_008_text_2,server_008,2026-05-26,100,99
server_008_text_3,server_008,2026-05-26,94,18
server_008_text_4,server_008,2026-05-26,39,13
server_008_text_5,server_008,2026-05-26,13,6
server_008_text_6,server_008,2026-05-26,40,10
server_008_text_1,server_008,2026-05-27,31,31
server_008_text_2,server_008,2026-05-27,40,6
server_008_text_3,server_008,2026-05-27,54,18
server_008_text_4,server_008,2026-05-27,104,104
server_008_text_5,server_008,2026-05-27,17,8
server_008_text_6,server_008,2026-05-27,57,57
server_008_text_1,server_008,2026-05-28,22,11
server_008_text_2,server_008,2026-05-28,71,14
server_008_text_3,server_008,2026-05-28,28,28
server_008_text_4,server_008,2026-05-28,25,25
server_008_text_5,server_008,2026-05-28,12,3
server_008_text_6,server_008,2026-05-28,8,2
server_008_text_1,server_008,2026-05-29,0,0
server_008_text_2,server_008,2026-05-29,0,0
server_008_text_3,server_008,2026-05-29,0,0
server_008_text_4,server_008,2026-05-29,0,0
server_008_text_5,server_008,2026-05-29,0,0
server_008_text_6,server_008,2026-05-29,0,0
server_008_text_1,server_008,2026-05-30,34,6
server_008_text_2,server_008,2026-05-30,90,30
server_008_text_3,server_008,2026-05-30,148,29
server_008_text_4,server_008,2026-05-30,20,6
server_008_text_5,server_008,2026-05-30,49,24
server_008_text_6,server_008,2026-05-30,55,55
server_008_text_1,server_008,2026-05-31,43,43
server_008_text_2,server_008,2026-05-31,91,30
server_008_text_3,server_008,2026-05-31,27,13
server_008_text_4,server_008,2026-05-31,62,20
server_008_text_5,server_008,2026-05-31,110,22
server_008_text_6,server_008,2026-05-31,62,62
server_008_text_1,server_008,2026-06-01,26,26
server_008_text_2,server_008,2026-06-01,21,21
server_008_text_3,server_008,2026-06-01,18,18
server_008_text_4,server_008,2026-06-01,53,17
server_008_text_5,server_008,2026-06-01,110,53
server_008_text_6,server_008,2026-06-01,31,6
server_008_text_1,server_008,2026-06-02,59,14
server_008_text_2,server_008,2026-06-02,78,39
server_008_text_3,server_008,2026-06-02,31,7
server_008_text_4,server_008,2026-06-02,24,24
server_008_text_5,server_008,2026-06-02,50,39
server_008_text_6,server_008,2026-06-02,32,10
server_008_text_1,server_008,2026-06-03,59,29
server_008_text_2,server_008,2026-06-03,42,10
server_008_text_3,server_008,2026-06-03,33,6
server_008_text_4,server_008,2026-06-03,25,12
server_008_text_5,server_008,2026-06-03,23,7
server_008_text_6,server_008,2026-06-03,36,18
server_008_text_1,server_008,2026-06-04,13,4
server_008_text_2,server_008,2026-06-04,119,19
server_008_text_3,server_008,2026-06-04,23,4
server_008_text_4,server_008,2026-06-04,100,33
server_008_text_5,server_008,2026-06-04,83,83
server_008_text_6,server_008,2026-06-04,10,2
server_008_text_1,server_008,2026-06-05,20,6
server_008_text_2,server_008,2026-06-05,54,54
server_008_text_3,server_008,2026-06-05,71,17
server_008_text_4,server_008,2026-06-05,21,10
server_008_text_5,server_008,2026-06-05,26,26
server_008_text_6,server_008,2026-06-05,81,69
server_008_text_1,server_008,2026-06-06,0,0
server_008_text_2,server_008,2026-06-06,0,0
server_008_text_3,server_008,2026-06-06,0,0
server_008_text_4,server_008,2026-06-06,0,0
server_008_text_5,server_008,2026-06-06,0,0
server_008_text_6,server_008,2026-06-06,0,0
server_008_text_1,server_008,2026-06-07,182,60
server_008_text_2,server_008,2026-06-07,145,36
server_008_text_3,server_008,2026-06-07,35,35
server_008_text_4,server_008,2026-06-07,40,8
server_008_text_5,server_008,2026-06-07,97,32
server_008_text_6,server_008,2026-06-07,55,27
server_008_text_1,server_008,2026-06-08,66,13
server_008_text_2,server_008,2026-06-08,54,54
server_008_text_3,server_008,2026-06-08,20,10
server_008_text_4,server_008,2026-06-08,48,16
server_008_text_5,server_008,2026-06-08,38,9
server_008_text_6,server_008,2026-06-08,72,36
server_008_text_1,server_008,2026-06-09,80,26
server_008_text_2,server_008,2026-06-09,61,20
server_008_text_3,server_008,2026-06-09,53,13
server_008_text_4,server_008,2026-06-09,40,20
server_008_text_5,server_008,2026-06-09,38,7
server_008_text_6,server_008,2026-06-09,17,5
server_008_text_1,server_008,2026-06-10,19,19
server_008_text_2,server_008,2026-06-10,39,19
server_008_text_3,server_008,2026-06-10,22,11
server_008_text_4,server_008,2026-06-10,108,27
server_008_text_5,server_008,2026-06-10,3,1
server_008_text_6,server_008,2026-06-10,33,16
server_008_text_1,server_008,2026-06-11,50,16
server_008_text_2,server_008,2026-06-11,41,10
server_008_text_3,server_008,2026-06-11,74,74
server_008_text_4,server_008,2026-06-11,95,85
server_008_text_5,server_008,2026-06-11,58,14
server_008_text_6,server_008,2026-06-11,19,6
server_008_text_1,server_008,2026-06-12,10,3
server_008_text_2,server_008,2026-06-12,18,6
server_008_text_3,server_008,2026-06-12,63,63
server_008_text_4,server_008,2026-06-12,55,27
server_008_text_5,server_008,2026-06-12,98,49
server_008_text_6,server_008,2026-06-12,16,4
server_008_text_1,server_008,2026-06-13,35,7
server_008_text_2,server_008,2026-06-13,4,1
server_008_text_3,server_008,2026-06-13,34,17
server_008_text_4,server_008,2026-06-13,25,12
server_008_text_5,server_008,2026-06-13,28,14
server_008_text_6,server_008,2026-06-13,17,8
server_008_text_1,server_008,2026-06-14,35,17
server_008_text_2,server_008,2026-06-14,36,7
server_008_text_3,server_008,2026-06-14,60,10
server_008_text_4,server_008,2026-06-14,176,88
server_008_text_5,server_008,2026-06-14,36,36
server_008_text_6,server_008,2026-06-14,53,17
server_008_text_1,server_008,2026-06-15,6,6
server_008_text_2,server_008,2026-06-15,28,4
server_008_text_3,server_008,2026-06-15,48,16
server_008_text_4,server_008,2026-06-15,9,1
server_008_text_5,server_008,2026-06-15,5,1
server_008_text_6,server_008,2026-06-15,29,4
server_008_text_1,server_008,2026-06-16,1,0
server_008_text_2,server_008,2026-06-16,8,4
server_008_text_3,server_008,2026-06-16,7,7
server_008_text_4,server_008,2026-06-16,8,2
server_008_text_5,server_008,2026-06-16,15,15
server_008_text_6,server_008,2026-06-16,3,1
server_009_text_1,server_009,2025-12-18,5,1
server_009_text_2,server_009,2025-12-18,82,1
server_009_text_1,server_009,2025-12-19,172,1
server_009_text_2,server_009,2025-12-19,53,1
server_009_text_1,server_009,2025-12-20,151,3
server_009_text_2,server_009,2025-12-20,117,3
server_009_text_1,server_009,2025-12-21,57,3
server_009_text_2,server_009,2025-12-21,143,3
server_009_text_1,server_009,2025-12-22,64,9
server_009_text_2,server_009,2025-12-22,175,9
server_009_text_1,server_009,2025-12-23,55,11
server_009_text_2,server_009,2025-12-23,54,11
server_009_text_1,server_009,2025-12-24,94,15
server_009_text_2,server_009,2025-12-24,14,7
server_009_text_1,server_009,2025-12-25,40,13
server_009_text_2,server_009,2025-12-25,127,15
server_009_text_1,server_009,2025-12-26,97,29
server_009_text_2,server_009,2025-12-26,121,29
server_009_text_1,server_009,2025-12-27,81,31
server_009_text_2,server_009,2025-12-27,58,14
server_009_text_1,server_009,2025-12-28,96,32
server_009_text_2,server_009,2025-12-28,141,32
server_009_text_1,server_009,2025-12-29,154,35
server_009_text_2,server_009,2025-12-29,203,35
server_009_text_1,server_009,2025-12-30,163,27
server_009_text_2,server_009,2025-12-30,78,26
server_009_text_1,server_009,2025-12-31,168,33
server_009_text_2,server_009,2025-12-31,53,8
server_009_text_1,server_009,2026-01-01,63,31
server_009_text_2,server_009,2026-01-01,259,31
server_009_text_1,server_009,2026-01-02,49,17
server_009_text_2,server_009,2026-01-02,12,2
server_009_text_1,server_009,2026-01-03,111,27
server_009_text_2,server_009,2026-01-03,146,41
server_009_text_1,server_009,2026-01-04,217,42
server_009_text_2,server_009,2026-01-04,90,30
server_009_text_1,server_009,2026-01-05,158,35
server_009_text_2,server_009,2026-01-05,104,20
server_009_text_1,server_009,2026-01-06,54,27
server_009_text_2,server_009,2026-01-06,130,18
server_009_text_1,server_009,2026-01-07,38,15
server_009_text_2,server_009,2026-01-07,8,4
server_009_text_1,server_009,2026-01-08,167,47
server_009_text_2,server_009,2026-01-08,27,9
server_009_text_1,server_009,2026-01-09,79,15
server_009_text_2,server_009,2026-01-09,90,30
server_009_text_1,server_009,2026-01-10,61,30
server_009_text_2,server_009,2026-01-10,223,55
server_009_text_1,server_009,2026-01-11,287,58
server_009_text_2,server_009,2026-01-11,49,12
server_009_text_1,server_009,2026-01-12,16,5
server_009_text_2,server_009,2026-01-12,161,46
server_009_text_1,server_009,2026-01-13,85,27
server_009_text_2,server_009,2026-01-13,102,25
server_009_text_1,server_009,2026-01-14,126,29
server_009_text_2,server_009,2026-01-14,176,29
server_009_text_1,server_009,2026-01-15,44,8
server_009_text_2,server_009,2026-01-15,255,35
server_009_text_1,server_009,2026-01-16,61,19
server_009_text_2,server_009,2026-01-16,95,19
server_009_text_1,server_009,2026-01-17,4,4
server_009_text_2,server_009,2026-01-17,4,1
server_009_text_1,server_009,2026-01-18,300,62
server_009_text_2,server_009,2026-01-18,79,26
server_009_text_1,server_009,2026-01-19,156,41
server_009_text_2,server_009,2026-01-19,3,1
server_009_text_1,server_009,2026-01-20,137,45
server_009_text_2,server_009,2026-01-20,245,49
server_009_text_1,server_009,2026-01-21,183,58
server_009_text_2,server_009,2026-01-21,50,7
server_009_text_1,server_009,2026-01-22,45,13
server_009_text_2,server_009,2026-01-22,35,13
server_009_text_1,server_009,2026-01-23,9,3
server_009_text_2,server_009,2026-01-23,157,39
server_009_text_1,server_009,2026-01-24,84,24
server_009_text_2,server_009,2026-01-24,58,5
server_009_text_1,server_009,2026-01-25,276,40
server_009_text_2,server_009,2026-01-25,45,11
server_009_text_1,server_009,2026-01-26,75,37
server_009_text_2,server_009,2026-01-26,180,30
server_009_text_1,server_009,2026-01-27,118,27
server_009_text_2,server_009,2026-01-27,123,20
server_009_text_1,server_009,2026-01-28,88,44
server_009_text_2,server_009,2026-01-28,222,56
server_009_text_1,server_009,2026-01-29,102,51
server_009_text_2,server_009,2026-01-29,172,57
server_009_text_1,server_009,2026-01-30,140,35
server_009_text_2,server_009,2026-01-30,73,14
server_009_text_1,server_009,2026-01-31,46,21
server_009_text_2,server_009,2026-01-31,54,18
server_009_text_1,server_009,2026-02-01,125,43
server_009_text_2,server_009,2026-02-01,39,7
server_009_text_1,server_009,2026-02-02,32,8
server_009_text_2,server_009,2026-02-02,144,36
server_009_text_1,server_009,2026-02-03,83,36
server_009_text_2,server_009,2026-02-03,148,36
server_009_text_1,server_009,2026-02-04,70,35
server_009_text_2,server_009,2026-02-04,99,47
server_009_text_1,server_009,2026-02-05,108,25
server_009_text_2,server_009,2026-02-05,32,6
server_009_text_1,server_009,2026-02-06,87,14
server_009_text_2,server_009,2026-02-06,281,63
server_009_text_1,server_009,2026-02-07,107,26
server_009_text_2,server_009,2026-02-07,61,30
server_009_text_1,server_009,2026-02-08,96,48
server_009_text_2,server_009,2026-02-08,104,34
server_009_text_1,server_009,2026-02-09,82,27
server_009_text_2,server_009,2026-02-09,155,77
server_009_text_1,server_009,2026-02-10,62,17
server_009_text_2,server_009,2026-02-10,45,17
server_009_text_1,server_009,2026-02-11,128,64
server_009_text_2,server_009,2026-02-11,144,72
server_009_text_1,server_009,2026-02-12,114,38
server_009_text_2,server_009,2026-02-12,89,14
server_009_text_1,server_009,2026-02-13,110,27
server_009_text_2,server_009,2026-02-13,185,46
server_009_text_1,server_009,2026-02-14,238,39
server_009_text_2,server_009,2026-02-14,98,16
server_009_text_1,server_009,2026-02-15,64,21
server_009_text_2,server_009,2026-02-15,129,41
server_009_text_1,server_009,2026-02-16,179,44
server_009_text_2,server_009,2026-02-16,39,19
server_009_text_1,server_009,2026-02-17,198,49
server_009_text_2,server_009,2026-02-17,102,25
server_009_text_1,server_009,2026-02-18,119,29
server_009_text_2,server_009,2026-02-18,74,18
server_009_text_1,server_009,2026-02-19,140,14
server_009_text_2,server_009,2026-02-19,104,20
server_009_text_1,server_009,2026-02-20,230,50
server_009_text_2,server_009,2026-02-20,53,26
server_009_text_1,server_009,2026-02-21,184,38
server_009_text_2,server_009,2026-02-21,46,15
server_009_text_1,server_009,2026-02-22,33,16
server_009_text_2,server_009,2026-02-22,279,93
server_009_text_1,server_009,2026-02-23,36,6
server_009_text_2,server_009,2026-02-23,183,47
server_009_text_1,server_009,2026-02-24,183,45
server_009_text_2,server_009,2026-02-24,101,16
server_009_text_1,server_009,2026-02-25,44,33
server_009_text_2,server_009,2026-02-25,111,27
server_009_text_1,server_009,2026-02-26,79,55
server_009_text_2,server_009,2026-02-26,75,12
server_009_text_1,server_009,2026-02-27,285,87
server_009_text_2,server_009,2026-02-27,51,17
server_009_text_1,server_009,2026-02-28,221,36
server_009_text_2,server_009,2026-02-28,162,65
server_009_text_1,server_009,2026-03-01,132,66
server_009_text_2,server_009,2026-03-01,67,22
server_009_text_1,server_009,2026-03-02,28,5
server_009_text_2,server_009,2026-03-02,227,43
server_009_text_1,server_009,2026-03-03,84,47
server_009_text_2,server_009,2026-03-03,137,47
server_009_text_1,server_009,2026-03-04,90,30
server_009_text_2,server_009,2026-03-04,225,53
server_009_text_1,server_009,2026-03-05,178,44
server_009_text_2,server_009,2026-03-05,85,44
server_009_text_1,server_009,2026-03-06,98,47
server_009_text_2,server_009,2026-03-06,118,29
server_009_text_1,server_009,2026-03-07,54,13
server_009_text_2,server_009,2026-03-07,77,20
server_009_text_1,server_009,2026-03-08,107,35
server_009_text_2,server_009,2026-03-08,182,36
server_009_text_1,server_009,2026-03-09,92,23
server_009_text_2,server_009,2026-03-09,85,28
server_009_text_1,server_009,2026-03-10,195,39
server_009_text_2,server_009,2026-03-10,68,34
server_009_text_1,server_009,2026-03-11,235,78
server_009_text_2,server_009,2026-03-11,77,38
server_009_text_1,server_009,2026-03-12,189,57
server_009_text_2,server_009,2026-03-12,132,44
server_009_text_1,server_009,2026-03-13,143,38
server_009_text_2,server_009,2026-03-13,73,36
server_009_text_1,server_009,2026-03-14,241,80
server_009_text_2,server_009,2026-03-14,187,93
server_009_text_1,server_009,2026-03-15,170,54
server_009_text_2,server_009,2026-03-15,141,54
server_009_text_1,server_009,2026-03-16,36,36
server_009_text_2,server_009,2026-03-16,90,42
server_009_text_1,server_009,2026-03-17,277,47
server_009_text_2,server_009,2026-03-17,28,14
server_009_text_1,server_009,2026-03-18,79,79
server_009_text_2,server_009,2026-03-18,141,28
server_009_text_1,server_009,2026-03-19,166,41
server_009_text_2,server_009,2026-03-19,173,173
server_009_text_1,server_009,2026-03-20,207,94
server_009_text_2,server_009,2026-03-20,154,38
server_009_text_1,server_009,2026-03-21,28,9
server_009_text_2,server_009,2026-03-21,19,3
server_009_text_1,server_009,2026-03-22,226,32
server_009_text_2,server_009,2026-03-22,32,16
server_009_text_1,server_009,2026-03-23,320,106
server_009_text_2,server_009,2026-03-23,101,33
server_009_text_1,server_009,2026-03-24,201,100
server_009_text_2,server_009,2026-03-24,175,58
server_009_text_1,server_009,2026-03-25,175,38
server_009_text_2,server_009,2026-03-25,139,38
server_009_text_1,server_009,2026-03-26,192,28
server_009_text_2,server_009,2026-03-26,79,15
server_009_text_1,server_009,2026-03-27,368,75
server_009_text_2,server_009,2026-03-27,73,36
server_009_text_1,server_009,2026-03-28,142,35
server_009_text_2,server_009,2026-03-28,250,42
server_009_text_1,server_009,2026-03-29,128,37
server_009_text_2,server_009,2026-03-29,253,37
server_009_text_1,server_009,2026-03-30,42,8
server_009_text_2,server_009,2026-03-30,107,17
server_009_text_1,server_009,2026-03-31,18,4
server_009_text_2,server_009,2026-03-31,118,39
server_009_text_1,server_009,2026-04-01,85,28
server_009_text_2,server_009,2026-04-01,92,30
server_009_text_1,server_009,2026-04-02,144,44
server_009_text_2,server_009,2026-04-02,139,44
server_009_text_1,server_009,2026-04-03,53,12
server_009_text_2,server_009,2026-04-03,36,12
server_009_text_1,server_009,2026-04-04,95,31
server_009_text_2,server_009,2026-04-04,218,31
server_009_text_1,server_009,2026-04-05,130,58
server_009_text_2,server_009,2026-04-05,89,58
server_009_text_1,server_009,2026-04-06,202,39
server_009_text_2,server_009,2026-04-06,151,37
server_009_text_1,server_009,2026-04-07,271,46
server_009_text_2,server_009,2026-04-07,72,36
server_009_text_1,server_009,2026-04-08,33,8
server_009_text_2,server_009,2026-04-08,115,38
server_009_text_1,server_009,2026-04-09,53,8
server_009_text_2,server_009,2026-04-09,41,13
server_009_text_1,server_009,2026-04-10,88,29
server_009_text_2,server_009,2026-04-10,197,32
server_009_text_1,server_009,2026-04-11,66,16
server_009_text_2,server_009,2026-04-11,222,51
server_009_text_1,server_009,2026-04-12,273,54
server_009_text_2,server_009,2026-04-12,159,53
server_009_text_1,server_009,2026-04-13,139,36
server_009_text_2,server_009,2026-04-13,79,36
server_009_text_1,server_009,2026-04-14,121,32
server_009_text_2,server_009,2026-04-14,81,32
server_009_text_1,server_009,2026-04-15,121,41
server_009_text_2,server_009,2026-04-15,75,15
server_009_text_1,server_009,2026-04-16,119,52
server_009_text_2,server_009,2026-04-16,119,52
server_009_text_1,server_009,2026-04-17,84,42
server_009_text_2,server_009,2026-04-17,106,35
server_009_text_1,server_009,2026-04-18,157,52
server_009_text_2,server_009,2026-04-18,323,60
server_009_text_1,server_009,2026-04-19,274,68
server_009_text_2,server_009,2026-04-19,63,12
server_009_text_1,server_009,2026-04-20,91,29
server_009_text_2,server_009,2026-04-20,78,29
server_009_text_1,server_009,2026-04-21,97,15
server_009_text_2,server_009,2026-04-21,51,15
server_009_text_1,server_009,2026-04-22,51,33
server_009_text_2,server_009,2026-04-22,144,33
server_009_text_1,server_009,2026-04-23,65,21
server_009_text_2,server_009,2026-04-23,49,24
server_009_text_1,server_009,2026-04-24,199,68
server_009_text_2,server_009,2026-04-24,116,58
server_009_text_1,server_009,2026-04-25,93,31
server_009_text_2,server_009,2026-04-25,192,58
server_009_text_1,server_009,2026-04-26,45,15
server_009_text_2,server_009,2026-04-26,128,32
server_009_text_1,server_009,2026-04-27,148,29
server_009_text_2,server_009,2026-04-27,170,111
server_009_text_1,server_009,2026-04-28,20,6
server_009_text_2,server_009,2026-04-28,42,10
server_009_text_1,server_009,2026-04-29,157,32
server_009_text_2,server_009,2026-04-29,18,18
server_009_text_1,server_009,2026-04-30,74,18
server_009_text_2,server_009,2026-04-30,49,22
server_009_text_1,server_009,2026-05-01,100,25
server_009_text_2,server_009,2026-05-01,89,29
server_009_text_1,server_009,2026-05-02,17,17
server_009_text_2,server_009,2026-05-02,134,26
server_009_text_1,server_009,2026-05-03,135,67
server_009_text_2,server_009,2026-05-03,221,44
server_009_text_1,server_009,2026-05-04,28,9
server_009_text_2,server_009,2026-05-04,20,10
server_009_text_1,server_009,2026-05-05,126,18
server_009_text_2,server_009,2026-05-05,157,39
server_009_text_1,server_009,2026-05-06,208,56
server_009_text_2,server_009,2026-05-06,115,56
server_009_text_1,server_009,2026-05-07,116,58
server_009_text_2,server_009,2026-05-07,229,114
server_009_text_1,server_009,2026-05-08,122,20
server_009_text_2,server_009,2026-05-08,118,33
server_009_text_1,server_009,2026-05-09,95,15
server_009_text_2,server_009,2026-05-09,127,31
server_009_text_1,server_009,2026-05-10,142,35
server_009_text_2,server_009,2026-05-10,108,36
server_009_text_1,server_009,2026-05-11,126,126
server_009_text_2,server_009,2026-05-11,106,53
server_009_text_1,server_009,2026-05-12,54,13
server_009_text_2,server_009,2026-05-12,92,46
server_009_text_1,server_009,2026-05-13,97,72
server_009_text_2,server_009,2026-05-13,119,59
server_009_text_1,server_009,2026-05-14,174,87
server_009_text_2,server_009,2026-05-14,93,23
server_009_text_1,server_009,2026-05-15,194,38
server_009_text_2,server_009,2026-05-15,37,9
server_009_text_1,server_009,2026-05-16,61,10
server_009_text_2,server_009,2026-05-16,117,27
server_009_text_1,server_009,2026-05-17,262,65
server_009_text_2,server_009,2026-05-17,148,70
server_009_text_1,server_009,2026-05-18,18,9
server_009_text_2,server_009,2026-05-18,159,38
server_009_text_1,server_009,2026-05-19,143,47
server_009_text_2,server_009,2026-05-19,60,12
server_009_text_1,server_009,2026-05-20,254,84
server_009_text_2,server_009,2026-05-20,124,17
server_009_text_1,server_009,2026-05-21,71,71
server_009_text_2,server_009,2026-05-21,97,48
server_009_text_1,server_009,2026-05-22,34,8
server_009_text_2,server_009,2026-05-22,213,39
server_009_text_1,server_009,2026-05-23,170,46
server_009_text_2,server_009,2026-05-23,119,29
server_009_text_1,server_009,2026-05-24,16,4
server_009_text_2,server_009,2026-05-24,13,4
server_009_text_1,server_009,2026-05-25,114,57
server_009_text_2,server_009,2026-05-25,198,49
server_009_text_1,server_009,2026-05-26,114,38
server_009_text_2,server_009,2026-05-26,242,40
server_009_text_1,server_009,2026-05-27,181,73
server_009_text_2,server_009,2026-05-27,100,33
server_009_text_1,server_009,2026-05-28,235,32
server_009_text_2,server_009,2026-05-28,18,9
server_009_text_1,server_009,2026-05-29,225,60
server_009_text_2,server_009,2026-05-29,6,3
server_009_text_1,server_009,2026-05-30,27,9
server_009_text_2,server_009,2026-05-30,72,18
server_009_text_1,server_009,2026-05-31,273,54
server_009_text_2,server_009,2026-05-31,22,7
server_009_text_1,server_009,2026-06-01,75,18
server_009_text_2,server_009,2026-06-01,225,40
server_009_text_1,server_009,2026-06-02,28,9
server_009_text_2,server_009,2026-06-02,250,57
server_009_text_1,server_009,2026-06-03,1,0
server_009_text_2,server_009,2026-06-03,13,8
server_009_text_1,server_009,2026-06-04,220,32
server_009_text_2,server_009,2026-06-04,10,3
server_009_text_1,server_009,2026-06-05,39,4
server_009_text_2,server_009,2026-06-05,98,14
server_009_text_1,server_009,2026-06-06,73,14
server_009_text_2,server_009,2026-06-06,298,74
server_009_text_1,server_009,2026-06-07,30,10
server_009_text_2,server_009,2026-06-07,106,35
server_009_text_1,server_009,2026-06-08,200,47
server_009_text_2,server_009,2026-06-08,70,23
server_009_text_1,server_009,2026-06-09,224,30
server_009_text_2,server_009,2026-06-09,96,24
server_009_text_1,server_009,2026-06-10,110,15
server_009_text_2,server_009,2026-06-10,105,52
server_009_text_1,server_009,2026-06-11,186,62
server_009_text_2,server_009,2026-06-11,119,39
server_009_text_1,server_009,2026-06-12,156,65
server_009_text_2,server_009,2026-06-12,171,34
server_009_text_1,server_009,2026-06-13,203,45
server_009_text_2,server_009,2026-06-13,91,45
server_009_text_1,server_009,2026-06-14,163,54
server_009_text_2,server_009,2026-06-14,35,11
server_009_text_1,server_009,2026-06-15,143,47
server_009_text_2,server_009,2026-06-15,47,23
server_009_text_1,server_009,2026-06-16,78,30
server_009_text_2,server_009,2026-06-16,76,19
server_010_text_1,server_010,2025-12-18,41,0
server_010_text_2,server_010,2025-12-18,45,0
server_010_text_3,server_010,2025-12-18,115,0
server_010_text_4,server_010,2025-12-18,28,0
server_010_text_1,server_010,2025-12-19,41,1
server_010_text_2,server_010,2025-12-19,109,1
server_010_text_3,server_010,2025-12-19,51,1
server_010_text_4,server_010,2025-12-19,28,1
server_010_text_1,server_010,2025-12-20,26,2
server_010_text_2,server_010,2025-12-20,111,2
server_010_text_3,server_010,2025-12-20,62,2
server_010_text_4,server_010,2025-12-20,51,2
server_010_text_1,server_010,2025-12-21,99,11
server_010_text_2,server_010,2025-12-21,40,8
server_010_text_3,server_010,2025-12-21,81,11
server_010_text_4,server_010,2025-12-21,34,11
server_010_text_1,server_010,2025-12-22,17,2
server_010_text_2,server_010,2025-12-22,18,14
server_010_text_3,server_010,2025-12-22,15,3
server_010_text_4,server_010,2025-12-22,26,13
server_010_text_1,server_010,2025-12-23,61,16
server_010_text_2,server_010,2025-12-23,13,13
server_010_text_3,server_010,2025-12-23,66,16
server_010_text_4,server_010,2025-12-23,24,6
server_010_text_1,server_010,2025-12-24,27,23
server_010_text_2,server_010,2025-12-24,37,12
server_010_text_3,server_010,2025-12-24,37,9
server_010_text_4,server_010,2025-12-24,16,5
server_010_text_1,server_010,2025-12-25,9,9
server_010_text_2,server_010,2025-12-25,183,26
server_010_text_3,server_010,2025-12-25,31,26
server_010_text_4,server_010,2025-12-25,28,26
server_010_text_1,server_010,2025-12-26,14,7
server_010_text_2,server_010,2025-12-26,120,24
server_010_text_3,server_010,2025-12-26,6,1
server_010_text_4,server_010,2025-12-26,78,19
server_010_text_1,server_010,2025-12-27,93,23
server_010_text_2,server_010,2025-12-27,53,13
server_010_text_3,server_010,2025-12-27,79,26
server_010_text_4,server_010,2025-12-27,29,7
server_010_text_1,server_010,2025-12-28,54,35
server_010_text_2,server_010,2025-12-28,23,5
server_010_text_3,server_010,2025-12-28,25,8
server_010_text_4,server_010,2025-12-28,9,1
server_010_text_1,server_010,2025-12-29,33,11
server_010_text_2,server_010,2025-12-29,52,17
server_010_text_3,server_010,2025-12-29,61,36
server_010_text_4,server_010,2025-12-29,83,20
server_010_text_1,server_010,2025-12-30,56,18
server_010_text_2,server_010,2025-12-30,126,37
server_010_text_3,server_010,2025-12-30,71,14
server_010_text_4,server_010,2025-12-30,79,37
server_010_text_1,server_010,2025-12-31,27,6
server_010_text_2,server_010,2025-12-31,73,36
server_010_text_3,server_010,2025-12-31,37,12
server_010_text_4,server_010,2025-12-31,97,19
server_010_text_1,server_010,2026-01-01,130,51
server_010_text_2,server_010,2026-01-01,76,15
server_010_text_3,server_010,2026-01-01,54,18
server_010_text_4,server_010,2026-01-01,56,11
server_010_text_1,server_010,2026-01-02,22,4
server_010_text_2,server_010,2026-01-02,57,19
server_010_text_3,server_010,2026-01-02,44,11
server_010_text_4,server_010,2026-01-02,43,10
server_010_text_1,server_010,2026-01-03,125,31
server_010_text_2,server_010,2026-01-03,34,11
server_010_text_3,server_010,2026-01-03,50,16
server_010_text_4,server_010,2026-01-03,5,1
server_010_text_1,server_010,2026-01-04,0,0
server_010_text_2,server_010,2026-01-04,0,0
server_010_text_3,server_010,2026-01-04,0,0
server_010_text_4,server_010,2026-01-04,0,0
server_010_text_1,server_010,2026-01-05,62,56
server_010_text_2,server_010,2026-01-05,62,20
server_010_text_3,server_010,2026-01-05,204,29
server_010_text_4,server_010,2026-01-05,39,13
server_010_text_1,server_010,2026-01-06,34,17
server_010_text_2,server_010,2026-01-06,18,2
server_010_text_3,server_010,2026-01-06,61,57
server_010_text_4,server_010,2026-01-06,104,57
server_010_text_1,server_010,2026-01-07,36,18
server_010_text_2,server_010,2026-01-07,32,10
server_010_text_3,server_010,2026-01-07,23,11
server_010_text_4,server_010,2026-01-07,38,6
server_010_text_1,server_010,2026-01-08,116,30
server_010_text_2,server_010,2026-01-08,53,10
server_010_text_3,server_010,2026-01-08,13,6
server_010_text_4,server_010,2026-01-08,92,30
server_010_text_1,server_010,2026-01-09,12,6
server_010_text_2,server_010,2026-01-09,71,47
server_010_text_3,server_010,2026-01-09,20,10
server_010_text_4,server_010,2026-01-09,28,28
server_010_text_1,server_010,2026-01-10,70,17
server_010_text_2,server_010,2026-01-10,12,6
server_010_text_3,server_010,2026-01-10,36,12
server_010_text_4,server_010,2026-01-10,82,30
server_010_text_1,server_010,2026-01-11,22,22
server_010_text_2,server_010,2026-01-11,82,27
server_010_text_3,server_010,2026-01-11,65,65
server_010_text_4,server_010,2026-01-11,37,7
server_010_text_1,server_010,2026-01-12,53,17
server_010_text_2,server_010,2026-01-12,16,16
server_010_text_3,server_010,2026-01-12,71,17
server_010_text_4,server_010,2026-01-12,34,8
server_010_text_1,server_010,2026-01-13,47,47
server_010_text_2,server_010,2026-01-13,11,3
server_010_text_3,server_010,2026-01-13,23,5
server_010_text_4,server_010,2026-01-13,105,35
server_010_text_1,server_010,2026-01-14,12,12
server_010_text_2,server_010,2026-01-14,58,40
server_010_text_3,server_010,2026-01-14,65,21
server_010_text_4,server_010,2026-01-14,94,40
server_010_text_1,server_010,2026-01-15,30,6
server_010_text_2,server_010,2026-01-15,72,24
server_010_text_3,server_010,2026-01-15,36,12
server_010_text_4,server_010,2026-01-15,192,38
server_010_text_1,server_010,2026-01-16,39,7
server_010_text_2,server_010,2026-01-16,21,10
server_010_text_3,server_010,2026-01-16,16,3
server_010_text_4,server_010,2026-01-16,137,68
server_010_text_1,server_010,2026-01-17,88,51
server_010_text_2,server_010,2026-01-17,79,26
server_010_text_3,server_010,2026-01-17,71,14
server_010_text_4,server_010,2026-01-17,87,51
server_010_text_1,server_010,2026-01-18,55,11
server_010_text_2,server_010,2026-01-18,10,2
server_010_text_3,server_010,2026-01-18,142,50
server_010_text_4,server_010,2026-01-18,67,16
server_010_text_1,server_010,2026-01-19,9,4
server_010_text_2,server_010,2026-01-19,39,17
server_010_text_3,server_010,2026-01-19,13,2
server_010_text_4,server_010,2026-01-19,38,9
server_010_text_1,server_010,2026-01-20,104,73
server_010_text_2,server_010,2026-01-20,152,38
server_010_text_3,server_010,2026-01-20,67,67
server_010_text_4,server_010,2026-01-20,29,5
server_010_text_1,server_010,2026-01-21,44,44
server_010_text_2,server_010,2026-01-21,158,79
server_010_text_3,server_010,2026-01-21,64,64
server_010_text_4,server_010,2026-01-21,121,40
server_010_text_1,server_010,2026-01-22,120,24
server_010_text_2,server_010,2026-01-22,16,16
server_010_text_3,server_010,2026-01-22,24,8
server_010_text_4,server_010,2026-01-22,63,57
server_010_text_1,server_010,2026-01-23,58,19
server_010_text_2,server_010,2026-01-23,35,8
server_010_text_3,server_010,2026-01-23,53,17
server_010_text_4,server_010,2026-01-23,34,11
server_010_text_1,server_010,2026-01-24,86,86
server_010_text_2,server_010,2026-01-24,143,47
server_010_text_3,server_010,2026-01-24,88,22
server_010_text_4,server_010,2026-01-24,49,16
server_010_text_1,server_010,2026-01-25,9,1
server_010_text_2,server_010,2026-01-25,129,29
server_010_text_3,server_010,2026-01-25,31,4
server_010_text_4,server_010,2026-01-25,4,2
server_010_text_1,server_010,2026-01-26,3,1
server_010_text_2,server_010,2026-01-26,3,0
server_010_text_3,server_010,2026-01-26,1,0
server_010_text_4,server_010,2026-01-26,1,0
server_010_text_1,server_010,2026-01-27,30,4
server_010_text_2,server_010,2026-01-27,34,17
server_010_text_3,server_010,2026-01-27,70,14
server_010_text_4,server_010,2026-01-27,96,78
server_010_text_1,server_010,2026-01-28,0,0
server_010_text_2,server_010,2026-01-28,0,0
server_010_text_3,server_010,2026-01-28,0,0
server_010_text_4,server_010,2026-01-28,0,0
server_010_text_1,server_010,2026-01-29,30,7
server_010_text_2,server_010,2026-01-29,41,6
server_010_text_3,server_010,2026-01-29,69,53
server_010_text_4,server_010,2026-01-29,12,6
server_010_text_1,server_010,2026-01-30,12,6
server_010_text_2,server_010,2026-01-30,57,14
server_010_text_3,server_010,2026-01-30,54,21
server_010_text_4,server_010,2026-01-30,15,3
server_010_text_1,server_010,2026-01-31,52,8
server_010_text_2,server_010,2026-01-31,6,3
server_010_text_3,server_010,2026-01-31,33,8
server_010_text_4,server_010,2026-01-31,86,28
server_010_text_1,server_010,2026-02-01,48,24
server_010_text_2,server_010,2026-02-01,21,7
server_010_text_3,server_010,2026-02-01,40,5
server_010_text_4,server_010,2026-02-01,42,21
server_010_text_1,server_010,2026-02-02,50,25
server_010_text_2,server_010,2026-02-02,36,9
server_010_text_3,server_010,2026-02-02,89,29
server_010_text_4,server_010,2026-02-02,178,44
server_010_text_1,server_010,2026-02-03,49,24
server_010_text_2,server_010,2026-02-03,65,21
server_010_text_3,server_010,2026-02-03,14,4
server_010_text_4,server_010,2026-02-03,58,58
server_010_text_1,server_010,2026-02-04,66,16
server_010_text_2,server_010,2026-02-04,23,11
server_010_text_3,server_010,2026-02-04,21,3
server_010_text_4,server_010,2026-02-04,39,19
server_010_text_1,server_010,2026-02-05,30,15
server_010_text_2,server_010,2026-02-05,84,29
server_010_text_3,server_010,2026-02-05,10,3
server_010_text_4,server_010,2026-02-05,27,6
server_010_text_1,server_010,2026-02-06,11,5
server_010_text_2,server_010,2026-02-06,47,15
server_010_text_3,server_010,2026-02-06,129,32
server_010_text_4,server_010,2026-02-06,96,32
server_010_text_1,server_010,2026-02-07,22,5
server_010_text_2,server_010,2026-02-07,49,16
server_010_text_3,server_010,2026-02-07,63,31
server_010_text_4,server_010,2026-02-07,77,15
server_010_text_1,server_010,2026-02-08,141,70
server_010_text_2,server_010,2026-02-08,171,70
server_010_text_3,server_010,2026-02-08,10,2
server_010_text_4,server_010,2026-02-08,81,40
server_010_text_1,server_010,2026-02-09,88,12
server_010_text_2,server_010,2026-02-09,52,13
server_010_text_3,server_010,2026-02-09,47,29
server_010_text_4,server_010,2026-02-09,48,24
server_010_text_1,server_010,2026-02-10,52,10
server_010_text_2,server_010,2026-02-10,49,12
server_010_text_3,server_010,2026-02-10,62,20
server_010_text_4,server_010,2026-02-10,79,21
server_010_text_1,server_010,2026-02-11,47,11
server_010_text_2,server_010,2026-02-11,35,17
server_010_text_3,server_010,2026-02-11,14,7
server_010_text_4,server_010,2026-02-11,30,3
server_010_text_1,server_010,2026-02-12,79,13
server_010_text_2,server_010,2026-02-12,108,54
server_010_text_3,server_010,2026-02-12,105,21
server_010_text_4,server_010,2026-02-12,29,14
server_010_text_1,server_010,2026-02-13,20,10
server_010_text_2,server_010,2026-02-13,13,3
server_010_text_3,server_010,2026-02-13,33,16
server_010_text_4,server_010,2026-02-13,6,2
server_010_text_1,server_010,2026-02-14,85,19
server_010_text_2,server_010,2026-02-14,13,3
server_010_text_3,server_010,2026-02-14,27,9
server_010_text_4,server_010,2026-02-14,31,10
server_010_text_1,server_010,2026-02-15,20,20
server_010_text_2,server_010,2026-02-15,47,11
server_010_text_3,server_010,2026-02-15,42,21
server_010_text_4,server_010,2026-02-15,49,22
server_010_text_1,server_010,2026-02-16,32,10
server_010_text_2,server_010,2026-02-16,51,17
server_010_text_3,server_010,2026-02-16,53,17
server_010_text_4,server_010,2026-02-16,54,10
server_010_text_1,server_010,2026-02-17,32,29
server_010_text_2,server_010,2026-02-17,54,27
server_010_text_3,server_010,2026-02-17,135,29
server_010_text_4,server_010,2026-02-17,36,12
server_010_text_1,server_010,2026-02-18,35,5
server_010_text_2,server_010,2026-02-18,85,82
server_010_text_3,server_010,2026-02-18,81,27
server_010_text_4,server_010,2026-02-18,38,9
server_010_text_1,server_010,2026-02-19,2,0
server_010_text_2,server_010,2026-02-19,1,1
server_010_text_3,server_010,2026-02-19,13,4
server_010_text_4,server_010,2026-02-19,21,10
server_010_text_1,server_010,2026-02-20,7,1
server_010_text_2,server_010,2026-02-20,6,3
server_010_text_3,server_010,2026-02-20,14,7
server_010_text_4,server_010,2026-02-20,8,4
server_010_text_1,server_010,2026-02-21,128,42
server_010_text_2,server_010,2026-02-21,22,7
server_010_text_3,server_010,2026-02-21,30,5
server_010_text_4,server_010,2026-02-21,18,3
server_010_text_1,server_010,2026-02-22,36,7
server_010_text_2,server_010,2026-02-22,35,8
server_010_text_3,server_010,2026-02-22,32,8
server_010_text_4,server_010,2026-02-22,65,21
server_010_text_1,server_010,2026-02-23,0,0
server_010_text_2,server_010,2026-02-23,0,0
server_010_text_3,server_010,2026-02-23,0,0
server_010_text_4,server_010,2026-02-23,0,0
server_010_text_1,server_010,2026-02-24,29,14
server_010_text_2,server_010,2026-02-24,45,7
server_010_text_3,server_010,2026-02-24,78,13
server_010_text_4,server_010,2026-02-24,17,5
server_010_text_1,server_010,2026-02-25,17,5
server_010_text_2,server_010,2026-02-25,44,20
server_010_text_3,server_010,2026-02-25,48,9
server_010_text_4,server_010,2026-02-25,30,20
server_010_text_1,server_010,2026-02-26,14,1
server_010_text_2,server_010,2026-02-26,92,15
server_010_text_3,server_010,2026-02-26,40,20
server_010_text_4,server_010,2026-02-26,49,24
server_010_text_1,server_010,2026-02-27,39,27
server_010_text_2,server_010,2026-02-27,73,27
server_010_text_3,server_010,2026-02-27,10,10
server_010_text_4,server_010,2026-02-27,58,14
server_010_text_1,server_010,2026-02-28,43,36
server_010_text_2,server_010,2026-02-28,7,1
server_010_text_3,server_010,2026-02-28,28,9
server_010_text_4,server_010,2026-02-28,91,36
server_010_text_1,server_010,2026-03-01,74,18
server_010_text_2,server_010,2026-03-01,64,32
server_010_text_3,server_010,2026-03-01,21,7
server_010_text_4,server_010,2026-03-01,141,35
server_010_text_1,server_010,2026-03-02,53,26
server_010_text_2,server_010,2026-03-02,26,6
server_010_text_3,server_010,2026-03-02,100,33
server_010_text_4,server_010,2026-03-02,132,33
server_010_text_1,server_010,2026-03-03,91,30
server_010_text_2,server_010,2026-03-03,30,10
server_010_text_3,server_010,2026-03-03,133,66
server_010_text_4,server_010,2026-03-03,63,21
server_010_text_1,server_010,2026-03-04,115,38
server_010_text_2,server_010,2026-03-04,100,50
server_010_text_3,server_010,2026-03-04,6,3
server_010_text_4,server_010,2026-03-04,61,30
server_010_text_1,server_010,2026-03-05,0,0
server_010_text_2,server_010,2026-03-05,0,0
server_010_text_3,server_010,2026-03-05,0,0
server_010_text_4,server_010,2026-03-05,0,0
server_010_text_1,server_010,2026-03-06,4,2
server_010_text_2,server_010,2026-03-06,49,7
server_010_text_3,server_010,2026-03-06,13,6
server_010_text_4,server_010,2026-03-06,66,38
server_010_text_1,server_010,2026-03-07,50,25
server_010_text_2,server_010,2026-03-07,98,24
server_010_text_3,server_010,2026-03-07,26,13
server_010_text_4,server_010,2026-03-07,33,16
server_010_text_1,server_010,2026-03-08,192,48
server_010_text_2,server_010,2026-03-08,44,44
server_010_text_3,server_010,2026-03-08,99,33
server_010_text_4,server_010,2026-03-08,5,1
server_010_text_1,server_010,2026-03-09,64,16
server_010_text_2,server_010,2026-03-09,7,2
server_010_text_3,server_010,2026-03-09,73,14
server_010_text_4,server_010,2026-03-09,12,6
server_010_text_1,server_010,2026-03-10,135,45
server_010_text_2,server_010,2026-03-10,11,11
server_010_text_3,server_010,2026-03-10,126,31
server_010_text_4,server_010,2026-03-10,133,33
server_010_text_1,server_010,2026-03-11,27,27
server_010_text_2,server_010,2026-03-11,37,7
server_010_text_3,server_010,2026-03-11,70,14
server_010_text_4,server_010,2026-03-11,23,11
server_010_text_1,server_010,2026-03-12,47,9
server_010_text_2,server_010,2026-03-12,20,10
server_010_text_3,server_010,2026-03-12,15,3
server_010_text_4,server_010,2026-03-12,61,30
server_010_text_1,server_010,2026-03-13,37,18
server_010_text_2,server_010,2026-03-13,104,29
server_010_text_3,server_010,2026-03-13,34,6
server_010_text_4,server_010,2026-03-13,28,28
server_010_text_1,server_010,2026-03-14,24,8
server_010_text_2,server_010,2026-03-14,3,1
server_010_text_3,server_010,2026-03-14,12,6
server_010_text_4,server_010,2026-03-14,14,2
server_010_text_1,server_010,2026-03-15,36,18
server_010_text_2,server_010,2026-03-15,99,49
server_010_text_3,server_010,2026-03-15,63,31
server_010_text_4,server_010,2026-03-15,27,6
server_010_text_1,server_010,2026-03-16,35,17
server_010_text_2,server_010,2026-03-16,30,22
server_010_text_3,server_010,2026-03-16,14,4
server_010_text_4,server_010,2026-03-16,11,3
server_010_text_1,server_010,2026-03-17,94,45
server_010_text_2,server_010,2026-03-17,22,7
server_010_text_3,server_010,2026-03-17,209,45
server_010_text_4,server_010,2026-03-17,16,4
server_010_text_1,server_010,2026-03-18,8,4
server_010_text_2,server_010,2026-03-18,2,2
server_010_text_3,server_010,2026-03-18,10,3
server_010_text_4,server_010,2026-03-18,13,3
server_010_text_1,server_010,2026-03-19,186,37
server_010_text_2,server_010,2026-03-19,56,14
server_010_text_3,server_010,2026-03-19,78,58
server_010_text_4,server_010,2026-03-19,54,13
server_010_text_1,server_010,2026-03-20,79,26
server_010_text_2,server_010,2026-03-20,74,37
server_010_text_3,server_010,2026-03-20,25,6
server_010_text_4,server_010,2026-03-20,5,2
server_010_text_1,server_010,2026-03-21,57,28
server_010_text_2,server_010,2026-03-21,41,41
server_010_text_3,server_010,2026-03-21,150,30
server_010_text_4,server_010,2026-03-21,84,84
server_010_text_1,server_010,2026-03-22,8,4
server_010_text_2,server_010,2026-03-22,24,6
server_010_text_3,server_010,2026-03-22,42,7
server_010_text_4,server_010,2026-03-22,21,5
server_010_text_1,server_010,2026-03-23,30,10
server_010_text_2,server_010,2026-03-23,132,66
server_010_text_3,server_010,2026-03-23,49,16
server_010_text_4,server_010,2026-03-23,93,31
server_010_text_1,server_010,2026-03-24,33,5
server_010_text_2,server_010,2026-03-24,66,22
server_010_text_3,server_010,2026-03-24,38,12
server_010_text_4,server_010,2026-03-24,78,19
server_010_text_1,server_010,2026-03-25,39,19
server_010_text_2,server_010,2026-03-25,13,13
server_010_text_3,server_010,2026-03-25,35,11
server_010_text_4,server_010,2026-03-25,113,37
server_010_text_1,server_010,2026-03-26,85,28
server_010_text_2,server_010,2026-03-26,49,16
server_010_text_3,server_010,2026-03-26,179,29
server_010_text_4,server_010,2026-03-26,110,71
server_010_text_1,server_010,2026-03-27,95,13
server_010_text_2,server_010,2026-03-27,63,63
server_010_text_3,server_010,2026-03-27,41,41
server_010_text_4,server_010,2026-03-27,134,26
server_010_text_1,server_010,2026-03-28,19,2
server_010_text_2,server_010,2026-03-28,19,4
server_010_text_3,server_010,2026-03-28,175,29
server_010_text_4,server_010,2026-03-28,31,15
server_010_text_1,server_010,2026-03-29,34,8
server_010_text_2,server_010,2026-03-29,41,38
server_010_text_3,server_010,2026-03-29,63,38
server_010_text_4,server_010,2026-03-29,28,14
server_010_text_1,server_010,2026-03-30,60,20
server_010_text_2,server_010,2026-03-30,28,23
server_010_text_3,server_010,2026-03-30,36,23
server_010_text_4,server_010,2026-03-30,10,10
server_010_text_1,server_010,2026-03-31,61,15
server_010_text_2,server_010,2026-03-31,132,46
server_010_text_3,server_010,2026-03-31,9,3
server_010_text_4,server_010,2026-03-31,72,36
server_010_text_1,server_010,2026-04-01,20,6
server_010_text_2,server_010,2026-04-01,62,31
server_010_text_3,server_010,2026-04-01,73,73
server_010_text_4,server_010,2026-04-01,147,49
server_010_text_1,server_010,2026-04-02,42,10
server_010_text_2,server_010,2026-04-02,47,15
server_010_text_3,server_010,2026-04-02,10,10
server_010_text_4,server_010,2026-04-02,34,5
server_010_text_1,server_010,2026-04-03,57,14
server_010_text_2,server_010,2026-04-03,9,1
server_010_text_3,server_010,2026-04-03,45,9
server_010_text_4,server_010,2026-04-03,69,39
server_010_text_1,server_010,2026-04-04,9,2
server_010_text_2,server_010,2026-04-04,38,12
server_010_text_3,server_010,2026-04-04,199,99
server_010_text_4,server_010,2026-04-04,137,45
server_010_text_1,server_010,2026-04-05,19,6
server_010_text_2,server_010,2026-04-05,53,17
server_010_text_3,server_010,2026-04-05,44,14
server_010_text_4,server_010,2026-04-05,93,18
server_010_text_1,server_010,2026-04-06,63,15
server_010_text_2,server_010,2026-04-06,81,41
server_010_text_3,server_010,2026-04-06,23,11
server_010_text_4,server_010,2026-04-06,67,22
server_010_text_1,server_010,2026-04-07,11,11
server_010_text_2,server_010,2026-04-07,26,8
server_010_text_3,server_010,2026-04-07,30,7
server_010_text_4,server_010,2026-04-07,15,12
server_010_text_1,server_010,2026-04-08,28,23
server_010_text_2,server_010,2026-04-08,12,6
server_010_text_3,server_010,2026-04-08,66,16
server_010_text_4,server_010,2026-04-08,91,23
server_010_text_1,server_010,2026-04-09,62,12
server_010_text_2,server_010,2026-04-09,62,15
server_010_text_3,server_010,2026-04-09,67,11
server_010_text_4,server_010,2026-04-09,15,7
server_010_text_1,server_010,2026-04-10,1,0
server_010_text_2,server_010,2026-04-10,39,27
server_010_text_3,server_010,2026-04-10,51,27
server_010_text_4,server_010,2026-04-10,14,4
server_010_text_1,server_010,2026-04-11,103,103
server_010_text_2,server_010,2026-04-11,71,35
server_010_text_3,server_010,2026-04-11,26,3
server_010_text_4,server_010,2026-04-11,100,25
server_010_text_1,server_010,2026-04-12,137,49
server_010_text_2,server_010,2026-04-12,88,44
server_010_text_3,server_010,2026-04-12,63,21
server_010_text_4,server_010,2026-04-12,91,45
server_010_text_1,server_010,2026-04-13,4,1
server_010_text_2,server_010,2026-04-13,23,7
server_010_text_3,server_010,2026-04-13,28,7
server_010_text_4,server_010,2026-04-13,36,30
server_010_text_1,server_010,2026-04-14,29,14
server_010_text_2,server_010,2026-04-14,18,15
server_010_text_3,server_010,2026-04-14,39,13
server_010_text_4,server_010,2026-04-14,20,4
server_010_text_1,server_010,2026-04-15,24,8
server_010_text_2,server_010,2026-04-15,122,40
server_010_text_3,server_010,2026-04-15,51,17
server_010_text_4,server_010,2026-04-15,66,22
server_010_text_1,server_010,2026-04-16,11,2
server_010_text_2,server_010,2026-04-16,13,2
server_010_text_3,server_010,2026-04-16,38,12
server_010_text_4,server_010,2026-04-16,74,17
server_010_text_1,server_010,2026-04-17,11,1
server_010_text_2,server_010,2026-04-17,5,0
server_010_text_3,server_010,2026-04-17,18,9
server_010_text_4,server_010,2026-04-17,10,2
server_010_text_1,server_010,2026-04-18,24,4
server_010_text_2,server_010,2026-04-18,55,18
server_010_text_3,server_010,2026-04-18,57,19
server_010_text_4,server_010,2026-04-18,132,49
server_010_text_1,server_010,2026-04-19,12,2
server_010_text_2,server_010,2026-04-19,26,5
server_010_text_3,server_010,2026-04-19,8,8
server_010_text_4,server_010,2026-04-19,14,4
server_010_text_1,server_010,2026-04-20,61,61
server_010_text_2,server_010,2026-04-20,68,11
server_010_text_3,server_010,2026-04-20,86,43
server_010_text_4,server_010,2026-04-20,114,38
server_010_text_1,server_010,2026-04-21,42,14
server_010_text_2,server_010,2026-04-21,16,8
server_010_text_3,server_010,2026-04-21,16,5
server_010_text_4,server_010,2026-04-21,71,17
server_010_text_1,server_010,2026-04-22,31,10
server_010_text_2,server_010,2026-04-22,68,8
server_010_text_3,server_010,2026-04-22,57,22
server_010_text_4,server_010,2026-04-22,37,12
server_010_text_1,server_010,2026-04-23,11,2
server_010_text_2,server_010,2026-04-23,14,13
server_010_text_3,server_010,2026-04-23,14,13
server_010_text_4,server_010,2026-04-23,8,8
server_010_text_1,server_010,2026-04-24,88,44
server_010_text_2,server_010,2026-04-24,57,57
server_010_text_3,server_010,2026-04-24,56,18
server_010_text_4,server_010,2026-04-24,38,9
server_010_text_1,server_010,2026-04-25,93,93
server_010_text_2,server_010,2026-04-25,31,15
server_010_text_3,server_010,2026-04-25,9,9
server_010_text_4,server_010,2026-04-25,56,9
server_010_text_1,server_010,2026-04-26,37,6
server_010_text_2,server_010,2026-04-26,50,12
server_010_text_3,server_010,2026-04-26,47,15
server_010_text_4,server_010,2026-04-26,3,0
server_010_text_1,server_010,2026-04-27,33,4
server_010_text_2,server_010,2026-04-27,103,12
server_010_text_3,server_010,2026-04-27,33,8
server_010_text_4,server_010,2026-04-27,51,10
server_010_text_1,server_010,2026-04-28,23,4
server_010_text_2,server_010,2026-04-28,39,5
server_010_text_3,server_010,2026-04-28,27,9
server_010_text_4,server_010,2026-04-28,47,15
server_010_text_1,server_010,2026-04-29,0,0
server_010_text_2,server_010,2026-04-29,0,0
server_010_text_3,server_010,2026-04-29,0,0
server_010_text_4,server_010,2026-04-29,0,0
server_010_text_1,server_010,2026-04-30,73,73
server_010_text_2,server_010,2026-04-30,154,38
server_010_text_3,server_010,2026-04-30,61,10
server_010_text_4,server_010,2026-04-30,77,25
server_010_text_1,server_010,2026-05-01,91,42
server_010_text_2,server_010,2026-05-01,64,16
server_010_text_3,server_010,2026-05-01,50,42
server_010_text_4,server_010,2026-05-01,5,5
server_010_text_1,server_010,2026-05-02,62,37
server_010_text_2,server_010,2026-05-02,56,11
server_010_text_3,server_010,2026-05-02,37,12
server_010_text_4,server_010,2026-05-02,103,34
server_010_text_1,server_010,2026-05-03,88,22
server_010_text_2,server_010,2026-05-03,101,25
server_010_text_3,server_010,2026-05-03,14,3
server_010_text_4,server_010,2026-05-03,94,45
server_010_text_1,server_010,2026-05-04,26,13
server_010_text_2,server_010,2026-05-04,94,18
server_010_text_3,server_010,2026-05-04,138,69
server_010_text_4,server_010,2026-05-04,81,13
server_010_text_1,server_010,2026-05-05,53,10
server_010_text_2,server_010,2026-05-05,106,45
server_010_text_3,server_010,2026-05-05,71,35
server_010_text_4,server_010,2026-05-05,29,14
server_010_text_1,server_010,2026-05-06,59,29
server_010_text_2,server_010,2026-05-06,22,22
server_010_text_3,server_010,2026-05-06,62,12
server_010_text_4,server_010,2026-05-06,104,20
server_010_text_1,server_010,2026-05-07,45,11
server_010_text_2,server_010,2026-05-07,67,16
server_010_text_3,server_010,2026-05-07,65,16
server_010_text_4,server_010,2026-05-07,20,5
server_010_text_1,server_010,2026-05-08,0,0
server_010_text_2,server_010,2026-05-08,0,0
server_010_text_3,server_010,2026-05-08,0,0
server_010_text_4,server_010,2026-05-08,0,0
server_010_text_1,server_010,2026-05-09,17,5
server_010_text_2,server_010,2026-05-09,24,8
server_010_text_3,server_010,2026-05-09,26,4
server_010_text_4,server_010,2026-05-09,19,2
server_010_text_1,server_010,2026-05-10,107,35
server_010_text_2,server_010,2026-05-10,63,63
server_010_text_3,server_010,2026-05-10,27,5
server_010_text_4,server_010,2026-05-10,165,23
server_010_text_1,server_010,2026-05-11,24,24
server_010_text_2,server_010,2026-05-11,66,9
server_010_text_3,server_010,2026-05-11,138,46
server_010_text_4,server_010,2026-05-11,70,61
server_010_text_1,server_010,2026-05-12,27,27
server_010_text_2,server_010,2026-05-12,19,4
server_010_text_3,server_010,2026-05-12,68,22
server_010_text_4,server_010,2026-05-12,73,31
server_010_text_1,server_010,2026-05-13,10,2
server_010_text_2,server_010,2026-05-13,15,3
server_010_text_3,server_010,2026-05-13,47,23
server_010_text_4,server_010,2026-05-13,5,1
server_010_text_1,server_010,2026-05-14,51,12
server_010_text_2,server_010,2026-05-14,62,10
server_010_text_3,server_010,2026-05-14,148,24
server_010_text_4,server_010,2026-05-14,21,10
server_010_text_1,server_010,2026-05-15,19,4
server_010_text_2,server_010,2026-05-15,88,17
server_010_text_3,server_010,2026-05-15,43,14
server_010_text_4,server_010,2026-05-15,264,66
server_010_text_1,server_010,2026-05-16,110,52
server_010_text_2,server_010,2026-05-16,76,15
server_010_text_3,server_010,2026-05-16,122,40
server_010_text_4,server_010,2026-05-16,75,15
server_010_text_1,server_010,2026-05-17,93,32
server_010_text_2,server_010,2026-05-17,109,32
server_010_text_3,server_010,2026-05-17,81,27
server_010_text_4,server_010,2026-05-17,38,19
server_010_text_1,server_010,2026-05-18,51,12
server_010_text_2,server_010,2026-05-18,107,26
server_010_text_3,server_010,2026-05-18,10,5
server_010_text_4,server_010,2026-05-18,51,12
server_010_text_1,server_010,2026-05-19,173,107
server_010_text_2,server_010,2026-05-19,41,13
server_010_text_3,server_010,2026-05-19,28,7
server_010_text_4,server_010,2026-05-19,78,26
server_010_text_1,server_010,2026-05-20,81,40
server_010_text_2,server_010,2026-05-20,26,26
server_010_text_3,server_010,2026-05-20,87,14
server_010_text_4,server_010,2026-05-20,70,17
server_010_text_1,server_010,2026-05-21,15,15
server_010_text_2,server_010,2026-05-21,45,11
server_010_text_3,server_010,2026-05-21,69,34
server_010_text_4,server_010,2026-05-21,60,20
server_010_text_1,server_010,2026-05-22,41,41
server_010_text_2,server_010,2026-05-22,16,16
server_010_text_3,server_010,2026-05-22,11,2
server_010_text_4,server_010,2026-05-22,38,19
server_010_text_1,server_010,2026-05-23,97,48
server_010_text_2,server_010,2026-05-23,182,60
server_010_text_3,server_010,2026-05-23,52,52
server_010_text_4,server_010,2026-05-23,18,6
server_010_text_1,server_010,2026-05-24,49,24
server_010_text_2,server_010,2026-05-24,91,30
server_010_text_3,server_010,2026-05-24,42,10
server_010_text_4,server_010,2026-05-24,239,73
server_010_text_1,server_010,2026-05-25,24,24
server_010_text_2,server_010,2026-05-25,14,7
server_010_text_3,server_010,2026-05-25,26,13
server_010_text_4,server_010,2026-05-25,70,70
server_010_text_1,server_010,2026-05-26,40,10
server_010_text_2,server_010,2026-05-26,159,32
server_010_text_3,server_010,2026-05-26,29,29
server_010_text_4,server_010,2026-05-26,24,24
server_010_text_1,server_010,2026-05-27,67,22
server_010_text_2,server_010,2026-05-27,37,9
server_010_text_3,server_010,2026-05-27,64,32
server_010_text_4,server_010,2026-05-27,178,53
server_010_text_1,server_010,2026-05-28,132,85
server_010_text_2,server_010,2026-05-28,23,7
server_010_text_3,server_010,2026-05-28,121,40
server_010_text_4,server_010,2026-05-28,48,16
server_010_text_1,server_010,2026-05-29,8,2
server_010_text_2,server_010,2026-05-29,122,52
server_010_text_3,server_010,2026-05-29,56,14
server_010_text_4,server_010,2026-05-29,68,22
server_010_text_1,server_010,2026-05-30,60,60
server_010_text_2,server_010,2026-05-30,81,81
server_010_text_3,server_010,2026-05-30,153,51
server_010_text_4,server_010,2026-05-30,105,26
server_010_text_1,server_010,2026-05-31,53,10
server_010_text_2,server_010,2026-05-31,78,39
server_010_text_3,server_010,2026-05-31,177,66
server_010_text_4,server_010,2026-05-31,80,40
server_010_text_1,server_010,2026-06-01,164,54
server_010_text_2,server_010,2026-06-01,57,11
server_010_text_3,server_010,2026-06-01,14,3
server_010_text_4,server_010,2026-06-01,51,25
server_010_text_1,server_010,2026-06-02,45,30
server_010_text_2,server_010,2026-06-02,23,4
server_010_text_3,server_010,2026-06-02,36,7
server_010_text_4,server_010,2026-06-02,23,23
server_010_text_1,server_010,2026-06-03,49,9
server_010_text_2,server_010,2026-06-03,81,24
server_010_text_3,server_010,2026-06-03,89,17
server_010_text_4,server_010,2026-06-03,16,5
server_010_text_1,server_010,2026-06-04,86,43
server_010_text_2,server_010,2026-06-04,17,17
server_010_text_3,server_010,2026-06-04,34,6
server_010_text_4,server_010,2026-06-04,165,53
server_010_text_1,server_010,2026-06-05,52,8
server_010_text_2,server_010,2026-06-05,43,26
server_010_text_3,server_010,2026-06-05,6,2
server_010_text_4,server_010,2026-06-05,71,23
server_010_text_1,server_010,2026-06-06,4,2
server_010_text_2,server_010,2026-06-06,6,1
server_010_text_3,server_010,2026-06-06,26,5
server_010_text_4,server_010,2026-06-06,23,11
server_010_text_1,server_010,2026-06-07,33,11
server_010_text_2,server_010,2026-06-07,25,6
server_010_text_3,server_010,2026-06-07,15,15
server_010_text_4,server_010,2026-06-07,23,20
server_010_text_1,server_010,2026-06-08,30,5
server_010_text_2,server_010,2026-06-08,6,1
server_010_text_3,server_010,2026-06-08,37,5
server_010_text_4,server_010,2026-06-08,22,11
server_010_text_1,server_010,2026-06-09,79,26
server_010_text_2,server_010,2026-06-09,156,26
server_010_text_3,server_010,2026-06-09,69,34
server_010_text_4,server_010,2026-06-09,51,25
server_010_text_1,server_010,2026-06-10,69,23
server_010_text_2,server_010,2026-06-10,85,28
server_010_text_3,server_010,2026-06-10,53,53
server_010_text_4,server_010,2026-06-10,72,9
server_010_text_1,server_010,2026-06-11,8,1
server_010_text_2,server_010,2026-06-11,32,10
server_010_text_3,server_010,2026-06-11,80,26
server_010_text_4,server_010,2026-06-11,32,32
server_010_text_1,server_010,2026-06-12,28,14
server_010_text_2,server_010,2026-06-12,15,2
server_010_text_3,server_010,2026-06-12,55,18
server_010_text_4,server_010,2026-06-12,21,4
server_010_text_1,server_010,2026-06-13,118,118
server_010_text_2,server_010,2026-06-13,115,38
server_010_text_3,server_010,2026-06-13,120,40
server_010_text_4,server_010,2026-06-13,40,13
server_010_text_1,server_010,2026-06-14,76,25
server_010_text_2,server_010,2026-06-14,115,38
server_010_text_3,server_010,2026-06-14,73,24
server_010_text_4,server_010,2026-06-14,51,25
server_010_text_1,server_010,2026-06-15,107,53
server_010_text_2,server_010,2026-06-15,74,37
server_010_text_3,server_010,2026-06-15,42,42
server_010_text_4,server_010,2026-06-15,117,88
server_010_text_1,server_010,2026-06-16,48,6
server_010_text_2,server_010,2026-06-16,13,13
server_010_text_3,server_010,2026-06-16,225,64
server_010_text_4,server_010,2026-06-16,142,64
