user_id,server_id,username,display_name,discriminator,avatar_hash,is_bot,join_date,last_active,roles,messages_sent,voice_minutes,is_owner
owner_001,server_001,uhorton,Kristi Higgins MD,2584,ba3014d361,False,2025-08-23 17:40:55,2026-02-09 21:51:29,"admin,moderator",4550,2478,True
user_server_001_3200,server_001,rileyamy,Amy Silva,4333,,True,2026-04-18 06:55:54,2026-06-08 15:27:10,,360,0,False
user_server_001_5325,server_001,brianromero,Andrea Jones,8280,d074447c21,False,2026-03-26 14:06:00,2026-04-10 16:19:11,verified,262,33,False
user_server_001_5291,server_001,kwilson,Kristopher Harvey,2647,8e8eaa1052,False,2025-09-12 11:09:43,2025-10-18 07:26:45,"moderator,booster",291,402,False
user_server_001_9938,server_001,sarah35,James Powers,0590,0e507f50b1,True,2026-02-05 20:00:46,2026-05-25 18:01:41,admin,571,4,False
user_server_001_6862,server_001,sarah10,Zachary Ferrell,3441,8e33d66c73,False,2025-10-20 06:00:57,2026-04-05 03:55:06,,704,40,False
user_server_001_4878,server_001,williamanderson,Benjamin Sanchez,2662,7580d1329f,False,2026-01-08 02:12:20,2026-06-08 13:48:38,,675,113,False
user_server_001_5065,server_001,tbass,William Roman,4371,,False,2026-01-30 20:32:39,2026-02-04 16:03:25,,203,30,False
user_server_001_4728,server_001,contrerasangela,Ashley Humphrey,3652,,False,2026-01-19 07:13:45,2026-01-26 19:41:56,,213,0,False
user_server_001_9785,server_001,darrell18,Douglas Clark,5425,1a338de37d,False,2025-12-29 05:18:18,2026-02-21 07:41:21,,376,0,False
user_server_001_6139,server_001,william40,Jeff Hill,7149,ee7c990fed,False,2025-12-03 04:23:02,2026-02-10 12:45:23,moderator,399,179,False
user_server_001_9821,server_001,danagreen,Kristen Patterson,3228,e951f3a668,False,2026-01-20 07:57:48,2026-05-12 07:03:30,admin,475,0,False
user_server_001_7691,server_001,landryhannah,Andrew Wood,5344,5bfdc5ed4b,False,2026-05-08 16:49:33,2026-05-24 17:32:12,moderator,234,0,False
user_server_001_5930,server_001,tanderson,Timothy Stanton,6653,5780d52c01,False,2025-10-12 04:05:24,2025-12-25 16:10:09,,477,0,False
user_server_001_4501,server_001,jason31,Justin Baxter,8375,9483d418eb,False,2025-12-13 03:54:41,2026-01-22 23:26:01,,296,116,False
user_server_001_4848,server_001,sarayoung,Robert Thompson,5085,c9c9572704,False,2026-06-05 13:20:23,2026-06-07 14:45:57,booster,187,0,False
user_server_001_4185,server_001,jillcook,Rebekah Shields,6291,63f6c5250d,False,2025-09-02 05:20:35,2025-09-20 04:05:10,verified,242,0,False
user_server_001_3881,server_001,erik16,Shannon Walker,8486,553c38afd9,True,2026-05-05 12:35:08,2026-06-07 21:43:25,verified,297,158,False
user_server_001_8251,server_001,ybailey,Courtney Keller,8270,0d36aed507,False,2025-10-09 20:49:33,2026-04-05 03:21:30,,872,509,False
user_server_001_9540,server_001,michelle45,Jennifer Zavala,7939,e05e0c2c95,False,2026-02-12 21:53:52,2026-03-15 19:37:38,verified,265,0,False
user_server_001_7275,server_001,wilsontara,Victor Baker,2503,e07b5b447c,False,2025-09-22 19:52:44,2026-01-11 19:03:29,"verified,booster",470,0,False
user_server_001_1320,server_001,yreed,Larry Dixon,9432,3c319833f7,False,2026-01-29 00:47:00,2026-04-03 06:48:08,,402,0,False
user_server_001_9947,server_001,jonathanfletcher,Timothy Ryan,9883,637c05ec7c,False,2026-01-07 08:18:41,2026-03-06 07:56:49,,419,65,False
user_server_001_8657,server_001,michaeljones,Erin Edwards,2091,0a93dd588d,False,2025-12-07 17:37:24,2026-03-02 08:45:58,,484,324,False
user_server_001_8564,server_001,william65,Edward Martinez,2977,,False,2026-01-23 18:13:00,2026-05-18 16:38:12,"admin,booster",614,1,False
user_server_001_5133,server_001,yortega,Stephanie Gilbert,1341,cc07bbe693,False,2025-11-13 22:29:55,2026-05-09 12:36:12,,841,261,False
user_server_001_1508,server_001,torresjason,Lisa Morris,4051,,False,2025-09-12 23:09:17,2026-01-26 21:01:17,"admin,booster",689,0,False
user_server_001_7043,server_001,nramos,Rebecca Moyer,2749,40f9cd08e5,False,2025-10-21 21:59:18,2026-01-22 13:23:18,verified,491,397,False
user_server_001_7149,server_001,campbellelizabeth,Anna Crane,6498,b11e7f5832,False,2026-05-29 17:15:23,2026-06-01 11:58:35,,211,0,False
user_server_001_1672,server_001,jeffrey32,David Alvarez,5688,eed5794004,False,2026-04-10 16:26:02,2026-06-10 14:00:52,,344,78,False
user_server_001_8102,server_001,gibsonolivia,Michelle Cruz,5934,3eb715ea3f,False,2025-09-19 12:24:19,2026-04-04 00:18:05,admin,896,436,False
user_server_001_9817,server_001,dianasmith,Patricia Rodriguez,7921,c4732c62aa,False,2026-05-25 10:16:34,2026-05-29 03:23:59,verified,208,249,False
user_server_001_8613,server_001,lindadominguez,Justin Lowery,9336,d89ca0f7cf,False,2026-04-10 19:56:44,2026-05-06 21:21:08,verified,302,294,False
user_server_001_5526,server_001,lauriecontreras,Linda Dodson DVM,9106,,False,2025-09-03 21:11:07,2026-03-14 20:27:20,,836,111,False
user_server_001_9041,server_001,jrivas,Christopher Hensley,7342,25c1273ad2,False,2025-09-25 23:39:09,2025-12-28 17:15:14,,489,0,False
user_server_001_7971,server_001,maryramirez,Kari Allen,9017,0bec92bb43,False,2025-11-17 19:06:36,2026-04-23 20:24:06,,802,105,False
user_server_001_4033,server_001,jimmy55,Angela Hernandez,3138,b5f5a16463,False,2025-12-06 22:48:21,2026-02-04 11:46:21,"moderator,verified",418,16,False
user_server_001_4727,server_001,jasminebrown,Joshua Perry,5912,,False,2026-06-01 03:18:13,2026-06-15 10:45:46,"verified,booster",235,0,False
user_server_001_9042,server_001,marissaprice,Theresa Smith,1680,03b79e368d,False,2026-03-19 04:10:54,2026-03-31 11:08:28,booster,271,200,False
user_server_001_2070,server_001,wwoods,James Snow,6565,0c50254b44,False,2026-02-22 00:46:42,2026-05-25 23:44:53,moderator,552,41,False
user_server_001_7818,server_001,tracynelson,Mr. Michael Yates,9933,94c8202a09,False,2026-05-17 07:52:09,2026-05-19 22:19:41,verified,228,329,False
user_server_001_1986,server_001,ncalhoun,Susan Vargas,9988,144e58b1f5,False,2026-03-14 16:24:39,2026-04-20 14:45:21,,353,0,False
user_server_001_3564,server_001,dayderek,Anthony Gray,0043,35ad04f48d,False,2026-06-15 22:54:25,2026-06-16 02:41:22,"moderator,verified",180,111,False
user_server_001_4824,server_001,matthew64,Sandra King,4334,a7f920b288,True,2026-02-22 05:35:01,2026-04-19 18:57:01,booster,380,25,False
user_server_001_3330,server_001,currybrett,Courtney Jones,1169,,False,2026-05-07 12:21:16,2026-06-15 12:58:20,,318,78,False
user_server_001_5460,server_001,websterstefanie,Alex Hernandez,8199,19f1351013,False,2026-04-11 19:53:39,2026-06-06 02:14:33,,385,90,False
user_server_001_1339,server_001,elliottjeffery,Pamela Jackson,4415,e3e296975a,False,2026-04-12 23:47:15,2026-04-16 20:40:11,verified,198,71,False
user_server_001_9056,server_001,stricklandfrank,Kenneth Hickman,1494,8f916a8776,False,2025-10-30 18:34:40,2026-05-01 11:57:47,,770,188,False
user_server_001_7561,server_001,tsanders,Kevin Rivas,9012,,False,2025-12-26 10:09:42,2026-05-05 13:12:36,,633,0,False
user_server_001_9889,server_001,curtisbarton,Lindsay Martinez,7569,b05a856a4f,False,2025-11-29 18:12:35,2026-04-04 07:20:23,booster,585,0,False
user_server_001_5719,server_001,reedross,Jonathan Peterson,7178,0865b31b79,False,2026-01-11 05:42:35,2026-05-12 03:23:37,verified,567,134,False
user_server_001_2527,server_001,xgarcia,Sandra Zimmerman,3681,b19b1ec107,False,2025-09-03 22:45:52,2026-05-06 14:59:51,moderator,1048,54,False
user_server_001_7807,server_001,christina87,Roger Vargas,7905,8d50bcad20,False,2026-02-18 22:41:16,2026-03-13 18:07:10,verified,287,0,False
user_server_001_5526,server_001,mariahmiller,Dana Marshall,6798,14f79ccdc8,False,2026-03-25 19:50:41,2026-04-08 20:53:05,,252,153,False
user_server_001_3434,server_001,frogers,Catherine Lewis,7316,93beedf6eb,True,2025-12-05 11:54:41,2026-05-13 19:56:56,,646,77,False
user_server_001_7274,server_001,joshua94,Kellie Lee,3826,f13ccf31a5,False,2026-03-26 01:55:30,2026-06-08 03:32:49,verified,415,178,False
user_server_001_3492,server_001,wfreeman,John Joseph,8115,3112fefe7e,False,2025-12-25 07:18:00,2026-05-18 21:52:39,,703,0,False
user_server_001_3361,server_001,davisjeffrey,Elizabeth Perkins,6717,93a94c3274,False,2026-04-09 22:33:44,2026-05-12 04:09:57,,306,207,False
user_server_001_6383,server_001,ronald85,Jesse Parker,8742,b1903d109d,False,2025-09-21 19:07:54,2026-03-23 03:06:04,booster,746,97,False
user_server_001_5708,server_001,leslienewton,Melissa Lee,3727,86c410f32f,False,2026-05-29 20:36:49,2026-06-10 16:51:49,"admin,verified",269,83,False
user_server_001_6314,server_001,jenny89,Brian Lee,0919,69b27895c6,False,2025-09-30 23:14:18,2026-06-04 02:11:46,"moderator,verified,booster",917,419,False
user_server_001_7267,server_001,kevinerickson,Angel Brown,3945,3c720db3a6,False,2025-10-19 06:29:26,2026-01-22 02:34:32,"verified,booster",485,339,False
user_server_001_5712,server_001,danamullins,Adam Mitchell,8955,,False,2025-11-21 21:50:06,2026-05-20 00:03:49,,804,55,False
user_server_001_7302,server_001,lalexander,Dawn Hensley,7916,,False,2026-01-04 22:35:13,2026-04-29 00:52:10,,516,461,False
user_server_001_1132,server_001,shortrichard,Mark Brown,9272,60ee4e41c7,False,2026-01-10 03:25:25,2026-05-01 18:14:28,moderator,584,85,False
owner_002,server_002,christopher31,Jennifer Carlson,0803,827c945698,False,2025-03-13 07:38:45,2026-04-03 03:18:48,"admin,moderator",2444,1885,True
user_server_002_3240,server_002,chayes,Kevin Patterson,1591,61fe6242b6,False,2025-12-11 23:23:04,2026-01-23 12:01:10,,374,205,False
user_server_002_7807,server_002,lynchjody,Christine Clark,2877,2c569a0a59,True,2025-11-08 06:34:19,2026-04-28 11:20:30,moderator,677,457,False
user_server_002_5835,server_002,johnarnold,Jason Norris,5549,937bbc0ed0,False,2025-12-22 11:43:28,2026-04-04 13:40:32,moderator,554,21,False
user_server_002_6992,server_002,halljasmine,Jordan Mcdaniel,1479,54f363c2c6,False,2025-05-10 19:19:39,2025-08-28 03:13:42,,583,0,False
user_server_002_7086,server_002,ronaldstephens,Susan Serrano,1775,b4bfbe059c,False,2026-05-04 02:04:43,2026-05-10 02:04:11,,199,235,False
user_server_002_5951,server_002,lauralarson,Tammy Gonzales,6689,,False,2026-05-23 09:02:16,2026-05-31 08:06:55,moderator,230,0,False
user_server_002_7078,server_002,sbarker,Dillon Fernandez,8850,6d27579452,False,2025-04-11 05:19:48,2025-12-03 15:05:49,,1031,78,False
user_server_002_7070,server_002,prestonjessica,Allison Perez,3559,b9f547834f,False,2025-07-11 08:09:41,2025-12-19 11:09:55,,777,378,False
user_server_002_5520,server_002,keyemily,Andrew Avila,3109,87a37bfea4,False,2025-12-20 00:36:13,2026-01-08 07:37:46,booster,272,19,False
user_server_002_4990,server_002,lmoon,Jessica Olsen DVM,2063,4046b31f6c,False,2026-03-01 12:11:31,2026-03-19 07:25:15,verified,248,0,False
user_server_002_1046,server_002,qcook,Christopher Jenkins,4542,b6ba1f479f,False,2026-05-17 18:49:40,2026-05-27 20:11:00,,228,0,False
user_server_002_4898,server_002,jcervantes,Brandon King,9647,2e1f554d9f,False,2025-06-22 06:52:29,2026-01-18 02:02:51,"verified,booster",919,0,False
user_server_002_9408,server_002,ahancock,Kimberly Gutierrez,9726,,False,2025-04-23 00:26:03,2025-07-30 11:23:04,,526,135,False
user_server_002_7984,server_002,aprildean,Mr. Anthony Adams Jr.,1768,a7ba87d871,False,2025-04-16 00:01:43,2026-05-26 00:35:01,moderator,1441,65,False
user_server_002_6327,server_002,omartinez,Cynthia Moore,6240,9e52b68206,False,2025-05-09 09:36:43,2025-07-11 03:39:20,moderator,396,527,False
user_server_002_4522,server_002,hdavis,Bruce Collier,7046,1a36dff0ef,False,2026-02-28 17:30:51,2026-06-06 21:33:10,admin,518,0,False
user_server_002_3500,server_002,william46,Veronica Sanchez,7770,,False,2025-12-01 13:47:20,2026-05-26 16:42:18,,751,380,False
user_server_002_6400,server_002,patrickweeks,Sherry Shields,2002,fc61f5b74b,False,2025-05-24 17:34:51,2025-11-08 10:57:42,,726,162,False
user_server_002_8900,server_002,ymorgan,Samantha Campbell,3674,b690c1c307,False,2026-02-04 19:45:36,2026-02-14 19:30:57,,262,168,False
user_server_002_1430,server_002,cgrimes,Haley Arnold,9977,05502018a7,False,2026-05-19 09:11:09,2026-06-06 05:25:31,,228,922,False
user_server_002_3347,server_002,mcantu,Mrs. Janet Chase,9278,c977c2eb4a,False,2025-10-07 01:13:58,2025-10-18 07:05:45,booster,215,0,False
user_server_002_6314,server_002,julie66,Rebecca Pearson MD,9299,42f3f86e9a,False,2025-04-06 03:08:08,2025-06-16 09:37:21,,478,238,False
user_server_002_7947,server_002,waynelawrence,Shelly Alexander,7957,208ac4d168,False,2025-07-12 03:51:55,2025-09-11 07:01:54,"admin,verified",421,69,False
user_server_002_6053,server_002,jsmith,Matthew Moore,0744,60f41dce3d,False,2025-08-27 18:08:33,2026-03-14 17:33:22,,920,403,False
user_server_002_2965,server_002,matthew61,Sarah Villarreal,0126,18090ff316,False,2025-04-24 20:51:20,2025-04-30 20:09:11,,241,139,False
user_server_002_7505,server_002,courtney78,Barry Welch,0693,21e109133e,False,2025-06-21 15:50:30,2025-11-16 07:37:54,,734,242,False
user_server_002_1341,server_002,juliehamilton,Mark Brennan,5321,,False,2025-05-12 19:06:36,2026-01-10 22:58:59,booster,1075,82,False
user_server_002_7484,server_002,tjackson,Amber Flynn,5083,b80f44fbc1,False,2026-03-05 16:28:25,2026-05-14 22:49:45,,422,0,False
user_server_002_3419,server_002,ryan38,Michael White,3871,,False,2025-07-21 21:52:00,2025-08-20 13:46:26,,301,0,False
user_server_002_8601,server_002,christianpitts,Cynthia Durham,9236,459e15948e,False,2025-07-26 01:54:07,2026-03-17 00:40:02,moderator,971,67,False
user_server_002_2118,server_002,dlittle,Adam Ballard,7682,092f16e3ab,False,2026-05-25 18:32:07,2026-06-10 09:06:18,booster,255,7,False
user_server_002_5703,server_002,charleslandry,Elizabeth Hayden DDS,1257,5d12925598,False,2025-10-12 15:56:02,2026-05-30 08:21:56,booster,1035,27,False
user_server_002_4084,server_002,james67,James Howard,5267,1e46697334,False,2025-05-22 10:53:40,2026-03-17 02:10:02,,1199,48,False
user_server_002_3827,server_002,andrew64,Sean Osborne,0641,43cd521e3e,False,2025-04-30 09:03:18,2026-04-15 07:24:52,,1397,10,False
user_server_002_6543,server_002,swall,Crystal Pham,9795,,False,2026-02-17 15:03:42,2026-05-30 09:23:53,verified,539,202,False
user_server_002_3463,server_002,danaoliver,Michelle Hopkins,5461,,False,2025-11-28 05:57:42,2025-12-23 20:18:16,verified,284,317,False
user_server_002_6072,server_002,courtneyberger,Ellen Alexander,9157,e902689ee6,False,2025-12-10 00:46:40,2026-02-08 06:33:44,,380,16,False
user_server_002_7937,server_002,christopherphillips,Casey Anderson,8331,df41ce1b1a,False,2025-06-20 13:53:39,2026-03-07 19:49:54,booster,1152,105,False
user_server_002_5846,server_002,alyssa42,Roger Olson,1657,916abd6663,False,2025-07-31 07:59:24,2025-10-22 12:24:37,"moderator,booster",440,57,False
user_server_002_3962,server_002,linda71,Vincent Dalton,2712,62e3747b58,False,2026-04-26 06:54:24,2026-04-29 22:51:52,booster,212,0,False
user_server_002_4833,server_002,zcoffey,Ann Foster,8749,45f13f46d2,False,2025-12-21 06:40:44,2026-05-01 14:45:30,,658,619,False
user_server_002_5616,server_002,gibsonemily,Lauren Carson,6256,959af69ae0,False,2026-03-12 14:43:49,2026-06-08 09:08:35,,514,189,False
user_server_002_7081,server_002,leonardthomas,Terri Murphy,9085,355756654b,False,2025-07-17 04:37:44,2026-05-30 10:36:25,verified,1237,88,False
user_server_002_8167,server_002,reidsteven,Marie Wilson,1502,a2ecd4a404,False,2026-04-18 00:53:37,2026-04-30 03:24:49,booster,253,0,False
user_server_002_2337,server_002,torrestravis,Stephen Taylor,6142,cafc854782,False,2026-02-26 17:16:51,2026-05-05 14:27:55,,381,8,False
user_server_002_8740,server_002,umatthews,Jason Garcia,2273,f4b17d7312,False,2025-05-29 06:41:20,2026-04-20 04:22:43,"moderator,verified",1392,128,False
user_server_002_7934,server_002,rcrosby,Jacob Ramos,1821,46336bc4e8,True,2025-03-17 09:32:06,2025-05-17 22:24:37,moderator,358,0,False
user_server_002_9189,server_002,cory58,Maria Brown,9776,f6638c5359,False,2025-06-15 23:03:49,2025-07-04 12:07:14,verified,258,113,False
user_server_002_4068,server_002,rushmadison,Daniel Fowler,1402,28bd466be3,False,2026-06-02 23:18:26,2026-06-08 20:14:47,moderator,212,201,False
user_server_002_7338,server_002,buchananjohn,Justin Jones,6116,03fb113a63,False,2026-04-25 22:06:16,2026-06-14 04:15:49,"moderator,booster",301,0,False
user_server_002_3185,server_002,brendali,Raymond Kramer,0726,3a34833180,False,2025-05-04 19:02:50,2026-01-27 14:37:53,moderator,1117,388,False
user_server_002_2033,server_002,michele22,Rebecca Rodriguez,7498,,False,2025-07-27 07:32:37,2026-06-14 19:16:48,,1317,0,False
user_server_002_1599,server_002,andersonmichael,Leah Smith,3131,bab11e866a,False,2025-08-15 06:01:58,2025-08-31 12:37:28,,220,5,False
user_server_002_7334,server_002,judyfox,Karen Strickland,5554,3d7190f0b5,False,2025-04-19 10:46:39,2026-01-02 06:18:07,,1072,171,False
user_server_002_3956,server_002,hayesjeffrey,Monica Kerr,8937,8610c6f07b,False,2026-04-03 18:09:14,2026-05-09 10:08:03,booster,308,0,False
user_server_002_1693,server_002,stephen00,Dr. Jessica Rodriguez DDS,5776,d7bbd3aa08,False,2025-11-23 00:30:57,2026-03-17 20:04:47,,574,567,False
user_server_002_1510,server_002,morriseddie,Marcus Richards,2339,65114b0265,False,2025-04-26 20:52:39,2025-06-24 03:44:46,booster,383,471,False
user_server_002_1530,server_002,hvang,Jonathan Jordan,9913,,False,2026-02-16 15:46:45,2026-02-23 09:57:14,,204,21,False
user_server_002_6150,server_002,farrelldebra,Michelle Lewis,4566,5e8d90265b,False,2025-12-26 10:55:31,2026-03-08 16:37:59,"admin,verified",457,0,False
user_server_002_4515,server_002,robertwilcox,Nicholas Edwards,4678,1011f37923,False,2025-08-04 19:49:58,2026-02-14 15:15:34,moderator,809,4,False
user_server_002_2438,server_002,nicholas27,Ronald Davis,5236,84e0641442,False,2025-08-15 19:14:26,2025-10-02 10:18:15,"admin,verified",381,25,False
user_server_002_3852,server_002,lisa80,Kristina Rivera,5922,d0ba81e852,False,2026-05-14 12:20:08,2026-06-09 20:00:39,moderator,298,0,False
user_server_002_3126,server_002,morgan60,Lindsay Bell,1412,,False,2025-08-16 10:11:29,2025-10-09 08:37:03,,412,325,False
user_server_002_2215,server_002,ericolson,Hayley Hawkins,7372,7504602e8a,False,2026-03-20 02:36:36,2026-05-10 03:34:10,verified,353,277,False
user_server_002_9238,server_002,audrey68,Sabrina Austin,0907,b74c548e45,False,2025-06-20 23:58:34,2026-05-27 23:09:28,booster,1306,299,False
user_server_002_5653,server_002,lynchdiane,Alyssa Nelson,1292,e93266be1e,False,2025-11-04 12:56:17,2026-01-07 11:39:11,,395,390,False
user_server_002_3526,server_002,michael22,Jennifer Thomas,2804,77bd7856ca,False,2026-05-15 04:04:26,2026-05-28 11:49:57,booster,239,280,False
user_server_002_5336,server_002,davisalyssa,Jesse Moore,3453,72816c54c9,False,2025-11-30 13:19:51,2025-12-16 13:17:22,"admin,verified",223,140,False
user_server_002_7653,server_002,kimberly99,Anthony Moore,4873,6a6fd80c7e,False,2025-04-05 20:12:57,2026-04-27 16:19:05,,1598,451,False
user_server_002_6231,server_002,nelsonebony,Mr. Donald Fischer,5658,b61b2e8491,False,2025-07-14 02:28:44,2025-12-31 19:53:56,verified,747,0,False
user_server_002_2586,server_002,rrodriguez,Katelyn Estrada,0829,f40a3fac17,False,2025-12-26 03:00:56,2026-04-05 02:59:48,verified,588,76,False
user_server_002_4110,server_002,djoyce,Eric Clark,2610,d044f130ac,False,2026-02-01 02:14:32,2026-03-21 07:15:56,,365,119,False
user_server_002_4944,server_002,keith10,Jeffrey Anderson MD,3524,3fddaf7f22,False,2026-04-04 17:12:02,2026-05-04 16:09:07,admin,283,0,False
user_server_002_2761,server_002,charles06,Thomas Atkins,7060,,False,2025-10-17 20:30:29,2026-04-28 01:15:22,"verified,booster",869,0,False
user_server_002_6939,server_002,tberry,Donna Sullivan,9064,8d6c5d6a29,False,2025-12-22 10:14:06,2026-05-19 18:03:55,"admin,verified",738,19,False
user_server_002_7453,server_002,lauriemontgomery,Tamara Davis,6114,d18ae0f34f,False,2026-02-26 02:51:35,2026-06-12 21:22:46,verified,553,159,False
user_server_002_6456,server_002,ryanmorales,Seth Reese,7761,66060e7767,False,2025-12-22 07:02:33,2026-05-17 21:26:06,"verified,booster",679,0,False
user_server_002_5902,server_002,charlesschultz,Cheyenne Parsons,9727,f1332107c7,False,2026-04-17 17:22:09,2026-05-01 07:04:56,moderator,236,30,False
user_server_002_7824,server_002,joelthomas,Lance Wolf,9563,e8e97fb0e3,False,2026-04-30 19:10:46,2026-05-24 13:53:31,,291,21,False
user_server_002_1841,server_002,stephanieburton,Justin Riley,9560,2d1e0afb87,False,2025-04-03 00:23:05,2026-04-06 15:23:15,,1255,15,False
user_server_002_8225,server_002,michelle52,John Welch,5139,062697571d,False,2026-01-02 14:54:26,2026-01-31 07:35:30,booster,315,16,False
user_server_002_3262,server_002,bellcharles,Andrew Wood,8498,0524d5d2fb,False,2025-08-18 16:27:44,2026-01-25 01:27:24,,711,335,False
user_server_002_5331,server_002,gilbertwilliam,Julian Conner,9995,bcbac5da88,False,2026-03-19 21:07:38,2026-05-09 21:34:39,,390,17,False
user_server_002_9011,server_002,kstout,Erica Alvarez,5194,c04bf48dd3,False,2025-10-16 00:42:07,2026-05-20 18:26:47,,975,110,False
user_server_002_3399,server_002,hayeslisa,Vickie Miller,4758,,False,2025-10-11 17:15:49,2026-01-31 11:39:18,,632,135,False
user_server_002_5442,server_002,benjaminzimmerman,Kelly Bishop MD,9208,5920423853,False,2025-05-13 16:51:40,2026-02-06 17:32:41,verified,932,0,False
user_server_002_7771,server_002,vortiz,Amy Mccoy,5411,d03af07c41,False,2026-06-12 02:57:33,2026-06-13 13:48:25,booster,183,0,False
user_server_002_8793,server_002,cody64,Samuel Brandt,7822,244c60448a,False,2025-06-28 02:13:01,2025-06-30 02:30:41,moderator,218,654,False
user_server_002_4804,server_002,mathewaguilar,Gregory Ponce,8767,5114f274df,False,2025-10-22 10:16:53,2026-02-24 03:46:52,admin,598,405,False
user_server_002_9116,server_002,tanderson,Emily Bennett,3052,6e6cb3f47e,False,2025-04-11 06:56:07,2025-08-25 06:22:45,verified,565,696,False
user_server_002_9901,server_002,elizabethcalderon,Melissa Fox,8590,d8ee35a50f,True,2025-10-24 03:42:04,2025-11-07 16:54:40,moderator,247,237,False
user_server_002_4050,server_002,bromero,Christopher Lewis,0230,a0de73723c,False,2026-04-08 22:51:04,2026-05-24 09:25:06,,346,175,False
user_server_002_9442,server_002,ilee,Edward French,5372,,False,2026-05-28 07:51:17,2026-06-13 16:43:18,,281,65,False
user_server_002_5374,server_002,stanleynancy,Linda Moore,5400,15c8e79ee3,False,2025-08-03 20:13:01,2025-09-27 10:48:52,moderator,376,64,False
user_server_002_7642,server_002,jenniferwilliams,Nathan Montes,8233,895e2771c3,False,2025-03-22 04:49:24,2025-10-11 08:31:38,"moderator,verified",815,87,False
user_server_002_8834,server_002,pyoung,Robert Harrison,2509,e96e0447ed,False,2025-11-09 20:41:41,2025-12-25 11:05:19,verified,355,732,False
user_server_002_5054,server_002,erika97,Douglas Reyes,9761,152d8b10c6,False,2025-12-28 12:31:03,2026-03-19 06:29:54,,468,0,False
user_server_002_9972,server_002,lisasolis,David Davidson,8281,9fb238c0a5,False,2026-02-23 07:37:54,2026-06-05 21:05:48,"admin,booster",577,35,False
user_server_002_9361,server_002,dawsonzachary,Bradley Martin,7298,e8dc56c5a7,False,2025-07-19 02:50:26,2025-11-23 13:07:06,,695,598,False
user_server_002_1356,server_002,mariahdavis,Ruth Wilkerson,6487,a3293f5e65,False,2026-04-15 23:16:44,2026-05-26 07:17:17,admin,349,0,False
user_server_002_2130,server_002,gbrown,James Miller,7734,,False,2025-08-29 13:37:14,2026-04-11 03:52:20,booster,932,402,False
user_server_002_8348,server_002,anthonygalvan,Marie Moody,6184,49a6d44ac5,False,2025-06-26 12:13:22,2026-04-19 22:15:14,,987,94,False
user_server_002_4648,server_002,samantha72,Julie Gilbert,0056,5b145cf1cc,False,2026-05-06 04:55:53,2026-05-12 15:52:32,moderator,201,95,False
user_server_002_2848,server_002,scottmary,Monica Rose,0527,1693f41076,False,2026-03-07 22:39:50,2026-05-29 07:14:37,,511,107,False
user_server_002_1797,server_002,john10,Mark Dean,4009,5cc92727d4,False,2025-03-25 11:18:16,2025-09-28 09:38:57,moderator,778,400,False
user_server_002_6224,server_002,bcarlson,Laura Higgins,9461,efff47835a,False,2025-09-11 08:02:47,2026-04-08 22:58:20,moderator,972,119,False
user_server_002_1998,server_002,mendezjohn,Matthew Miller,9121,0b7d156579,False,2025-11-17 09:16:36,2026-02-17 09:22:56,verified,516,222,False
user_server_002_7244,server_002,ashleyamy,Katie Smith,8592,555f9fa1f5,False,2025-07-27 08:21:54,2026-03-27 11:02:38,moderator,1035,24,False
user_server_002_3365,server_002,reidtina,Alan Kramer,7586,b85873e48b,False,2025-07-07 05:15:49,2025-10-31 16:25:37,,607,295,False
user_server_002_8369,server_002,ingramjill,Andrew Payne,6079,,False,2026-01-30 19:54:54,2026-05-19 01:03:34,booster,562,160,False
user_server_002_4555,server_002,mariacohen,Mrs. Catherine Taylor,7854,56de1645b6,False,2025-08-08 06:28:50,2025-08-28 06:50:12,booster,269,103,False
user_server_002_4974,server_002,mjohnson,Curtis Williams,9902,86ecdb51cf,False,2025-11-03 19:28:48,2025-11-09 18:24:01,,197,281,False
user_server_002_6892,server_002,ihays,Andrew Lucas,8401,54cb1bfa87,False,2025-09-15 05:05:53,2026-04-17 14:51:00,,936,47,False
user_server_002_4625,server_002,glennmartin,Jacob Preston,2390,,False,2026-03-12 23:34:53,2026-05-25 22:18:19,,403,86,False
user_server_002_6530,server_002,ykline,Cody Holt,4216,96a15811c9,False,2026-06-09 22:47:22,2026-06-15 00:25:04,,220,115,False
user_server_002_9882,server_002,laurie61,Zachary White,0962,c88f849de2,False,2026-03-29 09:00:37,2026-05-13 02:49:10,moderator,384,144,False
user_server_002_1149,server_002,millerdonna,Lance Simmons,3583,ce11ec0fdf,False,2025-05-10 01:15:54,2025-06-16 17:38:19,verified,344,194,False
user_server_002_9673,server_002,sergio59,Mrs. Veronica Gould MD,4501,9b1b944b21,False,2026-03-23 15:13:26,2026-05-26 15:28:03,"admin,booster",413,0,False
user_server_002_3439,server_002,william20,Lawrence Harrington,3948,,False,2026-04-07 09:37:52,2026-06-14 03:45:38,"verified,booster",419,135,False
user_server_002_4984,server_002,martinezjoel,Heidi Herring,3700,401ee6dbc0,False,2025-12-13 14:54:24,2026-02-03 12:43:48,admin,357,54,False
user_server_002_3807,server_002,erikarush,Phillip Berry,1354,6b43277c3d,False,2025-05-14 22:27:14,2025-06-08 13:05:45,"verified,booster",244,27,False
user_server_002_8790,server_002,redwards,Brian Fitzgerald,4441,,False,2025-11-25 14:58:39,2026-01-01 15:48:51,,295,0,False
user_server_002_4394,server_002,jholmes,Reginald Padilla,9617,,False,2025-10-17 02:10:39,2026-05-15 23:35:25,admin,927,84,False
user_server_002_9856,server_002,wendymitchell,Katherine Martinez,5435,0ab99591bf,False,2026-01-16 16:25:18,2026-01-31 14:58:34,,272,220,False
user_server_002_7499,server_002,tthompson,Brandon Fleming,5347,,False,2025-05-13 05:38:38,2026-06-06 05:05:57,"moderator,verified,booster",1381,0,False
user_server_002_7227,server_002,elizabeth18,Stephanie York,1404,25dbb08574,False,2026-02-26 06:30:36,2026-06-01 12:53:16,verified,423,0,False
user_server_002_6188,server_002,laurahicks,Curtis Taylor,5909,,False,2025-09-20 17:48:09,2025-10-19 06:56:04,,278,0,False
user_server_002_9395,server_002,jjohnson,Julie Bird,6685,,False,2025-11-07 18:10:03,2026-04-29 11:24:22,"moderator,verified",684,0,False
user_server_002_2387,server_002,cherylmiller,Zachary Higgins,9167,a8aaffbe75,False,2026-05-17 19:03:06,2026-05-22 07:28:45,verified,211,90,False
user_server_002_2036,server_002,emorrow,Evan Jones,2739,1486b2e463,False,2026-05-31 13:45:39,2026-06-13 05:19:34,moderator,240,8,False
user_server_002_4203,server_002,david89,Vincent Reynolds,7501,,False,2026-03-24 10:22:18,2026-06-08 10:07:01,,479,17,False
user_server_002_3230,server_002,guerraapril,Christopher Donovan,4922,8f40cfac26,False,2026-01-14 15:52:44,2026-03-20 04:07:23,,355,328,False
user_server_002_9044,server_002,meghan43,Krista Martinez,9435,aa304ec6c8,False,2025-08-16 07:47:20,2026-02-18 08:28:59,verified,865,46,False
user_server_002_1440,server_002,shawgary,Brittany Hopkins,7563,f6f893c791,False,2025-10-17 00:49:09,2026-03-18 15:14:24,"moderator,booster",689,0,False
user_server_002_4965,server_002,megan90,Alyssa Williams,4139,85dbcc242c,False,2025-10-25 14:27:11,2025-11-21 11:03:30,,293,124,False
user_server_002_7853,server_002,debra96,Amanda Small,8907,,False,2025-12-31 03:15:50,2026-01-14 11:57:59,,260,58,False
user_server_002_6816,server_002,dawn47,Robert Sullivan,2725,58ff42b4ea,False,2026-05-04 08:17:55,2026-06-02 04:08:56,admin,306,0,False
user_server_002_9499,server_002,moorerobert,Gerald Thomas,9142,7d8a35e3e9,False,2026-01-17 17:03:37,2026-06-12 20:48:58,"moderator,verified",686,22,False
user_server_002_1402,server_002,jessica56,Jacob Hoffman,7909,,False,2026-02-22 13:33:37,2026-05-06 05:05:01,,435,55,False
user_server_002_9537,server_002,john14,Charles Williams,7912,4edfc7258d,False,2025-05-19 00:05:43,2025-08-17 03:47:04,,475,0,False
user_server_002_6620,server_002,kwright,Taylor Griffith,1791,69f1f3a374,False,2026-02-27 17:52:22,2026-04-30 16:05:55,"admin,booster",377,0,False
user_server_002_7636,server_002,tyronerobertson,Mr. Alexander Landry MD,3022,,False,2025-09-18 18:30:45,2026-04-07 03:55:27,,784,180,False
user_server_002_4519,server_002,jasongomez,Johnny Khan,3371,488c6e2ea9,False,2026-01-14 13:50:09,2026-01-20 05:52:54,booster,224,138,False
user_server_002_9019,server_002,amitchell,Jessica Khan,8646,2f322504d8,False,2025-04-30 21:55:07,2025-07-18 22:42:51,"verified,booster",410,176,False
user_server_002_5873,server_002,zdiaz,Justin Cox,9669,,False,2026-01-09 04:24:24,2026-05-07 21:18:37,booster,625,0,False
user_server_002_3258,server_002,charles87,Diana Hays,9417,d0060a5ca3,False,2025-06-12 20:44:46,2025-09-13 12:24:18,,458,0,False
user_server_002_4065,server_002,andersoncolin,William Grant,5154,9c218dabb9,False,2026-05-04 17:07:17,2026-06-07 09:01:45,"moderator,verified",300,169,False
user_server_002_7703,server_002,jameshicks,Amber Taylor,8056,5c2b0d6dc4,False,2025-12-17 04:37:15,2025-12-19 01:16:58,,207,21,False
user_server_002_5503,server_002,jstone,Kaylee Murphy,3683,658374985f,False,2026-03-27 21:39:54,2026-04-13 03:23:37,admin,231,0,False
user_server_002_7010,server_002,phillipjensen,Linda Romero,8880,a7f9a74da0,False,2026-03-03 12:44:03,2026-06-07 17:03:41,moderator,478,0,False
user_server_002_1528,server_002,terickson,Alan Rivera,7368,ba1aa1bce7,False,2026-02-19 03:18:54,2026-06-05 05:30:20,,528,454,False
user_server_002_6744,server_002,ysilva,Shelby Soto,9998,3f27b03c9e,False,2025-05-19 21:07:35,2026-04-25 21:58:57,verified,1176,0,False
user_server_002_9827,server_002,tammy99,Anthony Castillo,2758,2dab075763,False,2025-06-29 11:10:25,2026-04-30 06:29:57,moderator,1189,23,False
user_server_002_7743,server_002,rhernandez,Kenneth Graves,0971,add6321d03,False,2025-10-24 01:12:30,2026-06-03 11:29:27,booster,921,401,False
user_server_002_7434,server_002,jedwards,Damon Shaw,8019,,False,2025-06-19 21:00:45,2026-03-19 06:46:53,,1189,37,False
user_server_002_5558,server_002,vsalas,Michele Stone,6046,42c765321c,False,2026-01-29 01:21:40,2026-04-11 21:47:27,verified,455,162,False
user_server_002_6869,server_002,ufox,Julia Patel,1037,69e53ce517,False,2026-06-08 08:05:00,2026-06-08 08:48:13,moderator,203,293,False
user_server_002_8951,server_002,chelsea33,Edwin David,5631,adfc46f4d9,False,2026-02-10 00:46:25,2026-03-23 04:04:22,booster,313,110,False
user_server_002_8479,server_002,janet75,Justin Michael,0011,7b8056b9d0,False,2025-04-18 00:05:02,2025-07-04 08:17:29,"moderator,booster",456,24,False
user_server_002_5102,server_002,david86,Jennifer Reed,1350,6bb3f70a01,False,2025-06-23 18:41:02,2026-06-01 08:53:49,verified,1366,174,False
user_server_002_2559,server_002,kellyroberts,Hannah Ramos,0017,23c9f64ba9,False,2025-07-19 21:15:25,2025-08-08 23:56:57,verified,244,0,False
user_server_002_7919,server_002,ilewis,Justin Nelson,2165,da15d9ce00,False,2025-09-05 00:08:56,2026-03-25 17:43:12,admin,874,0,False
user_server_002_3181,server_002,johnsantiago,Margaret Williams,2340,,False,2025-05-21 16:53:52,2025-08-09 06:16:43,,447,13,False
user_server_002_8248,server_002,erivera,Randy Smith,3559,,False,2025-07-18 19:00:00,2026-01-05 17:01:26,,820,0,False
user_server_002_2380,server_002,richarddonovan,Karen Gonzalez,4065,827f5b167e,False,2025-06-16 23:27:46,2026-01-31 22:41:23,,998,181,False
user_server_002_7418,server_002,justin01,Crystal Rodgers,4842,5800590b3f,False,2025-10-20 14:57:16,2025-10-31 00:58:33,,232,85,False
user_server_002_1197,server_002,gentrygregory,Casey Gillespie,5916,e64166f82c,False,2025-09-15 05:17:12,2026-03-26 09:58:28,verified,949,0,False
user_server_002_1273,server_002,lfrench,Tonya Howe,9623,,False,2026-05-28 19:01:27,2026-06-08 00:11:41,,280,0,False
user_server_002_7939,server_002,smithashley,William Mitchell,6590,,False,2025-04-13 06:04:20,2025-05-30 05:17:36,,326,270,False
user_server_002_3545,server_002,ismall,Julie Lee,8788,4b9966d990,False,2025-07-09 21:48:56,2025-10-25 16:00:08,admin,565,30,False
user_server_002_8118,server_002,jessicawong,Alexis Rogers,1900,c3a7804535,False,2025-05-03 16:07:13,2025-12-30 14:05:55,"verified,booster",1065,35,False
user_server_002_9568,server_002,gregorychase,Samantha Robertson,8474,3865c3f7aa,False,2025-11-08 13:13:49,2026-01-15 18:22:07,verified,392,218,False
user_server_002_1480,server_002,lopezdonald,David Green,5488,e3d0a7dbb7,False,2025-07-21 00:03:39,2025-12-12 10:08:06,,683,0,False
user_server_002_9185,server_002,stephanie49,Alexandra Valdez,9287,,False,2025-05-01 22:18:21,2025-11-22 04:02:33,moderator,963,0,False
user_server_002_1201,server_002,bryanwilson,Jared Shaw,4006,,False,2025-06-01 05:55:56,2026-05-14 13:07:04,booster,1451,94,False
user_server_002_7870,server_002,hannah45,Colleen Anderson,3678,c335758306,False,2025-07-07 21:25:36,2025-09-15 09:27:48,,425,275,False
user_server_002_4656,server_002,robert87,Rebecca Petersen,8450,47612c1fe9,False,2025-11-16 19:40:08,2026-03-02 03:58:34,"moderator,booster",550,459,False
user_server_002_7044,server_002,foxallison,Thomas Rodriguez,3287,fc7652a7db,False,2025-05-05 20:31:39,2026-05-02 02:30:40,verified,1368,473,False
user_server_002_9954,server_002,ashleyhernandez,Joseph Wilson,4016,,False,2025-09-17 17:44:21,2026-03-16 21:50:57,,820,562,False
user_server_002_7164,server_002,jenniferburns,Jill Brown,5038,,False,2025-03-31 21:21:55,2025-09-28 20:45:28,verified,820,29,False
user_server_002_2524,server_002,williambryant,Joel Roman,0719,af40576c20,False,2025-09-14 07:24:41,2026-02-24 08:22:43,admin,791,152,False
user_server_002_3187,server_002,ascott,Laura Williams,6461,,False,2026-04-21 00:39:35,2026-05-31 03:09:06,"verified,booster",368,32,False
user_server_002_6345,server_002,isabella80,Andrea Peck,5211,2a96a0f507,False,2026-02-14 04:18:51,2026-03-11 13:27:32,,272,0,False
user_server_002_7660,server_002,iwhite,Veronica Brewer,1978,b79a95b4e4,False,2025-08-17 18:28:59,2025-10-09 15:08:14,"moderator,verified",393,168,False
user_server_002_1660,server_002,ywest,Michael Stanley,3522,2ac09ba2ba,False,2025-08-21 14:15:56,2026-02-13 02:26:16,"moderator,verified",826,83,False
user_server_002_3848,server_002,david86,Monica Walker,0509,7ed25dae3f,False,2025-05-23 03:58:39,2025-12-01 23:06:39,"moderator,verified",903,374,False
user_server_002_4641,server_002,goodsteven,Jessica Gray,2141,,False,2026-05-19 03:22:30,2026-06-14 20:18:44,"verified,booster",259,319,False
user_server_002_8265,server_002,johnreed,Timothy Hardy,2110,,False,2025-05-17 14:15:15,2025-12-04 15:01:14,"admin,booster",796,256,False
user_server_002_7471,server_002,johnsondonna,Taylor Small,8128,,True,2025-11-25 20:11:01,2026-01-12 10:13:27,moderator,372,236,False
user_server_002_5026,server_002,jamiegarcia,Kyle Warner,4835,5f7203ad04,False,2025-07-25 13:00:20,2025-12-09 23:59:44,booster,663,84,False
user_server_002_5082,server_002,moralesjimmy,Scott Brown,8907,cceb22bb43,False,2026-03-20 09:25:46,2026-03-26 07:31:15,,219,123,False
user_server_002_3946,server_002,jim95,Patricia Cardenas,0427,20a2be12e2,False,2025-12-17 05:58:50,2026-03-20 09:28:19,,589,0,False
user_server_002_3615,server_002,valerieboyd,Donald Hawkins,1640,7a764aa7f9,False,2025-10-17 12:36:37,2025-11-09 06:43:12,,277,0,False
user_server_002_7363,server_002,conniesimmons,William David DDS,5813,a3d1afcf45,False,2026-05-01 20:20:25,2026-06-10 11:22:53,,338,411,False
user_server_002_6761,server_002,heather62,Clinton Medina,9300,fcce1b2c77,False,2025-07-26 05:52:22,2025-10-02 15:14:49,,484,238,False
user_server_002_1326,server_002,kevinzimmerman,Suzanne Hart,8625,50b4797bbd,False,2025-08-06 12:34:32,2026-02-13 16:27:40,"moderator,verified",941,33,False
user_server_002_3420,server_002,paulscott,Bob Cole,9611,7b4a8485a9,False,2025-08-16 19:12:50,2025-10-06 11:27:52,booster,372,0,False
user_server_002_2655,server_002,brettbennett,Amanda Jones,5514,8f89bb10dd,False,2025-06-07 11:21:19,2026-05-02 05:07:44,moderator,1273,0,False
user_server_002_6846,server_002,timothybooth,Tyler Smith,3657,92582fcf11,False,2025-07-13 15:43:51,2026-04-24 01:44:47,booster,1301,119,False
user_server_002_7415,server_002,burgesskaren,Melissa Padilla,9297,,False,2026-01-01 05:14:12,2026-03-01 19:08:11,"moderator,verified",428,507,False
user_server_002_6234,server_002,jherman,Douglas Owens,2750,70d9e133ea,False,2025-08-31 21:25:54,2026-05-07 07:22:18,moderator,1119,178,False
user_server_002_1020,server_002,jose87,Robert Bowen,0788,57513d9fb1,True,2025-11-29 02:28:10,2026-05-21 13:21:43,,761,81,False
user_server_002_4695,server_002,robin55,Justin Walker,2664,4e22f497a6,False,2025-07-20 12:25:08,2025-12-28 07:21:25,verified,784,81,False
user_server_002_3636,server_002,angela99,Elizabeth Gonzalez,1228,8da21799a5,True,2025-04-08 06:30:19,2025-11-23 08:00:01,moderator,944,504,False
user_server_002_3703,server_002,victorpena,Dawn Underwood,9950,1065c038dd,False,2025-05-24 15:14:34,2025-10-02 21:10:13,verified,617,0,False
user_server_002_5346,server_002,umurray,Caroline Cortez,4612,b3bf09f47b,False,2025-05-30 23:13:41,2025-10-06 13:15:11,,658,0,False
user_server_002_8869,server_002,warrenmary,Robert Williams,3271,,False,2026-01-12 11:52:26,2026-05-03 12:30:51,"moderator,verified,booster",535,0,False
user_server_002_5341,server_002,gutierrezmegan,Michael Smith,1493,28138057fc,False,2025-10-25 23:24:20,2025-11-26 19:06:19,,276,137,False
user_server_002_5400,server_002,bruce97,Alexis Patel,9244,,False,2025-12-26 11:58:10,2026-03-10 13:37:58,,439,90,False
user_server_002_1999,server_002,hsmith,Kimberly Mitchell,6342,eb6c076305,False,2025-05-27 10:18:48,2025-06-29 17:09:48,,314,2,False
user_server_002_1568,server_002,ldrake,Brent Hernandez,8226,49fe63f21c,False,2026-05-03 06:21:28,2026-06-05 14:50:59,booster,320,649,False
user_server_002_4471,server_002,lisa46,Tyler Stevens,3157,,False,2026-05-31 04:54:21,2026-06-15 06:14:28,booster,228,17,False
user_server_002_2097,server_002,veronicaperez,Sarah Valdez,1425,96a8dc43f7,False,2026-02-14 11:57:51,2026-03-25 16:58:34,verified,336,277,False
user_server_002_7874,server_002,davisnicholas,Amy Smith,1843,b28e762ca6,False,2025-11-21 15:05:24,2026-03-08 21:28:05,moderator,520,0,False
user_server_002_6633,server_002,pbruce,Kylie Hodge,6732,701ea8c06e,False,2026-06-12 23:31:56,2026-06-13 14:07:31,"moderator,verified",187,7,False
user_server_002_7581,server_002,hallrachel,Lacey Nelson,0635,3203dde7e6,False,2026-05-31 14:55:54,2026-06-15 09:40:40,,245,13,False
user_server_002_5965,server_002,rachel90,Samuel Smith,5094,09b87426ae,False,2025-09-13 20:26:41,2025-10-02 23:52:11,verified,279,148,False
user_server_002_5414,server_002,karenmarquez,Billy Martin,6828,7a56422172,False,2025-05-28 14:33:02,2026-06-10 06:52:34,,1442,0,False
user_server_002_1920,server_002,irhodes,Perry Taylor,8442,42adf08813,False,2026-02-19 09:50:24,2026-04-01 10:59:28,,340,0,False
user_server_002_4288,server_002,masonterri,Jeffrey Roberson,0944,da5079a5cf,False,2026-04-10 22:59:40,2026-05-20 02:56:59,"verified,booster",305,584,False
user_server_002_1500,server_002,unovak,Donald Riddle,3963,97721b8992,False,2025-12-18 05:31:27,2026-05-04 01:21:22,,637,206,False
user_server_002_2480,server_002,angela66,Kevin James,4670,,False,2025-07-29 06:02:44,2026-01-29 13:28:23,moderator,797,0,False
user_server_002_1328,server_002,lauren11,James Bowers,0145,2567487e07,False,2026-05-31 19:18:33,2026-06-06 00:09:31,verified,199,0,False
user_server_002_5511,server_002,gstewart,Tommy Wallace,6943,c54fcefcbf,False,2025-07-25 20:20:24,2026-03-16 07:23:20,,1010,50,False
user_server_002_1120,server_002,andersonjacob,Justin Russell,8380,da06621b84,False,2026-03-04 19:59:20,2026-04-22 18:23:16,,338,3,False
user_server_002_5529,server_002,angela99,Sharon Smith,5327,7d3140b711,False,2025-12-28 23:47:39,2026-04-17 00:22:26,"verified,booster",504,0,False
user_server_002_7620,server_002,hardyanita,Dana Meyer DDS,5236,dd5223d436,False,2025-10-31 09:30:57,2026-01-12 13:09:32,,410,54,False
user_server_002_4111,server_002,kevin72,Jeffrey Fisher,5622,ba186194d0,False,2026-04-03 15:20:50,2026-05-02 08:09:21,verified,261,0,False
user_server_002_3967,server_002,wardsheryl,Kathleen Jensen,4813,,False,2026-05-02 13:57:59,2026-06-02 13:39:20,,313,0,False
user_server_002_6820,server_002,trodriguez,James Skinner,3659,458de7c160,False,2025-09-30 05:15:56,2026-05-05 07:49:05,booster,992,220,False
user_server_002_2166,server_002,scott69,Frank Valentine,7736,de1e6cd72f,False,2025-11-25 15:50:41,2026-04-19 00:10:33,,635,453,False
user_server_002_4281,server_002,gregory65,Michael Henry,5614,310a0ab5f4,False,2026-01-03 18:28:32,2026-04-16 15:42:07,"admin,booster",504,40,False
user_server_002_3897,server_002,markramirez,Holly Frederick,5134,30ee50a5d8,False,2026-03-03 17:23:44,2026-03-31 12:52:06,,294,0,False
user_server_002_2442,server_002,erinpierce,Julia Erickson,2120,724f95867b,False,2025-10-11 18:34:29,2026-01-01 02:09:35,,519,83,False
user_server_002_1230,server_002,marie16,Brenda Turner,5279,1dc961e3ec,False,2026-01-20 15:26:43,2026-04-13 22:50:55,"moderator,verified",452,178,False
user_server_002_7284,server_002,jennifermccormick,William Mendoza,8246,612476cae1,False,2025-03-27 05:37:35,2025-03-30 10:30:00,booster,199,0,False
user_server_002_3192,server_002,ystephens,Meredith Burnett,5615,bef06d5b0f,False,2025-04-17 19:53:51,2025-12-05 10:47:25,,950,114,False
user_server_002_3149,server_002,rodriguezjohn,Carol Salazar,3460,e2181fc89c,False,2025-08-06 16:09:42,2025-10-09 16:59:14,verified,438,405,False
user_server_002_9761,server_002,vrasmussen,Jessica Smith,0796,dcacefbfb9,False,2025-07-22 13:44:59,2025-09-08 09:42:09,moderator,354,0,False
user_server_002_3024,server_002,seanmyers,Leah Mason,8966,701591ae8b,False,2025-06-05 07:01:35,2026-02-14 02:43:05,"admin,verified",1111,4,False
user_server_002_9524,server_002,webbkenneth,Angelica Guerra,4423,0d07c2cf0c,False,2025-08-19 22:20:55,2026-05-16 22:00:28,"admin,booster",1041,200,False
user_server_002_4272,server_002,larry73,Hannah Davis,4308,4101121b6c,False,2026-02-01 15:07:25,2026-02-22 00:03:33,,252,360,False
user_server_002_8875,server_002,tflores,Michael Johnson,5416,a8c748eb5c,False,2025-12-16 07:47:32,2026-05-01 22:02:42,,604,0,False
user_server_002_2659,server_002,byrdfrank,Mrs. Carrie Moore,4192,c848ebbb50,False,2025-05-21 10:46:44,2025-08-15 05:21:37,"moderator,verified",435,64,False
user_server_002_5760,server_002,zhall,Charlotte Sandoval,5901,68905a0096,False,2025-10-29 05:53:57,2026-02-08 19:43:22,"admin,verified,booster",545,354,False
user_server_002_6384,server_002,shannonjordan,Daniel Ramirez,5857,6778231fc1,False,2025-06-11 08:11:53,2025-07-18 05:38:52,"moderator,verified",299,29,False
user_server_002_7319,server_002,raylauren,Holly Gonzalez,7835,2d5054c7b2,False,2025-10-07 17:17:43,2025-11-12 19:39:51,moderator,353,181,False
user_server_002_8908,server_002,orose,James Long,9321,0ab4e4613a,False,2025-07-20 20:37:36,2025-09-02 18:23:24,booster,350,0,False
user_server_002_3140,server_002,megan92,Michele Evans,7914,01825e7903,False,2026-01-02 06:42:48,2026-06-02 13:52:55,admin,650,0,False
user_server_002_4669,server_002,powerslawrence,Bruce Brooks,5542,a6594a31f4,True,2026-01-26 18:32:24,2026-04-22 08:17:39,,476,146,False
user_server_002_1894,server_002,ibarnes,Jenny Tucker,0190,328d7080c5,False,2025-05-26 07:05:16,2025-11-10 09:31:21,,634,0,False
user_server_002_5557,server_002,angelaburns,Ernest Hayes,0824,c1f2a59536,False,2026-03-12 19:49:32,2026-06-03 12:49:45,,497,184,False
user_server_002_2442,server_002,stephanie72,James Hoffman,8166,692750e0f9,False,2026-01-01 09:57:43,2026-03-20 17:22:08,admin,434,0,False
user_server_002_2489,server_002,acohen,Jill Jackson,9899,6af299b804,False,2026-04-03 15:21:25,2026-06-14 23:53:22,booster,420,253,False
user_server_002_4652,server_002,kellyhill,Carol Ellis,7445,c68c6a039b,False,2026-04-12 03:44:53,2026-06-05 18:04:40,booster,362,129,False
user_server_002_6592,server_002,hdunn,Debra Daniels,5818,249baff9bd,False,2026-03-15 19:29:48,2026-05-24 09:25:51,moderator,445,263,False
user_server_002_7704,server_002,wolfscott,Jeffery Fitzgerald,1752,3941338b57,False,2025-10-26 02:36:50,2026-05-26 19:27:36,"moderator,verified,booster",847,0,False
user_server_002_7790,server_002,kennethkidd,Gregory Montoya,0761,3f6d76aec9,False,2025-06-15 02:30:38,2026-06-11 08:45:16,verified,1333,10,False
user_server_002_9172,server_002,rowejoel,Leah Bell,0071,1bbb514ae2,False,2026-06-13 15:52:49,2026-06-14 00:51:10,booster,200,0,False
user_server_002_3103,server_002,imartin,Robin Trujillo,1696,a39ef98150,False,2026-02-12 11:48:57,2026-06-06 02:40:33,verified,556,22,False
user_server_002_7518,server_002,candice25,Eileen Armstrong,5617,de3c03a6ef,False,2025-11-18 07:14:54,2026-06-02 01:53:42,,743,136,False
user_server_002_6143,server_002,taylorkaren,Anthony Ramirez,9069,db9c5c54cc,False,2025-06-24 21:52:37,2025-08-17 13:48:28,verified,391,0,False
user_server_002_9888,server_002,johndawson,Pam Lowe,5281,0371884dfc,False,2025-10-25 00:26:24,2026-03-08 02:48:33,booster,611,321,False
user_server_002_9747,server_002,courtney67,Robert Mack,4684,74d3e62954,False,2026-05-24 01:18:31,2026-06-04 17:08:39,,246,178,False
user_server_002_3636,server_002,heather57,Erin Smith,4695,3d6b4facd5,False,2025-03-23 05:42:19,2026-05-03 06:05:54,"moderator,verified",1506,0,False
user_server_002_4675,server_002,simonstephen,Heather Brown,9195,9833909714,False,2025-04-30 12:01:17,2025-12-15 17:50:25,,1078,600,False
user_server_002_1881,server_002,tammysummers,Frank Campbell MD,0212,4065bb5af5,False,2025-10-22 17:37:08,2025-11-09 23:30:11,,257,0,False
user_server_002_4218,server_002,rkramer,Amber Sims,3170,8e974be1e3,False,2026-02-20 10:57:16,2026-04-05 06:05:11,,346,0,False
user_server_002_5329,server_002,martinezmia,Aaron Rubio,2131,,False,2025-05-10 03:50:54,2025-10-02 09:20:39,"moderator,verified",717,215,False
user_server_002_5934,server_002,wendyblankenship,Elizabeth Baxter,8037,7b3fda1164,False,2025-03-17 16:52:43,2025-11-29 11:00:56,moderator,1095,57,False
user_server_002_9897,server_002,penajohn,Steven Martin,8798,315b0b3ee4,False,2025-05-08 22:14:32,2026-01-10 19:33:48,booster,1019,879,False
user_server_002_1144,server_002,jessica36,Michele Smith,1879,62a69161d1,False,2025-08-26 00:50:56,2026-05-10 15:34:27,,1215,244,False
user_server_002_9851,server_002,brittneystone,Adam Cooper,4633,,False,2025-09-18 16:54:48,2025-10-04 04:35:46,,281,167,False
user_server_002_9419,server_002,mcneilrobert,Benjamin Reyes,1349,edebb9620a,False,2025-12-29 13:22:13,2026-04-08 10:13:27,"moderator,booster",593,0,False
user_server_002_7950,server_002,garciamichael,James Li,1702,b10a3265cd,True,2026-05-05 04:13:24,2026-05-31 01:27:11,admin,294,516,False
user_server_002_1889,server_002,caseyelliott,Carly Bell,2916,a49ebc8a8a,False,2026-02-14 09:03:56,2026-02-28 09:10:17,booster,245,372,False
user_server_002_7381,server_002,samanthajensen,Daniel Mosley,1938,5f43fa0542,False,2026-06-02 21:43:11,2026-06-08 10:19:58,,208,7,False
user_server_002_5937,server_002,lawrencepatrick,Emily Taylor,9937,,False,2025-05-01 10:28:47,2025-06-05 18:58:31,"admin,booster",323,25,False
user_server_002_7406,server_002,deanna38,Michelle Mitchell,8941,f31f16224b,False,2026-02-16 06:31:14,2026-05-01 08:02:11,booster,390,83,False
user_server_002_1684,server_002,abbottdominique,Joseph Hicks,0082,baa3db90d6,False,2025-10-30 19:49:18,2026-03-24 17:39:00,"admin,booster",714,75,False
user_server_002_9397,server_002,debbie37,David Little,2333,,False,2026-05-12 14:15:35,2026-05-16 17:26:22,,215,0,False
user_server_002_9992,server_002,ricetiffany,Dr. Bonnie Valencia,7557,5a48f7f309,False,2025-09-25 15:05:38,2025-12-10 02:20:43,verified,432,0,False
user_server_002_4842,server_002,amy27,Patricia Smith,1639,059e73fead,False,2025-05-04 15:22:43,2025-11-15 08:32:04,booster,931,0,False
user_server_002_6971,server_002,jason06,Lori Mason,5182,f3bd55a924,False,2025-08-10 14:43:14,2025-12-12 00:42:00,booster,573,0,False
user_server_002_6432,server_002,imiller,Brittany Miller,7863,8a56960bb8,False,2025-11-11 14:23:33,2026-02-15 04:54:39,verified,563,415,False
user_server_002_3293,server_002,terrimoore,Kevin Hines,8824,,False,2025-11-05 14:03:10,2026-05-13 16:57:18,,834,320,False
user_server_002_4485,server_002,collinssamuel,Cynthia Sanchez,0600,e1d15566e8,False,2025-05-11 17:00:28,2025-07-09 06:33:53,,416,130,False
user_server_002_5767,server_002,chavezchelsea,Patrick Yang,2193,b3e0d163a8,False,2026-05-06 11:57:23,2026-05-29 09:59:50,,280,828,False
user_server_002_3717,server_002,jacquelinemartin,Kelly Logan,8423,,False,2026-01-15 12:15:26,2026-03-27 03:59:37,,459,0,False
user_server_002_4585,server_002,gary24,Bailey Yoder,7989,194a17a226,False,2026-05-27 05:18:36,2026-06-09 22:55:10,,239,0,False
user_server_002_1760,server_002,enelson,William Burton,0653,562a783c41,False,2025-09-11 02:04:12,2025-09-27 17:04:24,,238,87,False
user_server_002_6985,server_002,brian92,David Garcia,9628,f565dc2426,False,2026-04-22 06:44:28,2026-05-18 20:01:52,verified,273,53,False
user_server_002_8976,server_002,perezwilliam,Scott Sanchez,7898,6ac60cba6e,False,2026-04-18 14:56:25,2026-05-13 01:10:44,,230,0,False
user_server_002_4062,server_002,lmora,Shannon Tran,2578,ab53ad4a69,False,2025-06-29 06:12:10,2025-12-17 02:21:21,admin,747,49,False
user_server_002_4452,server_002,pwalker,Nathan Nelson,9679,,False,2025-06-13 05:28:51,2026-02-24 23:28:09,,932,422,False
user_server_002_3406,server_002,duncandavid,Amy Walker,0916,,True,2025-03-30 18:04:13,2025-10-06 00:24:50,"moderator,booster",954,190,False
user_server_002_5644,server_002,finleycasey,Douglas Kirk,1404,7e62101c31,False,2026-04-18 14:31:34,2026-05-27 23:18:28,moderator,339,143,False
user_server_002_3979,server_002,msmith,Richard Stevenson,8369,3fe4870afe,False,2026-03-14 11:25:46,2026-06-06 16:23:25,verified,451,49,False
user_server_002_4315,server_002,brittany73,Kimberly Flynn,8564,6b01b745fe,False,2025-12-04 11:30:04,2026-06-01 13:58:21,booster,740,86,False
user_server_002_9706,server_002,ijohnson,Ryan Wiley,8246,86e3765e89,False,2026-02-02 09:11:31,2026-03-03 10:11:51,,290,0,False
user_server_002_9553,server_002,blakenicholas,Elizabeth Harris,6892,749cff8837,False,2025-06-22 13:09:05,2026-06-07 20:15:31,,1421,0,False
user_server_002_2600,server_002,dvasquez,Brenda Ramirez,6971,,False,2026-04-28 20:08:29,2026-06-09 11:40:54,,360,50,False
user_server_002_1116,server_002,morsephyllis,Mercedes Watson,9469,2a2249fda6,False,2025-09-09 22:00:00,2025-10-12 11:14:11,verified,308,173,False
user_server_002_5155,server_002,carpenterwilliam,Jennifer Vargas,4281,b8ac42f011,False,2025-12-29 14:42:34,2026-05-05 17:06:55,verified,551,61,False
user_server_002_8904,server_002,joelgreen,Robert Haynes,2928,b92f41dadd,False,2025-12-22 07:44:44,2026-04-20 03:18:58,,634,160,False
user_server_002_2951,server_002,shawn31,Brandy Carrillo,3764,b599cee3e3,False,2025-09-26 10:24:14,2026-01-23 12:37:04,verified,528,93,False
user_server_002_1852,server_002,martinsteven,Joshua Oconnell,2633,4e215f52ed,False,2025-07-16 23:43:31,2025-08-24 22:23:23,,310,136,False
user_server_002_1618,server_002,steven11,Michael Mckenzie,6296,1e5916ef9e,False,2025-05-23 01:39:36,2025-09-12 22:46:42,"moderator,verified",504,229,False
user_server_002_8192,server_002,lewismelissa,Michael Schmitt,0175,b8692fe81d,False,2026-04-21 23:53:35,2026-05-19 19:24:53,,253,136,False
user_server_002_1590,server_002,byrdjorge,Amanda Sullivan MD,5893,9e33f7bd51,False,2026-04-19 18:43:23,2026-05-17 13:09:59,,288,0,False
user_server_002_9482,server_002,codygarcia,Barbara Brown,0251,51b6865c85,False,2025-07-13 14:37:44,2025-08-16 08:03:45,,333,0,False
user_server_002_4707,server_002,davidcolon,Mark Newman,9934,a9e76a9150,False,2025-05-22 08:27:33,2025-12-29 07:48:27,,965,62,False
user_server_002_6570,server_002,samantha10,Christina Brewer PhD,1917,c40006133e,True,2026-01-21 01:56:24,2026-05-12 17:11:58,,624,214,False
user_server_002_4985,server_002,david70,Kenneth Underwood,5565,c8de81bc0f,False,2026-05-05 02:53:30,2026-06-13 14:16:37,,344,239,False
user_server_002_4767,server_002,reyesronald,Terry Hill,5172,e6af8bb02d,False,2026-03-06 04:05:50,2026-03-11 11:33:38,,225,279,False
user_server_002_6603,server_002,austinharvey,Edward Jenkins,1245,ad1ab50a4d,False,2026-05-03 08:55:16,2026-05-03 20:14:58,,184,0,False
user_server_002_4115,server_002,millerpatrick,Marvin Robles,8175,d745ca8447,False,2025-11-12 02:39:30,2026-03-29 09:52:14,moderator,719,0,False
user_server_002_2747,server_002,mayokimberly,Joshua Washington,1964,917c8312df,False,2025-09-17 07:54:22,2025-12-29 09:39:48,booster,584,81,False
user_server_002_6167,server_002,paul20,Daniel Huang,8066,7aa8022c93,True,2026-03-30 23:35:04,2026-05-29 13:54:17,,416,340,False
user_server_002_3101,server_002,stokesthomas,Kevin Hall,0887,0501db69dc,False,2026-06-02 13:27:47,2026-06-09 05:30:23,verified,236,1,False
user_server_002_9490,server_002,dianeadams,Sylvia Brown,7537,d31536fb5a,False,2026-05-07 08:17:27,2026-05-08 22:13:44,verified,194,0,False
user_server_002_4885,server_002,barbaramcgrath,Timothy Frey,4413,74fc034b1a,False,2025-08-24 00:21:18,2026-01-18 08:52:49,verified,655,155,False
user_server_002_5581,server_002,brittanydrake,Suzanne Johnson,7384,,False,2025-12-22 12:57:59,2026-01-27 06:03:58,,335,0,False
user_server_002_4212,server_002,stacey92,Chelsea Travis,2389,0306f87f5d,False,2026-06-03 15:03:51,2026-06-09 04:12:50,,228,659,False
user_server_002_9748,server_002,lweaver,Brandon Hall II,5172,0a0a8c1910,True,2026-03-15 16:45:46,2026-06-01 22:06:22,moderator,443,537,False
user_server_002_8807,server_002,riverachristina,Gina Thompson,1577,09c3ef5b8b,False,2026-05-23 22:39:57,2026-06-13 18:46:46,verified,238,232,False
user_server_002_4259,server_002,brian29,Brenda Rodriguez,9451,87c28048e6,False,2025-12-18 16:27:56,2026-02-26 15:36:57,"verified,booster",371,246,False
user_server_002_2284,server_002,susan56,Gabrielle Morris,6243,da423515f7,False,2025-07-26 21:17:07,2026-05-25 22:17:35,,1046,84,False
user_server_002_2168,server_002,fconner,Carrie Novak,1296,,False,2025-07-03 19:48:52,2026-06-06 00:33:44,,1356,0,False
user_server_002_6950,server_002,jeffrey92,Nicholas Phillips,9616,04009b8c4c,False,2025-11-14 10:41:03,2026-03-07 14:19:19,,524,4,False
user_server_002_2311,server_002,rushstacy,Zachary Sanford,3450,,False,2025-07-21 06:40:53,2025-09-30 16:37:29,verified,434,0,False
user_server_002_2363,server_002,whitelucas,Lisa Bowman,1702,d737e85905,False,2025-05-01 20:49:20,2026-05-04 09:38:41,admin,1480,0,False
user_server_002_3795,server_002,vtaylor,Gregory Flores,0468,,False,2026-01-10 02:54:21,2026-03-11 04:40:39,verified,394,35,False
user_server_002_9835,server_002,underwoodelizabeth,Gabriela Smith,2900,75e41b4d55,False,2025-11-20 21:50:15,2026-05-24 19:55:16,booster,866,49,False
user_server_002_2467,server_002,bellkristin,Amber Kim,7239,719714b09a,False,2026-05-25 09:04:43,2026-06-04 22:28:16,,205,212,False
user_server_002_9767,server_002,nicolesnyder,Joshua Garcia,0136,fe0cc4332c,True,2025-07-12 06:25:52,2025-11-07 03:56:08,verified,539,575,False
user_server_002_7121,server_002,franciscojones,Elizabeth Flores,3089,97033e821e,True,2026-03-18 20:49:14,2026-04-16 22:57:49,"verified,booster",292,101,False
user_server_002_7917,server_002,petersonpamela,Benjamin Mcmahon,3924,4d1f4beec6,False,2026-01-13 22:21:28,2026-03-03 10:57:29,,352,52,False
user_server_002_3238,server_002,brooke97,Jessica Valdez,4744,,False,2025-10-10 11:34:44,2026-01-29 00:57:34,"verified,booster",529,210,False
user_server_002_1362,server_002,gmoore,William Ortiz,3046,39163a35fd,False,2026-02-27 23:50:19,2026-04-21 20:04:32,verified,362,0,False
user_server_002_4558,server_002,donna43,James Dunn,5601,bd3ad567f9,False,2025-06-18 10:32:43,2026-03-23 04:39:16,"admin,verified,booster",1117,41,False
user_server_002_1918,server_002,wardronald,Matthew Greene,4366,0427dfaf37,False,2026-04-04 10:24:57,2026-05-10 11:50:01,,348,0,False
user_server_002_5078,server_002,clarkdanielle,Kara Wilson,6304,d52f44f08f,False,2026-03-13 11:49:01,2026-03-31 02:59:03,booster,272,286,False
user_server_002_6113,server_002,qburns,Martin Hughes,5293,,False,2025-04-08 08:19:22,2025-09-10 01:18:17,,731,6,False
user_server_002_4568,server_002,nicole52,Dennis Marshall,1850,4ba5c717a0,False,2026-05-14 04:33:30,2026-06-08 11:28:53,booster,317,318,False
user_server_002_8786,server_002,anne21,Gregg Weaver,9768,,False,2025-03-25 00:31:41,2025-08-02 00:21:04,verified,626,26,False
user_server_002_1983,server_002,angelarandall,Jennifer Nichols,0979,3d3a008e28,False,2025-09-22 12:09:53,2025-11-22 18:01:15,,419,0,False
user_server_002_6690,server_002,parmstrong,Blake Orr,7187,71e9a2bf11,False,2026-05-03 21:59:47,2026-06-11 08:07:17,,303,0,False
user_server_002_9892,server_002,davidtodd,William Stanton,8029,,False,2025-12-31 17:46:09,2026-03-11 06:57:02,moderator,369,0,False
user_server_002_2128,server_002,davidhenderson,Jessica Osborn DDS,8702,,False,2025-12-08 08:35:06,2026-02-09 05:02:49,,386,0,False
user_server_002_4039,server_002,luis11,James Nguyen,0306,f5fc840cee,False,2025-10-03 20:49:55,2026-05-02 04:57:55,admin,864,2,False
user_server_002_9151,server_002,astark,Lisa Mills,9035,,False,2025-09-14 18:56:59,2026-01-17 08:02:07,,533,0,False
user_server_002_3126,server_002,jrodriguez,Kevin Chang,2926,e69c3fe388,False,2026-01-25 14:57:21,2026-05-30 01:47:04,"admin,booster",610,0,False
user_server_002_5193,server_002,hartcraig,Joseph Cooper,0804,7ad8f5a762,False,2026-03-25 07:36:13,2026-04-12 22:06:09,,248,393,False
user_server_002_1994,server_002,kpena,Amanda Hill,5913,52218a972e,False,2025-05-07 08:49:56,2025-05-17 12:46:29,booster,247,130,False
user_server_002_2153,server_002,vwilliams,Amber Alvarez,4979,,False,2026-01-30 09:34:31,2026-04-12 01:33:35,admin,390,0,False
user_server_002_3931,server_002,penny05,Elizabeth Ramirez,9149,8d872aa44d,False,2026-04-20 19:33:11,2026-04-30 05:51:26,verified,229,242,False
user_server_002_3733,server_002,comptonjeremy,Patrick Schroeder,2955,7e4809b968,False,2025-06-03 06:34:21,2026-03-27 20:51:05,,1201,79,False
user_server_002_6319,server_002,fjacobs,Daniel Holloway,6090,95b0d20140,False,2025-07-14 04:16:07,2026-02-06 12:34:54,,894,86,False
user_server_002_8412,server_002,lori82,Michael Powell,7331,c42899b4da,False,2025-11-19 13:12:28,2026-02-21 00:54:16,,405,0,False
user_server_002_4635,server_002,thompsonnancy,Anthony Johnson,3519,b33f40701f,False,2025-04-09 05:48:32,2025-11-16 04:56:27,,914,0,False
user_server_002_3557,server_002,janet45,Kathy Reid,2267,2a68c44720,False,2025-10-13 15:51:34,2026-05-16 16:22:26,verified,930,322,False
user_server_002_2264,server_002,allentracy,Tyler Wells,5319,96ad290b5b,False,2025-09-23 09:18:58,2025-12-22 20:58:44,,465,0,False
user_server_002_1916,server_002,frank41,James Martin,5478,16457f0e64,False,2026-06-03 21:23:50,2026-06-06 04:57:02,booster,184,245,False
user_server_002_7266,server_002,mercedesholland,Debra Ortiz,0886,e6246735de,False,2026-01-30 20:10:23,2026-02-23 05:55:57,booster,233,0,False
user_server_002_7436,server_002,wellsdavid,Robert Walker,7300,e471a6cfd8,False,2026-05-06 16:39:55,2026-06-03 02:50:11,verified,303,250,False
user_server_002_1807,server_002,jennifer46,Sarah Stevens,8980,37a3311d1a,False,2025-05-22 06:54:49,2025-11-10 18:53:23,moderator,827,0,False
user_server_002_4212,server_002,erica96,Adrienne Key,9194,00c3d5cbf8,False,2026-04-07 02:18:24,2026-05-19 06:44:39,moderator,363,450,False
user_server_002_7776,server_002,anna99,Michael Olson,6939,a78ab60134,False,2025-09-20 14:00:03,2025-12-23 16:32:28,booster,518,0,False
user_server_002_8245,server_002,danielle44,Tiffany Curtis,2389,564f5ed782,False,2025-12-05 22:03:20,2026-03-31 05:43:25,moderator,577,149,False
user_server_002_4982,server_002,racheltrujillo,Lindsay Guerrero,2419,b80bac966c,False,2025-09-10 16:12:26,2025-11-27 05:24:29,verified,479,12,False
user_server_002_9814,server_002,rioswhitney,Jason Price,3471,bcc765cac1,False,2025-03-23 23:39:10,2025-12-15 14:41:41,verified,1026,410,False
user_server_002_9631,server_002,matthewreeves,Margaret Alvarez,0712,c0993e7c6f,False,2025-09-30 05:22:49,2026-05-01 08:34:03,"moderator,booster",878,0,False
user_server_002_7367,server_002,william28,Brent Anderson,4445,cdff648ba1,False,2025-08-16 04:53:29,2026-05-13 16:59:26,"admin,booster",1171,137,False
user_server_002_9331,server_002,staceylam,Courtney Walker,1631,c1d5b1fdde,False,2025-12-18 02:37:02,2026-06-03 22:27:52,,764,51,False
user_server_002_5053,server_002,vfrench,Kevin Ford,8673,c49f584e58,False,2026-04-30 04:39:16,2026-05-04 11:12:21,booster,219,228,False
user_server_002_9212,server_002,delacruzbrandy,Andrea Preston,4519,0a2d5568af,False,2025-07-13 06:26:09,2025-07-20 09:40:38,verified,194,59,False
user_server_002_7436,server_002,amoreno,Scott Taylor,2248,,False,2026-01-08 01:01:43,2026-06-15 06:32:42,verified,719,259,False
user_server_002_9883,server_002,matthewbenitez,Victoria Thomas,2158,977dbab887,False,2025-09-05 23:12:38,2026-02-15 01:02:21,,777,0,False
user_server_002_3215,server_002,kimberlyfreeman,Cassandra Walters,7046,55ff967846,False,2026-05-07 19:12:45,2026-06-10 00:11:12,,300,878,False
user_server_002_2939,server_002,jason29,Katherine Gallagher,3016,729360771d,False,2025-07-04 01:28:57,2026-03-15 22:00:20,,1062,258,False
user_server_002_5485,server_002,zschultz,John Smith,2489,45a4f6f1ef,False,2025-04-05 05:15:18,2025-12-08 18:01:10,,1018,0,False
user_server_002_4804,server_002,stephanie58,Michael Sims,3783,0936ce44ab,False,2025-08-03 19:34:12,2025-08-13 23:45:18,,259,64,False
user_server_002_9051,server_002,larry16,Elizabeth Brown,7763,,False,2026-03-18 12:09:18,2026-03-31 12:35:58,,248,0,False
user_server_002_4323,server_002,evanskelly,Linda Morgan,3351,,False,2025-04-07 08:26:53,2026-02-18 17:06:07,"admin,verified",1174,199,False
user_server_002_7232,server_002,matthewvalenzuela,Colin Vaughan,5126,69ee60e63f,False,2026-02-17 12:30:55,2026-05-23 15:48:52,,542,251,False
user_server_002_8485,server_002,osmith,Bonnie Gross,0694,042f429b06,False,2026-05-31 13:16:36,2026-06-14 23:11:37,"verified,booster",275,0,False
user_server_002_1807,server_002,daviddawson,Jaime Bowman,3110,48b7660167,False,2026-05-05 02:15:12,2026-05-24 07:10:25,admin,243,135,False
user_server_002_3330,server_002,wheelerbrandon,Russell Williams,7595,5fe6760b4a,False,2025-11-04 20:56:47,2026-02-23 21:51:48,verified,538,117,False
user_server_002_6299,server_002,jjames,Michael Harris,7387,,False,2026-04-06 04:35:00,2026-04-17 04:17:32,,234,179,False
user_server_002_3024,server_002,turnerdorothy,Debra Obrien,1494,,False,2025-08-17 03:55:52,2026-02-09 17:53:08,booster,723,697,False
user_server_002_7204,server_002,robertroach,Lisa Campbell,9016,eaeda7c11a,False,2025-12-20 05:24:03,2026-01-05 18:57:29,,239,78,False
user_server_002_8311,server_002,mgonzalez,Sandra Dudley,4731,720d7243e9,False,2025-11-28 16:05:55,2026-01-25 23:02:10,verified,416,0,False
user_server_002_1094,server_002,cphillips,Susan Watts,9961,334a4cdc96,True,2025-06-23 12:18:27,2025-09-10 07:01:20,moderator,432,0,False
user_server_002_9967,server_002,aaronpowers,Sara Caldwell,4556,c2f5c68abe,False,2026-06-13 16:50:06,2026-06-15 16:51:22,moderator,190,82,False
user_server_002_1531,server_002,chancharles,Summer Newman,9471,090697bd06,False,2025-08-21 14:17:28,2025-09-09 14:14:50,"admin,booster",279,0,False
user_server_002_3906,server_002,joseph01,Shelly Phelps,7460,191bcf53dc,False,2025-05-20 10:32:32,2025-06-27 12:33:11,"moderator,verified",308,245,False
user_server_002_2063,server_002,ronald11,Stefanie Smith,4797,41d006c877,False,2025-04-10 03:45:09,2025-06-21 11:45:08,,404,0,False
user_server_002_9666,server_002,markkline,Debra Quinn,1436,8af19cbf3b,False,2025-10-12 11:10:41,2026-02-17 07:37:26,booster,645,371,False
user_server_002_3125,server_002,ian66,Denise Cruz,9218,115ca69636,False,2025-10-22 09:12:18,2026-04-06 05:37:59,,802,405,False
user_server_002_2936,server_002,zbanks,Casey Barber,0392,36d86c7b54,False,2026-04-03 22:12:45,2026-05-21 17:49:51,"verified,booster",333,62,False
user_server_002_1185,server_002,dalepruitt,Mr. Jeffrey Carr,3296,6e53468b6e,False,2025-08-21 08:34:21,2026-04-17 07:39:31,,844,0,False
user_server_002_7488,server_002,huffmannichole,Stephanie Webb,9321,cfccde2430,False,2025-05-05 00:12:06,2025-12-30 01:29:52,verified,1136,0,False
user_server_002_3224,server_002,ealexander,Ernest Bush,7888,,False,2025-07-27 17:36:33,2025-10-11 01:57:55,,407,543,False
user_server_002_6169,server_002,tiffanysantiago,Joseph Haynes,9096,b0b1fa6920,False,2026-05-04 09:26:46,2026-05-20 15:52:37,verified,243,0,False
user_server_002_9753,server_002,timothyalvarado,Brittany Serrano,2719,cc2a2d8119,False,2025-11-25 23:20:29,2026-04-12 07:05:26,,538,862,False
owner_003,server_003,smithsarah,Julie Simpson,9751,74e0f9663f,False,2025-04-29 13:09:24,2025-07-29 07:17:54,"admin,moderator",2625,2576,True
user_server_003_4541,server_003,vflores,Amber Walker,8603,faa2fdd13b,False,2025-05-24 02:44:57,2025-09-06 13:17:18,,660,0,False
user_server_003_9192,server_003,fmontoya,Robert West,2524,,False,2025-05-28 14:15:02,2026-03-26 15:46:56,admin,1405,404,False
user_server_003_3174,server_003,hwest,Dr. Alicia Powell,3361,02c96a5a26,False,2026-06-10 06:17:21,2026-06-14 00:41:15,,207,134,False
user_server_003_8649,server_003,petersenlatoya,Marcia Wu,0755,,True,2026-06-09 06:22:15,2026-06-10 16:06:37,booster,210,6,False
user_server_003_5532,server_003,diamondbryant,Roger Velasquez,8720,88c7f05660,False,2025-12-28 06:13:15,2026-01-01 14:59:11,booster,204,45,False
user_server_003_4384,server_003,ann99,Matthew Baldwin,8888,a4d847f31a,False,2025-07-29 22:19:38,2025-11-12 19:38:55,moderator,489,117,False
user_server_003_9856,server_003,aaronkelly,Rebecca Kelley,7268,,False,2025-08-17 11:58:01,2026-05-18 01:01:09,moderator,1209,0,False
user_server_003_8304,server_003,jacqueline02,Rodney Newton MD,5826,3dc348a617,False,2025-06-07 17:43:29,2025-07-18 21:02:06,admin,350,578,False
user_server_003_2593,server_003,jacobconrad,Jim Harrington,7464,01f95fcf32,False,2025-06-29 13:21:10,2026-04-19 01:23:14,moderator,1223,192,False
user_server_003_7423,server_003,shermanbrandon,Megan Martinez,3004,c81448d29f,False,2026-04-26 00:46:38,2026-06-10 17:13:42,,381,6,False
user_server_003_3798,server_003,gbarrett,Jonathan Moreno,4624,961f14b92c,False,2026-01-06 19:08:31,2026-04-04 19:35:38,"admin,verified",557,225,False
user_server_003_5949,server_003,eroberson,Priscilla Kent,8728,d3f33620ee,False,2025-08-06 11:57:10,2026-02-19 18:23:12,,800,100,False
user_server_003_8063,server_003,jessicaanderson,Kyle Andrade,7132,8941ec5354,False,2025-10-31 20:31:20,2026-02-03 11:53:15,,528,214,False
user_server_003_8972,server_003,mbarnes,Pamela Hill,1873,1916a6480f,False,2025-10-29 23:23:32,2026-01-05 04:39:56,admin,461,167,False
user_server_003_7208,server_003,shawn22,Michael Goodman,5364,ed31595714,False,2025-07-14 09:33:26,2026-05-29 15:22:02,,1326,103,False
user_server_003_3403,server_003,jennifer83,Marcus Roberts,2444,a99d52fc70,False,2025-07-08 20:48:51,2025-10-01 09:06:10,booster,463,0,False
user_server_003_8122,server_003,tinasantos,Kathy Benson,5640,d28f5177e2,False,2026-04-11 20:49:08,2026-04-30 20:45:18,,278,319,False
user_server_003_1013,server_003,hodgesanna,Terri Mckinney,9175,c2fe1996fe,False,2026-05-31 00:08:50,2026-06-09 19:36:33,moderator,226,25,False
user_server_003_7652,server_003,natalie60,Allison Thomas,6251,5fca70b95d,True,2025-12-04 17:55:05,2026-05-21 20:16:39,,767,0,False
user_server_003_5726,server_003,josephfloyd,Miss Brianna Brown,2056,,False,2025-09-11 05:45:19,2026-03-14 15:52:39,,784,0,False
user_server_003_7813,server_003,james80,Jesse Jensen,7471,4a8c2f7c18,False,2025-05-11 17:58:16,2025-08-31 14:14:56,booster,558,98,False
user_server_003_4044,server_003,juliahoffman,Richard Lindsey,6959,ea20569e8f,False,2026-03-26 04:51:27,2026-05-25 17:07:54,,396,93,False
user_server_003_8917,server_003,housepaul,Vanessa Edwards,6038,,False,2025-10-30 10:29:45,2026-05-13 06:56:50,"verified,booster",795,184,False
user_server_003_9469,server_003,smithjohn,Priscilla Berg,1281,46b7aceb2e,False,2025-06-30 17:38:28,2025-08-24 21:59:32,,396,124,False
user_server_003_6119,server_003,kari89,Nathaniel Lee,0864,a770fb9d3e,False,2025-11-06 00:35:58,2026-05-08 12:10:02,,789,146,False
user_server_003_5827,server_003,lopezglenn,Jamie Patterson,4738,,False,2025-05-07 22:10:25,2026-05-07 02:31:18,,1406,83,False
user_server_003_5780,server_003,david94,John Pineda,0447,f329637de2,False,2025-12-21 17:26:52,2026-05-11 21:22:53,,653,0,False
user_server_003_1232,server_003,candice94,Kenneth Howard DDS,1827,f80b81b862,False,2026-05-27 06:09:04,2026-05-29 02:55:35,"moderator,verified",206,187,False
user_server_003_9640,server_003,susanmeyer,Caitlin Daniels,0542,f1a803f580,False,2025-08-24 22:31:43,2026-05-07 22:18:16,,1113,0,False
user_server_003_4898,server_003,jeffrey35,Edward Clements,7211,404ef1809e,False,2025-08-20 05:27:43,2026-04-08 12:20:06,,1071,0,False
user_server_003_5937,server_003,wbarajas,Mrs. Maureen Griffin,7803,f8c60f037b,False,2026-01-22 13:50:03,2026-02-02 03:00:38,"moderator,verified",263,544,False
user_server_003_5731,server_003,susanfleming,Thomas Landry,7353,b1986a0a30,False,2025-10-28 00:55:09,2026-03-24 12:55:08,,669,133,False
user_server_003_5466,server_003,angel85,Katie Tucker,5488,ad0e18f345,False,2026-06-15 09:47:48,2026-06-15 11:17:24,,189,73,False
user_server_003_9518,server_003,lukemiller,Wesley Ayala,5528,ade6f7112e,False,2025-11-13 21:06:44,2026-04-14 18:55:46,,752,74,False
user_server_003_9605,server_003,clarkcrystal,Michael Houston,1702,2692776370,True,2025-12-28 20:55:46,2026-04-14 04:59:20,"admin,verified",564,63,False
user_server_003_4552,server_003,elucas,Brittany Stevens,9820,4ce7bcaae2,False,2025-12-05 14:11:45,2026-01-23 12:07:00,"admin,verified",352,39,False
user_server_003_4027,server_003,jonesgregory,Benjamin Underwood,1816,6b14893576,False,2025-07-31 17:41:31,2025-09-03 06:52:16,,322,0,False
user_server_003_6298,server_003,ohughes,Eugene Price,4216,,False,2026-04-27 05:50:22,2026-05-04 14:15:58,,224,0,False
user_server_003_2137,server_003,nicholsdarlene,Nicole Richards,8056,8f6e525605,False,2025-06-17 00:08:30,2025-11-12 16:05:13,booster,620,0,False
user_server_003_2740,server_003,howardwesley,Michael Obrien,7234,718e3ce238,False,2026-02-28 12:23:35,2026-04-04 03:59:37,,311,0,False
user_server_003_1014,server_003,qjames,Christopher Robinson,0619,f57c0162b5,False,2025-06-25 04:28:29,2025-07-22 12:45:54,booster,292,0,False
user_server_003_2148,server_003,susan24,Suzanne Norton,8849,62c62efd42,False,2026-01-10 17:38:58,2026-03-27 17:22:52,,461,184,False
user_server_003_2485,server_003,susan08,Brenda Williams,5985,a0885a07ae,False,2026-05-08 23:31:28,2026-05-14 20:44:12,,203,188,False
user_server_003_7294,server_003,fmedina,Paul Berger,3129,c569c54584,False,2025-07-01 00:58:47,2026-05-23 17:21:37,"verified,booster",1260,460,False
user_server_003_1584,server_003,gwhitehead,Clinton Jensen,3163,,False,2025-07-21 11:27:24,2026-03-23 09:14:01,booster,982,303,False
user_server_003_8361,server_003,james29,Sarah Randolph,0268,,False,2025-10-31 18:50:30,2026-05-09 18:49:10,,788,0,False
user_server_003_9791,server_003,enewman,Austin Garcia,2440,f9b9525591,False,2025-06-01 19:16:38,2025-11-06 06:53:03,,712,0,False
user_server_003_4976,server_003,wlynn,Matthew Garcia,2138,,False,2025-06-24 11:57:28,2025-07-08 19:40:57,moderator,219,120,False
user_server_003_2742,server_003,mcculloughlouis,Luis Torres,1870,458ea7ef14,False,2025-12-24 06:20:23,2026-06-01 15:15:42,moderator,740,267,False
user_server_003_6312,server_003,lindsey62,David Walker,1979,5f48ec0d3d,False,2025-10-17 20:55:35,2025-11-11 09:09:18,,305,20,False
user_server_003_2978,server_003,xhill,Nicholas Humphrey,4487,,False,2025-08-14 05:09:44,2025-12-17 02:35:49,,625,52,False
user_server_003_7162,server_003,xgriffin,Juan Thompson,2584,,False,2026-02-10 21:06:07,2026-05-29 08:10:08,verified,542,137,False
user_server_003_7819,server_003,wilkinsonmichele,Joshua Baker,7798,056b694ec5,False,2025-05-04 11:31:17,2025-05-10 02:11:11,admin,225,0,False
user_server_003_9190,server_003,lunapatricia,Lynn Hess,1442,1f9b2b12c2,False,2025-11-26 00:01:33,2026-05-19 22:14:11,"verified,booster",768,235,False
user_server_003_6929,server_003,rebeccaarnold,Yvonne Kennedy,8842,1075ed4be0,True,2026-01-24 17:37:01,2026-04-16 01:18:02,"moderator,booster",420,172,False
user_server_003_9151,server_003,philip94,Jonathan Davis,2888,,False,2025-10-08 04:35:02,2026-01-23 13:03:59,moderator,528,17,False
user_server_003_8424,server_003,wayne39,Nicole Taylor,0709,,False,2025-06-10 12:18:15,2026-02-15 22:50:34,,1141,0,False
user_server_003_6340,server_003,haroldfry,Tracy Fitzgerald,6865,,False,2025-09-13 03:56:21,2025-11-13 13:01:51,moderator,389,87,False
user_server_003_7152,server_003,ccrosby,John Brown,3615,,False,2026-01-07 12:21:51,2026-02-21 04:32:11,moderator,301,14,False
user_server_003_8499,server_003,jim38,Heather Harrison,3181,56ad394ded,False,2025-06-10 18:06:56,2026-05-22 14:04:23,verified,1444,155,False
user_server_003_8513,server_003,williamsdeborah,Warren Schultz,6852,,False,2025-10-03 14:38:27,2026-02-11 01:22:30,"moderator,verified",693,152,False
user_server_003_4763,server_003,mary49,Carrie Valdez,1416,0644742448,False,2025-12-14 19:21:57,2026-04-11 00:30:48,,569,221,False
user_server_003_5060,server_003,blacknicholas,Kelli Gomez,5362,362a8bc5f4,False,2025-10-14 15:56:21,2026-06-01 09:52:21,moderator,972,0,False
user_server_003_9261,server_003,msparks,Stephen Gonzales,0550,989d172e14,False,2025-08-23 06:09:11,2026-04-03 01:25:54,moderator,935,165,False
user_server_003_7662,server_003,jason22,Mitchell Wilson,3571,,False,2025-07-14 15:59:39,2026-01-06 09:03:12,admin,920,0,False
user_server_003_1399,server_003,robertrivera,Michael Mendoza,7452,eea5c43810,False,2025-07-09 00:28:38,2025-07-15 04:57:25,,228,0,False
user_server_003_2158,server_003,cjohnson,Kevin Taylor,6305,5672fc6579,False,2026-03-10 09:37:18,2026-04-15 07:31:52,,318,119,False
user_server_003_2326,server_003,brianscott,Tyler Greene,5500,93d42dd0bf,False,2025-05-24 22:59:35,2025-09-17 03:24:43,,615,0,False
user_server_003_2097,server_003,johnsjessica,Theresa Robinson,9187,85b1a5d7d3,False,2026-02-06 06:25:54,2026-02-16 06:43:50,booster,241,0,False
user_server_003_4437,server_003,kdillon,Jason Thomas,3693,e4c6a06d64,False,2026-01-14 16:41:54,2026-03-02 00:48:26,,399,101,False
user_server_003_9215,server_003,cindydixon,Michael Nielsen,8629,e46ebe144e,False,2026-05-25 16:18:24,2026-06-11 04:34:02,admin,286,369,False
user_server_003_2075,server_003,hallpaul,Dale Heath,3085,216d796f7f,False,2025-12-12 13:21:32,2026-03-10 07:43:50,,492,18,False
user_server_003_3424,server_003,mserrano,John Mendez,8131,,False,2025-06-30 19:38:28,2025-11-29 13:03:57,verified,742,0,False
user_server_003_1351,server_003,richamanda,Anna Hopkins,4776,,False,2025-05-17 04:08:02,2025-12-30 21:12:30,,1028,0,False
user_server_003_9686,server_003,princekimberly,Kelly Wood,8986,b27a454300,False,2025-10-27 00:03:56,2026-05-16 19:16:46,,909,72,False
user_server_003_1775,server_003,zperez,Dr. Gregory Ballard,2430,8a00c14d8d,False,2025-08-10 00:57:43,2026-06-12 14:13:15,,1159,18,False
user_server_003_3514,server_003,colemanjonathan,Susan Miller,2641,fb372d470f,False,2025-09-05 18:23:20,2026-05-04 00:26:25,,1140,0,False
user_server_003_6192,server_003,ascott,Rachel Lane,5633,,False,2025-12-31 11:29:24,2026-04-22 00:58:16,"moderator,booster",547,118,False
user_server_003_8504,server_003,meyernicholas,Robert Ortiz,5246,,False,2025-09-02 20:11:44,2026-03-29 02:06:30,booster,907,503,False
user_server_003_3409,server_003,mooredenise,Scott Henderson,9260,5232c52f58,False,2026-05-28 15:56:47,2026-06-05 16:55:52,,245,533,False
user_server_003_1406,server_003,victoria63,Richard Olson,6580,4a03cfdeeb,False,2026-01-17 14:41:31,2026-05-31 10:20:58,"moderator,booster",579,0,False
user_server_003_5553,server_003,tking,Patricia Sanders,3206,,False,2026-02-01 03:27:19,2026-02-19 02:26:54,moderator,250,405,False
user_server_003_6206,server_003,melissahopkins,Jillian Lyons,9882,affdfa7faf,False,2026-04-10 13:05:49,2026-06-15 06:46:08,"admin,booster",445,72,False
user_server_003_6756,server_003,williamhartman,Lisa Cohen,5047,f53b21b58d,False,2026-02-03 23:53:37,2026-04-22 04:38:53,,401,38,False
user_server_003_7944,server_003,aoconnell,Samantha Ruiz,6786,,False,2025-07-06 14:06:48,2025-09-28 08:32:16,,495,742,False
user_server_003_7156,server_003,qdavis,Bobby Johnson,1449,,False,2025-07-05 09:45:59,2025-08-30 04:34:53,booster,394,28,False
user_server_003_7254,server_003,zarias,Kelly Dawson,4742,638842ebd2,False,2025-11-27 20:22:33,2026-05-07 19:55:35,booster,729,0,False
user_server_003_3523,server_003,daniellegonzales,Matthew Lara,4303,794dd0aa18,False,2025-12-20 02:42:44,2026-05-31 04:09:40,verified,784,139,False
user_server_003_5009,server_003,bowerswilliam,Lisa Craig,0466,,False,2026-05-01 13:57:45,2026-05-07 14:38:20,,215,0,False
user_server_003_8799,server_003,john02,Donald Ross,1959,4da5309900,False,2025-06-20 08:59:51,2026-02-07 23:04:09,,944,5,False
user_server_003_3219,server_003,hwillis,Michael Calhoun,5855,,False,2025-05-13 04:13:14,2025-11-30 18:20:39,admin,878,0,False
user_server_003_9419,server_003,jessica89,Victor Hill,3175,76e037ba17,False,2026-03-21 09:27:52,2026-05-22 04:01:39,,397,0,False
user_server_003_5932,server_003,shawnpowell,Christopher Hunter,4447,65d5f62bd0,False,2025-07-11 22:55:32,2026-03-01 11:47:47,,973,22,False
user_server_003_8944,server_003,matthew18,Sherri Li,6750,5515c28021,False,2025-07-12 23:37:15,2026-02-05 12:46:45,moderator,916,193,False
user_server_003_9612,server_003,kchurch,Mr. Gerald Rowe,8717,611196b4e2,False,2025-07-18 02:21:50,2025-10-10 17:07:02,moderator,494,12,False
user_server_003_8856,server_003,olsonjonathan,Richard Robinson,5705,d0f309249f,False,2025-07-27 01:39:02,2026-01-05 03:35:58,admin,784,11,False
user_server_003_2943,server_003,robert58,Mercedes Baker,3643,,False,2026-04-07 19:28:34,2026-06-04 20:05:54,moderator,369,25,False
user_server_003_2273,server_003,christopher51,Cassandra Edwards,0308,e38d33ceeb,False,2025-10-22 12:48:36,2026-02-18 22:14:58,moderator,572,235,False
user_server_003_5145,server_003,ian37,Cynthia Allen,0709,,False,2025-06-01 13:43:47,2025-08-16 19:51:13,"verified,booster",389,1142,False
user_server_003_1479,server_003,jamie33,Heather Maxwell,1487,,False,2025-07-13 12:06:50,2026-05-13 08:20:18,verified,1294,73,False
user_server_003_2119,server_003,moraemma,Lisa Duran,1623,a715079bba,False,2025-11-30 23:48:49,2026-04-15 01:53:06,,666,111,False
user_server_003_2616,server_003,charlesnathan,Steven Ibarra,3506,8e205501fe,False,2026-06-14 07:25:31,2026-06-14 23:13:35,"moderator,booster",182,119,False
user_server_003_7219,server_003,travis84,Paul Anderson,6948,069a63d991,False,2026-05-03 06:29:42,2026-05-21 01:27:19,verified,238,0,False
user_server_003_5723,server_003,imendoza,Gregory Dalton,9128,2d54b82b8f,False,2025-07-26 04:44:55,2026-05-17 21:35:56,"moderator,verified",1159,0,False
user_server_003_4700,server_003,sbray,Emily Smith,9075,c0019d9a90,False,2026-05-18 00:37:49,2026-05-23 15:27:24,,227,2,False
user_server_003_1209,server_003,ucarpenter,Scott Lopez,8055,cf228bdfd9,False,2026-03-27 22:56:25,2026-04-15 06:50:28,,256,3,False
user_server_003_3764,server_003,thomas95,Jonathan Clark,1060,3881da4717,False,2026-06-09 12:17:22,2026-06-10 13:02:57,,193,0,False
user_server_003_5472,server_003,michael64,Kenneth Krause,6557,9034a040b3,False,2025-10-02 02:20:19,2026-05-21 03:46:31,,882,48,False
user_server_003_4781,server_003,lelinda,Selena Gonzalez,2205,,False,2026-03-09 16:31:54,2026-06-11 18:37:06,verified,605,23,False
user_server_003_2578,server_003,thomassmith,Chad Barry,1253,43418cb2cc,False,2025-06-21 13:01:52,2025-12-31 23:59:05,booster,851,372,False
user_server_003_9856,server_003,kristen44,Laura Ross,8955,,False,2026-05-16 20:11:48,2026-06-08 11:09:05,verified,243,32,False
user_server_003_5965,server_003,briancervantes,Mark Cole,2689,84e85d47e7,False,2026-03-29 20:30:48,2026-04-10 10:06:57,booster,228,0,False
user_server_003_8697,server_003,michael84,Jason Bell,7797,d161b2e804,False,2026-02-25 18:08:33,2026-05-31 09:50:49,,510,0,False
user_server_003_5660,server_003,barbarasantos,Veronica Mitchell,5250,,False,2025-06-11 20:10:19,2025-11-10 20:08:34,,689,307,False
user_server_003_2594,server_003,emily77,Jane Mitchell,7014,0085d57421,False,2025-08-07 02:56:30,2025-12-27 10:07:52,moderator,717,233,False
user_server_003_2073,server_003,mirandadavidson,Jennifer Salazar,4995,,False,2026-01-27 09:17:25,2026-02-07 08:21:46,,229,0,False
user_server_003_8695,server_003,esweeney,Greg Edwards,9633,,False,2026-01-07 20:24:54,2026-01-15 02:36:26,,241,464,False
user_server_003_9237,server_003,jennifer96,Jeremy Roy,5563,,False,2026-02-26 16:53:26,2026-04-30 07:28:58,moderator,402,0,False
user_server_003_5708,server_003,julie87,Clinton Johnson,4344,,False,2026-04-03 04:37:13,2026-04-22 18:45:07,,272,202,False
user_server_003_5478,server_003,ebonyshepard,Angela Jackson,1102,be7b131060,False,2026-03-07 19:29:22,2026-04-20 16:11:39,,351,146,False
user_server_003_5913,server_003,zunigathomas,Randy Warren,7092,eec9adf86e,False,2026-03-27 06:59:15,2026-04-16 15:42:54,admin,244,143,False
user_server_003_9457,server_003,bakereric,Stacey Parker,3056,3bf83f06e8,False,2026-03-17 08:32:02,2026-04-25 09:57:47,,343,0,False
user_server_003_1981,server_003,scott22,Carolyn Johnson,8556,71a574b025,False,2026-04-27 12:10:21,2026-05-23 12:30:30,,252,14,False
user_server_003_2055,server_003,michelle78,Kimberly Taylor,3335,4aa3e8075a,False,2025-11-02 06:03:06,2025-12-30 16:33:30,,342,0,False
user_server_003_1453,server_003,brittanybryant,Sherry Graham,4023,600ed9dd80,False,2025-12-08 12:03:20,2026-04-12 22:49:57,"verified,booster",598,86,False
user_server_003_1477,server_003,regina78,Brandon Parker,4233,1a2a800ee6,False,2026-05-11 13:20:22,2026-06-07 17:34:58,verified,307,0,False
user_server_003_2375,server_003,kevinsmith,Sarah Cooper,5143,b218757461,False,2025-09-13 05:45:32,2026-05-21 11:00:45,verified,955,20,False
user_server_003_3302,server_003,wattstravis,Elizabeth Cannon,3867,,False,2026-03-11 16:18:51,2026-06-06 17:56:50,moderator,507,61,False
user_server_003_2478,server_003,carla08,Jason Castro,3900,ba2995b459,False,2025-08-01 06:05:52,2026-02-19 23:05:41,,1056,293,False
user_server_003_4571,server_003,jenniferbrewer,Connie Miller,2363,,False,2025-12-28 23:32:55,2026-03-02 22:07:55,,420,0,False
user_server_003_2850,server_003,zacharymarsh,Melissa Nelson,5185,884cedca50,False,2025-11-28 19:05:23,2026-05-18 11:17:50,moderator,716,190,False
user_server_003_1345,server_003,robert12,Brian Gibson,9925,,False,2025-11-06 21:23:30,2026-02-22 18:03:28,,590,151,False
user_server_003_6945,server_003,nnelson,Frank Hernandez DVM,1999,5b6dae4889,False,2025-06-11 00:19:22,2026-03-06 05:56:59,,1164,0,False
user_server_003_4857,server_003,campbelldavid,Adam Davis,4872,26d8a387ff,True,2026-04-08 04:08:33,2026-05-15 21:20:44,,328,334,False
user_server_003_2312,server_003,matthewcollins,Yolanda Ford,8055,2639b9b3c1,False,2026-04-05 09:50:10,2026-06-05 16:59:40,,415,82,False
user_server_003_2087,server_003,christopher20,James Daniels,5764,bed5a9ce8e,False,2026-01-12 23:32:53,2026-06-01 06:48:33,"moderator,verified",749,93,False
user_server_003_3229,server_003,lisa01,Michelle Cruz,0050,b7df4651a5,False,2026-01-08 08:33:36,2026-04-06 08:54:46,verified,485,189,False
user_server_003_3131,server_003,joanjohnson,Ray Boyd,9732,691ff93812,False,2025-12-29 05:21:17,2026-04-20 00:49:14,,652,25,False
user_server_003_5616,server_003,tprice,Caitlin Chandler,3254,,False,2026-01-02 15:11:16,2026-03-31 07:16:59,,455,207,False
user_server_003_4747,server_003,kingdanielle,Stephen Boyer,1457,9f4fd05b25,False,2026-03-01 04:25:11,2026-05-13 10:51:30,,423,0,False
user_server_003_2922,server_003,youngryan,Robert Richards,0231,8cb6374f8c,False,2025-09-07 14:59:44,2025-09-26 23:00:23,verified,287,502,False
user_server_003_5717,server_003,albertwilliams,Karen Carlson,8096,a7be8c226d,False,2026-04-16 22:53:03,2026-06-03 22:20:05,moderator,337,123,False
user_server_003_3391,server_003,wrightvincent,Gina Booker,0471,b664164e35,False,2025-10-07 00:34:14,2026-05-28 01:44:51,"verified,booster",1054,0,False
user_server_003_6296,server_003,browndeanna,Rebecca Martinez,6513,bc0e91dcfd,False,2026-04-14 19:58:17,2026-05-08 22:35:39,"verified,booster",296,39,False
user_server_003_4847,server_003,linda73,James Ramsey,7715,aab0e7a726,False,2026-03-24 07:52:18,2026-06-03 19:07:06,"admin,booster",497,36,False
user_server_003_1673,server_003,washingtonsamuel,Michael Lopez,9510,,False,2025-06-03 21:33:34,2025-06-05 23:31:38,,188,0,False
user_server_003_2914,server_003,amymorris,Sean George,5132,,False,2026-05-17 08:21:24,2026-06-02 19:31:34,booster,272,0,False
user_server_003_5321,server_003,caseymoore,Dennis Richardson,8470,25388b0526,False,2025-12-03 19:23:18,2026-04-22 20:21:04,,666,263,False
user_server_003_8208,server_003,bgross,Helen Oliver,0871,,False,2025-12-30 15:18:10,2026-05-22 17:21:44,moderator,683,0,False
user_server_003_9108,server_003,jennifer86,Michael Cannon,0668,f8abecf5fc,False,2025-09-18 19:09:30,2025-10-02 17:25:07,verified,243,166,False
user_server_003_5654,server_003,marcus51,Matthew Williams,2959,3f5826cf98,False,2026-05-11 09:55:52,2026-06-02 15:15:35,"verified,booster",284,202,False
user_server_003_2258,server_003,morganharris,Mr. Kenneth Huff,4033,fd006ac795,False,2025-11-27 10:21:35,2026-02-17 22:02:07,,499,123,False
user_server_003_2737,server_003,brandon39,Alexis Mccall,5300,,False,2026-01-09 19:46:54,2026-01-14 20:46:26,moderator,192,0,False
user_server_003_8423,server_003,fhebert,Mark Ward,5323,7459bdf8bc,False,2026-05-07 06:18:14,2026-05-29 07:19:00,booster,292,161,False
user_server_003_9964,server_003,yshort,Samantha Baker,9867,75c5317422,False,2025-08-07 23:51:35,2025-10-29 01:56:29,,497,41,False
user_server_003_7592,server_003,davenportchristian,Joseph Garcia,4668,4bc76c6a5f,False,2025-09-14 19:31:06,2025-12-17 01:13:38,"moderator,booster",494,161,False
user_server_003_3151,server_003,hlopez,Laura Meza,5882,32d8d8ddf8,False,2025-08-27 06:26:06,2025-10-13 02:31:37,,342,32,False
user_server_003_7922,server_003,xreese,Heather Ellis,6033,32afe5896b,False,2026-06-01 17:42:19,2026-06-06 14:08:19,,204,1121,False
user_server_003_3540,server_003,jacksonhenry,George Moore,8115,d080076319,True,2026-03-26 10:41:27,2026-04-04 11:16:26,verified,223,256,False
user_server_003_3093,server_003,umahoney,Yesenia Kirk,4921,0edce00fdc,False,2025-07-03 18:28:22,2025-10-24 16:01:16,admin,630,99,False
user_server_003_7961,server_003,umckenzie,Kristine Lewis,6766,,True,2025-12-15 01:20:00,2026-04-04 10:54:06,"admin,verified,booster",555,0,False
user_server_003_8583,server_003,michael77,April Johnson,2941,440a25354e,False,2025-11-12 08:30:30,2026-03-30 09:36:49,"admin,booster",676,316,False
user_server_003_8371,server_003,holmesvictoria,Eric Walker,4342,dc93d29ff5,False,2025-06-03 16:50:25,2025-07-06 01:09:52,,272,131,False
user_server_003_9755,server_003,ingramsherry,Tamara Dixon,0293,,False,2025-09-21 22:39:48,2025-12-12 21:57:47,booster,484,0,False
user_server_003_8974,server_003,clintonstevens,Derek Preston,4961,da552fc9e3,False,2025-09-09 22:32:08,2026-05-22 15:02:37,,1062,164,False
user_server_003_4126,server_003,lisa19,Thomas Navarro,1833,3102b43327,False,2026-02-03 17:37:42,2026-06-14 13:46:42,"verified,booster",646,326,False
user_server_003_9824,server_003,sthompson,Sabrina Davis,3127,,False,2025-09-22 17:51:08,2025-10-03 03:47:20,,221,137,False
user_server_003_8947,server_003,benjamin96,Anthony Wise,7724,,False,2025-08-22 15:09:52,2026-02-22 17:03:46,,711,81,False
user_server_003_8074,server_003,nichole66,Barbara Townsend,6810,ccf3febdd6,False,2025-11-04 00:06:04,2026-01-21 04:42:40,booster,489,310,False
user_server_003_8993,server_003,walterscrystal,Joseph Flores,3799,a528dc70df,False,2025-12-11 09:35:12,2025-12-18 14:05:57,,224,31,False
user_server_003_8755,server_003,wayne32,Nicholas Long,1915,c7c948c2f4,False,2026-03-23 07:53:29,2026-05-18 07:00:30,admin,369,18,False
user_server_003_6633,server_003,walkerkeith,Carlos Miller,7178,f06321d9f3,False,2026-01-23 21:18:29,2026-04-20 22:39:20,"admin,verified,booster",460,0,False
user_server_003_7395,server_003,kelleyjose,Jeffrey Wolfe,6829,ef0f9bc34d,False,2026-01-17 23:25:36,2026-05-14 21:24:59,,665,109,False
user_server_003_8911,server_003,fhansen,Kenneth Hoffman,2115,,False,2026-02-03 08:48:25,2026-05-06 02:00:00,verified,518,0,False
user_server_003_1297,server_003,johnadams,Michael Johnston,5878,c96015feb8,False,2026-05-16 20:09:49,2026-05-21 17:43:29,verified,192,366,False
user_server_003_4714,server_003,whenderson,Gregory Rios,1977,b9cd2a68e3,False,2025-08-30 17:46:36,2025-11-06 14:14:11,"moderator,verified",412,177,False
user_server_003_9444,server_003,vanessajensen,Jessica Thomas MD,9900,5312b84792,False,2026-01-18 21:15:35,2026-03-28 20:48:09,,394,81,False
user_server_003_2669,server_003,ginamoore,Angelica Singh,9215,,False,2026-04-04 14:50:16,2026-05-19 00:02:27,,263,0,False
user_server_003_2626,server_003,stacymcintosh,Samantha Smith,2527,19b9901070,False,2025-07-30 05:56:32,2025-10-18 00:16:50,,498,145,False
user_server_003_8760,server_003,torresthomas,Patrick Lewis,5592,849d9db1a9,False,2025-08-14 13:25:17,2025-10-01 07:42:37,,338,0,False
user_server_003_9677,server_003,ana92,Mary Bennett,6909,fbe3a1e77d,False,2025-11-22 04:02:50,2026-04-15 19:24:20,verified,744,0,False
user_server_003_1487,server_003,scottbrian,Michael Nelson,7251,,False,2026-03-28 14:59:38,2026-05-07 18:18:27,,310,0,False
user_server_003_1607,server_003,apena,Matthew Alvarado,2473,e2ad96dacb,False,2026-06-05 09:14:07,2026-06-06 05:30:08,"verified,booster",198,0,False
user_server_003_6139,server_003,michelle04,Marie Hall,5638,,False,2026-06-07 06:31:39,2026-06-10 20:39:48,,191,0,False
user_server_003_8244,server_003,tromero,Ethan Delacruz,5656,4d17c8df90,False,2026-06-13 11:54:27,2026-06-15 08:21:19,verified,213,114,False
user_server_003_3064,server_003,jamesrasmussen,Michelle Williams,8527,59af305799,False,2026-03-09 17:41:22,2026-04-17 01:09:15,admin,343,0,False
user_server_003_9846,server_003,matthew62,Michael Kelly,9707,1e1ec462b8,False,2025-07-10 15:26:19,2026-01-25 08:33:49,"verified,booster",791,29,False
user_server_003_9314,server_003,lisa46,Robin Johnson,5807,,False,2025-12-21 15:02:52,2026-05-11 16:49:34,,706,627,False
user_server_003_9737,server_003,jeremiah56,Anita Reyes,9757,ba90068ebb,False,2025-08-04 10:39:41,2026-01-25 17:11:32,,674,0,False
user_server_003_6919,server_003,robertberry,Erik Jacobs,7443,,False,2025-08-16 06:24:51,2026-05-20 16:38:52,"moderator,booster",1072,56,False
user_server_003_9622,server_003,ndaniels,Lauren Sutton,6598,c6e8dbb8a5,False,2026-03-15 14:22:49,2026-03-23 13:19:51,"moderator,verified,booster",247,63,False
user_server_003_7830,server_003,kylethornton,Brandy Forbes,2668,,False,2026-03-02 04:26:07,2026-04-22 09:20:13,,390,0,False
user_server_003_1534,server_003,dianacunningham,Barry Patel,2569,8ce9ff66ec,False,2026-04-20 01:32:30,2026-05-02 15:01:51,,254,133,False
user_server_003_2929,server_003,lonniehobbs,Pamela Beard,6086,f00468c93b,False,2025-07-30 19:06:59,2026-03-21 10:26:12,verified,776,473,False
user_server_003_5999,server_003,vturner,Stephanie Mahoney,4644,d263f82c45,True,2025-12-13 21:21:54,2026-03-18 05:56:31,,467,105,False
user_server_003_8411,server_003,daniellopez,Lisa Adams,5534,45330c786d,False,2026-05-14 04:55:51,2026-05-14 07:21:39,,194,4,False
user_server_003_6328,server_003,caitlynhall,Bobby Chan,1463,cd111adf55,False,2025-08-10 16:54:25,2026-06-02 14:48:25,booster,1195,10,False
user_server_003_5544,server_003,xjoseph,James Wells,1450,80fa632669,False,2026-03-13 17:10:55,2026-04-20 07:30:18,,318,262,False
user_server_003_1866,server_003,antonioduran,Derrick Gutierrez,9342,75079c8cad,False,2025-12-25 10:30:07,2026-04-13 09:09:29,moderator,576,166,False
user_server_003_4371,server_003,katherinejones,Victoria Camacho,4018,a141a118fa,True,2026-05-24 23:01:22,2026-06-15 17:29:02,,267,187,False
user_server_003_1381,server_003,michelle36,Andrew Moss,5569,1095a8054a,False,2026-04-09 14:11:39,2026-04-17 19:26:17,verified,219,32,False
user_server_003_5675,server_003,phillip99,Margaret Padilla,2359,,False,2026-06-13 13:57:31,2026-06-14 13:04:10,admin,188,380,False
user_server_003_1958,server_003,meyershannon,Amanda Forbes,4882,cc94856e8e,False,2025-08-27 08:09:47,2025-12-24 11:41:32,"moderator,booster",602,24,False
user_server_003_4874,server_003,cterrell,Kelli Mccoy,8076,0793c433bb,False,2026-03-16 04:43:53,2026-06-10 21:35:52,verified,530,14,False
user_server_003_4829,server_003,scott44,Jay Austin,0305,e6ac13149d,False,2025-07-27 22:25:44,2025-11-09 12:22:14,,571,17,False
user_server_003_9199,server_003,stevenlucas,Jonathan White,3333,58b2feb9bd,False,2025-07-17 09:25:45,2025-10-21 01:15:41,moderator,511,0,False
user_server_003_8612,server_003,phillipmorris,Jesse Mosley,4739,dbb087b06c,False,2025-09-07 04:24:51,2025-12-11 09:29:05,booster,560,0,False
user_server_003_4485,server_003,udavis,Susan Hogan,9587,89f1bf8901,False,2025-06-15 06:54:01,2026-06-12 19:48:51,,1392,0,False
user_server_003_3288,server_003,davisjasmin,Angela Zimmerman,9117,bafd3fae58,False,2025-09-01 22:10:28,2026-06-15 23:51:31,"admin,verified",1191,12,False
user_server_003_8417,server_003,nicholasjames,Susan Cunningham,4473,f74644894c,False,2025-10-10 07:41:19,2026-06-04 09:27:04,,990,122,False
user_server_003_1033,server_003,fernandothomas,Amber Parker,9974,c983220375,False,2026-01-19 21:35:52,2026-03-01 19:10:34,moderator,310,35,False
user_server_003_2270,server_003,lroberts,Carlos Harris,8825,,False,2025-09-11 08:06:09,2026-02-18 19:03:39,booster,707,146,False
user_server_003_1138,server_003,alexander77,Abigail Andrade,2044,17af54dd78,False,2026-04-10 07:51:11,2026-06-14 14:17:58,,389,423,False
user_server_003_6862,server_003,cchavez,Kyle Sanchez,3137,,False,2026-04-09 20:41:05,2026-04-10 18:30:10,"admin,verified",218,120,False
user_server_003_4425,server_003,christine83,Charles Delgado,0116,,False,2025-12-21 00:48:50,2026-05-27 00:17:54,,550,124,False
user_server_003_3875,server_003,thomasantonio,Lindsey Rivera,1070,a821b774b2,False,2026-03-03 04:44:17,2026-03-24 17:47:10,,301,137,False
user_server_003_1378,server_003,butlergregory,Lisa Holt,8731,15f518055e,False,2025-08-06 12:38:27,2025-11-15 08:30:58,,477,345,False
user_server_003_8086,server_003,tammycurry,Andrew Mack,6666,9096d2c6ca,False,2026-04-17 02:57:10,2026-04-17 07:30:29,verified,195,667,False
user_server_003_7882,server_003,wwilkins,Joshua Carter,8723,cad43620cb,False,2026-04-26 22:57:49,2026-06-14 01:44:11,verified,336,0,False
user_server_003_7943,server_003,mark68,Daniel Brown,1219,5c90e85ca6,False,2025-09-27 16:54:55,2026-02-04 16:35:58,moderator,601,0,False
user_server_003_6477,server_003,webbhaley,Victoria Mitchell,4102,9200ddb62e,False,2026-01-10 06:20:55,2026-03-11 14:48:32,"moderator,booster",406,319,False
user_server_003_8184,server_003,jordan99,Carl Hart,1567,5366f2bfa6,False,2026-01-19 06:09:56,2026-01-29 19:50:27,verified,228,152,False
user_server_003_2015,server_003,lvasquez,Crystal Roberts,7240,,False,2025-07-04 23:38:20,2025-07-28 13:16:55,,254,315,False
user_server_003_7581,server_003,aaronjohnson,Bailey Charles,1570,f0cc8c5424,False,2026-03-30 23:13:08,2026-04-06 08:31:16,"admin,verified",211,473,False
user_server_003_1425,server_003,vgutierrez,Robert Lewis,7439,ac4cb4ff7e,False,2025-05-07 18:52:37,2026-04-24 23:04:30,,1249,40,False
user_server_003_3064,server_003,jonathan14,Joshua Wang,8337,10394b1662,True,2025-07-22 10:32:43,2025-08-31 07:40:56,,364,32,False
user_server_003_6861,server_003,matthew99,Sandra Lee,5098,b8b883bcc1,False,2026-04-09 21:33:16,2026-04-27 22:47:14,moderator,257,17,False
user_server_003_3369,server_003,zhendricks,Chad Moore,0939,20f904abb2,False,2025-08-20 15:47:51,2025-10-16 21:44:58,,429,140,False
user_server_003_4102,server_003,steven60,Elizabeth Hardy,7794,3d16958215,False,2025-06-10 23:06:37,2025-11-21 21:00:18,"verified,booster",765,427,False
user_server_003_1691,server_003,clarkgina,Stacy Gomez,8125,9386a34df3,False,2026-01-11 18:09:17,2026-05-04 01:44:39,booster,564,0,False
user_server_003_7158,server_003,mary56,Sarah Duncan,3363,4483de727c,False,2025-10-19 18:38:44,2026-01-17 04:57:17,,499,441,False
user_server_003_6896,server_003,hancockkaren,Emily Johnson,0719,b088cd608e,True,2025-05-04 18:31:37,2026-02-10 13:55:43,verified,994,0,False
user_server_003_4211,server_003,xwiley,Trevor Robinson,0352,,False,2025-12-06 05:10:51,2026-01-09 00:45:46,moderator,288,0,False
user_server_003_4444,server_003,gregory50,Susan Wallace,4998,1455a4c8ee,False,2025-07-17 03:28:44,2025-07-25 07:09:17,,243,247,False
user_server_003_2071,server_003,jstein,Thomas Oconnor,1941,,False,2026-02-12 18:16:06,2026-03-18 00:51:46,,297,344,False
user_server_003_1756,server_003,kimberly21,Teresa Rhodes,9622,,False,2025-09-23 20:19:24,2025-12-07 06:55:20,,442,136,False
user_server_003_9011,server_003,jamiejohnson,Sean Wilson,3428,b558944b54,False,2025-08-22 22:38:41,2025-12-28 04:50:57,verified,670,38,False
user_server_003_8606,server_003,mcdanielbrooke,John Williams,2932,9fa0301359,False,2025-06-18 22:28:40,2025-08-22 23:04:17,,435,21,False
user_server_003_1599,server_003,andrew43,Corey Hill,3394,fcaa3e1999,False,2026-05-09 22:28:00,2026-06-13 16:15:33,,296,0,False
user_server_003_5170,server_003,rlambert,Donald Smith,9020,,False,2025-10-28 14:24:07,2026-03-31 08:27:25,verified,688,276,False
user_server_003_8391,server_003,clarkmichael,Charles Bush,7660,f5df3fd006,False,2025-12-14 17:15:01,2026-03-11 00:47:42,moderator,501,86,False
user_server_003_2243,server_003,georgecollins,Kimberly Williams,5883,c711cef41a,False,2026-05-21 00:01:53,2026-06-05 09:23:13,admin,270,0,False
user_server_003_2942,server_003,rodriguezbrian,Christopher Carlson,1168,17d856739c,False,2026-05-24 06:43:57,2026-06-05 17:27:17,"admin,verified",217,78,False
user_server_003_4123,server_003,tjensen,Craig Chang,9896,505704edc7,False,2026-01-13 18:51:13,2026-02-20 23:17:30,,339,38,False
user_server_003_1194,server_003,beltrankatelyn,Carlos Hess,7733,64c49a71d0,False,2025-11-18 09:04:27,2025-11-21 16:36:56,,227,362,False
user_server_003_8679,server_003,tdavis,Michelle Marshall,7559,3848d05711,False,2025-08-23 11:57:31,2026-01-24 20:58:35,verified,677,0,False
user_server_003_7139,server_003,douglashuang,Jack White,2276,2168525e40,False,2025-09-22 10:52:12,2026-03-07 23:30:36,,783,0,False
user_server_003_7608,server_003,kristina57,Mr. Brian Mendoza,8808,cbbd8d0263,False,2025-05-07 01:37:35,2026-05-30 06:34:39,,1433,6,False
user_server_003_7404,server_003,katrina99,Brian Roth,6247,da1ba93014,False,2025-05-24 13:34:32,2026-05-17 16:34:56,,1337,557,False
user_server_003_3808,server_003,angela14,Jennifer Gutierrez,1709,ff32ea2c39,False,2026-02-23 16:48:20,2026-04-01 06:31:38,,348,0,False
user_server_003_4818,server_003,terrireyes,Robert Garza,4769,568d447647,False,2026-05-14 01:34:09,2026-05-15 08:50:17,admin,216,0,False
user_server_003_2814,server_003,vbradley,Cynthia Bates,2115,26260dd7dc,False,2025-06-13 04:09:41,2025-11-03 08:14:58,booster,642,222,False
user_server_003_8778,server_003,mwilson,Justin Short,2601,40fb345e8a,False,2025-06-21 22:59:30,2025-11-20 00:40:05,"moderator,verified",710,118,False
user_server_003_7541,server_003,gjones,Linda Wilkins,9909,bd99487dbd,False,2025-10-04 04:50:40,2026-04-17 08:15:03,,841,158,False
user_server_003_8476,server_003,davislisa,Stephanie Fields,5681,6f07558c81,False,2026-05-15 21:17:19,2026-06-07 05:27:56,"admin,verified",266,23,False
user_server_003_8079,server_003,donnachavez,Luis West,7501,d71469c30c,False,2025-12-16 14:00:10,2026-03-02 12:36:57,"moderator,verified",443,269,False
user_server_003_9810,server_003,kevin46,Suzanne Mooney,4782,eeec5667df,False,2025-07-12 18:02:33,2025-12-12 14:12:23,"admin,booster",791,0,False
user_server_003_9264,server_003,sabbott,Steven Faulkner,5341,eabcd5f898,False,2025-10-15 07:04:51,2026-04-24 22:43:06,moderator,907,0,False
user_server_003_8567,server_003,daniel40,Michael Long,6244,5ec6046cec,True,2025-10-07 14:51:09,2026-04-22 03:42:58,admin,951,326,False
user_server_003_8606,server_003,bsullivan,Mary Wells,7942,27867c1bf5,True,2025-09-27 13:06:07,2026-02-28 14:22:28,verified,749,0,False
user_server_003_2646,server_003,xbridges,Brittany Bright,2903,0fff392242,False,2025-11-03 17:50:12,2026-04-22 17:43:00,"verified,booster",820,412,False
user_server_003_4549,server_003,alexanderwong,Stephen Barrett,0564,98c1c3bae5,False,2026-02-27 03:07:10,2026-03-31 20:10:08,verified,276,155,False
user_server_003_2684,server_003,christophermay,Jesus Mccormick,6399,334f4bef12,True,2026-04-07 21:43:03,2026-06-14 13:14:41,,376,2,False
user_server_003_2497,server_003,dhanson,Kristen Cole,0262,d4c516729a,False,2025-05-03 04:07:56,2025-06-09 23:18:28,,321,182,False
user_server_003_3750,server_003,rogersmith,Dr. Michael Adams DVM,2736,,False,2026-01-16 09:27:58,2026-02-22 16:57:30,"admin,booster",308,271,False
user_server_003_2979,server_003,arthur09,Mr. Kevin Nixon,3807,6de2a702a7,False,2026-01-08 15:30:56,2026-03-12 07:18:40,,441,179,False
user_server_003_5562,server_003,steven18,Ann Kennedy,6045,,False,2025-09-11 09:41:49,2025-09-17 05:27:23,booster,239,16,False
user_server_003_3809,server_003,suttonamber,Lisa Berger,4127,883b9809fb,False,2026-03-14 20:33:25,2026-04-13 03:10:57,,280,7,False
user_server_003_8899,server_003,harrisonwilliam,Nicholas Fisher,1106,d348d4406c,False,2026-02-25 08:32:29,2026-03-23 04:02:48,,307,13,False
user_server_003_1347,server_003,keith09,Monica Elliott,2032,77f0a572d7,False,2026-04-13 05:28:29,2026-05-20 08:27:52,booster,347,24,False
user_server_003_1621,server_003,klane,William Lamb,3900,e411976896,False,2025-11-04 17:10:41,2025-12-05 13:08:35,verified,267,221,False
user_server_003_7797,server_003,todd28,Richard King,4726,c0849e6d82,False,2026-04-09 04:48:45,2026-05-11 02:42:55,verified,326,0,False
user_server_003_4644,server_003,michaela01,Susan Stevenson,9962,630fea9561,False,2026-01-11 20:28:55,2026-03-19 09:42:43,,426,112,False
user_server_003_1853,server_003,lindsey43,Dr. Scott Cooper,2318,d89e1af2a9,False,2025-09-19 02:41:32,2026-03-09 21:47:40,admin,739,0,False
user_server_003_8652,server_003,caitlinunderwood,Nicole Gutierrez,5103,,False,2025-09-11 10:42:31,2026-04-29 14:25:35,,1024,0,False
user_server_003_8883,server_003,cyoung,Carol Lane,1310,b751ad6a28,False,2026-03-24 21:24:08,2026-04-11 00:31:36,,283,186,False
user_server_003_8897,server_003,maykarla,Christopher Ross,0324,3c3b20ebee,False,2026-02-16 22:19:15,2026-03-21 12:10:02,booster,314,242,False
user_server_003_7233,server_003,noahthornton,Charles Berg,7596,6e85171354,False,2025-07-03 04:43:46,2026-04-23 21:48:05,booster,1109,0,False
user_server_003_9203,server_003,ureyes,Melanie Williams,6131,e7964dce72,False,2026-05-08 00:44:41,2026-05-11 12:33:37,"moderator,booster",187,133,False
user_server_003_3039,server_003,stephanie69,Shannon Rogers,6304,c52993efab,False,2026-03-02 01:57:36,2026-05-13 12:56:28,verified,453,0,False
user_server_003_7032,server_003,scottbreanna,Michael Allen,0945,6f7acc343e,False,2026-04-03 10:20:23,2026-04-28 05:08:05,,285,141,False
user_server_003_3422,server_003,aprilbyrd,Emily Smith MD,4281,998e94a4a9,False,2025-11-07 05:41:22,2026-02-09 08:34:54,booster,526,58,False
user_server_003_2512,server_003,gdavis,Heather Hardy,6297,5eb1b64589,False,2025-08-22 00:17:02,2025-11-28 18:25:12,"verified,booster",510,9,False
user_server_003_9202,server_003,johnsonchristopher,Mary Houston,8735,6830aa41b6,False,2025-06-30 22:57:28,2026-01-18 08:04:23,moderator,791,711,False
user_server_003_6642,server_003,ericksondavid,Beverly Douglas,2338,76cc3ca7ac,False,2025-12-24 18:17:55,2026-05-16 06:40:34,verified,649,0,False
user_server_003_7845,server_003,pauladominguez,John Mayer,8600,8f99342fb6,True,2026-03-04 15:51:33,2026-05-03 11:42:39,verified,368,0,False
user_server_003_2806,server_003,kayla54,Benjamin Waters,7383,cde315ed99,False,2026-03-30 06:38:21,2026-04-15 20:14:44,moderator,241,0,False
user_server_003_8220,server_003,wendy44,Benjamin Krause,1789,d12ba9ac8b,False,2025-10-02 14:57:56,2025-10-25 12:43:05,moderator,274,0,False
user_server_003_2651,server_003,fwhite,Joshua Reynolds,0155,,False,2025-12-13 05:24:49,2025-12-29 20:50:14,,203,82,False
user_server_003_5355,server_003,gainesjennifer,Benjamin Duncan,7961,d02cc9f803,False,2025-05-05 03:52:16,2025-06-06 16:11:09,moderator,328,143,False
user_server_003_7528,server_003,fsmith,Martin Fitzpatrick,6200,7665bb6e38,False,2026-03-29 02:45:08,2026-04-30 18:58:15,,292,101,False
user_server_003_1420,server_003,edward56,Kaylee Case,9861,,True,2026-01-11 01:33:38,2026-01-30 12:25:15,,233,24,False
user_server_003_1051,server_003,zmendoza,Priscilla Floyd,5278,,False,2025-11-08 14:14:02,2026-03-31 16:14:57,,652,414,False
user_server_003_2333,server_003,aaronfinley,Karen Bradley,5707,5ba8df7ec2,False,2025-06-04 02:04:41,2026-06-15 15:22:56,,1453,987,False
user_server_003_3345,server_003,mathew46,Zachary Holland,8520,b88cab390a,False,2026-05-04 08:42:44,2026-06-05 07:43:57,"verified,booster",276,100,False
user_server_003_8648,server_003,christopher74,Cassandra Williams,2753,5a076f91bd,False,2026-05-26 12:15:54,2026-05-27 06:45:29,,197,476,False
user_server_003_2728,server_003,kentprice,Michael Tucker,7125,8a429053c9,False,2026-05-09 01:25:47,2026-06-10 05:27:49,moderator,320,0,False
user_server_003_3016,server_003,imoss,Alexander Davies,2224,ee003588a2,False,2026-01-08 03:34:21,2026-03-23 14:45:52,,428,620,False
user_server_003_2059,server_003,ibrown,Kathryn Hanna,5623,00e39acef8,False,2026-05-16 15:55:59,2026-05-21 01:18:19,,229,202,False
user_server_003_2824,server_003,johnsonbrian,Amanda Wilson,1460,5ac2169d7f,False,2026-02-19 23:38:15,2026-06-09 02:16:51,verified,473,12,False
user_server_003_6092,server_003,ibentley,Kerry Buckley,1013,babe02ff9c,False,2025-09-22 16:38:44,2025-11-06 18:50:02,,357,0,False
user_server_003_4639,server_003,tracysmith,Lisa Sanchez,1746,d1c7207ce2,False,2026-02-25 00:42:49,2026-05-18 07:17:30,,426,121,False
user_server_003_5643,server_003,jacksonbrendan,Riley Bryant,2389,2de758acfd,False,2026-04-22 07:24:52,2026-05-22 23:34:33,,292,108,False
user_server_003_8836,server_003,meyersdaniel,Robert Walker PhD,3534,34b2036008,False,2025-05-26 05:22:21,2026-01-13 19:20:29,verified,1026,16,False
user_server_003_4687,server_003,rnguyen,Brenda Copeland,0861,34974208b2,False,2026-02-16 03:30:52,2026-02-27 13:36:03,verified,229,220,False
user_server_003_7427,server_003,watkinsmatthew,Charles Perry,5528,988140dead,False,2026-05-13 04:54:07,2026-06-01 05:23:28,"verified,booster",272,180,False
user_server_003_9978,server_003,samuelfrost,Brett Boone,6451,,False,2026-01-25 02:04:21,2026-04-11 01:57:17,booster,501,413,False
user_server_003_8904,server_003,bstrickland,Angela Smith,4769,3cb6c2e5a8,False,2025-06-10 14:05:17,2026-05-06 14:53:19,,1365,0,False
user_server_003_3418,server_003,robert72,Mark Mills,6169,be6ceb1ee5,True,2025-09-28 12:25:53,2026-06-08 10:24:34,,1154,152,False
user_server_003_6545,server_003,cheryljohnson,Jonathan Clements,9722,bdf8054dc5,False,2025-09-07 05:03:32,2025-09-29 02:06:23,"moderator,verified",245,0,False
user_server_003_7150,server_003,michael08,Bruce Moreno,1468,1345d26925,True,2026-03-09 08:09:02,2026-04-25 21:56:16,,351,133,False
user_server_003_9351,server_003,michelle88,Randy Hopkins,3685,,False,2026-02-20 08:02:02,2026-04-14 18:38:00,"moderator,verified,booster",382,26,False
user_server_003_8105,server_003,brian12,Tracy Wells,4888,ac07a57ade,False,2026-05-06 23:39:14,2026-05-20 06:33:59,admin,245,0,False
user_server_003_9788,server_003,brownmichael,David Jensen,8684,c4bb77495d,False,2025-06-17 20:51:02,2026-03-22 01:39:06,"moderator,booster",1179,373,False
user_server_003_3948,server_003,vwilliams,Joshua Moore,0087,0d1de9423d,False,2025-08-03 22:20:57,2026-05-23 13:33:17,verified,1220,223,False
user_server_003_1573,server_003,jonesjoe,Kevin Barnes,1386,4d2032a32d,False,2025-08-03 02:53:14,2025-08-18 07:43:40,moderator,237,311,False
user_server_003_9510,server_003,jerry15,David Gutierrez,4807,eabc9e37d5,False,2026-02-05 22:23:58,2026-05-22 15:36:49,"verified,booster",544,345,False
user_server_003_2622,server_003,charlesrichards,Jeffrey Robinson,0732,ab8052b9e2,False,2026-05-15 11:40:24,2026-05-30 16:16:12,,246,0,False
user_server_003_3105,server_003,paultaylor,Lynn Cantrell,6914,,False,2025-12-18 08:08:29,2026-06-02 13:47:14,verified,764,0,False
user_server_003_3346,server_003,matthewjohnson,Diana Rodriguez,8780,d4f4a24318,False,2026-02-20 02:05:41,2026-03-23 19:13:05,"admin,verified",309,233,False
user_server_003_3514,server_003,vjackson,Edward Moore,5183,1ad170bd4d,False,2025-11-24 19:07:50,2026-02-07 14:32:53,booster,435,112,False
user_server_003_2457,server_003,belindatran,Jason Boyd,5944,9fad8c4e65,False,2025-05-19 16:09:05,2025-11-27 21:50:33,"moderator,booster",768,84,False
user_server_003_2720,server_003,brittanyhood,Nicholas Fitzgerald,2023,,False,2025-08-21 04:56:19,2025-11-16 21:13:31,admin,448,207,False
user_server_003_5440,server_003,johnhamilton,Timothy Shah,9952,,False,2025-12-23 15:39:16,2026-04-16 23:47:14,,597,0,False
user_server_003_7597,server_003,butlerbradley,Morgan Gordon MD,7812,82e54e41c6,False,2026-01-01 13:02:20,2026-05-27 13:01:14,,594,0,False
user_server_003_7064,server_003,chavezjohn,Alexandria Dennis,4081,8ce48e8ae2,False,2026-06-02 10:42:35,2026-06-06 05:17:23,verified,201,186,False
user_server_003_9529,server_003,michaelallen,Mrs. Maureen Martin DDS,3748,49865202f1,False,2026-04-20 02:55:02,2026-05-07 21:34:54,verified,248,885,False
user_server_003_2534,server_003,braysteven,Michael Lopez,2705,918e31aa45,False,2025-12-22 23:06:00,2026-03-11 21:35:46,verified,455,0,False
user_server_003_3235,server_003,apadilla,Andrea Barry,7858,d78c0aad7f,False,2025-12-07 13:48:10,2026-03-25 04:22:28,moderator,506,5,False
user_server_003_9754,server_003,phillipskaren,Lisa Johnston,5653,44332f86cb,True,2025-08-04 09:34:34,2026-01-08 20:50:38,verified,723,96,False
user_server_003_9577,server_003,olivermatthew,Kayla Kent,3687,,False,2026-06-13 17:52:01,2026-06-15 19:40:47,,168,98,False
user_server_003_2855,server_003,pamela16,Manuel Diaz,5537,82d275c715,False,2025-08-11 02:23:57,2026-02-26 14:17:08,"admin,booster",794,0,False
user_server_003_4562,server_003,castrokim,George Fernandez,4994,4c6a9a1405,False,2025-07-30 02:19:37,2025-11-19 17:55:34,,604,68,False
user_server_003_8542,server_003,karenhodges,Steven Gordon,5382,1c2977024b,False,2026-06-03 23:18:50,2026-06-04 19:57:10,"verified,booster",221,0,False
user_server_003_9426,server_003,brownmichael,Mr. Bryan Mckinney,2518,b1055f14e6,False,2026-01-26 04:26:29,2026-06-15 11:13:33,"moderator,booster",780,438,False
user_server_003_3984,server_003,shannon51,Stephen Miller,8788,52b5466a48,False,2025-05-04 21:58:36,2025-09-02 19:08:15,,612,0,False
user_server_003_4251,server_003,keithfrye,Donald Terry,1813,,False,2026-04-05 04:43:57,2026-06-07 21:58:29,,485,0,False
user_server_003_5354,server_003,nhernandez,Lori Carter,1946,7ac55ee955,False,2026-03-02 00:01:38,2026-05-22 18:17:21,"moderator,verified",458,155,False
user_server_003_7370,server_003,thomasfisher,Alison Lopez,2153,,False,2025-08-06 12:41:54,2025-12-10 16:52:16,,567,0,False
user_server_003_6605,server_003,wigginsjesse,Maria Jenkins,7039,6c86165961,False,2025-05-15 23:27:44,2025-08-21 22:34:34,verified,528,358,False
user_server_003_9376,server_003,todd88,Eric Anderson,3061,22c69697fb,False,2026-04-01 21:37:37,2026-05-18 12:33:27,"verified,booster",349,60,False
user_server_003_9230,server_003,kristinaperez,Dwayne Bruce,2968,,False,2025-11-20 05:43:31,2026-02-24 07:14:06,booster,483,83,False
user_server_003_1289,server_003,michaelbryant,Thomas Joseph,3270,,False,2025-08-23 01:36:43,2025-11-20 03:37:39,"verified,booster",501,0,False
user_server_003_9353,server_003,ian22,Bruce Chaney,6997,8af3a1c1de,False,2026-03-11 21:43:35,2026-05-01 20:59:52,,372,117,False
user_server_003_1669,server_003,lgreen,Michael Wade,0008,,False,2025-11-24 16:16:03,2026-04-14 21:02:34,booster,686,102,False
user_server_003_6956,server_003,earl78,Kimberly Martinez,5476,97f101120c,False,2025-10-11 04:42:16,2026-01-30 00:03:04,"moderator,verified",580,0,False
user_server_003_7088,server_003,dmack,Brittney Cordova,3903,5ebbb90106,False,2025-05-10 03:49:37,2025-08-19 08:56:44,,550,0,False
user_server_003_4120,server_003,deborah47,Tracy Webster,3160,373e2d8517,False,2026-02-21 20:21:20,2026-03-10 18:52:56,verified,248,129,False
user_server_003_3517,server_003,laurenchandler,Gina Rodriguez,0717,,False,2025-06-26 17:00:48,2026-01-24 23:29:56,,915,665,False
user_server_003_7864,server_003,imccullough,Audrey Johnson,8581,093eec2f9c,False,2025-11-11 16:34:23,2026-03-26 14:00:43,booster,721,152,False
user_server_003_4116,server_003,seandavis,Martin Silva,6512,58be376f26,False,2025-05-16 12:56:03,2025-09-23 04:49:49,"moderator,verified",686,312,False
user_server_003_5448,server_003,james18,Megan Rosario,3390,,False,2026-06-02 09:15:39,2026-06-04 04:56:35,,184,0,False
user_server_003_9602,server_003,ulee,Kayla Brown,4240,51a03e0039,False,2025-10-15 17:23:12,2026-06-02 16:16:39,,915,0,False
user_server_003_3427,server_003,bhernandez,Jake Mitchell,4550,faaf383a0c,False,2025-11-24 02:37:57,2026-01-09 08:45:23,"admin,verified,booster",406,0,False
user_server_003_7047,server_003,fsawyer,Stephen Figueroa,5317,,False,2025-06-08 13:33:30,2026-02-13 01:16:57,verified,1019,132,False
user_server_003_6824,server_003,slara,Nicholas Hurst,3592,b9abac5651,False,2025-11-20 15:11:06,2026-01-11 12:32:07,verified,403,0,False
user_server_003_7258,server_003,ltaylor,Briana Turner,4216,e2c3429cfc,False,2025-11-14 09:06:14,2025-11-20 10:51:54,booster,214,45,False
user_server_003_3550,server_003,carl96,Jason Rocha,7308,c4d7e5b3a6,False,2025-10-06 16:14:20,2026-03-27 09:42:02,,812,143,False
user_server_003_3885,server_003,wpage,Christina Collier,3094,920695165e,False,2026-02-09 21:06:16,2026-03-10 16:23:30,"admin,verified,booster",293,401,False
user_server_003_4077,server_003,twilliams,Elizabeth Hansen,1137,,False,2025-09-16 16:10:48,2026-05-26 03:54:59,,1114,170,False
user_server_003_7191,server_003,ywalker,Dennis Blanchard,6291,,False,2026-04-17 23:25:18,2026-05-27 01:19:28,,386,23,False
user_server_003_1221,server_003,qmartinez,Jennifer Vasquez,0153,e700415105,False,2025-06-02 12:31:48,2025-07-23 20:31:40,"admin,verified",401,0,False
user_server_003_6036,server_003,anthonyhubbard,Wesley George MD,5435,d4f87480dd,False,2026-01-17 09:12:06,2026-06-03 18:11:04,,650,0,False
user_server_003_7804,server_003,ooneill,Valerie Cardenas,2323,,True,2025-11-23 06:54:35,2026-01-10 02:03:24,"admin,booster",365,0,False
user_server_003_2841,server_003,william90,Carla Brown,8057,,False,2025-10-22 14:41:15,2026-04-06 11:52:41,,780,0,False
user_server_003_1710,server_003,steven25,Dominic Barnes,9904,,False,2025-07-17 13:39:28,2025-11-04 00:21:25,moderator,585,71,False
user_server_003_5702,server_003,brandon48,Angela Lee,5707,9b449f2b79,False,2026-01-14 15:06:08,2026-05-11 01:29:39,,569,0,False
user_server_003_3435,server_003,georgegary,Eugene Kirk,2401,ba788897bb,False,2026-05-22 07:51:56,2026-06-09 05:54:46,"verified,booster",243,631,False
user_server_003_3089,server_003,gina51,Heather Thomas,2979,43db9487c1,False,2026-05-06 03:46:32,2026-06-14 16:54:40,"verified,booster",341,69,False
user_server_003_5028,server_003,nathan76,Thomas Garcia,6278,9c673dafe1,False,2026-05-18 09:49:59,2026-06-07 23:37:59,booster,288,30,False
user_server_003_4593,server_003,mariepope,Melissa Cisneros,1429,48607f9029,False,2026-05-17 03:54:44,2026-06-12 00:17:23,moderator,298,0,False
user_server_003_3283,server_003,butlersabrina,Carlos Smith,4828,1806be905d,False,2025-05-12 20:56:33,2026-02-18 08:32:20,verified,1176,374,False
user_server_003_3344,server_003,don79,Tracy Jackson,6184,3a52e85bb7,False,2026-03-22 14:36:01,2026-04-15 03:39:36,verified,283,133,False
user_server_003_3591,server_003,walkermelissa,Darrell Martinez,0494,,False,2026-03-25 10:18:05,2026-04-30 12:23:18,,280,0,False
user_server_003_3295,server_003,tinacoleman,Ashley Smith,8641,5fab9a3768,True,2025-11-05 21:08:29,2025-12-05 19:26:31,,290,0,False
user_server_003_1526,server_003,gwilliams,Matthew Watkins,9898,a34606f9c0,False,2026-03-15 04:29:30,2026-05-24 08:10:20,"verified,booster",420,330,False
user_server_003_9222,server_003,bradley40,Rachel Mora,5014,fbcf994938,False,2025-05-07 23:44:34,2026-03-11 21:00:02,,1412,620,False
user_server_003_1917,server_003,jackbell,Ryan Mcmahon,3586,187013896e,False,2025-08-29 08:07:56,2025-12-12 21:44:56,verified,552,15,False
user_server_003_1895,server_003,michael89,Kelly Garcia,6086,0e5f0aa269,False,2025-06-28 12:26:28,2026-05-11 15:19:15,,1256,0,False
user_server_003_9873,server_003,ricejennifer,Carolyn Webster,1744,,False,2025-07-22 17:53:44,2025-09-01 06:58:28,verified,348,15,False
user_server_003_1735,server_003,beltrancorey,Jonathan Zimmerman,9236,6fa4f1c590,False,2025-12-25 15:34:23,2026-01-31 02:31:21,"moderator,verified",313,52,False
user_server_003_9195,server_003,scottrosario,Henry Gray,3192,1dca0ea750,False,2025-06-05 20:51:11,2025-10-06 00:57:14,,579,529,False
user_server_003_2654,server_003,rickjuarez,John Stone,8227,30f704143e,False,2026-01-30 22:26:40,2026-02-25 02:02:12,admin,277,0,False
user_server_003_2528,server_003,janet80,Johnny Cruz,3794,fe9e98b6c0,False,2026-02-20 08:14:08,2026-05-23 22:59:52,verified,486,51,False
user_server_003_9573,server_003,gloria73,Donna Wyatt,5593,f0b334c015,False,2025-08-16 23:01:34,2026-06-11 13:00:04,,1217,0,False
user_server_003_4917,server_003,jacobsonleah,Holly Smith,3421,15d67e516d,False,2025-12-11 10:50:12,2026-02-19 10:01:57,moderator,442,439,False
user_server_003_9964,server_003,sandersalexandra,Barbara Foster,1428,898a955140,False,2025-08-25 22:07:29,2026-04-03 02:01:25,verified,933,176,False
user_server_003_8548,server_003,figueroapatricia,Jack Gonzalez,4226,9da41a373d,False,2025-09-08 08:55:21,2026-01-01 04:11:25,"verified,booster",594,229,False
user_server_003_5696,server_003,bmartinez,Diana Reeves,6568,acd1eacbee,False,2026-04-07 21:28:47,2026-06-10 00:46:12,,387,345,False
user_server_003_9289,server_003,katelyn65,Larry Sullivan,7374,c90de63b49,False,2025-08-07 17:35:49,2026-01-25 22:24:31,,823,146,False
user_server_003_1130,server_003,dylan71,John Hall,2532,1347e245d1,False,2025-06-01 16:41:13,2026-01-28 17:13:33,admin,918,0,False
user_server_003_2531,server_003,garciabrian,Michael Stanton,5716,66845ee618,False,2025-08-30 10:19:35,2026-04-08 20:21:28,admin,889,66,False
user_server_003_4268,server_003,eric99,Billy Walton,6578,a75a545e15,False,2026-04-25 14:38:40,2026-05-06 04:54:36,,212,11,False
user_server_003_8699,server_003,qharris,Mr. Joshua Pacheco MD,2384,6662d66499,False,2026-05-12 06:21:10,2026-05-22 14:05:26,"verified,booster",246,0,False
user_server_003_4465,server_003,ewingnicole,Jerry Farrell,0375,caa78d949f,False,2025-05-23 21:03:51,2026-03-15 06:05:13,,1183,64,False
user_server_003_5887,server_003,johnsonangela,Elizabeth Mccarthy,7396,39799878c0,False,2025-11-25 03:29:24,2026-03-03 00:57:52,"admin,verified",546,365,False
user_server_003_5864,server_003,larryprice,Laura Henry,2695,,False,2025-11-17 01:36:12,2026-01-27 13:20:14,admin,458,21,False
user_server_003_7375,server_003,kalvarez,Jenna Simpson,0162,f264cc6df2,False,2026-05-08 15:18:07,2026-05-31 17:17:56,,268,369,False
user_server_003_6185,server_003,katie45,Kevin Anderson,0232,,False,2025-09-30 18:34:58,2025-10-30 23:48:45,moderator,288,444,False
user_server_003_1060,server_003,michael90,Lori James,7381,c0c1f5f7b2,False,2025-08-22 02:30:21,2026-03-04 01:40:36,,830,94,False
user_server_003_7884,server_003,robert03,Matthew Watkins,8947,47d3c02539,False,2026-04-13 13:14:59,2026-06-14 14:01:58,"admin,verified",485,232,False
user_server_003_6960,server_003,meltondanny,Joshua Johnson,0265,0de66c5e4b,False,2025-10-14 10:14:51,2026-02-26 14:38:24,,650,200,False
user_server_003_7977,server_003,abradley,Michael Chapman,8571,abcb46d8d3,False,2025-08-04 10:34:42,2026-05-03 00:41:11,,1152,36,False
user_server_003_8167,server_003,uhudson,Rhonda Garcia,4640,89591a43e4,False,2025-09-13 02:33:48,2026-03-10 07:06:32,,829,676,False
user_server_003_9133,server_003,tyler52,Heidi Graham,8924,,False,2025-07-15 14:50:45,2025-08-18 15:31:30,,327,22,False
user_server_003_4204,server_003,yreid,Samuel Lewis,7693,845f80016a,False,2025-05-24 21:31:37,2026-02-08 05:02:11,,1127,9,False
user_server_003_4668,server_003,wendy63,Tina Robbins,8315,88aba9e2ea,False,2026-04-24 21:45:28,2026-06-03 23:57:55,,323,138,False
user_server_003_7792,server_003,joshua98,Daniel Flynn,0535,,False,2025-11-20 23:46:36,2026-03-20 08:55:17,verified,587,0,False
user_server_003_4962,server_003,william46,Emily Perry,9105,da9bc3ee7d,False,2026-02-14 08:35:07,2026-05-26 03:07:45,,498,0,False
user_server_003_3846,server_003,jpowers,Albert Warner,6604,42d3a0b79e,False,2026-03-01 01:07:50,2026-03-11 01:30:55,moderator,227,291,False
user_server_003_5263,server_003,vlewis,Debra Little,9058,,False,2026-04-04 06:54:47,2026-04-26 17:06:39,,269,379,False
user_server_003_9907,server_003,umichael,Kelly Diaz,1290,865c4186cd,True,2025-07-10 23:32:42,2025-08-16 04:50:29,"admin,booster",299,0,False
user_server_003_4175,server_003,juliecannon,Jennifer Dalton,8772,144cda12ab,False,2025-08-08 22:44:52,2026-02-01 03:35:47,moderator,782,48,False
user_server_003_2694,server_003,meghanadams,Christopher Mcdaniel,1817,8680170cb6,False,2026-02-17 05:34:52,2026-04-08 19:30:16,,379,69,False
user_server_003_4407,server_003,daniellee,Ronald Marshall,6402,,False,2025-07-21 17:12:36,2025-09-14 19:12:41,moderator,348,268,False
user_server_003_8387,server_003,chenderson,Dominic Johnson,2639,,False,2026-03-16 21:55:29,2026-03-24 01:22:08,,214,0,False
user_server_003_8928,server_003,donna20,Katelyn Smith,9830,fa559c96e1,False,2025-09-15 07:56:19,2026-05-29 12:28:30,moderator,1032,0,False
user_server_003_3496,server_003,edwardskenneth,Troy Mosley,3543,958d735644,False,2025-11-13 05:23:58,2025-12-30 10:44:02,"admin,verified",340,0,False
user_server_003_8890,server_003,sandersmary,Cynthia Duncan,3264,4bfa3caabb,False,2025-10-15 01:32:34,2025-10-26 12:28:49,,202,145,False
user_server_003_3833,server_003,boydmaria,Tara King,3242,84ee203943,False,2025-12-14 03:41:43,2026-03-14 20:16:36,booster,475,2,False
user_server_003_8992,server_003,carolmejia,Ronnie Mclaughlin,7101,f0743cb285,False,2025-12-03 20:55:08,2026-05-05 10:19:18,verified,689,3,False
user_server_003_2052,server_003,selenarobinson,Daniel Hill,7363,,False,2025-11-26 13:31:32,2026-03-30 08:28:43,,552,0,False
owner_004,server_004,lking,Joseph Lyons,8378,a688133b70,False,2025-07-14 15:48:01,2025-10-20 22:31:28,"admin,moderator",4907,3357,True
user_server_004_4046,server_004,pwells,Sherry Giles,5861,cb23ebea94,False,2025-11-05 15:10:19,2026-05-30 15:46:24,"admin,verified",886,0,False
user_server_004_4502,server_004,lori09,Patrick Lindsey,7624,1773be01e4,False,2025-12-05 23:55:31,2026-02-16 05:24:16,moderator,442,1,False
user_server_004_2225,server_004,johnnycruz,Mercedes Leach,9403,a74a4944c0,False,2025-10-13 00:14:37,2026-05-19 03:06:47,verified,917,146,False
user_server_004_5496,server_004,miaprice,Jenna Spence,6901,,False,2026-05-04 08:06:22,2026-05-25 11:09:26,moderator,279,297,False
user_server_004_1076,server_004,kevin34,Steve Moon,7565,3aa7f60842,False,2026-03-05 05:32:25,2026-05-07 16:53:13,"moderator,verified",434,746,False
user_server_004_2558,server_004,rmccormick,Samantha Shepard,6800,fe879d8b9e,False,2025-12-18 02:16:08,2025-12-25 06:44:22,"moderator,booster",202,0,False
user_server_004_8447,server_004,vhouse,Sherri Wilkins,8082,ba46ea6ea5,False,2026-05-03 08:43:17,2026-05-20 03:38:09,,268,25,False
user_server_004_6289,server_004,william56,Robin Rojas,7138,73bac25758,False,2025-08-30 19:27:03,2026-01-23 00:30:29,booster,649,0,False
user_server_004_1705,server_004,gilldanielle,Jeremy Davidson,1815,,False,2026-04-21 20:58:30,2026-05-27 16:31:35,"moderator,booster",302,145,False
user_server_004_8548,server_004,moralescourtney,Bradley Moore,1964,,False,2025-10-25 01:54:55,2026-03-01 23:29:01,,604,0,False
user_server_004_9644,server_004,melaniejennings,Emma Mendoza,3940,2a9d5c3925,False,2026-05-03 02:35:36,2026-05-31 11:09:16,booster,280,731,False
user_server_004_6783,server_004,glenn95,Christina Perry,9150,ebaa860382,False,2025-10-31 14:38:15,2026-03-05 15:04:07,moderator,669,0,False
user_server_004_4541,server_004,kduffy,Travis Leblanc,7670,a21f80fa1c,False,2026-03-22 23:31:43,2026-06-02 08:49:40,moderator,482,0,False
user_server_004_6108,server_004,rebeccamccann,Michael Jackson,7438,a6d6c2f9ef,False,2025-08-24 06:08:04,2026-01-03 11:21:35,,678,101,False
user_server_004_7556,server_004,jburke,Jacob Valentine,3079,,False,2025-08-24 16:37:38,2025-10-14 04:52:44,,352,51,False
user_server_004_2805,server_004,smithalicia,Tanya Wilcox,3941,,False,2026-04-07 04:15:46,2026-05-06 23:57:59,"moderator,booster",280,275,False
user_server_004_6806,server_004,twilson,Tracy Li,7069,e75287f8f2,False,2025-10-26 06:09:09,2025-11-06 08:35:44,verified,235,633,False
user_server_004_7923,server_004,breyes,Lindsay Carney,3177,0792209578,False,2025-12-28 23:35:55,2026-04-06 14:42:33,verified,603,949,False
user_server_004_2819,server_004,robertortiz,Dylan Green,3597,,False,2026-03-02 08:44:23,2026-04-24 22:38:48,,380,15,False
user_server_004_7628,server_004,xsolomon,Maria Miller,6421,4eb1f1f6a3,False,2026-02-23 01:20:13,2026-04-15 17:49:02,,358,0,False
user_server_004_5718,server_004,terri63,Michelle Fitzgerald,0050,,False,2026-05-30 16:40:36,2026-06-06 04:57:12,,204,194,False
user_server_004_2137,server_004,charles80,Timothy Ruiz,2730,,False,2026-04-12 16:39:55,2026-06-12 02:18:21,verified,424,31,False
user_server_004_3797,server_004,wendy90,Jonathan James,0159,e6cc74d1a4,False,2025-09-07 17:47:08,2025-09-12 16:28:57,moderator,228,98,False
user_server_004_5762,server_004,david80,Debbie Gordon,3740,d101aef772,False,2026-02-26 03:14:05,2026-02-26 07:55:30,moderator,207,0,False
user_server_004_9940,server_004,uanderson,Jessica Green,4216,7b4a5a504b,False,2025-09-09 14:03:08,2025-10-16 01:21:28,,308,0,False
user_server_004_8935,server_004,victormcpherson,Isaac Jordan,1847,61b948063e,False,2026-01-08 19:40:02,2026-01-11 10:51:58,,197,441,False
user_server_004_1506,server_004,chloe48,Steven Stewart,4003,874b3ef7cb,False,2026-03-20 03:10:17,2026-03-22 03:28:10,,215,31,False
user_server_004_2768,server_004,angelalivingston,Jessica Lopez,4487,df50a76549,False,2025-12-28 22:24:23,2026-03-08 17:25:28,admin,425,633,False
user_server_004_5526,server_004,barrygreen,Jessica Carney,5067,,False,2026-01-05 03:17:38,2026-04-17 10:51:28,,542,138,False
user_server_004_6685,server_004,wwilliams,Kristina Ellis MD,4725,,False,2026-04-13 05:22:57,2026-05-16 13:16:11,,320,0,False
user_server_004_5974,server_004,daviddavis,Catherine Jackson,7976,8eac643011,False,2026-04-06 21:22:20,2026-04-21 04:12:45,,234,123,False
user_server_004_8050,server_004,anna93,Valerie Fox,5771,957f70c7bc,True,2025-07-20 17:07:55,2026-01-12 23:23:48,verified,794,0,False
user_server_004_3540,server_004,pknapp,Megan Clay,1409,079a4ed39c,False,2025-10-20 07:19:48,2025-12-12 18:57:43,,310,0,False
user_server_004_5075,server_004,longbrittany,Sara Hernandez,6328,5eff8c24be,False,2026-04-25 08:21:02,2026-05-14 10:45:31,verified,260,10,False
user_server_004_3280,server_004,rgibson,Abigail Booker,3268,962281d815,False,2025-08-21 18:31:09,2025-12-01 05:38:50,moderator,571,55,False
user_server_004_8158,server_004,unguyen,Dr. Rebecca Anderson DVM,1573,,False,2025-09-30 03:29:27,2026-01-25 01:35:40,booster,695,604,False
user_server_004_7721,server_004,marcus01,Lindsey Davis,7557,,False,2025-11-13 07:35:57,2026-05-27 23:29:48,,807,180,False
user_server_004_7113,server_004,gregory61,Daniel Price,2085,05d70eaebf,False,2026-05-08 10:36:42,2026-05-28 21:01:02,,232,794,False
user_server_004_9487,server_004,davidhenry,Robert Collins,7540,f478e75c17,False,2025-11-05 13:57:25,2025-11-26 08:56:55,verified,248,0,False
user_server_004_6428,server_004,michaeldavis,Curtis Griffin,0997,,False,2025-10-27 14:00:44,2025-12-08 03:46:49,"admin,verified",373,644,False
user_server_004_3535,server_004,kalvarez,Ann Henderson,4929,8e74730114,False,2026-01-29 00:59:45,2026-02-08 08:05:17,booster,234,283,False
user_server_004_2983,server_004,ryansimmons,Glenn Ford,8516,,False,2025-07-17 03:55:33,2026-05-26 00:49:08,"moderator,verified",1140,0,False
user_server_004_4015,server_004,deborahreeves,Kelsey Holland,3849,de94fc4248,False,2026-01-14 15:23:58,2026-01-19 10:18:23,"moderator,verified",222,204,False
user_server_004_4027,server_004,zkim,Charles Anderson,2321,95bc92d3e6,False,2026-05-29 18:28:23,2026-06-13 15:25:53,,255,166,False
user_server_004_9076,server_004,alexandraphillips,Billy Williams,6018,67f788be9e,False,2025-09-18 23:32:35,2026-04-05 15:12:30,verified,911,2,False
user_server_004_7380,server_004,dgutierrez,Laura King,0180,c6b083782a,False,2026-04-11 14:23:41,2026-04-22 00:30:19,"moderator,verified,booster",262,0,False
user_server_004_8666,server_004,mackallen,Julie Hartman,7509,41f17e3731,False,2026-03-24 06:10:32,2026-05-27 01:32:33,admin,420,77,False
user_server_004_2028,server_004,millernancy,Kevin Gibson,2858,854c90611c,False,2025-11-30 14:15:00,2026-06-13 00:32:16,,918,20,False
user_server_004_5963,server_004,matthew23,Paul Munoz,6454,,False,2026-04-19 23:18:54,2026-06-13 15:32:39,verified,374,131,False
user_server_004_9608,server_004,hamiltonandrew,Adam Rios,4247,,False,2026-01-18 12:37:38,2026-04-01 15:21:01,moderator,458,68,False
user_server_004_4796,server_004,qholt,Lindsay Tucker,1581,26350b1f12,False,2026-02-25 04:32:49,2026-05-03 18:47:17,"moderator,verified",414,999,False
user_server_004_2727,server_004,hannah64,Chad Lee,2850,4b95301e33,False,2026-04-04 11:32:34,2026-05-20 17:39:55,,344,280,False
user_server_004_7132,server_004,micheleclark,Marie Graham,9937,8c6400f6a7,False,2025-12-24 19:00:26,2026-01-06 06:59:33,moderator,243,0,False
user_server_004_4206,server_004,christophercarrillo,Javier Wilson,4136,cb06a7c2f7,False,2025-09-20 06:13:28,2026-01-22 23:38:43,moderator,653,166,False
user_server_004_1397,server_004,emaynard,Jerry Sanchez,1576,11f82d0676,False,2025-10-10 05:34:49,2025-12-27 08:49:57,booster,446,54,False
user_server_004_9653,server_004,awilliams,Ryan Reynolds,8129,,False,2025-07-16 16:36:21,2025-12-03 07:57:26,,593,0,False
user_server_004_8190,server_004,vallison,Monique Duarte,7004,2cc48908ec,False,2026-06-01 01:21:54,2026-06-12 13:20:03,,222,7,False
user_server_004_9856,server_004,ltucker,Taylor Stein,5421,,False,2026-02-20 16:41:07,2026-03-07 20:51:42,"moderator,booster",231,66,False
user_server_004_9755,server_004,dhall,Jennifer Stewart,9426,afe9a33044,False,2025-11-04 05:49:52,2026-02-09 20:52:47,verified,607,114,False
user_server_004_5309,server_004,hsmall,Todd Reed DDS,0491,,False,2026-03-09 01:02:18,2026-06-14 03:25:34,,531,284,False
user_server_004_6400,server_004,martinjessica,Jeffrey Romero,1021,3e559c92b8,False,2025-09-30 12:42:02,2026-02-07 10:51:03,"admin,verified",601,0,False
user_server_004_2320,server_004,sandra72,Miranda Myers,9034,f90cf85904,False,2026-02-18 15:19:15,2026-02-25 12:07:12,admin,243,0,False
user_server_004_4731,server_004,laura29,Michael Miller,0351,c68a9772eb,False,2026-04-21 13:43:20,2026-04-25 14:59:08,,226,0,False
user_server_004_1854,server_004,jamesobrien,Jason Chaney,6342,4bc955022c,False,2026-05-14 06:54:52,2026-05-23 19:28:26,,229,178,False
user_server_004_7024,server_004,angelakidd,Dean Rhodes,5763,,False,2025-12-28 13:04:06,2026-05-13 17:32:21,,607,386,False
user_server_004_9785,server_004,mariakline,Arthur Jordan,9306,,False,2025-08-06 03:40:37,2025-11-06 15:35:03,,473,14,False
user_server_004_1716,server_004,davidwalker,Gerald Kelly,5146,41ecfd6917,False,2026-04-20 05:04:22,2026-05-14 11:26:03,"admin,verified,booster",320,105,False
user_server_004_9907,server_004,paula89,Michelle House,3372,4b0a5b775e,False,2025-10-17 12:19:21,2026-02-08 01:48:23,booster,617,80,False
user_server_004_5001,server_004,westes,Brian Bishop,8631,f275b04efc,False,2025-11-30 06:53:34,2026-02-23 20:07:08,,502,212,False
user_server_004_2285,server_004,colonbobby,Mark Pitts,3335,8ed0467e44,False,2026-02-09 22:11:33,2026-05-18 16:25:05,,478,154,False
user_server_004_1587,server_004,jessicaerickson,Kathleen Harrell,3851,213c79de50,False,2026-02-01 23:49:30,2026-03-18 18:12:01,moderator,331,7,False
user_server_004_2384,server_004,matthew21,Jessica Perry,0978,2af1004314,True,2026-01-06 21:10:40,2026-01-29 01:34:06,,247,0,False
user_server_004_8062,server_004,marywells,Christopher Adams,8724,,False,2026-01-23 00:52:00,2026-01-26 16:42:24,"moderator,verified,booster",206,11,False
user_server_004_5301,server_004,qward,Paul Moreno,9682,14b8c2ba64,False,2026-02-09 23:24:15,2026-04-18 12:17:26,,406,0,False
user_server_004_7358,server_004,lauriegutierrez,Jimmy Phelps,4709,6a9fa6fed9,False,2026-04-22 12:37:07,2026-06-03 16:05:20,,319,261,False
user_server_004_4903,server_004,sherry72,Michelle Holmes,2160,f38d1992e9,False,2026-01-10 15:57:25,2026-04-02 23:10:16,verified,570,0,False
user_server_004_5493,server_004,leroy26,Peter Keller,5926,f6b72698e6,False,2026-04-05 18:04:53,2026-05-02 09:27:46,,296,0,False
user_server_004_5333,server_004,levinetina,Sheri Kaufman,2929,25dc48f14a,False,2026-03-25 06:29:28,2026-06-11 22:31:57,admin,499,0,False
user_server_004_2303,server_004,jennifer55,Douglas Rose,4529,601d6305ed,True,2025-07-18 02:28:52,2026-01-15 06:00:44,,771,249,False
user_server_004_3858,server_004,ngriffin,Lori Montgomery,2406,febf3b94cf,False,2025-08-08 12:43:43,2026-01-26 13:55:20,booster,827,92,False
user_server_004_4734,server_004,pam63,Angela Medina,0996,71feb71206,False,2025-10-13 00:27:53,2025-11-26 11:11:02,,384,838,False
user_server_004_6729,server_004,abigailfernandez,Jorge Collins,1788,,False,2025-10-22 15:21:44,2025-10-28 21:35:40,,232,178,False
user_server_004_7987,server_004,katherine20,Robert Vargas,4638,,False,2026-01-29 02:59:47,2026-02-13 03:56:26,,258,157,False
user_server_004_1510,server_004,marilyntorres,Jonathan Dennis,2626,e826a724c3,False,2026-05-16 18:01:31,2026-06-03 05:47:23,,268,0,False
user_server_004_9326,server_004,courtney51,Matthew Martinez,9527,2e6396d7f5,True,2025-09-10 22:29:28,2026-04-28 13:07:48,,1021,608,False
user_server_004_2266,server_004,chaveztonya,Virginia Cunningham,3679,f6dce8344e,False,2025-12-08 18:50:31,2026-05-19 02:18:33,moderator,607,184,False
user_server_004_8738,server_004,michaelmitchell,Michelle Chambers,8592,5b8025e19d,False,2026-03-16 10:50:57,2026-05-08 16:19:28,moderator,359,284,False
user_server_004_8468,server_004,danielblack,Richard Gibson,5157,174b497fb8,False,2025-09-28 09:33:06,2026-05-09 19:12:42,,844,0,False
user_server_004_6935,server_004,fpoole,Jeffery Anderson,7932,79bae6ef9a,False,2025-10-16 06:30:58,2026-04-07 02:17:11,,773,540,False
user_server_004_7678,server_004,woodalicia,Kelly Foster,9580,d3ffef76be,False,2025-12-24 07:46:02,2026-02-06 22:32:30,moderator,372,250,False
user_server_004_9096,server_004,cfields,Theresa Dennis,3245,f66c714263,False,2026-05-19 17:42:55,2026-06-02 15:57:38,booster,240,237,False
user_server_004_3070,server_004,drewmartinez,Beverly Bush,0558,085c713c4b,False,2025-07-20 16:23:05,2025-09-23 10:48:09,,433,0,False
user_server_004_7591,server_004,bensonstanley,Christopher Hansen,9124,6c65ef3946,False,2025-09-17 11:45:11,2025-10-15 20:17:58,,278,0,False
user_server_004_6815,server_004,guzmanricky,Kenneth Williams,7354,0654e9cbe5,False,2025-11-22 11:04:51,2026-04-02 04:47:51,verified,589,81,False
user_server_004_9345,server_004,kevin54,Alfred Thomas,1372,,False,2026-04-28 07:36:04,2026-06-09 14:49:57,"moderator,verified",353,0,False
user_server_004_5576,server_004,twilliams,Cindy Fuentes,1587,4e9d2a0615,False,2026-03-01 23:24:39,2026-05-12 19:08:53,verified,441,137,False
user_server_004_7292,server_004,kelleycarlos,John Collins,5219,5654a23899,False,2025-08-02 09:52:35,2026-03-09 11:57:41,,906,308,False
user_server_004_6150,server_004,kimberly79,Charles Fields,1629,85002a166d,False,2025-07-30 22:39:26,2026-06-12 01:34:03,,1316,0,False
user_server_004_2738,server_004,uhernandez,Robert Beck,3795,8c4d061086,False,2025-11-03 10:41:34,2026-02-17 19:08:44,moderator,520,0,False
user_server_004_9844,server_004,rachelmorgan,Michael Ramos,8813,50c19bf931,False,2025-10-02 23:43:04,2026-05-05 10:15:14,moderator,981,0,False
user_server_004_3067,server_004,clinejasmine,Rebecca Zimmerman,7435,5d9826c796,False,2026-06-02 23:18:16,2026-06-03 14:19:14,,241,0,False
user_server_004_2908,server_004,schneiderchristopher,Kimberly Todd,5795,5b9277c541,False,2026-04-14 23:12:01,2026-04-26 14:40:55,,236,397,False
user_server_004_2213,server_004,karenshaw,Matthew Schmidt,5157,4783d007ef,False,2025-10-09 01:06:28,2025-11-06 22:06:11,,271,0,False
user_server_004_1583,server_004,kristin39,Robert Lawson,0130,daf712804d,False,2025-08-22 15:57:27,2026-05-23 12:00:00,,1121,28,False
user_server_004_4253,server_004,henrysarah,Christopher Johnson,1453,01bd851c23,False,2025-10-08 04:18:07,2025-12-23 04:09:21,,490,74,False
user_server_004_3918,server_004,hscott,Kimberly Mitchell,0635,5da83d8646,True,2026-05-01 17:08:35,2026-05-12 02:41:29,admin,222,0,False
user_server_004_5916,server_004,moorestephanie,Amy Woodward,3799,a2b691f8ea,False,2025-12-09 08:21:43,2026-04-10 21:09:28,booster,627,57,False
user_server_004_5706,server_004,evanscorey,Steven Scott,6874,95d97fd56c,False,2026-01-21 01:00:00,2026-05-23 09:08:27,"verified,booster",621,357,False
user_server_004_3098,server_004,williamsjohn,Cynthia Romero,7925,cdcbfb3714,False,2026-03-28 21:59:07,2026-05-09 03:59:35,verified,373,224,False
user_server_004_7701,server_004,adamslucas,Ana Johnson,0996,c136b681a8,False,2026-03-05 02:04:27,2026-05-24 02:08:48,"admin,verified",394,67,False
user_server_004_8954,server_004,adamstabitha,Danielle Peters,3587,ca8e2e3b78,False,2026-04-02 19:09:15,2026-05-03 15:15:30,"verified,booster",288,194,False
user_server_004_6401,server_004,ashley71,Kathryn Patton,2117,62cb3ac6b1,False,2025-11-11 11:19:40,2026-05-04 07:36:03,"moderator,verified",749,0,False
user_server_004_2039,server_004,kimberlymedina,Thomas Hayes,0806,8cc9c57eba,False,2026-04-21 03:27:35,2026-04-23 04:40:03,admin,202,306,False
user_server_004_7125,server_004,nwoodward,William Smith,5431,bbddf87c2b,False,2025-09-29 17:23:36,2025-11-29 16:40:23,"verified,booster",382,231,False
user_server_004_7519,server_004,qnelson,Jamie Bell,7944,,True,2025-10-19 05:53:13,2025-10-24 13:01:45,"admin,booster",209,0,False
user_server_004_7190,server_004,brendadixon,Patrick Hart,6565,,False,2025-07-24 01:46:26,2025-10-21 09:34:41,moderator,484,205,False
user_server_004_9875,server_004,christopher12,Yvonne Johns,9910,af659a91b2,False,2025-10-27 12:22:12,2025-11-29 11:51:01,booster,317,0,False
user_server_004_1383,server_004,nicole54,Michelle Nelson,4950,ef074f5502,False,2026-02-28 02:10:56,2026-05-15 00:57:06,,418,0,False
user_server_004_8919,server_004,matthew79,Thomas Anderson,4659,da248ed641,False,2025-10-25 06:58:29,2026-06-06 01:33:32,moderator,995,65,False
user_server_004_2774,server_004,asmith,Jennifer Woodard,7409,a2b04ea767,True,2025-10-17 15:46:06,2026-03-15 04:04:20,,658,786,False
user_server_004_2370,server_004,ymedina,Marilyn Ryan,1562,bc603314c2,False,2025-12-15 23:21:28,2026-05-14 17:26:14,,602,0,False
user_server_004_4808,server_004,wchambers,Jamie Burke,0965,c710a473e3,False,2026-01-20 21:10:26,2026-05-16 02:39:45,,525,0,False
user_server_004_1091,server_004,martinezmitchell,Adam Paul,4393,3c865748e7,False,2025-11-12 14:46:15,2026-03-23 19:55:59,admin,668,109,False
user_server_004_9428,server_004,james94,Connie Baird,9089,4aa1bb4860,False,2026-05-19 06:54:06,2026-06-12 00:18:35,,268,61,False
user_server_004_9518,server_004,campbellrebecca,Christine Gonzalez,1990,,False,2025-08-15 06:49:22,2025-09-25 01:54:09,"admin,verified,booster",311,62,False
user_server_004_9963,server_004,rrodriguez,Kathleen Arnold,6850,9e006e7361,False,2025-08-27 19:13:51,2025-09-11 23:18:52,booster,238,0,False
user_server_004_3718,server_004,cameronanderson,David Hudson,2318,20e18d5700,False,2025-12-30 18:45:44,2026-02-25 21:56:37,,341,604,False
user_server_004_3217,server_004,james08,Melanie Ware,2690,d993f71d4a,False,2026-05-22 10:33:59,2026-06-09 11:06:28,,248,182,False
user_server_004_4074,server_004,pdavidson,Todd Reynolds,3264,8cae3d5df2,False,2025-07-18 11:20:25,2025-11-18 20:24:26,moderator,625,62,False
user_server_004_4703,server_004,david87,Joseph Williams DDS,5651,d71b13592d,False,2025-11-20 05:16:16,2025-12-27 00:04:29,moderator,302,245,False
user_server_004_7607,server_004,upatel,Cory Miller,4173,d06c2c26ae,False,2025-10-29 07:04:37,2026-02-16 15:53:49,,577,63,False
user_server_004_3075,server_004,mooneyjeremiah,Tina Stark,8557,4992c0041a,False,2025-10-01 08:03:30,2025-10-31 10:11:17,verified,306,586,False
user_server_004_1043,server_004,lance10,Robert Watkins,3798,bc60d53e12,False,2025-11-19 21:06:58,2026-03-07 13:09:24,,498,0,False
user_server_004_3244,server_004,mary31,Tyler Wall,8383,5a3d359863,False,2026-05-22 15:36:02,2026-05-29 18:16:32,"moderator,verified",256,429,False
user_server_004_8773,server_004,sherryparsons,Pamela Garrett,5816,7011581ef9,False,2026-01-13 20:15:40,2026-03-18 08:36:28,,383,241,False
user_server_004_3341,server_004,villegassabrina,Steve Steele,7163,8c63f4007e,False,2026-02-05 18:08:51,2026-02-20 22:35:03,,260,3,False
user_server_004_6991,server_004,ellisonscott,Mark Jones,7636,ac36bff008,False,2026-05-17 01:29:15,2026-05-29 05:23:11,booster,243,119,False
user_server_004_1174,server_004,phillipspatrick,Paul Hall,3208,ffc185b10c,False,2025-12-26 08:29:35,2026-02-05 20:46:47,verified,395,366,False
user_server_004_1212,server_004,chavezsteven,Manuel Garcia,9941,80e5069964,False,2025-07-16 20:07:53,2026-03-01 11:48:12,admin,889,754,False
user_server_004_1498,server_004,gibsonmark,Brian Larson,7713,986c322c9c,False,2026-03-20 20:38:09,2026-05-06 08:10:08,"verified,booster",316,113,False
user_server_004_1472,server_004,rebeccamartinez,Heather Olson,2509,d8351a5165,False,2026-01-21 01:43:55,2026-02-23 19:33:48,booster,274,0,False
user_server_004_6148,server_004,johnrobles,Eric Graham,1597,0ea5a04e92,False,2026-06-10 03:09:53,2026-06-11 17:30:36,moderator,226,0,False
user_server_004_3772,server_004,larry82,Eric Cooper,9614,8cced0c936,False,2026-06-10 18:23:00,2026-06-11 22:39:47,,192,257,False
user_server_004_9216,server_004,holmesdiane,David Fuentes,2416,242fcf5075,False,2025-07-20 03:53:07,2026-04-04 05:25:50,verified,1086,0,False
user_server_004_1052,server_004,hendersonjames,Terry Glover,5098,0ac45b80b2,False,2026-01-02 20:34:38,2026-01-11 12:00:05,verified,214,19,False
user_server_004_2483,server_004,dneal,Erin Lane,2990,5c1ea86019,False,2025-11-24 06:22:05,2026-05-24 08:09:15,booster,747,0,False
user_server_004_5042,server_004,robert21,Richard Williams,5042,d53c3fd245,False,2026-03-01 05:42:14,2026-03-05 03:24:39,booster,220,57,False
user_server_004_5570,server_004,fowlerheather,Daniel Castillo,2300,9facc8c20b,False,2026-06-15 10:19:30,2026-06-15 17:16:56,,187,56,False
user_server_004_2514,server_004,lindsay63,Ronald Smith,8026,8b3c2a1014,False,2026-06-04 01:07:48,2026-06-08 14:47:26,verified,183,263,False
user_server_004_7318,server_004,anthony12,Cory Willis,2551,03a1c24f21,False,2026-05-10 14:48:55,2026-06-10 18:35:47,verified,309,0,False
user_server_004_9253,server_004,hesterjames,Daniel Green,9037,66416aa3bc,False,2026-04-13 08:39:42,2026-05-25 11:36:48,verified,299,364,False
user_server_004_4054,server_004,gregorysmith,Susan Smith,7785,,False,2025-08-18 21:43:17,2026-03-06 05:46:02,"verified,booster",923,539,False
user_server_004_1129,server_004,nicholascobb,Timothy Torres,2600,c6f0ac536b,False,2025-12-06 05:43:37,2026-03-25 17:04:58,moderator,568,191,False
user_server_004_8192,server_004,donna89,Sherry Jones,7478,f4b7597d77,False,2026-03-23 06:29:30,2026-04-01 23:59:33,moderator,241,147,False
user_server_004_7572,server_004,lauralee,James Greene,4918,,False,2026-04-24 12:47:36,2026-06-02 07:18:28,,282,507,False
user_server_004_3687,server_004,samanthahines,Sarah Phillips,8391,,False,2025-10-13 15:39:46,2026-04-28 12:52:46,,866,62,False
user_server_004_1881,server_004,markbrown,Shelley York,1481,5f5aa48168,False,2026-03-03 10:51:22,2026-06-13 05:16:16,verified,520,219,False
user_server_004_5936,server_004,fclark,Rachel Mendez,5038,,False,2026-05-21 22:13:30,2026-06-07 17:27:48,"moderator,verified",269,0,False
user_server_004_8820,server_004,williampotter,Katrina Jimenez,2610,9e1fc23b23,False,2025-10-01 14:53:54,2026-03-20 03:49:43,,782,244,False
user_server_004_2569,server_004,jennifer87,Kathleen Adams,6350,,False,2026-04-07 09:06:49,2026-05-15 15:18:37,,321,209,False
user_server_004_7452,server_004,ylittle,Amanda Robinson,8750,,False,2025-09-04 12:21:19,2026-02-06 19:32:24,,817,348,False
user_server_004_1026,server_004,shannonyoung,Jeffery Bennett,9816,fbf8d6c52c,False,2026-04-28 05:05:59,2026-04-30 19:46:21,,197,4,False
user_server_004_3947,server_004,jonathan12,Elizabeth Stone,6974,,False,2026-03-22 09:00:59,2026-04-13 17:07:35,,261,11,False
user_server_004_2743,server_004,brandymarshall,Jessica Mcdonald,7617,f701a69b28,True,2026-04-02 21:48:00,2026-05-19 13:48:01,verified,353,22,False
user_server_004_9306,server_004,ystewart,Jeremy Baker,6291,f06bf74858,False,2026-04-25 04:47:08,2026-05-05 01:04:35,"verified,booster",243,0,False
user_server_004_8377,server_004,phillipswarren,Angela Hill,8225,e0b8cda6a1,False,2026-03-25 13:49:06,2026-05-29 15:29:08,verified,429,34,False
user_server_004_2310,server_004,jonesbenjamin,Craig Murphy,2463,,False,2025-11-21 18:49:06,2026-04-12 11:34:36,,616,41,False
user_server_004_8614,server_004,julie43,Yolanda Murillo,4615,,False,2026-04-15 10:46:53,2026-06-11 17:56:15,,403,336,False
user_server_004_1385,server_004,alan44,Rachel Powell,8892,af49d07fd9,False,2026-01-09 09:38:52,2026-03-21 16:28:37,,454,0,False
user_server_004_9704,server_004,kennedywilliam,Brittany Sanders,6491,2aff3c11cb,False,2025-12-23 15:05:00,2025-12-27 00:43:39,"moderator,verified",200,0,False
user_server_004_4999,server_004,thomasblack,Nina Sharp,8577,28d69e2df8,False,2025-08-20 09:16:50,2025-10-08 08:11:41,verified,340,0,False
user_server_004_9398,server_004,edwardsjacob,Melissa Clark,1290,00bcf62083,True,2025-11-18 11:49:31,2026-04-12 06:31:46,booster,683,87,False
user_server_004_2298,server_004,brooksbarbara,Tony Smith,7101,3915d79eab,False,2025-11-08 22:30:48,2026-04-22 00:46:39,,802,73,False
user_server_004_1800,server_004,matthew66,Jennifer Osborne,6131,14e25e6f48,False,2026-02-21 08:55:42,2026-04-13 01:09:48,,408,0,False
user_server_004_3969,server_004,brenda90,Brittany Cisneros,4668,33756c02bb,False,2025-12-31 08:25:43,2026-02-22 17:01:39,,363,140,False
user_server_004_6212,server_004,nbaird,Amy Hughes,1591,c45cadcc48,False,2025-07-21 22:16:24,2026-05-21 15:30:46,,1082,0,False
user_server_004_6386,server_004,ashley74,Brian Tran,8871,738d8a4293,False,2025-11-17 17:22:26,2026-02-11 13:46:52,,488,43,False
user_server_004_4451,server_004,mjohnson,Victor Campbell,8720,1a966197f2,False,2025-07-19 12:56:07,2025-11-29 17:28:03,,698,363,False
user_server_004_6657,server_004,gibsonmiguel,Gabriel Browning,1361,530e70ed60,True,2025-10-21 23:01:40,2026-03-27 10:41:03,,781,115,False
user_server_004_3731,server_004,andersonrobert,Jasmine Berger,5761,da89c4b03a,False,2025-12-05 00:54:50,2026-02-02 01:48:32,verified,404,223,False
user_server_004_9807,server_004,kylemeyers,Caitlin Andrews,2157,72b75ac031,False,2026-05-07 17:33:33,2026-05-08 20:49:54,,188,52,False
user_server_004_7571,server_004,waynecohen,Adam Thomas,9012,7b39e5ac49,False,2025-08-31 14:50:52,2025-10-08 06:45:54,"moderator,verified",291,0,False
user_server_004_6206,server_004,pjacobs,Susan Suarez,8229,abb995dd5c,False,2025-12-24 01:31:13,2026-04-19 10:13:15,,613,144,False
user_server_004_3910,server_004,mclaughlinkeith,Joyce Graves,6554,ef284e75a1,False,2026-06-13 06:47:16,2026-06-15 17:37:10,,190,3,False
user_server_004_7852,server_004,peter26,Steven Quinn,6722,,False,2025-11-21 09:25:01,2026-05-20 14:24:38,moderator,736,0,False
user_server_004_1374,server_004,qcruz,Keith Long,5325,38a81a4fdc,False,2025-10-09 17:25:36,2025-12-02 13:00:42,moderator,355,0,False
user_server_004_7378,server_004,nicolemoore,Kimberly Estrada,9044,6a0c90b4e7,False,2026-03-14 13:50:14,2026-04-29 09:28:31,moderator,313,0,False
user_server_004_6287,server_004,reginajenkins,Barbara Wood,2173,f8da0859d9,False,2025-09-15 07:57:50,2026-03-12 02:40:45,moderator,793,56,False
user_server_004_8559,server_004,robert24,Andrew Johnson,8195,a42a015789,False,2025-10-03 01:14:52,2026-05-15 08:53:27,,809,53,False
user_server_004_1529,server_004,vjames,Cory Johnson,6657,6461cdf3c4,False,2026-06-05 01:21:55,2026-06-09 01:51:05,booster,218,107,False
user_server_004_9751,server_004,markgoodman,Mr. Joshua Allen,0388,657094fc4c,False,2026-06-14 11:47:51,2026-06-15 15:51:19,booster,200,238,False
user_server_004_9381,server_004,thomasramirez,Ryan Lawson,7209,76ff048999,False,2025-08-06 21:02:55,2025-11-28 15:39:44,verified,602,0,False
user_server_004_6567,server_004,nicholspeter,Phillip Byrd,2325,3026398725,False,2025-09-09 08:28:02,2025-12-20 07:08:10,,536,408,False
user_server_004_5009,server_004,gregory08,Michael Copeland,4259,8d66aa0d60,False,2025-10-04 05:56:03,2026-01-14 23:19:28,moderator,553,24,False
user_server_004_5725,server_004,myerskyle,Aaron Barton,0425,8297d2692f,False,2025-11-20 01:47:10,2026-05-13 23:35:46,booster,795,82,False
user_server_004_5831,server_004,nicholasallen,Javier Hays,2530,4a307644ee,False,2025-12-02 12:38:06,2026-03-25 14:59:10,,527,46,False
user_server_004_5963,server_004,erinbrown,Anne Conley,2430,10bbcddcd8,False,2025-09-09 13:31:22,2026-05-03 11:21:42,verified,958,0,False
user_server_004_6639,server_004,bradleyhunt,Erica Sims,2553,72df950eea,False,2026-04-20 17:18:22,2026-06-09 02:24:37,booster,339,108,False
user_server_004_8929,server_004,hmcmillan,Brian Morris,6223,,False,2026-02-02 21:39:30,2026-04-16 14:18:51,,380,164,False
user_server_004_4226,server_004,moralesleslie,Jimmy Jones,5840,b77265fa98,False,2025-11-24 14:53:31,2026-02-19 22:24:52,,502,58,False
user_server_004_4318,server_004,bradley36,Kyle Bird,5956,a19c137c9b,True,2026-03-19 16:19:28,2026-06-15 16:09:40,,492,344,False
user_server_004_2301,server_004,johnathandavis,Mark Price,0917,f4d48b9f2d,False,2025-08-22 01:03:21,2025-12-28 00:21:32,,673,81,False
user_server_004_8472,server_004,martinreid,Emily York,2907,,False,2025-10-17 16:29:50,2026-01-25 03:15:42,,564,40,False
user_server_004_9561,server_004,bjones,Lauren Reyes,4960,,False,2026-02-14 00:35:10,2026-04-08 21:43:14,verified,408,0,False
user_server_004_4218,server_004,wesleybush,Alex Blake,7836,,False,2026-02-27 02:42:33,2026-05-30 19:00:21,,504,0,False
user_server_004_2827,server_004,parkerjoann,Lisa Brown,7252,75bb3566e7,False,2025-09-29 07:39:59,2025-11-07 02:34:38,,318,0,False
user_server_004_9070,server_004,james63,Cynthia Swanson,2892,e94701b459,False,2026-05-23 14:04:56,2026-06-07 23:57:26,moderator,277,13,False
user_server_004_8209,server_004,vstevenson,Evan Buchanan,1826,0f96287aac,False,2025-11-01 20:35:42,2026-02-26 05:25:00,,642,156,False
user_server_004_8078,server_004,swong,Crystal Quinn,4991,,False,2026-01-20 00:22:45,2026-01-21 06:45:06,"verified,booster",246,209,False
user_server_004_9690,server_004,john80,Mary Wright,7731,,False,2025-11-24 15:29:42,2026-02-03 13:58:09,,377,325,False
user_server_004_3587,server_004,cathyjames,Jeremy Smith,9996,abd2098dac,False,2026-03-08 09:00:02,2026-04-18 05:01:55,moderator,336,49,False
user_server_004_8732,server_004,mckaybrett,Teresa Martinez MD,4974,fa203e7a70,False,2026-01-31 05:36:54,2026-05-03 05:34:02,verified,488,14,False
user_server_004_1092,server_004,joelmiller,Emily Griffith,6620,,False,2026-04-22 21:13:30,2026-05-27 05:56:59,,305,256,False
user_server_004_5193,server_004,rogerobrien,Kenneth Faulkner,4829,6d50ef572c,False,2026-03-22 11:01:28,2026-06-08 15:40:27,,473,0,False
user_server_004_8210,server_004,xmiller,Christopher Alexander,4488,,False,2025-12-27 16:22:25,2026-05-30 06:19:40,,734,0,False
user_server_004_7390,server_004,ywolf,Dr. Jeffery Miller,7979,6574c656ab,False,2025-11-18 01:31:19,2026-05-23 08:29:19,,869,13,False
user_server_004_8178,server_004,brooke28,Dawn Ford,4656,,False,2026-02-27 06:46:55,2026-05-11 02:29:49,admin,466,0,False
user_server_004_5896,server_004,jcampbell,Andrea Taylor,9405,,False,2026-05-01 20:41:13,2026-05-05 10:53:24,"verified,booster",222,0,False
user_server_004_1358,server_004,mgonzalez,Scott Cross,2301,182325e8b2,False,2025-10-17 21:28:42,2026-02-22 05:11:17,,666,0,False
user_server_004_6263,server_004,zfrost,Jacqueline Burns,7673,e575c7ab05,False,2026-05-15 20:55:32,2026-05-31 02:43:00,,227,193,False
user_server_004_7493,server_004,ortizbenjamin,Janice Cunningham,7968,4524265ee3,False,2025-09-29 22:28:35,2026-01-08 12:46:19,"moderator,verified",560,43,False
user_server_004_6358,server_004,xkrueger,Miranda Hicks,8827,2af20966ed,False,2025-08-07 01:42:35,2026-02-22 00:20:04,,946,477,False
user_server_004_9413,server_004,heather66,Dana Johnson,1437,204df1acd8,False,2026-03-18 00:35:35,2026-03-24 12:58:10,,232,212,False
user_server_004_3493,server_004,terrydeanna,Jesus Becker,5413,,False,2026-03-24 03:51:40,2026-04-11 16:39:40,verified,286,200,False
user_server_004_5813,server_004,john92,Ray Newman,0104,4c4343b61a,False,2025-11-23 15:03:23,2026-05-18 23:04:54,booster,723,252,False
user_server_004_9722,server_004,fmccarthy,Chelsea Henderson,7499,d4b5ddff77,False,2025-07-17 23:22:45,2025-10-13 10:40:27,,465,0,False
user_server_004_3429,server_004,heather88,Janet Parker,3377,fd31c6f85d,False,2026-05-29 16:57:57,2026-06-12 15:36:01,booster,233,0,False
user_server_004_2134,server_004,rodriguezashley,Robin Adams,5365,59a3ca718c,False,2026-02-06 19:39:14,2026-06-03 16:48:40,"admin,verified",548,476,False
user_server_004_6821,server_004,ahale,Dr. April Jones,0447,,False,2026-03-27 06:21:42,2026-04-16 12:55:04,verified,266,16,False
user_server_004_7232,server_004,pwarren,Jeffrey Thompson,0806,3d2c4f6ebc,False,2026-01-01 09:33:03,2026-01-25 07:17:07,,287,345,False
user_server_004_9462,server_004,jameswhite,Joanne Olsen,1993,,False,2025-10-02 12:25:54,2026-02-27 06:59:39,,714,0,False
user_server_004_9305,server_004,jamesbrady,Cheryl Bird,5895,40347610a1,False,2026-01-20 14:37:16,2026-06-13 10:15:46,verified,642,61,False
user_server_004_6078,server_004,nsims,Mark Miller,1069,45ab3b35fe,True,2026-01-08 02:55:04,2026-01-11 06:09:39,,239,78,False
user_server_004_8722,server_004,hillmatthew,Karen Chambers,0259,2f762d9061,False,2025-11-08 10:28:32,2026-02-05 12:15:17,admin,471,0,False
user_server_004_3297,server_004,adamsstephanie,Rachel Williams,7697,fe331d2c7a,True,2026-03-23 01:37:45,2026-04-23 10:54:18,"moderator,verified",315,0,False
user_server_004_3824,server_004,bennettabigail,Deborah Tucker,2861,f6017b968c,False,2026-05-22 06:31:35,2026-06-01 10:59:27,booster,238,216,False
user_server_004_7613,server_004,rrogers,Yvonne Montoya,6114,423748c37d,False,2026-04-28 19:25:51,2026-05-16 10:37:25,verified,274,0,False
user_server_004_7679,server_004,dgray,Shelley Drake,0761,6e595df504,False,2025-11-16 08:24:54,2025-11-27 09:51:03,verified,249,18,False
user_server_004_2086,server_004,ihardy,Bryce Schmidt,1841,396fa3dadb,False,2026-04-21 06:12:00,2026-06-11 06:00:55,verified,381,113,False
user_server_004_8802,server_004,miguelmontgomery,Karen Gutierrez,7692,7e0416fa6c,False,2025-12-22 20:35:48,2026-06-07 02:30:00,booster,711,0,False
user_server_004_4215,server_004,allen50,Nancy Gregory,2061,f33a1a1e0f,False,2025-11-17 01:13:37,2026-06-14 18:15:43,,860,0,False
user_server_004_5092,server_004,nross,Hannah Crosby,3706,b354ad484a,False,2025-09-08 00:53:13,2025-12-04 15:10:56,verified,539,462,False
user_server_004_5370,server_004,shatfield,Morgan Carter,2157,1e20b553c6,False,2025-11-08 14:19:53,2026-03-16 05:20:43,,673,171,False
user_server_004_4242,server_004,mollywalter,Michelle Johnson,2984,,False,2025-09-09 01:21:29,2026-04-22 01:27:51,,821,1361,False
user_server_004_7646,server_004,trobles,Whitney Archer,7407,c8ec494069,False,2026-06-04 02:05:51,2026-06-09 20:38:35,,209,328,False
user_server_004_4052,server_004,efriedman,Cynthia Lewis,4182,1fe14a5a17,False,2025-10-24 17:19:01,2026-05-24 17:16:55,,853,105,False
user_server_004_5306,server_004,garciavictoria,Timothy Nguyen,1034,70f95bbda6,False,2026-05-10 11:26:03,2026-06-06 02:56:59,admin,260,89,False
user_server_004_5844,server_004,jeffrey47,Meagan Wade,2069,cebab2b127,False,2025-07-24 12:40:32,2026-02-20 12:46:25,verified,962,75,False
user_server_004_7513,server_004,sdavis,Danny Johnston,8370,,False,2025-12-31 01:08:39,2026-04-17 11:42:08,admin,573,2,False
user_server_004_9692,server_004,schneidernicholas,Nancy James,8602,,False,2025-10-08 19:39:29,2025-10-15 07:29:33,,233,287,False
user_server_004_4707,server_004,ostokes,Earl Rodriguez,2491,a4e7db1a18,False,2026-02-09 03:54:21,2026-03-25 21:45:26,"moderator,verified",355,195,False
user_server_004_7386,server_004,juliewilson,Samuel Finley,8548,06d1c12eb3,False,2025-12-26 07:54:48,2026-06-10 23:51:31,admin,821,173,False
user_server_004_6105,server_004,collinsbrittany,James Henderson,3420,336c8691dd,False,2026-01-12 09:54:54,2026-03-15 22:10:36,"moderator,verified",402,98,False
user_server_004_4972,server_004,aprilguzman,James Medina,6410,75faac7f4d,False,2025-08-09 14:33:33,2025-09-01 14:33:01,verified,256,526,False
user_server_004_7577,server_004,lisaphillips,Michael Hernandez,2022,b27eaed9ab,False,2025-12-13 12:10:52,2026-04-07 08:22:52,moderator,655,150,False
user_server_004_9529,server_004,georgekyle,Becky Shea DDS,5098,42628f38b2,False,2026-04-01 18:15:06,2026-04-16 12:04:44,,263,179,False
user_server_004_3517,server_004,troypadilla,William Cook,1153,4258437796,False,2026-03-04 01:43:33,2026-06-03 13:15:16,,425,224,False
user_server_004_8643,server_004,melaniemichael,Noah Leblanc,6978,aab74006a8,False,2026-04-20 06:45:00,2026-05-23 10:12:59,moderator,320,568,False
user_server_004_6940,server_004,tluna,Miss Sarah Ritter,3953,ff768f1087,False,2026-04-09 04:27:34,2026-05-26 11:57:37,moderator,328,234,False
user_server_004_5519,server_004,roberto75,Jeanne Rose,4123,29811edb96,False,2026-06-04 14:29:40,2026-06-13 02:50:59,,235,64,False
user_server_004_4977,server_004,jacquelinekelley,Frank Moody,9597,1f78a7477f,False,2026-03-30 16:29:25,2026-04-24 01:56:34,"admin,verified",257,182,False
user_server_004_7157,server_004,hornjenna,Christopher Taylor,9938,87be3915d1,False,2026-03-30 03:54:26,2026-04-24 23:09:33,,262,121,False
user_server_004_2924,server_004,phyllis33,Christina Curtis,3909,6cdc1aa82b,False,2025-12-10 05:46:18,2025-12-18 09:58:39,,234,37,False
user_server_004_8548,server_004,gregoryvanessa,Trevor Simmons,9393,c3445cf1e0,False,2026-03-06 03:40:40,2026-05-27 01:32:41,moderator,479,0,False
user_server_004_3961,server_004,davisterri,Anthony Baird,0395,b75bc30cb4,False,2025-12-16 11:53:09,2026-05-23 09:29:21,,781,648,False
user_server_004_6636,server_004,obooker,Danielle Wilson,5773,2de7f6b000,False,2025-11-05 04:01:04,2026-04-14 05:28:38,verified,737,0,False
user_server_004_4430,server_004,hailey26,Wendy Lambert,9150,7c686f3923,True,2026-01-03 20:53:12,2026-06-05 01:14:20,verified,692,170,False
user_server_004_6763,server_004,phancock,Mark Wallace,8818,5c22b1d73f,False,2025-11-16 15:57:00,2026-04-21 12:31:53,"moderator,booster",680,175,False
user_server_004_9146,server_004,millertracy,Katrina Johnson,3050,d478962358,False,2025-10-11 00:54:54,2026-02-10 23:13:37,,618,0,False
user_server_004_3761,server_004,vhill,Kevin Cruz,5288,,False,2026-06-12 02:04:29,2026-06-16 09:05:48,booster,180,0,False
user_server_004_2244,server_004,ievans,Arthur Stout,3254,,False,2025-11-12 06:07:37,2026-05-27 19:30:01,,840,186,False
user_server_004_7311,server_004,richardhaynes,Robert Logan,1697,75349d21cf,False,2026-03-29 05:10:50,2026-05-07 12:03:11,booster,361,215,False
user_server_004_5028,server_004,stonebrenda,Rachel Martinez,8978,,False,2026-05-20 18:14:26,2026-06-04 00:40:23,verified,230,434,False
user_server_004_4538,server_004,tammymerritt,Kyle White,2381,,False,2025-07-24 21:29:08,2026-02-01 22:29:37,,781,0,False
user_server_004_4048,server_004,hmcbride,Kenneth Delgado,8496,5be9242b36,False,2025-07-22 17:25:39,2026-03-17 11:44:10,booster,945,1178,False
user_server_004_6972,server_004,melissa01,Katie Cox,3845,1bcbb2c5d9,False,2025-12-11 23:52:08,2026-05-06 00:10:31,,679,12,False
user_server_004_2583,server_004,qrowland,Eric Shah,8314,6ef3099fcf,False,2026-04-09 20:53:01,2026-04-22 22:16:28,,234,740,False
user_server_004_4669,server_004,donna72,Melissa Mills,7623,4eb74a6329,False,2025-08-24 08:40:41,2026-04-15 23:13:11,,1117,97,False
user_server_004_8347,server_004,catherine83,Mary Williams,9158,dd6959df4e,False,2026-01-09 09:32:14,2026-05-09 13:22:54,"moderator,booster",522,52,False
user_server_004_1451,server_004,kevinwall,Lindsey Robinson,9793,3d4417c61c,False,2026-01-15 18:16:50,2026-06-01 21:55:08,moderator,653,21,False
user_server_004_9322,server_004,jessicahenderson,Debbie Santos,6670,,False,2025-09-04 10:46:32,2026-02-05 08:03:22,,653,722,False
user_server_004_6871,server_004,ricardomiller,Jeffery Neal,9624,,False,2026-04-05 06:10:44,2026-06-01 05:41:27,admin,380,320,False
user_server_004_3938,server_004,chadoconnor,Melissa Lee MD,2969,,False,2026-03-10 01:18:04,2026-03-22 09:49:57,verified,231,52,False
user_server_004_7347,server_004,roberthernandez,Jessica Johnson DDS,6677,97d6635cdf,False,2026-04-23 15:28:12,2026-05-05 05:55:31,admin,214,87,False
user_server_004_2486,server_004,schmidtgabriella,Gary Davis,3023,f080e1ae27,False,2026-06-08 16:53:15,2026-06-12 20:52:46,moderator,220,0,False
user_server_004_1969,server_004,dustin34,James Novak,6113,,False,2025-11-28 01:13:40,2025-12-29 17:30:01,verified,283,0,False
user_server_004_2136,server_004,ylynn,Casey Chandler,2824,,True,2026-02-05 03:33:54,2026-02-07 14:11:05,moderator,189,399,False
user_server_004_3898,server_004,brianna71,Melody Grimes,7220,e3c6497e2b,False,2025-09-23 06:10:30,2026-04-19 02:43:51,,814,132,False
user_server_004_2970,server_004,mosleygeorge,Jean Reed,5106,a92793c8d6,False,2025-09-21 14:08:44,2026-04-06 14:47:31,"moderator,verified",822,0,False
user_server_004_6527,server_004,iwoods,Michael Reeves,7449,c47c70481b,False,2026-04-05 22:07:13,2026-04-23 10:31:18,"moderator,verified,booster",274,173,False
user_server_004_4923,server_004,nicholasmoss,Nicholas Villegas,8040,,False,2025-12-12 16:06:22,2026-05-13 22:06:10,,706,195,False
user_server_004_2618,server_004,erikabarnes,Jeffrey Gomez,8517,,False,2025-11-30 19:35:52,2025-12-23 14:00:53,,259,17,False
user_server_004_6248,server_004,rshaw,Kelly Higgins,2219,33e9344c10,False,2026-02-04 10:56:30,2026-05-24 18:41:47,,557,0,False
user_server_004_8931,server_004,kevinhodge,Jennifer Edwards,9988,166feaf932,False,2026-03-14 21:42:19,2026-04-25 07:06:03,,361,108,False
user_server_004_6031,server_004,jonesjohn,Kenneth Miller,9625,2de30791af,False,2026-05-16 01:12:22,2026-05-29 23:48:40,verified,240,170,False
user_server_004_7306,server_004,astokes,Jessica Romero,3084,50a1ba3704,False,2025-09-19 23:37:15,2026-05-26 21:32:38,"admin,verified",1062,396,False
user_server_004_1732,server_004,rjimenez,Dr. Melissa Sullivan DDS,3514,,False,2026-05-30 13:40:14,2026-06-16 04:13:32,verified,243,366,False
user_server_004_7250,server_004,kleinjacqueline,Dana Stevenson,3375,8b9f6ed58f,False,2025-10-08 16:57:20,2026-02-10 02:27:57,booster,598,0,False
user_server_004_7388,server_004,lawsontami,Sierra Mills,3741,d5d4bff6c4,False,2025-11-04 10:54:46,2025-11-06 07:04:53,booster,203,135,False
user_server_004_6074,server_004,richardsondennis,Anthony Simpson,3356,48f28b3c01,False,2025-08-01 00:57:49,2025-09-30 14:19:37,,398,89,False
user_server_004_8998,server_004,morganerika,Sarah Hodge,4152,215fd5143f,False,2025-10-28 12:45:20,2026-04-05 10:48:27,verified,792,79,False
user_server_004_2888,server_004,ncarter,Mark Long,2603,fc2bc31b3b,False,2025-12-15 05:50:01,2025-12-23 08:37:57,verified,224,26,False
user_server_004_7524,server_004,wallspatricia,Amy Smith,4666,5019d81043,False,2025-09-23 20:49:33,2026-04-20 09:27:59,,826,0,False
user_server_004_9158,server_004,michael05,Charlotte Gomez,3289,,False,2026-02-21 01:35:42,2026-04-12 20:16:10,,372,206,False
user_server_004_2104,server_004,jordanjames,Stephanie Jenkins,3960,613403bd76,False,2026-01-12 18:47:46,2026-04-15 18:15:29,verified,476,93,False
user_server_004_4447,server_004,moorediane,James Evans,5208,,False,2026-04-27 09:41:12,2026-05-11 06:20:18,,251,0,False
user_server_004_1924,server_004,imcclain,Ashley Gonzales,6411,79ac2b3738,False,2025-09-11 23:09:56,2026-01-22 12:45:17,moderator,649,65,False
user_server_004_8217,server_004,donaldburgess,Stephen Fletcher,1136,f2425089e5,False,2026-01-27 00:17:00,2026-02-08 08:54:39,booster,224,349,False
user_server_004_9487,server_004,billy66,Stephanie Martin,8753,,False,2025-11-03 10:21:05,2026-06-07 16:35:55,"verified,booster",878,700,False
user_server_004_1957,server_004,stacymoyer,Mrs. Katherine Simpson,6349,eac5a75e96,False,2026-04-21 20:42:32,2026-05-23 02:13:20,"moderator,verified",307,0,False
user_server_004_7325,server_004,markduran,Kathryn Mclean,4627,919cec4b27,True,2025-10-09 20:27:37,2026-06-10 20:30:56,moderator,988,91,False
user_server_004_3509,server_004,ganderson,Beth Cooper,7441,190d5e8926,False,2026-05-01 04:18:45,2026-05-12 17:13:01,,209,373,False
user_server_004_7030,server_004,brettgallegos,Kyle Smith,0343,8fe3d2e54d,False,2025-09-08 17:46:29,2025-12-29 03:32:11,,607,0,False
user_server_004_6782,server_004,todd63,Monica Lopez,3409,6529f18dcc,False,2025-07-31 04:26:26,2026-01-25 19:19:05,booster,821,49,False
user_server_004_7535,server_004,linvirginia,Robert Gonzalez,2180,86d970148b,False,2025-12-23 21:17:07,2026-03-23 07:45:02,,543,0,False
user_server_004_8591,server_004,hayneswayne,Willie Garza,8981,4df17c1e36,False,2025-10-06 22:00:27,2025-12-20 01:55:51,,424,409,False
user_server_004_7752,server_004,davidmorales,Corey Thomas,0833,,False,2025-12-07 05:20:40,2026-04-11 06:36:07,,656,277,False
user_server_004_7323,server_004,jensenchristopher,Jason Torres,9296,1de6cc546d,False,2025-09-13 12:31:49,2026-05-27 16:55:39,moderator,963,0,False
user_server_004_7738,server_004,jeffreysimmons,Jeffery Williams,5185,d598af1736,False,2026-04-30 08:45:37,2026-06-02 09:45:06,booster,300,133,False
user_server_004_2590,server_004,juan56,Steven White,1070,,False,2025-09-03 08:39:42,2026-03-11 08:53:40,,929,0,False
user_server_004_3467,server_004,williamsjulie,John Kerr,3489,73384050e8,False,2026-06-14 12:32:45,2026-06-14 16:23:13,admin,191,0,False
user_server_004_5968,server_004,johnnyhenry,Brian Caldwell,1662,8bd688efc7,False,2026-03-13 16:44:26,2026-06-09 23:26:10,booster,490,0,False
user_server_004_8693,server_004,markfigueroa,Richard Rice,4607,d510b14edd,False,2025-09-11 16:42:01,2025-11-14 02:21:48,verified,432,133,False
user_server_004_8746,server_004,jason61,Bianca Newton,6215,9ce908285a,False,2025-08-27 16:23:46,2026-05-12 12:06:16,"moderator,verified",1040,1544,False
user_server_004_6633,server_004,jamesgriffin,Tom Montgomery,5566,81edf630bb,False,2026-02-27 07:21:02,2026-05-08 16:11:00,moderator,459,351,False
user_server_004_4229,server_004,mmayo,Brittany Anderson,5254,a5c062cf6b,False,2025-08-10 09:54:05,2025-10-18 05:51:20,verified,394,45,False
user_server_004_3769,server_004,patricia85,Joan Love,5983,fc66c37c8b,False,2026-05-16 03:13:54,2026-05-20 04:01:06,,205,0,False
user_server_004_4912,server_004,webbalexandra,Rachel Jackson,5023,39cb5227c1,False,2025-10-31 11:52:50,2026-05-21 14:39:16,"admin,booster",895,142,False
user_server_004_1514,server_004,keithsosa,William Lee,2140,9285bbe6ad,False,2025-11-22 17:41:40,2025-12-08 10:46:09,,250,7,False
user_server_004_5428,server_004,gcohen,Carol Christensen,6146,45c65f568a,False,2025-07-18 19:19:31,2026-04-30 02:40:41,moderator,1161,365,False
user_server_004_4160,server_004,rmorales,Aaron Armstrong,8008,d1b8332de3,False,2026-06-11 04:10:38,2026-06-15 22:22:22,moderator,196,0,False
user_server_004_3105,server_004,suarezkrystal,Michael Warren,1753,7455af9560,False,2026-01-05 08:55:54,2026-05-15 19:47:00,booster,627,0,False
user_server_004_6589,server_004,kennethadams,Danny Ferguson,1153,,False,2025-08-08 21:15:49,2025-10-07 16:42:17,"moderator,verified",357,65,False
user_server_004_4268,server_004,benjamin24,Debra Gibbs,1329,,False,2026-01-09 14:25:21,2026-05-12 03:06:33,"moderator,verified",561,323,False
user_server_004_9672,server_004,veronicaclark,Matthew Chen,3156,f455f498cb,False,2025-08-19 05:26:34,2025-08-20 17:14:41,,198,0,False
user_server_004_8250,server_004,christopher84,Jennifer Carr,3029,4dc2606564,False,2026-01-23 00:20:03,2026-05-20 13:58:19,,533,0,False
user_server_004_2241,server_004,garrettalex,Nicholas Ramirez,3083,,False,2025-09-29 10:41:20,2026-01-09 16:27:53,,507,166,False
user_server_004_4575,server_004,teresa89,Patrick Reyes,6988,a818869ea2,False,2025-10-11 02:15:46,2025-12-13 04:09:36,,463,13,False
user_server_004_2009,server_004,lisawalker,Kevin Morton,1028,85f4223963,True,2025-10-16 03:56:44,2026-05-10 05:02:16,"verified,booster",891,53,False
user_server_004_2445,server_004,seanblair,Charles Mendoza,5216,25a262e7ea,False,2025-08-07 02:48:22,2026-04-04 20:11:01,,965,651,False
user_server_004_7069,server_004,llopez,John Blair,8187,1a6a68a4e6,False,2025-12-02 01:02:09,2025-12-27 15:04:15,,293,61,False
user_server_004_6314,server_004,collinsnicole,Melissa Lopez,6606,2027a5a871,False,2026-02-11 16:06:52,2026-03-20 14:54:25,,328,76,False
user_server_004_6189,server_004,psanchez,Ariel Rose,6249,1d0067995b,False,2026-01-06 06:23:23,2026-02-04 21:57:09,"verified,booster",326,64,False
user_server_004_4013,server_004,morrisonnicholas,Ronald Hines,3555,,True,2025-12-16 18:38:53,2026-02-25 18:58:49,verified,456,923,False
user_server_004_5549,server_004,andersonkayla,Todd Greene,3731,,False,2025-09-10 20:58:04,2025-12-25 01:50:46,admin,528,16,False
user_server_004_2736,server_004,rosariodaniel,Gina Zimmerman,1096,3d633e5242,False,2026-01-24 12:05:35,2026-04-18 13:20:57,,475,84,False
user_server_004_6046,server_004,cmalone,Elizabeth Mendoza,2598,1e443e8171,False,2026-03-07 17:04:17,2026-05-02 21:24:32,verified,359,527,False
user_server_004_3099,server_004,courtney10,Ashley Phillips,6054,f9b718f3f5,False,2026-03-11 20:27:12,2026-04-22 12:05:23,,289,35,False
user_server_004_6120,server_004,othomas,Jeffery Hernandez,7801,596d50f448,False,2025-07-21 12:52:02,2026-01-11 03:56:17,,792,688,False
user_server_004_4750,server_004,sandracohen,Michelle Valenzuela,9713,42a32cad9b,False,2026-02-23 19:52:43,2026-04-29 02:44:00,,409,56,False
user_server_004_3430,server_004,walkerstephanie,Billy Cook,5269,,False,2025-10-19 09:34:18,2026-04-27 03:32:28,,825,278,False
user_server_004_6960,server_004,sandra10,Cassandra Moreno,0967,c8308739d6,False,2026-03-05 16:26:14,2026-04-26 08:07:16,moderator,390,0,False
user_server_004_8941,server_004,qhernandez,Lori Mitchell,5147,e17de62fac,False,2025-07-15 20:15:30,2025-11-19 22:07:02,,691,282,False
user_server_004_4193,server_004,sabrina54,Michelle Jones,8577,327bee2c26,False,2026-05-30 17:18:31,2026-06-15 09:32:18,"verified,booster",212,0,False
user_server_004_1414,server_004,kimberlythomas,Jeremy Robles,0472,df836220bb,False,2026-05-17 17:44:42,2026-06-04 23:49:37,"moderator,verified,booster",243,105,False
user_server_004_8276,server_004,wilsonronald,Brianna Morris,5146,,False,2025-08-14 05:25:39,2026-01-04 09:19:24,moderator,663,0,False
user_server_004_3030,server_004,huntercruz,Jeff Steele,0858,795b2829c2,False,2025-10-29 19:50:08,2026-01-14 15:17:06,"moderator,verified",500,75,False
user_server_004_7480,server_004,devon36,Jonathan Ferguson,2916,9997898395,False,2025-12-04 21:28:13,2026-01-01 10:05:11,,301,42,False
user_server_004_3160,server_004,patrickcarpenter,Kenneth Steele,8137,,False,2025-07-28 01:40:49,2026-04-04 00:39:45,booster,952,0,False
user_server_004_6540,server_004,jacquelineyoung,Xavier Smith,1329,71a2692c45,False,2025-09-11 12:32:03,2025-10-21 05:36:11,,325,25,False
user_server_004_2465,server_004,samanthabrown,Samuel Delacruz,3395,2f39273717,False,2026-01-21 21:49:12,2026-04-09 16:33:51,booster,479,0,False
user_server_004_4694,server_004,steven86,Ronald Brown,7842,,False,2025-10-23 22:12:36,2026-01-20 05:41:44,verified,471,0,False
user_server_004_7484,server_004,daviddominguez,Nicholas Horton,0315,4ac3ff54b3,False,2025-10-13 00:24:04,2025-12-11 07:01:21,,378,0,False
user_server_004_4760,server_004,mileselizabeth,Ryan Harrell,9547,ad09aa3b00,False,2025-07-23 18:57:30,2026-04-09 20:28:29,"moderator,verified,booster",1050,24,False
user_server_004_1120,server_004,donald31,Ronald Butler,4610,184544d9ed,False,2025-08-14 23:18:08,2026-03-28 20:03:02,booster,959,84,False
user_server_004_7432,server_004,vmanning,Tiffany Harrison,1952,f85d26b81a,False,2025-12-12 12:08:06,2026-01-12 13:09:07,verified,318,536,False
user_server_004_7348,server_004,sharrington,Brian Brown,1748,c7891501fc,False,2026-01-03 16:33:58,2026-04-30 20:27:50,"verified,booster",634,214,False
user_server_004_5970,server_004,wesleysmith,Melanie Liu,5913,d483ab5e5f,False,2025-09-30 09:15:53,2026-05-09 19:58:44,verified,1035,79,False
user_server_004_3964,server_004,samantha84,Jessica Moore,5471,8285c0abb8,False,2025-10-11 21:47:06,2026-05-20 01:10:41,"verified,booster",998,172,False
user_server_004_5675,server_004,ispence,Jennifer Brown,4071,,False,2025-12-12 13:33:04,2026-05-01 08:51:04,verified,656,0,False
user_server_004_1000,server_004,vwhite,Lisa Jones,4971,9ffdace6d1,True,2025-07-14 18:19:25,2026-06-10 21:53:25,"admin,verified",1127,268,False
user_server_004_2246,server_004,pedwards,James Brown,4587,1bc93e1038,False,2025-09-14 14:19:43,2025-10-22 08:36:10,moderator,324,0,False
user_server_004_4353,server_004,glee,Jack Maxwell,1971,2b859389d3,False,2026-05-09 20:51:21,2026-05-11 13:37:31,,188,70,False
user_server_004_8458,server_004,julianweaver,Kyle Avila,9499,d70e0183c8,False,2026-04-05 10:54:12,2026-04-08 09:39:53,"moderator,verified",235,0,False
user_server_004_7513,server_004,daniellejohnson,William Cunningham,6183,,False,2025-07-23 10:03:53,2026-04-22 09:21:02,admin,1073,10,False
user_server_004_5601,server_004,uwilliams,Eric Hooper,4613,866370f969,False,2026-06-02 04:09:59,2026-06-13 11:27:26,"verified,booster",246,0,False
user_server_004_1722,server_004,uporter,Molly Dickson,9227,9604c632c3,False,2025-10-26 11:04:18,2025-11-04 22:36:58,moderator,216,58,False
user_server_004_7017,server_004,riverapeggy,Kathryn Hampton,7475,7002d6c208,False,2026-04-13 15:44:26,2026-05-31 02:05:32,"verified,booster",362,346,False
user_server_004_7668,server_004,cwoods,Christian Ford,2850,a3931635d0,False,2025-12-06 14:54:18,2026-04-13 12:12:34,,670,86,False
user_server_004_8073,server_004,cisnerosjesse,Michael Thomas,1416,92f3c10e35,False,2025-11-26 14:08:56,2026-03-20 03:58:34,,559,79,False
user_server_004_6627,server_004,seth25,Marcus Bentley,8296,fc5cf0a8f7,False,2025-11-20 21:45:32,2026-04-09 04:47:36,,620,125,False
user_server_004_4372,server_004,nallen,Tina Bradley,6493,,False,2025-09-08 23:46:07,2026-04-29 12:55:10,,968,50,False
user_server_004_3698,server_004,adavis,Seth Payne,3715,1133c863a4,False,2025-08-27 02:35:49,2026-03-09 19:49:52,verified,825,347,False
user_server_004_7435,server_004,portershawn,Edward Jones,3589,c9ad25ca75,False,2026-01-20 15:17:17,2026-02-12 08:10:51,,266,72,False
user_server_004_1009,server_004,christopher27,John Scott,8265,9313023603,False,2026-04-07 18:34:10,2026-04-18 02:33:41,moderator,264,542,False
user_server_004_2582,server_004,shelbybonilla,Jack Mitchell MD,3129,,False,2025-08-11 16:48:54,2026-05-08 14:06:03,,1140,0,False
user_server_004_7912,server_004,scotthunt,Emily Miller,5857,ed6234e2a5,False,2025-08-30 16:18:21,2025-11-19 02:30:01,"moderator,verified",457,0,False
owner_005,server_005,rbaker,William Brown,9790,b351854ac2,False,2025-10-14 15:18:41,2026-02-08 05:31:20,"admin,moderator",2911,3176,True
user_server_005_9050,server_005,mooredaniel,Kelly Nash,0516,406f516930,False,2026-03-09 05:46:52,2026-04-18 17:13:15,,336,14,False
user_server_005_6751,server_005,wcaldwell,Marvin Mccullough,8033,563b1d41c9,False,2026-01-21 23:22:26,2026-06-07 00:33:12,,643,189,False
user_server_005_2540,server_005,whitedaniel,Jennifer Hamilton,7449,296d636a8f,False,2026-04-21 22:39:35,2026-04-30 08:59:06,moderator,258,15,False
user_server_005_7727,server_005,stewartwendy,Dr. John Ramirez,1555,,True,2026-06-06 01:21:09,2026-06-11 18:02:24,,210,0,False
user_server_005_9776,server_005,gardnerstacy,Daniel Carroll,0798,56ac67cbce,False,2025-10-25 14:29:15,2026-05-10 05:29:40,,836,0,False
user_server_005_7991,server_005,zbrown,Jeffrey Kennedy,1796,f42f25eee0,False,2026-05-03 07:38:34,2026-05-27 03:48:52,verified,296,93,False
user_server_005_3893,server_005,cisnerosgabriela,Mark Miller,6172,,False,2025-11-13 11:19:54,2026-01-29 19:17:35,,431,0,False
user_server_005_3280,server_005,hillchristopher,Jocelyn Barnes,2162,3402dea65c,False,2026-02-23 16:59:50,2026-05-30 12:10:47,booster,501,225,False
user_server_005_7034,server_005,jack01,Jessica Richmond,8904,,False,2026-05-21 04:42:54,2026-05-22 08:18:07,verified,210,100,False
user_server_005_6859,server_005,franklin56,Mr. Richard Sheppard,7776,ce079907aa,False,2026-01-30 22:52:06,2026-04-25 16:07:56,"moderator,verified",444,351,False
user_server_005_9944,server_005,jmorrow,Linda Miller,6116,b7998c0cdf,True,2025-12-07 01:09:30,2025-12-30 13:06:35,"admin,verified,booster",226,36,False
user_server_005_7401,server_005,mariodowns,Natalie Doyle,0183,f8eab9a44a,False,2025-12-25 16:23:29,2026-04-17 17:16:10,"verified,booster",631,52,False
user_server_005_6235,server_005,peggypeck,Mr. Ricky Craig III,3992,45ad927332,False,2025-10-19 08:42:04,2025-12-02 03:37:52,,343,634,False
user_server_005_9870,server_005,iharding,Margaret Lane,1161,,False,2025-12-26 21:48:55,2026-05-04 20:26:56,moderator,589,0,False
user_server_005_3698,server_005,robinsontiffany,Joshua Martin,4047,966e3560dd,False,2026-04-30 15:37:28,2026-05-07 17:01:50,admin,253,201,False
user_server_005_6250,server_005,jason39,Jacqueline Cox,6465,,False,2026-06-14 14:32:42,2026-06-15 16:53:05,booster,208,279,False
user_server_005_9348,server_005,peggy81,Mariah Bryant,6660,68d7576396,False,2026-03-08 18:16:56,2026-05-23 15:25:53,,452,111,False
user_server_005_2086,server_005,maria68,Gabriella House,9202,,False,2025-12-14 17:18:54,2026-01-30 14:02:37,booster,371,31,False
user_server_005_6594,server_005,lpatterson,Carla Graham,4972,8444fb3884,False,2025-12-10 04:03:51,2026-05-09 06:07:24,,756,372,False
user_server_005_3248,server_005,swalters,Tammy Vincent,7689,046e6a4c4f,False,2026-02-11 07:24:06,2026-05-13 13:20:59,,495,493,False
user_server_005_5734,server_005,davisallen,Ashley Brady,9739,96f56b0b5f,False,2026-02-24 14:48:14,2026-06-08 01:32:53,verified,513,132,False
user_server_005_7742,server_005,schultzwesley,Mary Christian,4563,7a10ffa7dc,False,2026-02-17 12:44:31,2026-04-05 00:29:44,,353,170,False
user_server_005_6922,server_005,harnold,John Martinez,8892,11e9c263c6,False,2025-12-26 18:53:11,2026-05-24 23:29:21,booster,672,0,False
user_server_005_6527,server_005,pgutierrez,Natalie Smith,2999,946e314812,False,2026-04-12 07:53:55,2026-06-07 19:28:19,verified,367,766,False
user_server_005_5173,server_005,williamadams,Elizabeth Orr,9928,,False,2026-03-09 06:33:06,2026-04-25 23:17:17,,428,0,False
user_server_005_5539,server_005,anunez,Jennifer Smith,8374,7917b94f0d,True,2026-03-09 21:07:25,2026-05-25 05:00:49,,476,0,False
user_server_005_3289,server_005,mary89,Christopher Armstrong,2967,,False,2025-11-03 10:36:03,2026-04-18 13:07:18,moderator,779,586,False
user_server_005_7934,server_005,zallen,Matthew Poole,3356,,False,2025-11-04 19:18:29,2025-11-20 17:46:42,verified,245,61,False
user_server_005_4611,server_005,oanderson,Nicholas Powell,9890,a29ca57574,False,2025-11-06 21:25:56,2025-11-10 17:17:51,verified,214,0,False
user_server_005_7279,server_005,samuelgarcia,Kathy Welch,3328,1e8abad420,False,2026-05-17 06:03:50,2026-06-03 09:58:52,,266,0,False
user_server_005_5033,server_005,mary25,Brandon Kim,6658,2801b7de72,False,2025-12-15 22:18:30,2026-01-02 15:13:38,booster,292,194,False
user_server_005_7335,server_005,anthonyzimmerman,Angela Reyes,7309,1380d665e9,False,2025-12-17 23:12:42,2026-06-09 03:41:52,"moderator,verified",730,0,False
user_server_005_7228,server_005,tonyawalters,Chelsea Delgado,0377,237ccb585a,False,2025-11-15 11:34:48,2026-04-23 03:23:54,,733,0,False
user_server_005_8244,server_005,amandasanchez,Rachel Townsend,9937,7da5f939dd,False,2026-04-23 12:36:29,2026-06-04 22:04:37,,312,0,False
user_server_005_5762,server_005,christopher20,Lauren Garcia,3782,d91414ad51,False,2025-11-13 16:19:49,2026-04-09 08:24:59,,676,456,False
user_server_005_6655,server_005,rodriguezjustin,Anna Snyder,5890,0a8fd6fe6a,False,2025-10-24 01:34:47,2026-05-30 20:00:04,,815,21,False
user_server_005_8840,server_005,peterhenry,Benjamin Chung,2590,,False,2026-04-05 14:03:54,2026-05-16 18:22:39,,343,53,False
user_server_005_4745,server_005,clarkrobert,Madeline Hayes,1474,63b75a09bf,False,2026-05-03 11:40:59,2026-06-01 13:41:28,"moderator,booster",278,0,False
user_server_005_3320,server_005,alejandro29,Sarah Wilson,7141,b2d516a758,False,2026-06-10 15:43:14,2026-06-14 20:58:58,"verified,booster",240,10,False
user_server_005_3882,server_005,timothy99,Brooke Harmon,4722,9cacb3e3e9,False,2026-01-11 14:34:21,2026-04-01 02:48:53,"verified,booster",454,175,False
user_server_005_5408,server_005,catherineherrera,Paige Robinson,2928,6dca7e6e06,True,2025-12-18 20:29:49,2026-02-02 17:28:46,verified,336,177,False
user_server_005_3814,server_005,anthonytaylor,Michael Martinez,4461,795e464730,False,2026-05-17 13:44:00,2026-06-04 11:34:07,"verified,booster",251,0,False
user_server_005_7016,server_005,stephaniebailey,Elizabeth Mcgee,9402,dc7aff003f,False,2026-04-28 13:40:58,2026-05-04 02:09:10,,218,247,False
user_server_005_7183,server_005,qnielsen,Michael Clay,2226,,False,2026-04-09 07:41:53,2026-04-26 07:48:55,"moderator,booster",243,93,False
user_server_005_9514,server_005,suzanne19,Laurie Martin,5798,ef10a72f8b,False,2026-04-22 22:02:13,2026-05-31 06:29:35,,329,111,False
user_server_005_1596,server_005,chamilton,Paul Cabrera,3389,,False,2026-03-21 00:02:10,2026-06-01 23:27:50,"moderator,booster",475,50,False
user_server_005_4255,server_005,lawsonruben,Jacqueline Chen,0262,75a17b5f6d,False,2026-02-07 12:59:38,2026-03-01 23:25:53,,256,532,False
user_server_005_5005,server_005,pamelarubio,Jason Munoz,2331,,False,2025-12-10 19:02:12,2026-03-08 03:54:39,,436,0,False
user_server_005_7812,server_005,raymond12,Jessica Lopez,0841,eda7a7e172,False,2026-04-03 03:19:50,2026-04-27 16:40:36,,270,0,False
user_server_005_2279,server_005,dianewatson,Barbara Flores,9801,13c5d5df13,False,2025-11-22 23:21:16,2026-03-17 16:51:02,,510,279,False
user_server_005_6084,server_005,jason95,Kristina Cruz,8302,,True,2026-05-16 20:39:31,2026-06-09 00:31:47,verified,233,116,False
user_server_005_1395,server_005,alisongarcia,Lawrence Ware,7345,f68a1da015,False,2025-12-10 07:33:42,2026-05-03 20:25:36,"moderator,verified",656,150,False
user_server_005_8182,server_005,berrydebbie,Jessica Li,7987,e551160476,False,2026-04-11 09:32:03,2026-05-15 01:55:47,"moderator,booster",285,327,False
user_server_005_8206,server_005,langvictor,Jennifer Martinez MD,4376,,False,2026-05-15 10:56:45,2026-06-11 22:47:31,moderator,305,32,False
user_server_005_3178,server_005,brittany39,Albert Logan,3186,0f12a52272,False,2025-12-29 21:16:45,2026-01-16 23:34:27,"verified,booster",247,0,False
user_server_005_1613,server_005,buckjustin,Jennifer Huang,4350,0712379b95,False,2025-12-12 12:45:31,2026-03-05 10:18:37,"verified,booster",463,11,False
user_server_005_6615,server_005,rogersallen,Ronald Perry,6096,ac5eed0d18,False,2026-01-07 17:25:10,2026-04-08 15:53:11,verified,520,205,False
user_server_005_9629,server_005,karen61,Emily Salazar,2549,a145ee45d2,False,2026-01-22 20:49:21,2026-05-14 22:02:23,,544,452,False
user_server_005_8108,server_005,psnyder,Barbara Brooks,7919,8018ed8230,False,2026-05-31 16:27:19,2026-06-13 07:24:19,verified,229,105,False
user_server_005_5221,server_005,walkermargaret,Wyatt Callahan,1744,772b09b286,False,2026-02-08 08:49:01,2026-05-16 05:44:24,moderator,491,349,False
user_server_005_7551,server_005,georgelee,Jackie Leach,6869,0e3c3aff6e,False,2026-01-07 16:05:49,2026-02-24 23:18:00,moderator,372,0,False
user_server_005_1932,server_005,greenkristen,Travis Jones,7137,dc6ab30512,False,2026-01-16 19:31:15,2026-02-17 08:34:17,,297,267,False
user_server_005_9058,server_005,knelson,Lauren Wilson,6493,e0e1ad787c,False,2026-03-24 12:08:55,2026-05-09 10:43:27,,339,63,False
user_server_005_2357,server_005,karenbarron,Jennifer Griffin,1649,,False,2026-01-13 22:42:28,2026-03-10 13:44:36,,396,402,False
user_server_005_3488,server_005,boydjohn,John Ramirez,0841,,False,2025-10-17 22:26:33,2025-12-15 04:58:29,moderator,375,0,False
user_server_005_2433,server_005,qperez,Michelle Gomez,0662,,False,2025-12-05 11:27:57,2026-01-31 01:35:44,,396,111,False
user_server_005_4149,server_005,donnamoss,Blake Bonilla,2784,332f81e676,False,2025-11-22 11:06:41,2025-12-07 14:04:45,"admin,verified,booster",241,380,False
user_server_005_3271,server_005,santiagotaylor,John Peterson,1064,a5baacf53d,False,2026-04-23 01:47:55,2026-05-03 12:22:53,verified,242,162,False
user_server_005_7445,server_005,kathleen47,Sarah Garcia,5548,54075fcfe2,False,2025-12-14 18:19:48,2026-04-18 17:05:22,verified,650,341,False
user_server_005_4852,server_005,paul79,Penny Lopez,5067,8984357f7d,False,2026-04-08 08:59:45,2026-05-13 04:56:54,,292,0,False
user_server_005_3419,server_005,ginalynn,Ashley Murray,1764,c0695bf06b,False,2026-04-11 18:48:56,2026-04-26 05:21:37,"admin,verified",233,0,False
user_server_005_3008,server_005,allenpatricia,Allen Stanley,9045,afa007877a,False,2025-11-12 03:50:30,2026-03-01 20:42:06,,504,774,False
user_server_005_5131,server_005,david81,Daniel Sanders,6382,,False,2026-01-04 02:31:37,2026-04-05 23:55:50,booster,520,78,False
user_server_005_7919,server_005,dromero,Jacob Williams,5157,1ed3aa04d5,False,2026-03-18 00:10:59,2026-06-02 02:23:38,moderator,469,184,False
user_server_005_6481,server_005,mlee,Kirk Moreno,2427,,False,2025-12-25 01:57:37,2025-12-26 12:37:37,verified,211,0,False
user_server_005_1151,server_005,gstone,Maria Haley,5910,7e80a75953,False,2026-05-01 18:48:30,2026-05-31 02:25:41,"verified,booster",292,292,False
user_server_005_6447,server_005,jacobsonbarbara,Joseph Hill,8273,f1b30f5f68,True,2026-03-08 12:08:45,2026-05-12 23:31:03,,391,53,False
user_server_005_8453,server_005,gmyers,Roger Holt,9682,6ca144f10e,False,2026-05-07 23:28:48,2026-06-05 15:26:53,,300,49,False
user_server_005_2028,server_005,kristibailey,Kyle Gross,7774,439d69b2ce,False,2026-04-09 21:36:24,2026-04-14 05:19:51,admin,182,186,False
user_server_005_1634,server_005,sstevenson,Ethan Jones,3759,35b3417b11,False,2026-04-12 15:50:45,2026-06-10 18:21:37,verified,430,264,False
user_server_005_1036,server_005,athomas,Jessica Smith,7045,,True,2026-03-16 23:13:52,2026-04-11 17:34:42,,273,0,False
user_server_005_6016,server_005,nicole20,Tracy Aguilar,9834,70f05f8a4d,False,2026-01-28 21:46:18,2026-05-12 20:15:10,,613,125,False
user_server_005_7373,server_005,thomaswilliams,Michael Roberts,9187,f24642551c,False,2026-05-27 22:56:45,2026-06-02 03:16:07,,204,0,False
user_server_005_1338,server_005,karirowe,Robert Rogers,1629,,False,2025-12-31 09:50:33,2026-01-03 04:04:19,admin,211,158,False
user_server_005_3685,server_005,inavarro,John Diaz,5921,,False,2026-01-22 21:50:47,2026-02-24 17:32:56,,283,218,False
user_server_005_1054,server_005,careykevin,Joseph Beck,3924,,False,2026-02-11 19:59:23,2026-05-28 03:22:55,"moderator,verified,booster",660,442,False
user_server_005_8623,server_005,rrodriguez,Margaret Hernandez,8368,,False,2026-01-27 12:22:12,2026-03-03 06:25:58,moderator,318,138,False
user_server_005_9934,server_005,qchase,Heather Johnson DDS,4100,86bc482423,False,2026-01-30 17:15:38,2026-02-15 21:19:04,"admin,verified",220,183,False
user_server_005_4181,server_005,vhoward,Thomas Gray,7842,0cbdf055ba,False,2026-06-12 13:19:03,2026-06-13 01:54:14,,193,104,False
user_server_005_7593,server_005,natalie87,Dr. Carrie Lozano,3479,,False,2026-02-28 02:26:04,2026-03-05 21:15:42,verified,198,69,False
user_server_005_9099,server_005,pamela69,Xavier Parker,9133,0b8b486a31,False,2026-04-20 09:08:29,2026-06-16 07:26:46,admin,388,461,False
user_server_005_1280,server_005,mary16,Lacey Sparks,6103,444813a41f,False,2026-03-06 21:26:11,2026-04-14 13:22:14,"admin,verified",347,227,False
user_server_005_2908,server_005,montesvictor,Julie Hernandez,9713,,False,2025-10-17 12:38:12,2026-02-16 22:14:08,admin,697,0,False
user_server_005_9799,server_005,cindy24,Mr. Edward Chavez,6973,26f0541eef,False,2026-05-16 20:38:19,2026-06-02 09:35:12,,240,216,False
user_server_005_5598,server_005,brownkevin,Matthew Smith,5569,63b4818af1,False,2025-11-04 23:08:15,2026-03-01 13:15:07,,601,3,False
user_server_005_6369,server_005,natasha88,Brandon Nelson,3027,7a05a8cc88,False,2026-05-08 20:14:20,2026-05-26 12:04:45,verified,269,218,False
user_server_005_6215,server_005,ryanhull,Andrew Fitzpatrick,2027,,False,2026-05-06 12:14:25,2026-06-04 18:40:37,moderator,299,0,False
user_server_005_2305,server_005,lisawalsh,Walter Garcia,8993,2473fde293,True,2025-11-14 06:08:34,2026-02-12 04:03:35,,451,356,False
user_server_005_6110,server_005,carla29,Shawn Brock,6884,,False,2026-05-14 17:00:09,2026-05-29 03:16:22,moderator,276,21,False
user_server_005_8687,server_005,feliciagonzalez,Julian Turner,5916,d84afc83f7,False,2025-11-03 20:29:05,2025-12-27 00:24:26,verified,369,0,False
user_server_005_2701,server_005,ygardner,Sandra Davis,0275,133ee84597,False,2025-12-15 07:29:57,2026-04-09 01:04:39,booster,614,0,False
user_server_005_9568,server_005,william57,John Ali,4477,cbfcbc200f,False,2025-12-02 19:52:53,2026-02-06 14:31:13,verified,435,58,False
user_server_005_4153,server_005,bernardrobert,Lisa Turner,8647,e69b2c1707,False,2025-12-26 11:24:13,2026-04-01 03:19:55,"admin,verified",524,0,False
user_server_005_7884,server_005,david89,Amy Bruce,4177,9d47dae26c,False,2026-06-01 01:41:17,2026-06-11 01:25:45,booster,202,95,False
user_server_005_2965,server_005,fordkathryn,Sara Miller,4076,,False,2025-11-28 03:33:38,2026-05-04 15:30:48,,737,0,False
user_server_005_5530,server_005,maria15,Samantha Cunningham,1845,2d9b4ab736,True,2026-01-19 17:26:33,2026-06-13 08:50:08,admin,642,75,False
user_server_005_3019,server_005,martinezbrenda,Michelle Miles,6041,18e378ca56,False,2025-11-26 15:48:10,2025-12-02 00:03:16,verified,192,873,False
user_server_005_4080,server_005,rtaylor,Brittney Fuller,3977,f3bd08088b,False,2026-05-04 03:29:32,2026-06-06 04:06:57,verified,306,413,False
user_server_005_8516,server_005,shaffercindy,Austin Hernandez,8589,08f1302c2c,False,2026-04-02 12:38:54,2026-04-07 06:40:17,moderator,228,72,False
user_server_005_2069,server_005,wrightdale,Jonathan Myers,9608,1d486cca58,False,2026-02-03 04:18:07,2026-03-02 12:00:05,,284,229,False
user_server_005_8870,server_005,richard23,Kimberly Underwood,3613,bd4f5a3776,False,2026-01-09 18:05:08,2026-04-07 00:10:33,,470,0,False
user_server_005_2799,server_005,reynoldsdaisy,Robert Sandoval,4385,88d4370256,False,2026-01-13 16:16:23,2026-05-18 23:13:04,,632,172,False
user_server_005_2755,server_005,thomasroberts,Tina Vasquez,3952,c9e1bb81d8,False,2025-11-22 00:30:59,2026-03-07 13:59:19,booster,572,0,False
user_server_005_3997,server_005,zcruz,Jason Coleman,8143,169b74c060,False,2026-01-17 12:17:53,2026-06-13 15:36:28,,727,0,False
user_server_005_4069,server_005,ywilson,Eric Brewer,1777,60c4dca35a,False,2025-10-22 05:43:02,2026-02-26 09:05:20,,623,193,False
user_server_005_6847,server_005,wwilliams,Julie Sharp,1574,83400faa4a,False,2026-03-28 15:11:17,2026-04-22 00:27:04,moderator,260,66,False
user_server_005_4728,server_005,michaelfoley,Hannah Mccarthy,7058,67da6dc41c,True,2026-01-17 17:47:46,2026-03-21 19:04:40,verified,405,0,False
user_server_005_9765,server_005,thompsonedward,Kristine Stevens,1189,,False,2025-11-13 06:10:59,2025-12-23 08:00:21,verified,361,26,False
user_server_005_1191,server_005,joshuafarmer,James Hendricks,9625,021dc974d3,False,2026-05-15 16:20:10,2026-06-06 02:27:57,booster,322,130,False
user_server_005_2532,server_005,mestes,Laura Pennington,4101,ab2c923e08,False,2026-05-31 05:42:19,2026-06-11 03:45:15,admin,236,17,False
user_server_005_1104,server_005,david59,Hannah Williamson,8020,1e1d6da0b1,True,2026-06-15 23:00:48,2026-06-16 03:24:15,,170,0,False
user_server_005_6717,server_005,johnsonjessica,Maurice Porter,5847,0f09e984c2,False,2026-03-23 13:38:57,2026-04-24 16:20:19,booster,311,53,False
user_server_005_3571,server_005,kathleen31,Carrie Stafford,3837,b17ecf69db,False,2025-12-17 10:38:44,2025-12-22 16:00:20,booster,223,8,False
user_server_005_3203,server_005,dnielsen,Ashley Bradford,0515,,False,2025-12-29 16:49:19,2026-06-08 08:12:51,,733,58,False
user_server_005_2036,server_005,alexandernicholas,Alyssa Thompson,2606,7433b6a4c8,False,2026-01-01 22:15:14,2026-03-14 02:55:52,booster,419,0,False
user_server_005_4469,server_005,ogray,Christina King,1199,,False,2026-03-09 02:14:11,2026-03-15 21:57:06,verified,243,0,False
user_server_005_6407,server_005,oshelton,Christopher Cervantes,7422,,False,2026-01-11 16:08:33,2026-05-27 12:55:21,,659,90,False
user_server_005_5574,server_005,christopherjohnson,Anne Johnson,5172,ee981788dc,False,2026-05-09 13:48:45,2026-06-10 15:22:12,,315,0,False
user_server_005_2889,server_005,wardricky,Andrea Lopez,2077,819105f470,False,2025-10-22 09:59:00,2026-01-06 15:20:56,,421,0,False
user_server_005_1865,server_005,nlee,Kara Bell,8486,,False,2026-05-09 20:17:29,2026-05-15 08:08:16,,218,484,False
user_server_005_2369,server_005,lauriegonzales,Shelly Carroll,5556,7a3b439dee,False,2025-12-02 17:41:49,2026-03-06 03:09:36,,532,0,False
user_server_005_3289,server_005,craig73,Joshua Johnson,3612,c934e7ceb8,False,2026-01-24 01:18:51,2026-03-29 12:53:59,moderator,427,0,False
user_server_005_8551,server_005,sandra46,Andrea Savage,2697,0b2d374d54,False,2025-12-11 01:06:51,2026-04-11 09:04:47,verified,636,106,False
user_server_005_1396,server_005,fergusonjohn,Lisa Collins,0497,,True,2026-02-22 18:43:51,2026-02-28 14:21:18,"admin,verified",245,0,False
user_server_005_9831,server_005,gardnerpatricia,Taylor Mercer,6087,,False,2026-05-30 03:44:27,2026-06-01 02:57:48,verified,184,696,False
user_server_005_9257,server_005,johnsonrobert,Stephen Brown,4749,afd2bd8add,False,2026-06-06 13:06:56,2026-06-06 20:38:32,,195,0,False
user_server_005_2255,server_005,sandra03,Robert Elliott DDS,2467,,False,2025-11-16 15:56:44,2026-01-13 02:52:47,,376,35,False
user_server_005_1800,server_005,reedchad,Patrick Noble,0045,a6e7177622,False,2026-04-27 08:50:30,2026-05-01 11:46:48,booster,211,102,False
user_server_005_3456,server_005,rpotts,Ashley Crawford,6638,2d5c3da56b,False,2026-03-10 09:33:17,2026-05-16 11:00:44,admin,381,0,False
user_server_005_6081,server_005,ryan43,Anthony Ayala,2789,145f0e4761,False,2026-03-24 00:29:35,2026-04-07 12:19:28,booster,241,215,False
user_server_005_8537,server_005,vfleming,John Hughes,5817,5d59c4c5e0,False,2025-10-30 21:35:50,2026-06-02 11:40:27,"moderator,verified",904,0,False
user_server_005_1769,server_005,russellsimmons,Jeffrey Prince,2005,45e6e041f5,False,2026-06-14 03:07:25,2026-06-16 01:27:12,"verified,booster",174,0,False
user_server_005_3907,server_005,michael56,Cynthia Davis,8969,dfcd2ae69f,False,2026-05-07 21:59:41,2026-05-13 22:46:23,verified,251,618,False
user_server_005_4968,server_005,zburgess,Laura Ritter,2537,9e4e2fce9f,False,2026-01-19 08:18:09,2026-04-29 11:28:04,moderator,488,0,False
user_server_005_6038,server_005,lisajones,Christopher Williams,6678,f3f4e4c3c9,False,2026-03-19 00:21:06,2026-05-18 02:54:00,,408,0,False
user_server_005_6072,server_005,whitneyanderson,Matthew Douglas,4126,,False,2026-03-26 16:07:41,2026-06-08 02:51:10,,434,27,False
user_server_005_5761,server_005,wrightamy,Nicholas Kelly DVM,0693,,False,2026-03-15 04:05:26,2026-04-12 11:37:36,moderator,286,265,False
user_server_005_2386,server_005,scottturner,Juan Melton,7697,23803280a3,False,2026-03-06 23:05:04,2026-05-11 23:16:35,moderator,392,160,False
user_server_005_4700,server_005,luis88,Gregory Jenkins,1785,6150d30642,False,2026-01-31 07:07:16,2026-03-28 17:25:07,booster,394,172,False
user_server_005_2008,server_005,nramirez,Sarah Meyer,5569,,False,2026-04-27 04:41:19,2026-05-14 12:31:04,verified,247,155,False
user_server_005_9621,server_005,judy31,Robert Thomas,4222,c0c0b798b0,False,2025-11-05 23:28:06,2026-02-27 03:17:30,,504,477,False
user_server_005_8450,server_005,dsantos,Alison Huff,8621,c47f392588,False,2025-12-01 02:06:55,2026-05-03 09:10:20,verified,695,30,False
user_server_005_4551,server_005,fevans,Scott Cruz,2207,aa85025a12,False,2025-12-01 17:00:48,2025-12-20 11:29:04,booster,237,181,False
user_server_005_9272,server_005,ccruz,James Keller,8137,ba8c5281fa,False,2026-01-10 07:09:07,2026-01-17 21:53:20,,196,281,False
user_server_005_1137,server_005,anthony50,Nicole Rogers,0174,26e2b57eaf,False,2026-03-14 20:13:46,2026-03-24 02:18:45,,233,0,False
user_server_005_9583,server_005,lisa93,Glenda Calderon,0214,a90396e3c9,False,2025-10-24 22:57:17,2025-11-05 08:57:57,,208,198,False
user_server_005_7807,server_005,vpatton,Renee Tran,0050,23b17a296b,False,2026-04-16 01:12:53,2026-06-03 08:07:41,verified,387,64,False
user_server_005_3018,server_005,michele87,Nathan Mack,8617,d17e22b5bb,False,2026-03-15 18:47:32,2026-04-20 12:04:21,verified,362,416,False
user_server_005_7672,server_005,pmcdonald,Adrian Marsh,3190,,False,2025-11-25 21:55:26,2026-03-19 09:49:50,,706,256,False
user_server_005_2257,server_005,christopher38,Kenneth Johnson,1511,78cc23e6d1,False,2026-01-06 08:42:53,2026-05-04 03:31:40,verified,483,0,False
user_server_005_6529,server_005,donna90,Keith Morris,3893,ed89334aef,False,2026-02-05 19:06:32,2026-03-03 01:11:50,,284,549,False
user_server_005_1294,server_005,scottsmith,Andrew Howard,0690,5acde660ab,True,2026-04-01 17:15:55,2026-06-12 22:20:42,"moderator,verified",455,331,False
user_server_005_1446,server_005,rickyriley,Steven Arnold,6328,,False,2025-11-05 03:33:35,2026-05-26 04:42:08,,1013,809,False
user_server_005_8041,server_005,alexanderjonathan,Debbie Simpson,8340,475b667782,False,2026-02-16 01:27:09,2026-03-29 09:25:17,,297,65,False
user_server_005_4454,server_005,dylanwilliamson,Brian Johnson,8593,0b34bda156,False,2025-11-25 21:09:20,2026-06-02 09:16:55,booster,752,0,False
user_server_005_4179,server_005,criley,Crystal Lynn,5613,b29a1d7c42,False,2025-10-30 07:19:28,2025-12-14 06:55:29,moderator,357,11,False
user_server_005_3033,server_005,allen58,Lindsay Bailey,0874,,False,2026-05-16 08:22:09,2026-06-11 00:14:31,"admin,verified",289,96,False
user_server_005_5740,server_005,hunterdaniel,Damon Hudson,4681,5d1f6b89f1,False,2025-10-21 15:35:18,2026-06-13 20:57:15,booster,919,9,False
user_server_005_7893,server_005,bjones,Briana Nguyen,9383,ea6a4542af,False,2026-04-08 14:35:00,2026-05-03 09:20:41,,301,177,False
user_server_005_8474,server_005,theresa57,Elizabeth Johnson,1468,3a1371c2e9,False,2026-02-06 18:04:06,2026-05-25 01:49:49,,539,0,False
user_server_005_5823,server_005,sarah90,Daniel Edwards,0348,62a5f52c62,False,2026-05-10 12:20:20,2026-05-28 06:58:12,verified,259,199,False
user_server_005_4654,server_005,shelby69,Nicholas James,4823,e26bdc6814,False,2026-05-23 19:15:50,2026-06-07 19:43:53,booster,266,106,False
user_server_005_8749,server_005,friedmansusan,Krystal Cuevas DDS,2539,90f16bfc63,False,2026-03-30 14:01:58,2026-05-08 19:54:55,"moderator,booster",387,0,False
user_server_005_4737,server_005,abbottallison,John Warren,8519,7008ef4813,False,2026-03-25 20:35:29,2026-03-28 19:42:32,,210,196,False
user_server_005_1286,server_005,james94,Erin Lloyd,4664,7e4df80ec8,False,2026-06-05 14:05:14,2026-06-09 23:28:10,,216,12,False
user_server_005_1490,server_005,stephengoodman,David Oconnor,8998,3186a90e5d,False,2026-03-21 21:13:38,2026-06-16 00:44:44,,496,148,False
user_server_005_7265,server_005,christopher88,Jack Washington,9386,8a8835f354,False,2026-03-21 09:39:29,2026-05-17 17:39:03,"moderator,booster",366,16,False
user_server_005_3387,server_005,ihall,Danielle Blankenship,3117,e8ee1ad0d9,True,2025-11-11 21:53:43,2026-02-04 01:03:10,,475,40,False
user_server_005_6091,server_005,catherineflynn,Bruce Ortiz,8339,ffac8f8b60,False,2026-02-22 11:00:14,2026-03-17 19:06:39,,257,10,False
user_server_005_7400,server_005,barbarachen,Stephanie Walter,6378,,False,2025-10-26 01:50:36,2025-12-28 20:43:19,moderator,401,0,False
user_server_005_1417,server_005,jacksonrobert,Michelle Harrison,0785,21a4abc852,False,2026-03-14 00:09:35,2026-05-01 22:19:48,"admin,verified",358,365,False
user_server_005_7681,server_005,bassandrew,Benjamin Robertson,2903,32313a21bc,False,2025-11-05 09:08:27,2026-02-21 19:54:44,"moderator,booster",512,12,False
user_server_005_5425,server_005,wstrong,Michael Allen,0275,50871058aa,False,2026-05-28 20:15:17,2026-06-08 14:30:13,moderator,203,166,False
user_server_005_7606,server_005,phyllis59,Ashley Bowen,6744,8357207020,False,2026-06-04 04:51:53,2026-06-11 00:51:03,admin,240,642,False
user_server_005_8768,server_005,stephanie67,Jessica Todd,6299,bc3e783a93,False,2026-02-25 10:45:16,2026-03-01 05:27:22,admin,176,9,False
user_server_005_2100,server_005,jenniferlawrence,Katrina Hernandez,3199,,False,2026-05-22 05:25:13,2026-05-25 11:14:27,,194,207,False
user_server_005_7575,server_005,watkinsmitchell,Jamie Gonzales,1781,99351e4603,False,2025-11-18 06:35:34,2026-01-08 19:07:35,verified,399,16,False
user_server_005_3676,server_005,shirley13,Glenn Elliott,0007,66711bddf6,False,2026-04-12 22:28:55,2026-04-13 23:16:41,booster,187,0,False
user_server_005_6651,server_005,ymitchell,Christopher Thomas,6160,,False,2026-03-27 11:42:01,2026-04-19 14:13:03,,250,0,False
user_server_005_6292,server_005,russellramirez,Emily Reed,0782,,False,2025-11-12 12:10:24,2026-06-12 05:42:04,moderator,853,911,False
user_server_005_4874,server_005,davidhill,Stephen Roberts,7401,4fbc4c578f,False,2026-04-30 19:21:34,2026-05-02 21:27:34,"admin,verified",189,0,False
user_server_005_9411,server_005,middletonelizabeth,Daniel Roberson,2790,39e2586c48,False,2025-11-23 02:26:09,2026-04-26 19:24:58,moderator,720,0,False
user_server_005_4168,server_005,georgebernard,Kimberly Lee,4277,2519ba82cb,False,2025-12-16 08:23:07,2026-04-19 10:37:56,booster,631,134,False
user_server_005_4831,server_005,woodjuan,Jessica Wallace,6979,57a8cd6e10,False,2025-12-20 06:55:19,2026-04-10 11:03:27,,558,0,False
user_server_005_1477,server_005,hphillips,Tamara Wilson,5545,dedfd9bcc4,False,2026-05-12 02:30:36,2026-05-23 21:39:35,moderator,228,20,False
user_server_005_2949,server_005,ibaker,Monique Wilson MD,7431,c096ae0736,False,2025-10-23 12:55:44,2026-05-02 22:24:03,,983,0,False
user_server_005_1036,server_005,jessicamurphy,Desiree Mccoy,6162,d6f9718465,False,2026-04-25 10:41:42,2026-05-18 08:29:53,booster,287,0,False
user_server_005_6997,server_005,mannleroy,Jessica Randolph,0243,3efc2847d2,False,2025-12-20 00:35:24,2026-01-24 01:32:35,verified,310,20,False
user_server_005_3854,server_005,james80,Lori Sanchez,1191,950c348300,False,2026-04-06 08:17:05,2026-04-16 12:43:17,"moderator,verified",215,0,False
user_server_005_5399,server_005,emilybaker,Robert Gross,3853,c8cca431f8,False,2026-05-23 04:12:56,2026-06-01 20:01:36,,238,128,False
user_server_005_1555,server_005,cynthiadavis,Miranda Lewis,9915,ab14d19d6f,False,2026-02-03 19:09:38,2026-05-20 23:05:20,moderator,622,0,False
user_server_005_3129,server_005,ngrant,Amanda Watts,4884,521176c783,False,2026-05-13 05:44:56,2026-06-03 06:24:22,,257,305,False
user_server_005_9940,server_005,danawashington,Catherine Evans,8315,9936f7eb9a,False,2026-06-08 10:24:23,2026-06-14 15:35:49,"admin,verified",240,50,False
user_server_005_8825,server_005,elizabeth76,Kimberly Phillips,3211,11063e52e2,False,2025-10-28 12:59:12,2026-04-17 23:11:04,,754,765,False
user_server_005_8559,server_005,robert75,Jeffery Thompson,8108,0369b47456,False,2025-12-26 04:03:01,2025-12-31 06:14:04,verified,200,81,False
user_server_005_3121,server_005,baileyraymond,Stephen Larsen,5244,8221ff98da,False,2026-05-13 02:54:04,2026-05-20 09:34:01,,234,0,False
user_server_005_4890,server_005,bmcdaniel,Jordan Wu,6040,,False,2025-10-29 11:10:26,2026-05-24 03:05:03,verified,899,0,False
user_server_005_1627,server_005,xbrown,Michael Jenkins,0501,5f4e14db53,False,2025-10-26 05:58:43,2026-03-15 04:45:06,,567,0,False
user_server_005_7441,server_005,dross,Nicholas Morgan,7547,79bf844862,False,2026-05-13 00:58:28,2026-05-21 13:55:16,verified,206,0,False
user_server_005_5411,server_005,seth39,Kimberly Chan,6412,53a25785ff,False,2026-02-28 17:41:44,2026-04-26 20:35:54,,393,0,False
user_server_005_2304,server_005,david80,Alisha Gray,5371,,False,2025-12-29 04:48:53,2026-04-14 06:12:27,booster,503,100,False
user_server_005_4631,server_005,rhonda81,Kelly Cox,3641,624ce1ce33,False,2026-04-20 08:01:13,2026-05-07 14:33:14,moderator,233,596,False
user_server_005_6993,server_005,maryfoster,Donna Martin,0420,aced921ba3,False,2026-03-07 08:26:41,2026-03-27 04:49:40,,288,954,False
user_server_005_5707,server_005,ulewis,Adam Bruce,4287,b9574cb767,False,2026-01-24 17:14:41,2026-04-09 17:26:08,moderator,420,0,False
user_server_005_8884,server_005,masonlacey,Douglas Johnson,9814,ede365d8b8,False,2026-06-15 13:53:10,2026-06-15 18:15:15,verified,207,0,False
user_server_005_4443,server_005,arthurbrady,Jamie Morales,6463,a485b0ac54,False,2026-05-05 04:26:26,2026-06-14 14:59:04,verified,328,180,False
user_server_005_4513,server_005,michelle11,Michele Oconnor,6872,95a05cec66,False,2026-04-08 19:53:06,2026-04-19 06:25:51,moderator,236,127,False
user_server_005_5354,server_005,codychapman,Ronald Villarreal,2452,7c2ef5cdd1,False,2026-05-06 08:14:12,2026-05-11 01:41:24,verified,215,47,False
user_server_005_9670,server_005,bhunt,Jimmy Garcia,1999,6d32a442f9,False,2025-11-26 00:14:27,2026-03-16 02:27:17,moderator,594,87,False
user_server_005_4850,server_005,bbennett,Walter Hoffman,8425,b995c9fe20,False,2026-05-20 16:44:11,2026-05-23 14:48:26,verified,219,60,False
user_server_005_8014,server_005,patrickkaiser,Tiffany Farmer,6817,,False,2026-02-26 21:51:15,2026-05-16 00:12:44,,478,318,False
user_server_005_3264,server_005,chavezbecky,Ray West,8072,eb0964afcd,False,2026-05-29 06:33:04,2026-06-10 13:34:24,verified,252,133,False
user_server_005_5719,server_005,daymartin,Vanessa Davis,2912,48e144b900,False,2026-01-31 05:30:01,2026-05-16 08:22:17,,500,108,False
user_server_005_1102,server_005,fwatkins,Luis Wells,0645,,False,2026-06-10 05:46:17,2026-06-11 16:19:58,booster,207,67,False
user_server_005_2896,server_005,briansnyder,Patrick Flowers,5340,90ccd02b28,False,2026-03-08 07:17:47,2026-04-21 21:11:09,"moderator,verified",331,0,False
user_server_005_3984,server_005,rsavage,Nicole Norton,1644,f57ec2f1ce,False,2025-10-16 19:13:29,2026-02-19 14:54:19,"admin,verified",706,0,False
user_server_005_4638,server_005,susan35,John Peters,6931,dd190e69d7,False,2026-05-04 12:16:57,2026-05-29 23:42:33,booster,281,196,False
user_server_005_9442,server_005,morseronald,Cameron Smith,2747,6fdb32f57b,False,2026-04-03 22:19:27,2026-06-12 18:33:22,"moderator,verified",434,0,False
user_server_005_3190,server_005,martinsamuel,Amanda Coleman,3119,17c2b837bb,False,2025-11-10 15:58:01,2026-06-02 21:02:09,booster,884,0,False
user_server_005_1132,server_005,jtaylor,Adam Wilson,1472,2882371b19,False,2026-06-07 05:02:22,2026-06-08 22:45:11,booster,189,395,False
user_server_005_7619,server_005,alexandra95,Carol Roberts,8498,2f6eb2d226,False,2026-04-22 18:08:05,2026-05-08 07:18:47,,253,181,False
user_server_005_5352,server_005,april47,Timothy Ho,7927,,False,2025-12-22 08:31:21,2026-05-24 03:50:57,verified,756,0,False
user_server_005_8431,server_005,frankespinoza,Evan White,6265,a4ca019b23,True,2026-05-24 11:27:23,2026-06-16 08:17:29,moderator,277,62,False
user_server_005_3876,server_005,collinsjacob,Kimberly Rivera,1037,b9ef070703,False,2025-11-23 08:20:59,2026-04-24 18:40:24,,657,0,False
user_server_005_1479,server_005,ewheeler,Justin Perez,5338,,False,2026-04-04 15:25:22,2026-06-13 06:36:24,,412,0,False
user_server_005_2234,server_005,reillyjoshua,Shawna Silva,4967,7f7e7afdcd,False,2026-05-22 18:57:56,2026-06-02 04:24:30,,238,191,False
user_server_005_9850,server_005,jvilla,Mary Jones,3329,f3b21e1146,False,2026-01-14 11:13:44,2026-02-15 19:28:21,,269,37,False
user_server_005_3647,server_005,joshuabaker,Robert Matthews,6440,16c1387e32,False,2026-01-26 05:51:54,2026-04-17 09:18:19,,472,66,False
user_server_005_2908,server_005,barbara99,Robert Savage,2956,db32a7b4ab,False,2026-05-24 09:49:28,2026-06-01 11:35:31,,222,2,False
user_server_005_8676,server_005,aclark,Virginia Davis,8634,e385246e17,True,2026-05-28 18:25:18,2026-06-08 10:02:19,verified,240,320,False
user_server_005_9502,server_005,douglasalvarez,Blake Booker,3981,,False,2026-01-05 20:08:48,2026-04-11 01:14:18,moderator,586,0,False
user_server_005_3838,server_005,williamgonzales,Erin Mason,0616,832027c7c0,False,2025-11-21 21:55:25,2026-01-13 05:34:13,,369,0,False
user_server_005_8182,server_005,ybennett,Heather Roberson,5723,7a011b80be,False,2026-05-17 20:55:23,2026-06-10 14:35:08,,286,536,False
user_server_005_1662,server_005,waremegan,Theresa Bass,3309,,False,2026-03-08 04:24:01,2026-06-16 01:22:22,,506,10,False
user_server_005_2088,server_005,marycastro,Richard Jennings MD,5683,f433d92a6d,False,2026-01-14 09:40:08,2026-03-30 17:11:09,booster,423,0,False
user_server_005_3743,server_005,gregory57,Hannah Coleman,9615,36f32e9864,False,2026-01-04 05:07:56,2026-05-25 13:39:40,moderator,633,29,False
user_server_005_4216,server_005,patrickwhite,Alexandra Ramos,0080,d5b05d6af1,False,2025-11-19 13:14:29,2026-03-17 03:27:17,booster,640,224,False
user_server_005_3472,server_005,willismark,Sydney Shaw,2486,,False,2025-11-15 17:38:41,2026-02-05 10:52:27,verified,441,0,False
user_server_005_2462,server_005,lawsonarthur,John Williams,1899,,False,2026-04-11 10:02:07,2026-05-21 05:39:51,moderator,348,105,False
user_server_005_9669,server_005,joshua09,Sharon Pennington,7170,d53f8b60ee,True,2025-12-03 22:21:43,2026-02-12 02:40:23,"moderator,verified",446,0,False
user_server_005_6526,server_005,ehenry,Maria Gardner,3414,29c96a79b4,False,2026-06-13 13:51:00,2026-06-15 20:13:42,admin,198,290,False
user_server_005_5621,server_005,anthony22,Bonnie Barnes,2885,,False,2026-04-09 11:25:05,2026-06-11 15:29:15,verified,401,0,False
user_server_005_3205,server_005,browndana,Brent Stephens,2459,3996c9d212,False,2026-05-19 11:51:06,2026-06-07 15:48:28,verified,272,171,False
user_server_005_2081,server_005,dianamclaughlin,Michael Yoder,0020,5d7b9e278d,False,2025-10-21 06:50:01,2026-06-07 23:05:32,,900,0,False
user_server_005_4749,server_005,rebeccamatthews,Kelli Shepard,7433,,False,2026-05-23 13:33:53,2026-06-07 00:52:40,,236,0,False
user_server_005_1443,server_005,qbutler,Ana Bryan,4249,3d7eed54b7,False,2026-03-28 05:59:33,2026-05-02 02:33:38,booster,322,52,False
user_server_005_8853,server_005,christopher70,Craig Wagner,3781,fc54f625ca,False,2025-12-14 06:55:35,2025-12-19 06:26:35,"moderator,verified",209,0,False
user_server_005_1366,server_005,collinsann,John Huff,6755,4671f4f311,False,2025-12-18 05:49:22,2026-04-13 13:40:35,verified,545,0,False
user_server_005_1124,server_005,fdavis,Brandon Stewart,3634,f3a03db399,False,2026-01-31 22:08:17,2026-05-15 00:59:50,verified,605,278,False
user_server_005_9132,server_005,wangkristina,James Miller,9247,9452cb86b1,False,2025-10-27 05:08:33,2026-02-01 04:29:28,admin,574,40,False
user_server_005_6702,server_005,kylebecker,Sharon Burgess,6094,dfada16068,False,2026-03-06 18:35:47,2026-05-27 22:48:02,moderator,553,82,False
user_server_005_2811,server_005,brian42,Karl Gutierrez,0722,939d9a5501,False,2026-01-18 05:06:24,2026-03-08 00:09:43,verified,309,23,False
user_server_005_4765,server_005,nicole24,Jeffrey Davis,1644,eef028a3f0,True,2026-05-02 07:50:40,2026-05-08 06:43:36,admin,204,0,False
user_server_005_7000,server_005,michael87,Melissa Jackson,7336,,False,2025-11-18 13:59:31,2026-05-27 11:39:18,,888,72,False
user_server_005_5038,server_005,kmoore,Michael Reed,0882,ae1f4d1b9e,False,2025-11-25 15:38:13,2026-04-07 18:00:34,"moderator,verified",698,0,False
user_server_005_4268,server_005,jared88,Rebecca Davis,6563,,False,2025-11-14 14:14:23,2025-12-03 03:45:10,,275,234,False
user_server_005_7978,server_005,jonathanmcdonald,Brian Barrett,7036,7ea6139811,False,2025-10-24 06:22:20,2025-10-31 00:49:40,,253,80,False
user_server_005_7595,server_005,tannermorris,Mary Valenzuela,2565,4748eab411,False,2026-01-02 01:57:59,2026-01-25 11:31:12,,276,142,False
user_server_005_2049,server_005,sotomisty,Jason Cook,8595,142e21e966,False,2026-04-03 07:31:36,2026-04-27 23:54:17,verified,253,0,False
user_server_005_6412,server_005,lopezmichael,Joshua Walton,9655,,True,2026-04-17 02:39:50,2026-04-18 22:53:30,,196,0,False
user_server_005_5303,server_005,dlamb,Melissa Simon,9593,23a2536330,False,2025-11-28 20:58:45,2025-12-18 12:23:46,booster,277,582,False
user_server_005_1049,server_005,johnnybrooks,Michael Evans,5161,16cb3e23e1,False,2026-05-17 00:38:49,2026-05-20 07:48:29,,201,28,False
user_server_005_5876,server_005,kathrynsantana,Jennifer Schroeder,9796,7de320099d,False,2025-11-09 04:24:52,2026-03-12 03:57:16,admin,633,226,False
user_server_005_8192,server_005,kwatkins,Tammy Tanner,1970,42f8f9121d,False,2026-03-17 00:58:48,2026-06-01 02:15:41,booster,428,36,False
user_server_005_1804,server_005,stephaniebradley,Matthew Kramer,7946,91a26d2f1c,False,2026-05-18 18:39:32,2026-06-01 23:34:52,verified,245,0,False
user_server_005_5736,server_005,parkerkatie,Judy Martin,9549,4c43872efc,False,2026-01-13 05:48:52,2026-02-16 01:37:26,,302,0,False
user_server_005_8058,server_005,jamesjackson,Cody Hodge,2286,,False,2026-06-08 18:00:50,2026-06-14 03:56:26,admin,233,41,False
user_server_005_3594,server_005,pdavis,Justin Rowe,0449,f9e5a77aa3,False,2026-05-02 20:47:01,2026-05-25 05:35:12,"moderator,verified,booster",285,185,False
user_server_005_7051,server_005,melvinruiz,Melissa Durham,9364,ea8508441a,False,2026-01-23 09:56:50,2026-02-10 21:02:34,booster,257,353,False
user_server_005_9806,server_005,wmccarthy,Jasmine Flores,8251,172df160cb,False,2026-05-29 17:13:51,2026-06-09 14:32:51,"moderator,booster",243,365,False
user_server_005_5982,server_005,smejia,Monica Coleman,8767,,False,2026-04-30 00:14:30,2026-05-01 11:49:06,,210,90,False
user_server_005_7124,server_005,wferguson,Patrick Willis II,7170,6eb476fb79,False,2026-04-07 21:39:05,2026-05-12 11:18:36,,343,23,False
user_server_005_2535,server_005,mikemorgan,Lisa Walton,2946,42d3f0bf87,False,2025-11-07 14:31:55,2025-11-17 14:00:27,admin,225,9,False
user_server_005_3585,server_005,devinlopez,Jeffrey Morgan,8370,c343f914d2,False,2025-11-16 16:45:43,2026-03-13 00:49:23,"admin,booster",601,57,False
user_server_005_7424,server_005,thernandez,Roberto Johnson,9479,d79c65a8ad,False,2026-05-31 22:31:02,2026-06-07 12:02:45,booster,251,298,False
user_server_005_2448,server_005,zwhite,Sandra Marshall,9518,1eb56c6570,False,2026-04-17 22:32:18,2026-04-22 19:06:21,verified,209,2,False
user_server_005_4672,server_005,riosrichard,Candace Anderson,5460,c538cecf8e,False,2025-10-31 17:37:07,2026-05-11 17:20:44,"moderator,verified",845,92,False
user_server_005_1740,server_005,psmith,Jennifer Wise,9908,3b67dc2d84,False,2026-04-11 09:03:15,2026-06-06 18:57:39,,375,147,False
user_server_005_5352,server_005,judy19,Susan Shaw,7422,82070dce4b,False,2026-02-01 13:26:06,2026-05-30 23:25:28,,587,0,False
user_server_005_4983,server_005,megan51,Veronica Schmidt,6662,f1bab868dd,False,2026-04-05 01:11:31,2026-04-06 04:15:26,verified,203,29,False
user_server_005_9221,server_005,hernandezmatthew,Leslie Gonzalez,3734,b283c8d759,False,2025-10-14 18:30:40,2026-04-27 22:27:24,verified,739,180,False
user_server_005_2116,server_005,dgraham,Bryan Burns,6961,,False,2025-12-07 00:31:32,2026-06-16 07:00:58,,819,307,False
user_server_005_5067,server_005,brendan95,George Phillips,5861,993543eb48,False,2025-11-18 06:32:47,2026-03-14 17:48:50,moderator,545,209,False
user_server_005_1006,server_005,guy56,Frederick Fields,5598,,False,2025-12-17 00:51:57,2026-05-25 09:49:51,"moderator,verified",719,0,False
user_server_005_1359,server_005,howardbenjamin,Danielle Miller,2712,0ebaa8012d,False,2026-01-21 11:32:24,2026-03-24 20:31:20,admin,384,143,False
user_server_005_4166,server_005,cynthiajordan,Wesley Barker,4737,09b584fa47,False,2026-02-08 22:58:37,2026-05-16 04:36:10,"moderator,booster",499,1091,False
user_server_005_2070,server_005,uwilliams,Charles Davila,8450,,False,2026-03-25 08:21:20,2026-05-03 09:14:03,,325,0,False
user_server_005_7565,server_005,reyestina,Timothy Curry,7564,ca4a52faaf,False,2026-05-11 16:04:23,2026-06-08 11:56:23,,279,0,False
user_server_005_6348,server_005,whitejulie,Natalie Miller,3026,37d9739227,False,2026-01-28 01:51:42,2026-02-12 12:54:54,verified,233,49,False
user_server_005_7485,server_005,leonashley,Lisa Ryan PhD,9003,7ed997c6db,False,2026-01-25 13:32:13,2026-05-11 13:41:07,,597,36,False
user_server_005_6137,server_005,brooksthomas,Jessica Burgess,0807,,False,2026-03-11 16:00:09,2026-05-05 17:43:26,moderator,346,257,False
user_server_005_7250,server_005,joshuapowers,Susan Gregory,0728,6042f5a5fc,False,2026-06-04 07:24:14,2026-06-12 13:19:45,,256,0,False
user_server_005_7469,server_005,yclark,Carlos Adams,3393,a526bb3665,False,2025-11-14 03:58:31,2026-04-27 05:47:39,admin,672,0,False
user_server_005_1805,server_005,colton30,Connie Carr,0405,b4e7ea80aa,False,2025-12-02 11:30:28,2026-01-10 07:39:10,verified,316,194,False
user_server_005_7144,server_005,omatthews,Kimberly Alvarez,4488,ba7ca6bef3,False,2026-02-08 14:04:19,2026-03-06 23:21:00,verified,299,7,False
user_server_005_6091,server_005,matthew57,Scott Porter,5156,6007fa15a6,False,2026-05-18 20:37:10,2026-06-08 23:19:26,booster,228,7,False
user_server_005_6225,server_005,emilyscott,Samuel Faulkner,3616,,False,2026-04-04 17:15:57,2026-05-07 17:19:45,admin,302,83,False
user_server_005_7246,server_005,whoffman,Paul Moreno,2143,cec5da9cf5,False,2026-06-07 23:58:28,2026-06-08 08:23:22,verified,198,0,False
user_server_005_6685,server_005,shannon70,Kevin Weber,3750,43a6c34403,False,2026-03-26 06:11:41,2026-04-27 22:18:49,admin,306,0,False
user_server_005_8404,server_005,bforbes,Diane Manning,7015,5431cb1fc6,False,2026-03-28 21:13:05,2026-04-13 10:39:38,"moderator,verified",272,301,False
user_server_005_3897,server_005,imorse,Travis Martinez,4602,4c0b78fb83,False,2026-04-16 16:49:51,2026-05-16 20:37:09,booster,316,0,False
user_server_005_1100,server_005,victoriaduncan,Christopher Waters,8795,,False,2026-03-08 07:20:57,2026-06-14 01:10:44,,567,245,False
user_server_005_6871,server_005,wpierce,Jennifer Greene,7275,d220a45b21,False,2026-05-03 03:18:00,2026-05-22 08:46:03,"verified,booster",254,103,False
user_server_005_7963,server_005,crystal58,Jenna Trevino,1247,,False,2026-01-28 17:41:35,2026-04-25 08:44:28,,457,0,False
user_server_005_8046,server_005,ssherman,Joanna Bradshaw,5664,5eca00de87,False,2025-12-17 13:43:02,2025-12-27 22:54:40,,225,0,False
user_server_005_9422,server_005,aaron57,Melinda Garcia,2864,5003cc7cd2,False,2026-05-09 08:36:47,2026-05-11 16:38:46,verified,198,0,False
user_server_005_1772,server_005,amccann,Allen Walker,0515,bb28fffde0,False,2026-05-19 03:30:51,2026-05-30 10:28:01,,222,41,False
user_server_005_2256,server_005,greenejessica,Erika Wright,1825,,False,2026-02-10 06:48:23,2026-04-22 15:08:29,,441,0,False
user_server_005_2390,server_005,xcohen,Kyle Clarke,7385,a925740b23,False,2026-04-06 09:50:31,2026-05-04 03:01:33,,285,417,False
user_server_005_4139,server_005,melissamartin,Shaun Thompson,9094,8363e236e1,False,2026-01-02 17:58:47,2026-02-18 21:57:29,"verified,booster",395,80,False
user_server_005_2102,server_005,marcuscarter,Christine Murray,9940,213dc52674,False,2025-11-11 21:37:57,2026-05-15 06:27:46,admin,695,70,False
user_server_005_4760,server_005,yfritz,Joel Davidson,5324,4409c680e3,False,2025-10-30 20:00:26,2026-02-06 20:07:34,moderator,508,305,False
user_server_005_2701,server_005,monica23,Victor Smith,8432,,False,2025-12-09 21:11:26,2026-01-30 16:24:25,booster,334,26,False
user_server_005_5568,server_005,flemingrichard,Julie Cruz,4163,b2ff65d841,False,2026-04-03 17:27:23,2026-05-19 18:21:14,moderator,307,42,False
user_server_005_6924,server_005,nicole81,Lisa Hays,1080,c1c87608a3,False,2026-03-03 05:45:46,2026-04-23 01:09:10,admin,394,16,False
user_server_005_6251,server_005,ucastillo,Robert Clayton,3947,b268ddcb6b,False,2026-04-07 12:45:04,2026-06-14 22:32:02,,499,0,False
user_server_005_7972,server_005,coxjennifer,Marie Patterson,9606,cc0bdb13ba,False,2026-05-11 01:04:25,2026-06-02 04:55:36,,297,384,False
user_server_005_2714,server_005,melaniechang,Rebecca Bowen,4493,f2abe99c5c,False,2026-06-04 05:00:07,2026-06-05 16:29:27,,226,438,False
user_server_005_7247,server_005,donald37,Brent May,4139,,False,2026-01-21 04:50:04,2026-04-04 09:02:46,,412,0,False
user_server_005_2690,server_005,ellisjenna,Nicole Peterson,2473,0c2cb7aba9,False,2026-01-01 18:15:36,2026-06-12 05:59:25,,703,99,False
user_server_005_3824,server_005,kristin49,Andrew Taylor,8471,8be5097700,True,2026-05-16 02:56:21,2026-06-09 09:26:43,moderator,282,235,False
user_server_005_4768,server_005,walkernathan,Eddie Duffy,2879,6cf42b8723,False,2026-05-27 03:21:07,2026-06-09 15:51:16,"moderator,booster",223,0,False
user_server_005_8878,server_005,thomas74,Robert Anderson,6328,,False,2026-05-05 08:54:17,2026-05-24 02:33:25,"moderator,verified",260,269,False
user_server_005_5740,server_005,michele43,Daniel Turner,5231,3ff238537a,False,2026-02-06 09:18:26,2026-03-15 03:44:45,,329,158,False
user_server_005_3265,server_005,michael88,Luke Jackson,3194,9d5479f09c,False,2025-11-16 16:03:25,2026-06-02 20:43:17,,761,106,False
user_server_005_1276,server_005,brendamason,Jamie Howe,7488,8a199f61d7,False,2026-05-31 06:24:28,2026-06-07 22:43:10,"moderator,verified",182,623,False
user_server_005_8168,server_005,ythompson,Travis Peterson,1221,42f70bab47,False,2025-12-24 11:12:39,2025-12-25 03:33:38,,233,8,False
user_server_005_7438,server_005,edwardfranklin,Barbara Gonzalez,6077,a32b782c2c,False,2025-11-01 12:46:55,2026-04-19 19:46:23,"verified,booster",706,0,False
user_server_005_7534,server_005,larsenmegan,Kelly Perez,9690,9e9d89d3f3,False,2025-11-18 16:56:01,2026-02-14 00:10:44,admin,565,288,False
user_server_005_4314,server_005,rosscorey,Austin Tran,4820,95dccea2c3,False,2025-10-30 22:23:06,2026-05-21 23:09:59,verified,854,83,False
user_server_005_9520,server_005,wallerbrian,Danielle Scott,9269,,False,2026-05-23 00:29:49,2026-06-11 16:39:17,,269,31,False
user_server_005_2270,server_005,hannahcurtis,Michael Bryant,9328,bb843937c7,False,2026-04-21 02:35:21,2026-04-28 03:52:15,verified,245,330,False
user_server_005_6873,server_005,andrea13,Sylvia Escobar,7447,85c3edd290,False,2026-06-02 14:19:55,2026-06-08 08:14:50,moderator,187,75,False
user_server_005_1095,server_005,bruce33,Lauren Marshall,9365,aa3840329f,False,2026-05-26 20:15:04,2026-06-09 09:55:54,moderator,250,0,False
user_server_005_5764,server_005,florescynthia,Bruce Miller,1478,0267792572,False,2025-11-11 22:13:34,2026-05-09 22:55:21,verified,728,0,False
user_server_005_3370,server_005,carmenevans,Jeffrey Stein,4592,,False,2026-02-06 21:40:04,2026-04-22 16:20:52,moderator,477,28,False
user_server_005_2219,server_005,mwaters,Madison Campos,7360,,False,2026-03-20 01:48:00,2026-04-02 10:49:45,moderator,226,71,False
user_server_005_5811,server_005,kingrichard,Mark Murphy,6108,4e650a69f6,False,2026-01-25 07:04:51,2026-06-14 07:12:45,moderator,686,238,False
user_server_005_7015,server_005,stephanie44,Danielle Hill,8141,805deea32a,False,2026-02-15 12:14:17,2026-05-11 00:01:59,verified,465,45,False
user_server_005_1865,server_005,connie12,Mr. William Ruiz,7526,,False,2025-10-21 15:39:34,2025-11-09 23:39:08,,262,39,False
user_server_005_5587,server_005,haroldhodges,Anna Atkins,0082,,False,2026-01-30 18:37:02,2026-05-02 00:59:18,,453,83,False
user_server_005_2187,server_005,dana82,Brian Hall,6381,50217d99ed,False,2026-05-03 07:23:56,2026-05-12 04:20:21,verified,235,234,False
user_server_005_1966,server_005,luke87,Eric Lynch,1498,,False,2026-03-08 13:14:36,2026-03-09 18:21:23,admin,195,188,False
user_server_005_6160,server_005,mariolee,Christopher Moore,3046,aab82a1c9f,False,2025-10-15 00:52:17,2026-06-09 02:23:00,,935,16,False
user_server_005_4270,server_005,sue79,Penny Adams,0718,,False,2025-10-31 13:52:31,2026-03-21 10:44:20,verified,610,0,False
user_server_005_2419,server_005,thomas45,Gene Gomez,8260,0f94ffc12f,False,2026-03-30 16:57:13,2026-05-27 08:15:17,admin,345,1,False
user_server_005_4495,server_005,kparker,Jason Gill,6752,1e00f7ffc0,False,2026-02-18 17:18:17,2026-04-16 14:56:58,,384,73,False
user_server_005_9432,server_005,zgomez,Jesus Hill,2314,9cc251eea8,False,2026-01-31 00:02:45,2026-05-02 16:44:18,,566,0,False
user_server_005_1743,server_005,jasonmoran,James Morris,2518,14a3d188e6,False,2026-02-12 08:41:11,2026-05-27 21:54:16,verified,656,270,False
user_server_005_6897,server_005,angela33,Jessica Hill,7173,e5a7d56249,False,2026-06-08 20:08:11,2026-06-13 17:36:02,verified,215,161,False
user_server_005_9940,server_005,markcastillo,Julie Maddox,7133,,False,2026-01-16 14:30:36,2026-03-23 02:53:06,,418,36,False
user_server_005_9247,server_005,harringtonpeter,Michelle Wright,3198,35953de70b,False,2025-12-28 21:14:58,2026-04-22 02:51:39,,649,93,False
user_server_005_3259,server_005,dbrown,Desiree Wood,8850,,False,2026-02-15 02:32:08,2026-03-31 08:24:01,,365,607,False
user_server_005_2311,server_005,daniel21,Reginald Gutierrez,5967,68c568ad5c,False,2026-04-05 15:49:19,2026-05-18 19:11:38,,360,0,False
user_server_005_6317,server_005,brittanyandrews,Jessica Murphy,1755,,False,2026-05-21 21:29:41,2026-05-30 18:26:23,"admin,verified",248,59,False
user_server_005_2640,server_005,angela40,Randy Harrell,7580,b857efaad9,False,2026-02-11 19:48:41,2026-02-17 04:13:59,"verified,booster",215,272,False
user_server_005_3902,server_005,susan57,Cindy Morris,2755,f3ab176dcc,False,2025-11-20 10:29:21,2025-11-27 20:28:56,,250,83,False
user_server_005_3902,server_005,mason44,Tasha Taylor,0010,107a3bed52,False,2026-06-12 19:17:16,2026-06-15 01:18:40,verified,244,134,False
user_server_005_1173,server_005,ffoster,Sandra Brown,2587,0f88a57714,False,2025-12-24 09:55:10,2026-03-19 09:55:24,,468,168,False
user_server_005_6685,server_005,allen60,Shelley Murphy,9637,200254d604,False,2025-11-03 08:33:30,2025-12-04 00:19:53,,316,83,False
user_server_005_4133,server_005,bailey11,Valerie Norman,2115,b7f518e36e,True,2026-06-11 12:05:19,2026-06-13 13:34:23,,203,90,False
user_server_005_7433,server_005,berrytaylor,Cheryl Jones,4716,adb699b944,False,2026-03-01 01:34:39,2026-05-11 03:59:42,booster,447,327,False
user_server_005_1514,server_005,steven25,Matthew Morgan,3514,3289b79011,False,2026-02-09 17:22:43,2026-02-12 02:15:25,"moderator,verified,booster",223,10,False
user_server_005_6518,server_005,zpreston,Abigail Clayton,2855,236c163e9a,False,2026-02-02 00:21:11,2026-02-14 12:31:22,verified,235,119,False
user_server_005_7677,server_005,marcushernandez,Lauren Saunders,7977,2e660b6209,False,2026-01-17 06:07:00,2026-03-30 20:09:00,"moderator,booster",464,201,False
user_server_005_7338,server_005,kaylaandrews,Spencer Camacho,7196,ed932bd867,False,2025-10-22 02:28:10,2026-03-25 14:04:48,booster,663,0,False
user_server_005_4175,server_005,jamiewhite,Lance Kirk,9343,b4a19cdace,False,2026-01-16 11:31:16,2026-04-19 11:44:20,moderator,515,69,False
user_server_005_6475,server_005,stephanie55,Mary Harris,5375,,True,2026-03-09 06:16:20,2026-04-21 22:58:48,,362,0,False
user_server_005_4008,server_005,rogernelson,Claudia Kelly,4683,,False,2026-02-26 18:20:11,2026-02-28 21:51:09,verified,203,456,False
user_server_005_4626,server_005,natalieblackburn,Travis Johnson,5041,10b0659f91,False,2025-12-25 00:10:27,2026-04-17 01:01:01,booster,579,0,False
user_server_005_5002,server_005,omargriffin,Daniel James,0092,b7738593fd,False,2025-10-20 13:17:47,2025-11-01 23:04:33,booster,226,26,False
user_server_005_7432,server_005,costawilliam,Kelli Martin,7275,21042ad581,False,2026-05-18 11:36:39,2026-06-07 13:57:39,"moderator,booster",249,0,False
user_server_005_9897,server_005,wyang,Emily Lee,7391,2716384dbb,False,2025-10-17 03:51:04,2026-02-03 12:27:32,,532,365,False
user_server_005_4783,server_005,timothy81,Alexis James,3936,f06b805691,False,2025-12-25 21:35:28,2026-01-11 22:25:40,,259,260,False
user_server_005_5191,server_005,gomezsonya,Jessica Abbott,7568,62797536c3,True,2025-12-23 05:23:55,2026-05-27 01:16:12,booster,727,293,False
user_server_005_1100,server_005,santoslisa,Alexis Brandt,2964,,True,2026-06-03 00:55:17,2026-06-06 02:22:10,"moderator,booster",202,14,False
user_server_005_9592,server_005,brandon32,Bethany Moore,2039,82350c3f04,False,2025-12-18 23:30:03,2026-01-07 04:45:22,verified,290,79,False
user_server_005_7085,server_005,brownleah,Mary Watson,5444,3457d987c7,False,2025-10-16 07:09:57,2026-03-07 10:55:30,,720,0,False
user_server_005_7254,server_005,robertthompson,Brittany Pacheco,9109,c4f2497a30,False,2026-05-31 04:54:48,2026-06-07 19:13:06,verified,218,385,False
user_server_005_7151,server_005,natasha12,Damon Powell,9972,2f6daf7802,False,2026-02-23 13:15:33,2026-04-10 10:39:05,booster,337,18,False
user_server_005_1875,server_005,christy00,Stephen Johnson,1572,2697f1c8f6,False,2026-05-28 14:52:03,2026-06-09 06:15:00,,250,0,False
user_server_005_4746,server_005,ywilliams,Miranda Jackson,2216,de93153325,True,2026-04-17 19:08:56,2026-05-03 13:49:58,"verified,booster",231,0,False
owner_006,server_006,phyllis16,Ashley Alvarez DVM,4128,54eecf8b3e,False,2025-09-16 23:13:53,2025-10-21 09:47:37,"admin,moderator",2372,2283,True
user_server_006_2081,server_006,mtaylor,April Alvarez,6905,965533062c,False,2026-03-25 04:57:38,2026-04-21 06:31:15,,266,153,False
user_server_006_3090,server_006,david85,Mary Davis,0591,cfe12af3ee,False,2026-04-29 03:49:05,2026-05-28 09:42:56,,305,47,False
user_server_006_3083,server_006,davidrobertson,Brenda Hopkins,1691,1ed49500ce,False,2026-01-02 13:02:30,2026-05-21 06:21:34,moderator,541,164,False
user_server_006_1047,server_006,ncampbell,Darrell Lopez,0941,53b4968600,False,2025-10-03 01:22:33,2025-11-22 19:03:17,,397,114,False
user_server_006_9802,server_006,jennifer79,Laura Stephenson,3674,,False,2025-12-15 14:31:41,2026-06-15 03:29:25,booster,935,0,False
user_server_006_2212,server_006,markbrooks,Noah Rosales,7695,bdacb08262,False,2025-09-25 20:50:25,2026-06-05 23:41:44,,1178,59,False
user_server_006_5062,server_006,ywelch,Christopher Thomas,8867,df053988f7,False,2025-10-02 20:13:45,2025-12-03 15:20:51,booster,365,0,False
user_server_006_8976,server_006,fernandomorris,Karen Cooper,0229,91f6233abd,False,2026-02-14 07:15:32,2026-05-01 09:33:41,"verified,booster",455,183,False
user_server_006_1664,server_006,nhayes,Dennis Gonzales,6277,05b9779f90,False,2026-04-21 08:31:32,2026-05-27 03:21:58,,291,192,False
user_server_006_5173,server_006,matthew24,Shane Ingram,4923,07a586c6e8,False,2025-11-15 09:01:50,2025-12-18 01:01:02,verified,345,179,False
user_server_006_7829,server_006,barnettmatthew,Amy Diaz,5632,,False,2026-03-03 12:57:53,2026-05-18 13:33:45,verified,421,195,False
user_server_006_2924,server_006,oconnelldavid,Jim Rodriguez,1449,9fdcb34e4a,False,2026-02-10 08:27:45,2026-03-14 20:01:10,"moderator,verified",312,0,False
user_server_006_6252,server_006,david54,Juan Ayers,4367,5f56c775c3,False,2025-12-10 00:37:06,2026-05-11 14:51:13,,710,0,False
user_server_006_2607,server_006,raymondpugh,Mrs. Sara Walker MD,6677,,False,2026-04-04 20:27:45,2026-05-24 16:23:38,,365,0,False
user_server_006_6551,server_006,alicia29,Kelly Mcbride,3922,bb988d1746,False,2026-01-15 19:13:07,2026-06-02 21:43:27,verified,706,17,False
user_server_006_4684,server_006,heatherosborn,Christopher Becker,4022,171834f9f2,False,2026-01-04 09:10:39,2026-04-03 21:16:52,verified,489,0,False
user_server_006_1458,server_006,meganpotter,Tom Lynch,6125,0a695b0f71,False,2025-09-30 10:58:48,2026-01-02 00:11:48,,502,0,False
user_server_006_8430,server_006,brandon64,Joseph Fisher,6576,42033b2e74,False,2026-03-17 07:05:47,2026-05-31 20:48:40,verified,454,540,False
user_server_006_4930,server_006,derek40,Michael Barnett,7153,ec8ddd3cf7,False,2025-12-30 03:30:48,2026-05-19 07:05:31,,750,79,False
user_server_006_8059,server_006,brownrobert,Rodney Duran,3418,6f45997397,False,2025-12-31 03:46:42,2026-03-17 11:25:08,,476,0,False
user_server_006_6440,server_006,petermoore,Kevin Wright,5019,173e684c86,False,2025-11-24 17:45:59,2026-04-07 01:09:31,"admin,booster",640,506,False
user_server_006_8318,server_006,tabithahill,Becky Singh,2977,,False,2025-11-27 22:57:22,2026-05-01 22:50:47,,749,17,False
user_server_006_2944,server_006,jamiethomas,Garrett Walsh,4353,,False,2025-09-22 05:29:29,2026-03-17 05:37:28,,806,0,False
user_server_006_3579,server_006,alexandria97,Jeffrey Short,6806,b2f57dcf93,False,2026-01-06 00:09:16,2026-01-16 05:28:14,,232,15,False
user_server_006_8502,server_006,whernandez,Gloria Nelson,3702,,False,2026-01-17 23:24:52,2026-03-18 23:12:30,,355,54,False
user_server_006_3736,server_006,jamespatricia,John Richards,2327,f6fcd85797,False,2025-09-23 23:40:27,2025-10-05 15:10:46,moderator,220,0,False
user_server_006_5577,server_006,oblake,Ann Dennis,2887,5581b9b4be,False,2026-04-18 04:07:18,2026-05-31 12:51:16,verified,363,171,False
user_server_006_4178,server_006,john76,Mark Grimes,2680,87e44ae099,False,2026-03-14 20:50:38,2026-04-09 02:07:56,booster,256,10,False
user_server_006_8286,server_006,rebecca85,Russell Bird,7582,65552d150f,False,2026-06-06 18:35:00,2026-06-07 01:57:24,booster,216,9,False
user_server_006_1764,server_006,marqueztodd,Connie Hamilton,5850,04daf7e2c1,False,2026-02-19 10:20:39,2026-04-23 07:53:30,"moderator,verified,booster",400,60,False
user_server_006_1595,server_006,kcastro,Joseph Schaefer,0414,d5fbb545c3,True,2026-04-13 12:31:35,2026-04-19 15:03:05,,216,119,False
user_server_006_4192,server_006,garzalaura,Laura Wilson,1964,1fa1210464,False,2026-06-08 23:49:56,2026-06-11 03:43:52,"admin,verified",209,80,False
user_server_006_2422,server_006,betty96,Michelle Williams,8099,304d76f037,False,2025-12-14 00:18:50,2026-04-04 09:46:59,,547,91,False
user_server_006_3883,server_006,kphelps,Amanda Ross,0438,94c00faca5,False,2025-12-03 01:00:28,2026-01-19 06:37:03,verified,317,0,False
user_server_006_4493,server_006,bcaldwell,Christopher Mccoy,3844,,False,2026-05-20 02:08:23,2026-06-12 14:47:09,,301,0,False
user_server_006_5707,server_006,corey60,Sarah King,5957,216749f875,False,2026-06-13 04:33:24,2026-06-15 21:01:43,booster,214,199,False
user_server_006_1569,server_006,michael34,Anthony Ellis,7692,f163fa5360,False,2025-12-12 04:58:34,2026-05-13 00:42:06,verified,696,283,False
user_server_006_9284,server_006,kayla23,Sharon Wong,2595,f4d039ae95,True,2026-04-19 01:02:24,2026-06-02 14:51:17,booster,331,0,False
user_server_006_4641,server_006,kimberly27,Felicia Jensen,9146,d84a9369b0,True,2025-10-01 22:46:14,2025-11-09 06:26:39,,367,132,False
user_server_006_5294,server_006,leslietorres,Ann Sullivan,8751,50351a85a4,False,2025-11-26 23:50:35,2025-12-31 19:21:13,,349,158,False
user_server_006_4550,server_006,katherineharris,Karla Rogers,2502,,False,2026-03-21 18:57:15,2026-04-10 05:41:47,"moderator,verified",248,0,False
user_server_006_3527,server_006,whuang,Christopher Smith,3016,,False,2026-04-02 09:28:26,2026-04-04 00:49:27,,220,144,False
user_server_006_1807,server_006,bonniestout,Kristina Sherman,6383,5cc5a7f008,False,2026-02-21 06:21:36,2026-03-04 08:44:40,,210,663,False
user_server_006_5449,server_006,emontgomery,Brandon Harper,6501,7807312e48,False,2026-03-21 21:51:47,2026-06-13 20:16:41,admin,464,16,False
user_server_006_2999,server_006,jphelps,Kim Sanders,9202,559f9ad33e,True,2025-10-27 13:37:39,2026-01-27 08:14:26,,510,0,False
user_server_006_7542,server_006,kirkjill,Rebecca Austin,3755,0ac5ff0eb0,False,2026-05-31 06:47:47,2026-06-02 00:35:10,verified,206,104,False
user_server_006_5119,server_006,yvonne70,Christopher Haney,9317,,False,2026-05-30 01:31:34,2026-06-07 22:22:20,,248,0,False
user_server_006_6606,server_006,simpsonmartha,Mrs. Courtney Wong,5405,1301daa0df,False,2026-05-18 03:55:27,2026-05-21 10:19:33,verified,232,0,False
user_server_006_9137,server_006,phillipstamara,Karen Gonzales,5861,e1fda0c5a1,False,2026-06-04 08:58:47,2026-06-05 11:34:47,,185,0,False
user_server_006_9128,server_006,robertabbott,Lori Oneal,1574,,True,2025-09-17 04:09:07,2025-11-09 09:54:12,booster,397,71,False
user_server_006_7611,server_006,tfrancis,Helen Solis,7581,8437ea9bdd,False,2025-11-14 02:16:03,2026-03-13 12:11:53,,551,128,False
user_server_006_8927,server_006,rachel35,Angela Steele,3790,,False,2026-02-21 15:16:16,2026-02-28 16:36:27,verified,209,8,False
user_server_006_9690,server_006,michelle38,Anne Lowery,8761,3047526475,False,2025-11-27 23:02:41,2026-01-18 03:59:26,,357,32,False
user_server_006_6058,server_006,gnichols,Lindsey Cortez,3326,,False,2026-02-27 05:14:19,2026-05-06 15:37:13,,388,0,False
user_server_006_6486,server_006,stevenandrews,Malik Crawford,2976,19aa54fe0e,False,2026-02-12 09:53:05,2026-04-17 06:16:36,admin,434,0,False
user_server_006_5461,server_006,andrewwest,Stephanie Woods,4633,6724fea8b9,False,2025-11-17 12:55:37,2026-01-03 13:12:27,moderator,362,7,False
user_server_006_8606,server_006,flemingcameron,Laura Valentine,6482,92db6918ac,True,2026-01-05 07:09:52,2026-04-08 11:50:14,"admin,verified",504,432,False
user_server_006_2458,server_006,wjordan,Victoria Lewis,6877,e50039c465,False,2026-03-05 00:08:02,2026-06-09 09:34:50,,460,488,False
user_server_006_7663,server_006,mark98,Brianna Ryan,4002,dfdfd65632,False,2026-01-29 22:42:48,2026-04-22 18:57:18,"admin,booster",461,28,False
user_server_006_8608,server_006,michelle90,Heather Wilson,7231,,True,2026-03-18 14:22:12,2026-04-06 22:29:33,,298,567,False
user_server_006_8634,server_006,austinalyssa,Morgan Wright,0130,,False,2026-04-24 13:26:44,2026-05-29 07:51:49,verified,324,556,False
user_server_006_6144,server_006,maryjohnson,Monica Rivera,4751,38f57d130e,False,2025-11-18 16:37:56,2026-06-12 03:25:14,verified,839,241,False
user_server_006_6413,server_006,rberry,Jason Horton,4288,ee427d7f04,False,2026-04-22 06:59:54,2026-05-24 20:32:06,,286,268,False
user_server_006_2987,server_006,isaac45,Jeffrey King,6480,7553b93e43,False,2026-01-08 10:21:31,2026-06-02 03:50:37,,584,66,False
user_server_006_5670,server_006,richard35,Miss Gina Walton,3709,c76fbc6415,False,2025-12-20 22:57:29,2026-05-16 04:06:22,verified,707,0,False
user_server_006_4678,server_006,suarezbruce,Melanie Davis,0782,f5d76ca07f,True,2026-02-23 03:56:33,2026-04-15 09:18:47,booster,395,407,False
user_server_006_9558,server_006,smithpaul,Taylor Elliott,9545,2d2ed948a3,False,2025-11-05 19:06:30,2026-05-10 01:19:54,,763,0,False
user_server_006_3114,server_006,jacoboliver,Daniel Reed,1002,56492bc1b7,False,2025-12-22 17:43:53,2026-01-22 08:38:08,admin,316,0,False
user_server_006_7763,server_006,carolberry,Michelle Hobbs,6070,f5ee066db2,True,2026-03-21 21:23:07,2026-06-03 20:14:13,booster,452,271,False
user_server_006_5987,server_006,lisawallace,Taylor Beasley,6250,cf8a5c46c2,True,2025-11-07 04:44:14,2025-12-25 23:58:55,admin,338,0,False
user_server_006_3234,server_006,aguirrelarry,Gregory White,1880,06dbf2469d,False,2026-05-12 05:35:24,2026-05-23 01:55:24,moderator,222,36,False
user_server_006_8722,server_006,jimenezcarrie,Tamara Pace DVM,0037,b1f6239dbe,False,2026-01-24 09:59:04,2026-04-10 19:44:41,verified,439,11,False
user_server_006_5249,server_006,hbowers,Ana Sanchez,5361,9dc533d3e2,False,2025-10-17 14:27:30,2026-05-28 09:23:42,,954,0,False
user_server_006_4121,server_006,zlopez,Anthony Haas,6674,,False,2025-10-15 02:47:04,2026-01-09 15:38:19,"moderator,verified",445,218,False
user_server_006_2765,server_006,qcochran,Sara Garcia,0306,56e7b6f316,False,2025-11-08 16:20:38,2025-11-21 16:27:03,verified,239,105,False
user_server_006_1459,server_006,rhonda99,Kelly Sherman,0535,ca453ea8e6,False,2026-04-30 00:03:19,2026-05-20 04:21:49,,266,235,False
user_server_006_1821,server_006,luke73,Mark Powell,2506,87c1ceb667,False,2026-05-27 20:09:26,2026-06-04 10:57:16,verified,231,91,False
user_server_006_1615,server_006,gjohnson,John Price,4949,df1ce15065,False,2026-05-26 02:17:21,2026-06-11 04:19:08,booster,253,252,False
user_server_006_5592,server_006,kelli08,Chelsea Davis,6916,3371412f43,False,2025-11-16 05:28:51,2026-02-12 22:08:42,"verified,booster",500,0,False
user_server_006_3233,server_006,daniellestevenson,Amber Turner,0266,,False,2026-01-25 18:11:36,2026-02-25 17:26:17,,327,128,False
user_server_006_7689,server_006,michaelmedina,Melinda Hamilton,7675,abe113cff6,False,2025-10-28 20:04:00,2026-01-20 12:55:00,"admin,verified,booster",464,238,False
user_server_006_8837,server_006,williammaldonado,Daniel Bryant,9988,3df334c12e,False,2025-11-03 16:19:47,2026-04-18 19:29:37,,662,131,False
user_server_006_1918,server_006,jenniferjones,Daniel Bowman,1281,aa4a74dd8d,False,2026-01-17 09:00:10,2026-03-06 18:00:08,"admin,verified",311,0,False
user_server_006_5437,server_006,sharris,Dylan Strong,2159,,False,2025-12-15 14:43:34,2026-05-07 06:45:05,"verified,booster",663,45,False
user_server_006_1268,server_006,tracey63,Ryan Williams,1488,8bf4b36edf,False,2026-03-14 00:19:11,2026-03-20 15:00:26,,236,0,False
user_server_006_5242,server_006,christyscott,Melanie Mckinney,8953,4b4c73fcf8,False,2025-11-19 10:17:28,2026-01-09 20:22:27,moderator,370,126,False
user_server_006_3996,server_006,jamie46,Jennifer Gutierrez,4320,,False,2025-10-26 10:07:17,2026-04-29 09:26:18,"verified,booster",882,42,False
user_server_006_6562,server_006,megan37,Adam Schwartz,8286,dd95d506d6,False,2026-04-15 07:31:58,2026-05-07 09:23:23,moderator,247,0,False
user_server_006_9745,server_006,sanderson,Mark Wilson,4616,b5dee54603,False,2025-11-16 09:04:46,2026-03-19 08:32:41,,643,51,False
user_server_006_4052,server_006,ijones,Tony Scott,1633,,False,2025-11-13 05:24:19,2026-02-17 07:23:27,booster,478,0,False
user_server_006_7814,server_006,smitchell,Kelly Rodriguez,0819,de2c48bdd3,False,2025-10-05 06:39:59,2025-11-20 13:55:53,moderator,404,886,False
user_server_006_4695,server_006,stephaniepeters,Mr. Zachary Harrison Jr.,9801,,False,2025-10-15 16:20:43,2026-04-10 03:47:46,,782,0,False
user_server_006_2792,server_006,benjaminhughes,Michael Jones,8093,,False,2026-05-15 12:42:12,2026-06-14 11:51:08,,326,0,False
user_server_006_5739,server_006,cgilbert,Jessica Hammond,2451,,False,2026-03-27 03:08:50,2026-05-03 18:48:39,"verified,booster",271,254,False
user_server_006_4199,server_006,kaylahardy,Adrian Hernandez,0024,b04f08e857,False,2026-02-10 08:02:47,2026-04-13 13:41:50,,388,8,False
user_server_006_9496,server_006,sandra57,Mathew Myers,8177,7f67ba3912,False,2025-12-04 13:19:56,2026-06-12 02:34:36,,755,186,False
user_server_006_7185,server_006,william32,Gabriella Griffith,8314,4b1411f384,False,2026-01-23 08:35:14,2026-01-25 15:18:58,"admin,verified",203,0,False
user_server_006_7998,server_006,pjones,Donna Martin,3427,,False,2026-01-16 14:40:12,2026-02-22 09:38:52,booster,340,287,False
user_server_006_3621,server_006,brian16,Alicia Le,5876,1201f83db7,False,2026-01-17 21:31:38,2026-04-08 07:26:32,,515,0,False
user_server_006_7043,server_006,mitchell21,Abigail Smith,9383,04cbb129bc,False,2025-10-18 06:02:36,2026-03-22 08:25:04,"admin,booster",720,0,False
user_server_006_1688,server_006,hmack,Pamela Johnson,2484,0b4e26e139,False,2026-05-05 02:00:12,2026-05-18 23:01:41,,237,448,False
user_server_006_7694,server_006,banksrenee,Maria Campbell,2823,2d3d977b51,False,2026-06-02 03:59:39,2026-06-16 06:46:50,booster,238,523,False
user_server_006_6564,server_006,pkent,Lisa Reed,1590,,True,2026-06-01 20:54:30,2026-06-06 05:41:57,verified,211,638,False
user_server_006_4677,server_006,jmendoza,Shawn Walker,2572,,False,2025-12-12 14:04:15,2026-04-18 17:11:59,moderator,570,66,False
user_server_006_2845,server_006,dana26,Dr. Isabel Smith PhD,6102,c034e1a6cb,False,2025-11-24 14:56:32,2026-01-22 14:11:37,,373,1343,False
user_server_006_2797,server_006,ijenkins,Victoria Martinez,8697,23793511a8,False,2026-04-16 00:27:29,2026-05-26 12:30:10,verified,283,17,False
user_server_006_7361,server_006,sherifisher,Nicholas Wallace,2910,d740c6ba26,False,2025-10-09 16:22:32,2026-03-09 22:26:15,"moderator,booster",643,142,False
user_server_006_7352,server_006,matthew62,Christine Robinson,6581,7b2785d8bb,False,2026-03-29 07:19:29,2026-05-11 05:49:41,,321,18,False
user_server_006_2831,server_006,stacydaniel,Heidi Ford,2308,0e24bb4b0a,False,2026-01-15 16:01:29,2026-06-15 04:06:59,verified,672,579,False
user_server_006_5144,server_006,tbrooks,Charles Rodriguez,8714,48d1946c47,False,2025-11-12 05:09:00,2026-01-20 17:58:36,verified,414,480,False
user_server_006_2833,server_006,rebecca96,Daniel Arnold,1475,aaa0a46252,False,2026-01-04 06:06:41,2026-05-26 12:55:20,,777,35,False
user_server_006_3635,server_006,bgiles,Jeremy Benson,8416,dfbf57aa4d,False,2025-11-15 13:14:56,2026-04-22 07:47:06,,716,0,False
user_server_006_3754,server_006,joshuareese,Brittney Morales,0034,,False,2026-04-18 09:26:03,2026-04-20 07:48:36,verified,194,152,False
user_server_006_1760,server_006,edwardstewart,Oscar Farmer,5351,18fcbd0a00,False,2025-12-02 08:41:14,2026-02-03 00:03:10,booster,398,0,False
user_server_006_7847,server_006,lowekristin,Adam Atkins,2800,7c284db167,False,2026-04-10 14:09:27,2026-05-03 09:36:54,admin,273,51,False
user_server_006_8145,server_006,edwardsrachel,Chris Lewis,3998,cee743abea,False,2026-05-12 10:29:43,2026-05-15 11:15:07,verified,212,0,False
user_server_006_4339,server_006,cindy59,Jillian Morgan,3514,8991aacd66,False,2026-04-20 19:45:21,2026-05-10 21:39:21,,273,295,False
user_server_006_7594,server_006,craig82,Brittany Perry,2900,abb7007a75,False,2025-10-19 07:39:37,2026-05-03 16:44:10,,789,0,False
user_server_006_3569,server_006,jmoore,Melissa Campbell,3295,2622117fa0,False,2026-03-04 12:54:09,2026-05-02 16:55:13,verified,384,304,False
user_server_006_8554,server_006,theresabeck,Jeremy Campos,9831,c55b3b288b,False,2025-11-15 03:16:43,2025-12-23 15:25:03,verified,325,0,False
user_server_006_8901,server_006,ekennedy,Alejandro Watts,8077,a640ad75c3,False,2026-03-21 03:59:19,2026-04-21 18:08:53,verified,307,332,False
user_server_006_5364,server_006,lrichards,Alejandro Vasquez,4052,0bbab7af45,False,2026-02-28 01:08:29,2026-05-10 22:33:25,,410,140,False
user_server_006_7864,server_006,nicole15,Chad Evans,9495,b8810432f6,False,2026-03-17 08:48:55,2026-05-15 06:31:33,booster,373,208,False
user_server_006_3468,server_006,danieldonovan,Christina Walters,6402,4eb7952552,False,2026-04-15 01:52:57,2026-05-14 02:23:23,verified,296,682,False
user_server_006_6303,server_006,gomeztonya,Marco Garza DVM,7343,c766df19ee,False,2026-02-19 00:32:46,2026-06-02 16:32:40,booster,551,30,False
user_server_006_1147,server_006,james48,Allison Flores,7280,9b55916c57,False,2026-05-05 08:02:17,2026-06-01 18:53:54,,294,174,False
user_server_006_7931,server_006,jackiebaker,Gail Nelson DVM,9670,63cb9aa33e,False,2026-04-29 22:59:34,2026-06-10 18:53:29,verified,351,19,False
user_server_006_9159,server_006,cookanthony,Tammy Smith,4176,fbaa04b153,False,2026-03-06 00:30:04,2026-05-21 23:39:35,,448,403,False
user_server_006_9258,server_006,oscar76,Michael Nelson,4952,,False,2026-04-26 17:08:14,2026-05-24 07:25:59,admin,340,85,False
user_server_006_9736,server_006,zrogers,Wendy Coleman,1750,85645fa972,False,2026-01-07 04:40:33,2026-04-06 04:40:27,,488,0,False
user_server_006_9433,server_006,sherriball,Katherine Adams,6463,264c749362,True,2026-05-01 21:06:52,2026-05-27 18:55:29,moderator,284,63,False
user_server_006_7499,server_006,trujillorobin,Stephanie Johnson,6557,14fa12aebc,False,2025-11-22 08:08:50,2026-01-07 06:28:51,"moderator,verified",367,10,False
user_server_006_4628,server_006,sanchezgregory,Kenneth Young,0008,953d5136a1,False,2025-10-10 17:43:04,2025-10-17 18:13:07,verified,217,75,False
user_server_006_4882,server_006,smithalexander,Sheila Williamson,9748,1c0a48ad13,False,2026-04-20 17:16:53,2026-05-09 03:54:21,,260,0,False
user_server_006_7071,server_006,vwelch,Ashley Martinez,0208,,False,2025-10-28 03:05:43,2026-05-31 00:31:31,verified,849,0,False
user_server_006_6830,server_006,jamesreese,Brandon Bean,3330,,False,2026-06-07 22:05:39,2026-06-12 02:33:26,,211,818,False
user_server_006_9869,server_006,hamiltongina,Mitchell Hughes,4820,b336ac4e8e,False,2026-02-02 18:46:48,2026-04-19 00:12:24,verified,425,251,False
user_server_006_7790,server_006,thomasgonzalez,Lisa Lopez MD,0572,,False,2026-03-31 04:18:09,2026-06-13 01:57:25,"moderator,verified",452,225,False
user_server_006_5129,server_006,ramoswilliam,William Baker,2154,e1d2238d42,False,2025-12-05 05:04:04,2026-02-26 06:25:08,"moderator,verified",409,269,False
user_server_006_7131,server_006,hollywarner,Cody Morris,2700,fc6b9d5ff6,False,2026-02-16 17:56:07,2026-05-21 17:17:46,,476,0,False
user_server_006_6167,server_006,ralphhuff,Jason Davidson,6970,f14c702762,False,2025-11-11 00:33:42,2025-12-29 23:23:44,,356,0,False
user_server_006_8202,server_006,madison38,Steve Sutton,0481,efd4c9746d,False,2025-11-26 04:24:35,2026-01-13 16:24:52,,313,85,False
user_server_006_6345,server_006,calvinbrown,Nicholas Harvey,2797,,False,2026-02-14 23:05:16,2026-04-14 21:50:42,,403,26,False
user_server_006_5709,server_006,wmiller,Jill Rowland,5456,e08002344a,False,2025-12-15 23:23:36,2026-03-29 17:46:23,admin,518,0,False
user_server_006_2113,server_006,brianna59,Andrea Baker,7738,6ab459e12b,True,2025-11-20 12:33:09,2025-12-12 09:50:02,"moderator,verified,booster",252,243,False
user_server_006_6677,server_006,zhoward,Mr. Phillip Edwards,9104,7be989a045,False,2025-11-11 13:49:30,2026-05-10 12:13:42,,744,99,False
user_server_006_6122,server_006,jeremyjackson,Jennifer Hobbs,1661,a716965efd,False,2026-04-20 04:13:35,2026-05-21 16:53:17,,324,14,False
user_server_006_1855,server_006,dford,Charles Christensen,8668,8d614038d3,False,2026-01-22 05:32:23,2026-04-27 05:37:35,"admin,verified",495,0,False
user_server_006_4519,server_006,markskristina,Seth Hernandez,5842,d0ecb3c94d,False,2026-01-14 18:47:19,2026-05-11 03:39:55,,586,0,False
user_server_006_8527,server_006,qmoody,Brittany Shah,3267,d1e5832140,False,2026-04-10 09:09:50,2026-05-09 02:25:11,,318,89,False
user_server_006_9681,server_006,myersedward,Alex Myers,3567,0f690ef0b6,True,2026-05-09 03:55:15,2026-05-19 00:38:10,"verified,booster",239,12,False
user_server_006_1613,server_006,jeremy79,Jessica Valentine,8404,62cb4dec38,False,2025-10-13 15:04:26,2025-12-30 16:53:43,,478,105,False
user_server_006_8123,server_006,gomezdaniel,Michelle Franklin,3013,04496f0aa9,False,2025-11-23 23:07:09,2025-12-20 11:52:59,verified,276,0,False
user_server_006_4709,server_006,alara,Tyler Welch MD,7907,1f0cf001b9,False,2025-11-26 11:18:00,2026-01-12 22:32:22,,378,333,False
user_server_006_5574,server_006,mcarr,Douglas Hardy,6250,6dd6a10bcb,False,2025-10-06 09:17:19,2025-11-14 19:35:25,booster,315,259,False
user_server_006_4677,server_006,mikewaller,Jeremy Butler,3439,c8fc2a569c,False,2026-03-07 21:25:47,2026-05-20 11:13:52,,416,0,False
user_server_006_1862,server_006,haley57,Kristen Ray,9987,9d5ec99fee,False,2026-05-09 18:31:23,2026-06-06 17:08:09,verified,295,34,False
user_server_006_9704,server_006,rachelsheppard,Laura Pruitt,3833,7333647568,False,2025-09-28 05:28:01,2025-10-12 13:41:26,,260,64,False
user_server_006_5759,server_006,lisawright,Stephanie Edwards,4710,,False,2026-01-27 03:48:32,2026-02-27 22:49:35,admin,301,0,False
user_server_006_8500,server_006,cruzeddie,Joseph Ford,9549,c6df918ea5,False,2026-01-02 12:27:21,2026-05-25 11:02:08,,683,0,False
user_server_006_2821,server_006,carl63,Desiree Thomas,9704,,False,2026-02-08 00:35:54,2026-05-14 05:27:38,,524,0,False
user_server_006_3255,server_006,wellsjeffrey,Henry Oliver,4902,fcd70a4663,False,2026-03-07 06:39:00,2026-06-05 03:16:17,,499,0,False
user_server_006_5303,server_006,sue75,Kimberly Holloway,5385,637f080f41,False,2026-05-11 06:15:53,2026-06-02 04:42:42,,253,74,False
user_server_006_2359,server_006,phillipsbruce,Kelly Gordon,2985,57f494ae84,False,2025-12-06 00:19:19,2026-02-26 15:04:53,,437,77,False
user_server_006_5026,server_006,ahenderson,Dan Phillips,9990,900ca29027,False,2025-12-07 11:49:40,2026-03-20 01:14:46,"verified,booster",510,28,False
user_server_006_3734,server_006,dmiller,Wendy Griffin,1726,ff1ff4d7c3,False,2026-04-14 04:56:14,2026-04-21 22:51:10,booster,252,245,False
owner_007,server_007,brittneyblake,Donald Hill,6068,281bff4377,False,2025-10-27 01:21:46,2026-02-26 15:10:53,"admin,moderator",1310,4589,True
user_server_007_6129,server_007,lmitchell,Tyler Martinez,8267,72f532036a,False,2026-04-10 04:45:04,2026-05-21 06:18:56,verified,301,0,False
user_server_007_2991,server_007,uwood,Jaime Johnson,1996,499298a5ac,False,2026-04-25 12:29:20,2026-04-26 16:11:29,"moderator,booster",217,24,False
user_server_007_3202,server_007,randall59,Amanda Campbell,5163,3ecb77e901,False,2025-11-27 01:20:28,2025-12-01 02:36:16,moderator,219,0,False
user_server_007_9229,server_007,warebrian,Bonnie Brown,2015,,False,2026-04-10 17:29:15,2026-04-14 19:57:58,booster,216,122,False
user_server_007_9698,server_007,taylorcurtis,Miguel Davis,8129,3d4cb91b00,False,2025-12-18 17:31:00,2026-02-14 20:31:39,,395,203,False
user_server_007_5019,server_007,matthew65,Katherine Gardner,3424,83316b1fa9,False,2025-12-20 08:57:39,2026-06-16 01:13:43,,695,69,False
user_server_007_8048,server_007,jneal,Robin West,1480,25983fc7bb,False,2025-11-19 11:53:58,2025-11-22 06:12:37,,208,235,False
user_server_007_4046,server_007,jeremy08,Marvin Terry,5850,d0c513e008,False,2026-04-19 23:02:52,2026-05-13 20:59:32,,294,22,False
user_server_007_9324,server_007,robinsonjesse,Seth Mason,3931,abaa6d3ae0,False,2025-12-05 09:11:34,2026-02-17 03:19:58,"verified,booster",405,0,False
user_server_007_5085,server_007,wsmith,Alexander Espinoza,4833,,False,2025-11-06 23:57:16,2026-01-07 12:25:24,booster,405,0,False
user_server_007_8566,server_007,cpierce,Andrew Perez,5297,b0ccebfbba,False,2026-02-03 01:05:08,2026-03-24 20:06:41,"verified,booster",325,0,False
user_server_007_9959,server_007,jacqueline95,Sandra Sanders,0020,,False,2026-05-22 23:46:32,2026-06-06 12:51:00,booster,268,196,False
user_server_007_2678,server_007,amandaherman,Diana Hawkins,4313,6841e87790,False,2025-10-30 06:28:07,2026-02-09 19:40:28,,472,10,False
user_server_007_7746,server_007,marywebster,Craig Hurst,9422,17dcd3610a,False,2026-04-21 02:18:35,2026-05-02 08:44:50,,223,60,False
user_server_007_1058,server_007,shannon79,Megan Carrillo,9333,,False,2026-04-01 05:30:14,2026-04-26 11:38:43,,276,188,False
user_server_007_4885,server_007,jackwilliams,Natalie Sawyer,5384,c8b1585690,False,2026-02-12 02:33:27,2026-06-11 06:26:55,,644,23,False
user_server_007_2963,server_007,marissa39,Heather Brown,1731,1c7e20a906,False,2025-12-18 18:58:07,2026-06-01 00:57:14,verified,784,203,False
user_server_007_9310,server_007,jay04,Ronald Dalton,8084,77e795c3e6,False,2026-02-09 07:09:51,2026-02-16 02:48:39,,209,533,False
user_server_007_5113,server_007,dcortez,Miss Carmen Vasquez,1544,f9493a8558,False,2026-03-15 12:49:46,2026-05-04 05:48:15,,381,0,False
user_server_007_1379,server_007,laura31,Stacey Farrell,3052,0e6dc39288,False,2025-10-31 21:27:52,2025-12-14 16:03:49,,296,207,False
user_server_007_4811,server_007,arroyosarah,James Carroll,1392,b8e1e0cb72,False,2026-03-11 11:18:12,2026-04-06 03:39:00,verified,291,210,False
user_server_007_1927,server_007,richardsondebbie,Natalie Watson,8105,9eea6a522d,False,2026-03-14 08:27:01,2026-04-27 01:30:58,"admin,booster",338,89,False
user_server_007_2233,server_007,evansaustin,Charles Bryant,0974,4ae00022d1,False,2026-02-09 17:37:29,2026-03-01 02:16:57,,283,122,False
user_server_007_1461,server_007,davidfields,Rebecca Beard,9623,eb7b4ad270,False,2026-02-24 06:43:50,2026-03-15 11:07:42,"moderator,verified",223,126,False
user_server_007_7114,server_007,alexismiller,Sergio Riley,1280,18afc7eab9,False,2025-12-24 17:00:08,2026-05-18 06:11:55,booster,768,74,False
user_server_007_7868,server_007,andrew97,Michael Lewis,1633,,False,2025-12-22 00:58:00,2026-01-27 01:33:45,,321,719,False
user_server_007_8780,server_007,bgregory,Jeffrey Owens,0196,,False,2025-11-16 02:28:28,2025-11-29 20:51:19,,236,87,False
user_server_007_4873,server_007,teresaray,Arthur Hammond,6404,17db3059ac,False,2026-01-01 00:20:30,2026-01-11 21:44:33,moderator,242,251,False
user_server_007_8616,server_007,jennifer34,Dillon Wiggins,7795,2fef3b9c1d,False,2025-12-18 16:42:19,2026-01-01 07:17:40,booster,231,0,False
user_server_007_8559,server_007,ppatrick,Justin Vincent,3542,fd35bb27ff,False,2025-12-03 06:05:39,2026-06-13 11:12:08,booster,760,0,False
user_server_007_1675,server_007,tconner,Amber Cox,8344,13d7786a78,False,2025-11-09 11:55:33,2026-05-03 19:56:26,"admin,verified",853,0,False
user_server_007_5576,server_007,ihoover,Matthew Watson,6676,0667a622e7,False,2026-03-27 11:00:19,2026-05-14 13:52:12,verified,356,16,False
user_server_007_5207,server_007,malikfowler,Kevin Watson,5019,35218a0894,False,2025-12-09 03:34:43,2026-03-29 17:32:42,booster,586,0,False
user_server_007_6907,server_007,dylan78,Tyrone Miller,2362,,False,2025-12-22 06:03:43,2026-05-31 11:05:08,booster,693,365,False
user_server_007_1278,server_007,nicole55,Joanne Ryan,9557,f0a78659f4,False,2025-12-22 00:11:57,2026-02-26 11:31:54,verified,459,159,False
user_server_007_6785,server_007,coopersamantha,Mrs. Gloria Chen,5174,,False,2026-04-18 07:06:26,2026-06-03 08:40:47,moderator,328,484,False
user_server_007_3194,server_007,melissaberry,Rebecca Summers,4429,dfbecbee71,False,2026-04-27 17:06:26,2026-06-06 10:05:19,booster,354,9,False
user_server_007_2809,server_007,ggilmore,Kelly Johnston,5237,ead4bca396,False,2026-03-15 12:19:36,2026-05-11 05:57:06,"moderator,verified",417,83,False
user_server_007_9779,server_007,jodisutton,Katherine Nguyen,6776,eb4ba4d02e,False,2025-12-01 08:47:14,2026-02-05 16:06:06,,424,282,False
user_server_007_9610,server_007,amy68,Jenna Ray,4411,3b06206c7a,False,2026-05-14 13:20:54,2026-06-16 07:09:23,"verified,booster",311,0,False
user_server_007_1532,server_007,perezdawn,Michael Mullins,8039,192ab2f3e9,False,2026-05-13 13:49:46,2026-05-24 18:38:21,booster,220,11,False
user_server_007_9668,server_007,simpsonruth,Elizabeth Campos,3303,354f0a24d3,False,2025-12-16 18:55:04,2026-01-02 10:33:37,admin,258,3,False
user_server_007_5430,server_007,amberdavis,Allison Johnson,7357,1be1b276d2,False,2025-12-15 17:04:53,2026-05-26 13:57:56,,618,0,False
user_server_007_1159,server_007,mariabecker,Jesse Wilson,2755,,False,2025-12-27 07:25:22,2026-01-19 01:55:58,"verified,booster",293,0,False
user_server_007_4410,server_007,dorothy09,James Clark,3568,,False,2026-05-06 00:02:25,2026-06-08 07:39:36,"moderator,booster",300,0,False
user_server_007_2822,server_007,eharvey,Leslie Shelton,0079,,False,2026-05-28 02:09:39,2026-06-09 16:29:54,,228,265,False
user_server_007_2512,server_007,portermichael,John Salinas,6299,ed2e7efb56,False,2026-06-04 16:42:02,2026-06-05 18:54:34,verified,208,270,False
user_server_007_9715,server_007,hendersonbrenda,Tiffany Cohen,9456,6f57e6039a,False,2025-12-25 04:36:16,2026-06-02 11:56:43,,755,86,False
user_server_007_2346,server_007,fjohnson,Angie King,8972,d8e1df0fea,True,2025-11-13 10:16:16,2026-04-13 04:36:00,,633,225,False
user_server_007_9438,server_007,jenniferbaldwin,Jordan Curry,4543,ec8b3e96c8,True,2026-03-26 22:31:07,2026-04-19 17:16:44,admin,283,0,False
user_server_007_2395,server_007,tjohnson,Michele Hayes,5215,,False,2025-12-12 04:06:22,2026-06-03 01:17:29,"verified,booster",692,172,False
user_server_007_1297,server_007,rdavis,Scott Norman,3098,6a215dda69,False,2026-03-19 12:14:02,2026-05-25 22:04:36,,433,242,False
user_server_007_6269,server_007,ljones,Michael Price,6145,4956b2b3c6,False,2025-10-31 17:34:04,2025-11-27 07:13:43,booster,309,275,False
user_server_007_1879,server_007,kingdavid,Carrie Hayes,1564,,False,2026-02-01 07:06:00,2026-03-28 07:45:47,booster,415,0,False
user_server_007_4645,server_007,billburke,Michael Schmitt,8410,e14d81afde,False,2025-11-02 06:47:29,2025-12-26 08:58:01,moderator,391,633,False
user_server_007_2147,server_007,atucker,Patrick Valdez,8140,6b69cf9ae7,False,2026-02-16 06:54:25,2026-02-16 12:09:59,moderator,184,38,False
user_server_007_4641,server_007,lwilliams,Sean Silva,5643,bd0a13b01e,False,2025-12-18 20:26:42,2026-03-19 15:28:27,verified,470,0,False
user_server_007_6439,server_007,hstokes,Charles Yang,1756,3c7e46c8b7,False,2026-02-18 11:47:09,2026-03-07 10:07:13,admin,282,31,False
user_server_007_7513,server_007,kimmichael,Alicia Warren,1874,b29d735616,False,2025-11-23 00:37:16,2026-01-30 15:29:08,verified,450,0,False
user_server_007_9558,server_007,barnesarthur,Michael Jones,2348,4b5ad9e892,False,2026-01-02 04:50:33,2026-02-13 17:45:04,"moderator,verified",379,0,False
user_server_007_6748,server_007,thomas83,Sheri Martinez,1467,,False,2026-01-03 07:45:38,2026-02-11 06:10:34,,336,34,False
user_server_007_6326,server_007,christopherlopez,Matthew Gardner,3676,583a3277a0,False,2026-02-06 18:36:23,2026-05-21 03:32:40,admin,565,281,False
user_server_007_3364,server_007,yjones,Lauren Wilson,7205,66e9af2907,False,2026-02-04 11:12:44,2026-04-06 01:30:04,admin,384,0,False
user_server_007_1112,server_007,dylananderson,Alexandra Brown,5995,bcbdcb4f90,False,2026-02-20 12:07:40,2026-05-05 20:11:42,admin,437,69,False
user_server_007_2361,server_007,warrenjoseph,Elizabeth Cain,8047,ce3403e45d,False,2026-01-14 15:42:29,2026-06-05 18:33:28,,643,166,False
user_server_007_7459,server_007,michellesolis,John Mendoza,7422,80e6d029a8,False,2025-12-29 10:19:41,2026-03-01 03:37:04,moderator,381,61,False
user_server_007_3130,server_007,otran,Regina Thomas,4522,58a4ac347c,False,2026-04-07 12:15:10,2026-06-14 19:44:30,,471,213,False
user_server_007_8754,server_007,michellejones,Victoria Knight,7652,29a3898679,False,2026-04-16 16:26:49,2026-05-26 08:56:58,verified,366,690,False
user_server_007_9360,server_007,xfranco,Samantha Russell,4969,9f3d7f2d90,False,2026-06-08 14:24:04,2026-06-09 07:54:12,"moderator,booster",198,225,False
user_server_007_7869,server_007,harrellkimberly,Michael Galvan,6199,80e379963d,False,2026-02-21 02:01:43,2026-03-21 08:27:16,"verified,booster",281,72,False
user_server_007_3680,server_007,kaitlynanderson,Rachel Oneal,5847,8f3e1567e8,False,2025-12-24 15:04:07,2026-01-10 11:57:42,,225,22,False
user_server_007_2656,server_007,johnboyd,Benjamin Greene MD,8078,537ccfe98f,False,2025-11-02 17:36:10,2026-04-06 22:47:30,,705,30,False
user_server_007_4692,server_007,kendrawilliams,Douglas Santos,5527,76a7df53c5,False,2025-11-27 05:53:10,2026-01-23 05:42:40,admin,351,43,False
user_server_007_9795,server_007,kevin89,Eric Fry,0380,7f58591e83,False,2026-05-09 09:49:39,2026-06-02 19:30:14,verified,249,514,False
user_server_007_7079,server_007,stodd,Kristin Fleming,5095,,False,2025-11-03 03:48:20,2026-03-18 01:01:54,"verified,booster",695,213,False
user_server_007_9648,server_007,taylordavis,Grant Black DDS,6944,,False,2025-11-28 00:05:51,2026-02-08 10:17:33,"admin,booster",442,229,False
user_server_007_4319,server_007,crystal44,Crystal Mcintosh,2673,,False,2026-05-07 22:40:28,2026-05-14 20:26:23,,225,7,False
user_server_007_2465,server_007,rebecca93,Eric Petersen,4522,,False,2025-12-06 20:21:21,2026-04-01 07:44:23,booster,577,0,False
user_server_007_8645,server_007,mramirez,Matthew Tate,9089,6cc8d57d10,False,2026-02-19 17:11:26,2026-05-22 22:07:24,booster,514,956,False
user_server_007_1834,server_007,leahbarker,Michael Marquez,8312,99cd5f3cf9,False,2025-12-06 19:40:55,2026-05-27 14:20:18,,708,224,False
user_server_007_4375,server_007,laurenperkins,Nathaniel Walter,7168,d256eba055,False,2026-02-14 16:46:47,2026-05-16 07:34:11,"verified,booster",520,320,False
user_server_007_8268,server_007,carlyschultz,Stephen Pacheco,8562,419a21916e,False,2025-12-30 09:19:06,2026-05-16 12:18:12,moderator,587,482,False
user_server_007_9388,server_007,rwashington,Judy Peterson,1819,14e1048a4a,False,2026-04-26 19:16:16,2026-05-02 06:18:55,"verified,booster",211,112,False
user_server_007_5117,server_007,kingtammy,Victoria Smith,7882,c9e91f1e8f,False,2025-12-26 02:36:25,2026-01-20 07:25:06,,279,0,False
user_server_007_1114,server_007,sarah78,Destiny Bradley,2982,1998085780,False,2026-01-11 22:32:05,2026-04-16 03:33:57,,587,415,False
user_server_007_5208,server_007,jarviscourtney,Brian Kim MD,4803,,False,2026-05-28 06:47:44,2026-06-06 04:12:07,"verified,booster",238,13,False
user_server_007_7298,server_007,herbertward,Amy Boone,9870,7635ca67fc,False,2026-01-17 21:20:39,2026-04-04 15:23:44,booster,430,200,False
user_server_007_6841,server_007,david16,Steven Knight,1086,7808820a38,False,2026-03-12 22:04:36,2026-06-03 03:32:01,,494,254,False
user_server_007_3327,server_007,tiffany44,David Montgomery,1465,87480053a5,False,2026-01-30 13:23:23,2026-05-22 19:21:50,,587,346,False
user_server_007_6963,server_007,sarah53,Juan Stewart,0760,77abd614ff,False,2026-04-02 22:53:28,2026-05-01 21:43:42,moderator,275,103,False
user_server_007_9817,server_007,nharris,Christopher Duncan,3639,1c98aacac4,False,2026-05-18 01:06:34,2026-05-30 13:44:00,,244,0,False
user_server_007_7964,server_007,lisa11,Jason Allen,9841,4446315aa3,False,2026-02-17 18:46:55,2026-05-26 12:44:44,"admin,booster",497,0,False
user_server_007_7177,server_007,samantharamirez,Michael Graham,7803,69e0fc4eef,False,2025-11-02 01:33:22,2026-03-04 22:33:03,"admin,verified",576,673,False
user_server_007_6406,server_007,ogriffin,Bradley Marquez,3812,278f08bc99,False,2026-05-28 16:11:44,2026-06-07 02:18:01,verified,257,0,False
user_server_007_3547,server_007,wjefferson,Joshua Nelson,8037,3b1ebe94ce,True,2025-10-28 06:37:55,2026-03-03 19:47:21,,660,758,False
user_server_007_2821,server_007,hkim,Alex Romero,2241,b788b6e706,False,2026-04-09 21:51:42,2026-04-21 18:47:36,,282,0,False
user_server_007_9155,server_007,xobrien,Billy Hood,8301,,False,2026-04-19 10:43:11,2026-06-06 06:44:44,"admin,verified",340,63,False
user_server_007_4720,server_007,zjackson,Ernest Sullivan,6280,,False,2025-12-26 03:52:20,2026-03-09 05:55:57,,474,0,False
user_server_007_8676,server_007,jenniferroach,Shawn Yu,2315,,False,2026-02-17 17:41:58,2026-05-13 05:33:36,verified,424,0,False
user_server_007_7295,server_007,debbiebrown,Alison Armstrong,4318,b62ac93017,False,2025-12-05 13:42:02,2025-12-10 21:00:16,"admin,booster",213,856,False
user_server_007_4739,server_007,henryjennifer,Ann Scott,8684,,False,2026-01-24 08:00:03,2026-04-27 18:20:34,"admin,verified",548,0,False
user_server_007_3966,server_007,josephbuck,Christopher Robinson,6280,,False,2026-04-16 19:54:07,2026-05-15 14:48:46,,255,25,False
user_server_007_4046,server_007,meghanwerner,Philip Davis,9093,044daeb491,False,2026-03-05 02:54:36,2026-04-24 12:32:52,,372,137,False
user_server_007_4389,server_007,gilbertangela,Joseph Scott,2356,641c14cd58,False,2025-11-13 19:15:16,2026-05-07 01:23:37,moderator,842,0,False
user_server_007_6867,server_007,micheleramirez,Crystal Collins,9891,,False,2026-01-15 06:20:09,2026-03-21 22:43:44,,435,38,False
user_server_007_5313,server_007,hallchristopher,Matthew Mueller,8470,c0f1396510,False,2026-04-12 12:47:11,2026-05-31 11:04:27,booster,349,14,False
user_server_007_5255,server_007,keithharrison,Christopher Smith,0098,6257037e35,False,2026-03-28 19:58:13,2026-05-25 05:50:59,,378,0,False
user_server_007_8362,server_007,jonescraig,Cassandra Martinez,7029,93e057febe,False,2026-05-18 21:05:54,2026-05-25 21:47:28,,238,318,False
user_server_007_8591,server_007,jennifer28,Danielle Smith,8188,c187147371,False,2026-02-26 02:34:37,2026-04-04 08:40:20,verified,329,105,False
user_server_007_5254,server_007,william08,Amy Taylor,2411,39556564dd,False,2025-12-27 17:20:53,2026-03-22 10:48:45,verified,489,108,False
user_server_007_3412,server_007,meghanallen,Holly Logan,7899,,False,2026-04-01 08:23:11,2026-06-13 03:01:56,"verified,booster",402,3,False
user_server_007_3693,server_007,lsanchez,Michelle Martin,0937,1b3c4f9123,False,2026-04-25 13:30:21,2026-05-31 13:58:45,booster,350,0,False
user_server_007_7140,server_007,jonesnicholas,Joe Lindsey,2879,8f033b2491,False,2026-05-26 00:18:36,2026-06-04 00:59:09,,215,77,False
user_server_007_7770,server_007,upierce,Joseph Hayden,9316,354400048a,False,2026-06-08 18:09:51,2026-06-08 20:27:16,"moderator,verified,booster",200,0,False
user_server_007_2170,server_007,kristin96,Kelly Russell,7382,2d01708a37,False,2026-02-07 09:58:38,2026-03-15 05:16:20,verified,345,287,False
user_server_007_1644,server_007,cmartinez,Kyle Richardson,5610,0a82b7fdbe,False,2025-11-03 13:30:05,2026-01-26 11:07:05,admin,436,4,False
user_server_007_7172,server_007,treyes,Ernest Gonzalez,9462,1f8c22a440,False,2026-02-17 03:35:34,2026-06-10 09:58:46,verified,585,0,False
user_server_007_9846,server_007,whampton,Sean Gibbs,3642,2602d1ebc3,False,2026-04-16 03:46:08,2026-05-01 16:23:07,verified,251,0,False
user_server_007_6325,server_007,randy20,Stephanie King,1781,8620d9d286,False,2026-03-30 12:10:54,2026-06-11 22:19:48,moderator,436,0,False
user_server_007_3622,server_007,nwatson,Jason Williams,9381,,False,2026-01-22 09:16:08,2026-02-16 02:09:34,verified,277,53,False
user_server_007_7877,server_007,pennylivingston,Anthony Marshall,7414,6f6576d0fa,False,2026-03-11 05:31:57,2026-03-20 12:06:03,verified,246,47,False
user_server_007_5338,server_007,smiller,Jose Woods,9607,800200fef4,False,2026-01-01 17:12:52,2026-03-30 19:13:27,,463,354,False
user_server_007_6953,server_007,vjones,Thomas Martin,6763,8e33c9855d,False,2025-10-27 06:40:50,2026-05-11 15:49:28,,836,0,False
user_server_007_1761,server_007,juliehoffman,Jordan Mccoy,2718,,True,2025-11-13 09:01:00,2026-06-13 06:45:10,moderator,984,0,False
user_server_007_9883,server_007,andrew65,Julia Howell,9378,aa5dc26fdd,False,2026-03-20 07:05:44,2026-06-03 16:46:24,,445,45,False
user_server_007_6857,server_007,solisbrenda,Olivia Hamilton,1101,,False,2026-01-02 09:07:38,2026-02-01 20:13:44,"verified,booster",307,1087,False
user_server_007_6531,server_007,estradaamy,Katie Lutz,4647,af636300ae,False,2026-03-04 18:05:33,2026-05-10 13:29:35,admin,417,166,False
user_server_007_4410,server_007,trivera,Nathan Adams,3172,bbfbade707,False,2025-11-09 00:34:56,2026-02-04 19:23:36,,548,0,False
user_server_007_9804,server_007,christopherreyes,Andrew Turner,0436,b80bccdc8d,False,2025-12-29 01:11:15,2026-02-24 05:51:30,"moderator,booster",386,176,False
user_server_007_3649,server_007,robertlee,Sonya Simmons,9499,,False,2026-05-24 03:17:45,2026-06-08 19:05:57,verified,250,124,False
user_server_007_4976,server_007,veronica30,Carla Johnson DDS,8133,14c2b860b8,False,2026-03-28 14:43:38,2026-04-28 00:12:09,booster,283,0,False
user_server_007_5394,server_007,taylorzavala,Katherine Miller,1522,f178af9287,False,2026-04-23 14:52:35,2026-05-23 14:52:31,"moderator,verified,booster",286,152,False
user_server_007_7101,server_007,christina57,Deanna Hansen,3803,c7a8bda65e,False,2026-03-08 20:04:53,2026-03-27 19:48:38,booster,266,0,False
user_server_007_7276,server_007,crystal58,Michael Moran,1685,a26c8dcdbd,False,2026-04-09 13:09:19,2026-05-06 03:47:00,,259,0,False
user_server_007_9733,server_007,linda33,Jessica Nelson,4400,b74953a37b,False,2025-11-05 22:09:10,2026-04-20 06:10:58,verified,667,0,False
user_server_007_1162,server_007,victor60,Elizabeth Roy,5206,,False,2025-11-19 18:42:39,2026-02-01 23:26:35,verified,442,0,False
user_server_007_8235,server_007,hollowayangela,Colleen Blanchard,7948,cea4f7a165,False,2025-12-20 06:17:12,2026-01-08 18:01:59,,247,104,False
user_server_007_3512,server_007,saraterry,Jennifer Ross,1530,a6f51d9c47,False,2025-12-20 07:03:56,2026-02-08 23:04:46,,412,0,False
user_server_007_1121,server_007,christopher29,Dr. Austin Edwards,4956,6674b69b13,False,2026-02-02 20:17:05,2026-06-04 20:17:37,,597,17,False
user_server_007_3787,server_007,bsullivan,John Johnson,9648,882a0da8e1,False,2025-11-12 03:40:48,2026-04-28 16:49:30,,722,23,False
user_server_007_5748,server_007,parkertommy,Dr. Jennifer Lewis MD,7099,e3a8313556,False,2026-03-13 15:35:10,2026-03-22 21:35:34,moderator,276,208,False
user_server_007_3814,server_007,cherylmartin,Gabriel Bennett,5253,b08d16fb66,False,2026-03-05 14:12:49,2026-06-11 08:29:22,verified,494,299,False
user_server_007_3757,server_007,millerjoan,Jeffrey Mosley,5937,5888a1ea8c,False,2026-04-30 15:01:24,2026-05-07 04:16:53,verified,227,0,False
user_server_007_6740,server_007,victoriasmith,Casey Terrell,0141,2e1984dc57,False,2026-02-27 21:33:34,2026-05-11 08:56:50,"moderator,verified,booster",486,80,False
user_server_007_8327,server_007,elizabeth10,Eric Garcia,2819,3c87f1a854,False,2026-03-13 00:28:25,2026-05-22 19:56:59,,422,0,False
user_server_007_5025,server_007,mcneilchristina,Cheryl Jackson,4481,,False,2026-02-01 21:43:33,2026-03-08 21:53:31,admin,329,54,False
user_server_007_3789,server_007,fholloway,Kevin Gilbert,7264,,True,2026-01-03 00:30:35,2026-04-28 08:51:04,admin,557,53,False
user_server_007_8050,server_007,deckerjustin,Larry Green,3181,,False,2025-10-27 03:39:44,2026-02-06 00:15:12,verified,644,82,False
user_server_007_4598,server_007,crawfordjeffrey,James Morgan,4024,78a1e5e32f,True,2026-02-14 18:07:52,2026-02-22 09:27:36,"moderator,booster",240,0,False
user_server_007_1094,server_007,wpatrick,Elizabeth Valdez,0766,c3fb0ef636,False,2026-01-04 01:03:20,2026-01-30 03:43:31,moderator,263,0,False
user_server_007_7848,server_007,proman,Sarah Wade,0899,83c14bbd74,False,2026-05-20 10:51:00,2026-05-27 10:07:00,"verified,booster",225,194,False
user_server_007_6334,server_007,jhernandez,Anthony Golden,3739,5dab9bf4f1,False,2025-12-16 11:10:41,2026-03-02 09:00:29,booster,432,0,False
user_server_007_4247,server_007,umartinez,Randy Watts,6723,,False,2026-04-09 14:09:11,2026-04-18 08:10:30,"moderator,verified,booster",240,102,False
user_server_007_7374,server_007,jennifergraham,Matthew Bender,5717,a798cf72e3,False,2026-02-04 15:11:12,2026-03-31 14:35:41,,438,295,False
user_server_007_6931,server_007,sharon37,Helen Myers,7808,ebc75575da,False,2025-12-11 05:23:47,2026-06-06 23:26:16,,786,476,False
user_server_007_1737,server_007,johnsonmelissa,Cody Jimenez,4545,9d04639696,False,2025-11-08 08:19:32,2026-04-21 05:33:21,verified,657,349,False
user_server_007_9100,server_007,ubowers,Robert Mcgee,9250,,False,2026-04-28 21:35:52,2026-05-14 19:30:18,"verified,booster",266,0,False
user_server_007_2274,server_007,wbarrett,Melissa Smith,8129,,False,2026-01-06 00:44:09,2026-01-14 00:37:53,,238,0,False
user_server_007_1176,server_007,stephanieperry,Dr. Charles Henson,2711,7e733b9e71,False,2026-04-11 10:20:46,2026-05-13 23:30:52,verified,257,0,False
user_server_007_5601,server_007,mkrueger,Jennifer Townsend,7661,,False,2026-05-23 05:51:43,2026-06-01 05:14:28,,227,207,False
user_server_007_6524,server_007,jennifer95,Brian Ingram,5127,b127fa84a2,False,2026-02-07 10:43:00,2026-02-19 17:20:23,moderator,199,2,False
user_server_007_1532,server_007,jasoncook,Nancy Wagner,9528,544babbc06,False,2026-01-02 18:42:44,2026-01-20 12:31:42,booster,260,219,False
user_server_007_7726,server_007,ryandodson,Jordan Ball,1537,302b7bffa1,False,2025-11-26 05:08:14,2026-03-07 21:45:30,admin,576,156,False
user_server_007_8395,server_007,vwilliams,Kevin Hanna,5757,bc613299df,False,2026-05-17 23:53:04,2026-05-30 17:02:53,,237,0,False
user_server_007_2100,server_007,mhickman,Tammy Davenport,6025,52e8fd0654,False,2026-04-05 20:59:49,2026-05-21 06:00:37,,304,139,False
user_server_007_8788,server_007,kevin03,Lauren Foster,2735,761e4e086c,False,2025-11-29 21:27:13,2026-04-23 15:53:38,booster,720,0,False
user_server_007_5752,server_007,billycrane,James Jordan,3869,c3d81357d9,False,2026-05-15 20:22:05,2026-05-30 19:17:25,,225,37,False
user_server_007_7960,server_007,amanda86,Sean Oconnor,9701,2f9840beb3,False,2026-04-11 10:23:01,2026-04-14 15:53:58,admin,229,0,False
user_server_007_2970,server_007,kayla07,Cindy Stanley MD,8978,e675d94261,False,2026-03-29 23:41:15,2026-05-15 21:16:06,moderator,355,0,False
user_server_007_1264,server_007,saraprice,Cassandra Douglas,8386,79aa847e76,False,2026-01-06 06:52:05,2026-03-28 23:08:40,,481,325,False
user_server_007_8712,server_007,pmiller,John Garcia,3362,c2e7f2d249,False,2026-04-12 09:42:56,2026-05-14 08:34:00,booster,303,0,False
user_server_007_1394,server_007,gary44,Taylor Harris,5159,b9a819ee4c,False,2025-12-31 18:02:52,2026-05-15 23:23:35,,685,158,False
user_server_007_7923,server_007,hubbardkeith,Miss Margaret Jones MD,1273,176adc5e33,False,2025-11-04 13:33:12,2026-03-02 02:45:58,moderator,595,108,False
user_server_007_3668,server_007,mckaycameron,Olivia Nelson,9467,8318d8b798,False,2026-04-17 00:23:21,2026-04-19 21:41:14,,224,20,False
user_server_007_2312,server_007,gmorgan,Penny Marshall,9283,208a5b5b3d,False,2025-11-01 19:35:19,2026-05-05 02:52:10,,719,415,False
user_server_007_4823,server_007,kristen51,James Lopez,7596,,False,2026-05-05 13:30:32,2026-05-11 09:19:00,,196,21,False
user_server_007_3584,server_007,jessica91,Carla Peterson DDS,0494,611591d16c,False,2025-10-29 09:59:36,2026-05-24 18:14:27,verified,912,311,False
user_server_007_5955,server_007,timothymiddleton,Amanda Castaneda,9855,edd23650ff,False,2026-05-23 01:09:52,2026-06-03 10:16:50,admin,222,0,False
user_server_007_2040,server_007,ggarcia,Jennifer Jackson,5570,cd3160420a,False,2026-03-15 09:33:05,2026-05-29 15:38:09,,423,413,False
user_server_007_9398,server_007,vayala,Vanessa Garner,4553,15bb5c7771,False,2025-10-27 19:55:38,2026-03-19 16:40:19,moderator,609,0,False
user_server_007_2829,server_007,dgrant,Marvin Gonzalez,6787,5de023f0da,False,2025-11-17 03:30:28,2026-01-13 02:49:58,verified,394,111,False
user_server_007_9645,server_007,klopez,William Peck,9501,da01b379d1,False,2025-10-29 05:22:32,2026-03-28 06:33:17,"verified,booster",644,284,False
user_server_007_3325,server_007,abrady,Shannon Miller,8372,,False,2025-11-16 04:13:14,2025-12-26 03:50:29,,295,0,False
user_server_007_5888,server_007,wheeleranna,Chad Snyder,0696,8286cca2ba,False,2026-04-19 08:11:11,2026-04-23 20:15:45,"admin,booster",213,0,False
user_server_007_2074,server_007,david05,Joshua Coleman,7442,,False,2025-11-08 03:07:20,2026-05-26 10:16:58,admin,867,0,False
user_server_007_9627,server_007,trevinobrian,Victor Taylor,5345,1f7bf54c7e,False,2025-12-30 08:54:27,2026-04-26 00:05:05,,636,0,False
user_server_007_8650,server_007,rkidd,Jason Jones,4515,,False,2025-11-03 12:41:51,2026-04-30 06:14:31,,786,375,False
user_server_007_2805,server_007,charles44,Alexander Mitchell,2809,c70a488350,False,2025-10-27 21:42:09,2026-04-10 04:11:01,,802,81,False
user_server_007_1930,server_007,kanesarah,Sarah Cox,2870,b73f321234,False,2025-12-17 11:42:56,2025-12-20 12:12:42,"verified,booster",210,54,False
user_server_007_5146,server_007,katrina51,Daniel Mcbride,5472,497d502106,False,2026-02-06 19:15:53,2026-04-02 07:00:24,booster,404,81,False
user_server_007_3336,server_007,larry88,Angela Marquez,4886,,True,2026-05-03 05:43:25,2026-06-15 22:17:17,verified,307,596,False
user_server_007_6967,server_007,rebecca41,Nicole Williams,4073,,False,2026-01-18 12:50:18,2026-04-07 17:25:33,verified,444,123,False
user_server_007_8354,server_007,vdavis,Anthony Jones,0012,,False,2026-02-07 11:05:13,2026-05-29 02:54:09,verified,544,78,False
user_server_007_4642,server_007,rodriguezthomas,Isaac Weaver,6961,a7cb0f2a48,False,2026-01-29 03:36:16,2026-04-12 01:14:50,,444,88,False
user_server_007_7555,server_007,christopherjackson,Laura Delacruz,4456,f110598517,False,2026-05-21 23:18:40,2026-06-12 07:30:00,verified,267,94,False
user_server_007_7052,server_007,ruizjessica,Oscar Short,4529,b45b039c36,False,2026-05-27 09:45:44,2026-05-30 23:19:13,,198,122,False
user_server_007_9666,server_007,veronicasmith,Denise Norton,6680,de711418c0,False,2025-12-25 04:37:24,2026-02-01 13:26:18,moderator,344,0,False
user_server_007_3853,server_007,travisyoung,Louis Price,2210,32e4fb50bd,False,2026-03-20 20:25:12,2026-05-16 07:21:33,,404,108,False
user_server_007_7288,server_007,max69,Kenneth Adams,6831,bbb9953669,False,2026-01-07 06:57:51,2026-05-04 17:41:11,booster,625,165,False
user_server_007_3528,server_007,mannjonathan,April Wilson,9633,be8ffbdb59,False,2026-06-05 02:39:12,2026-06-12 04:34:58,,208,10,False
user_server_007_9433,server_007,hayley92,Lauren Coffey,7602,b8d97720f9,False,2026-05-27 22:35:57,2026-06-02 23:02:22,,238,414,False
user_server_007_1800,server_007,halljohn,Benjamin Foster,8573,a05dc7a600,False,2026-01-07 19:02:31,2026-03-21 01:28:29,verified,426,76,False
user_server_007_3535,server_007,susan90,Michelle Greer,2065,76cc28089f,False,2026-01-30 23:44:59,2026-02-18 13:29:26,,288,0,False
user_server_007_2103,server_007,petersonsergio,Matthew Martinez,4996,e0b75a1945,False,2025-11-21 21:10:26,2026-03-14 08:22:30,,530,17,False
user_server_007_9121,server_007,hgray,Jill Harris,5265,,False,2025-11-09 03:59:19,2026-02-27 13:20:13,verified,637,62,False
user_server_007_7287,server_007,jamiegomez,Shannon Bates,4868,,False,2026-05-26 03:44:48,2026-06-06 13:35:11,,247,904,False
user_server_007_3992,server_007,rburns,David Hamilton,3826,53a81da8f8,False,2025-12-18 15:41:00,2026-02-14 07:06:41,booster,370,0,False
user_server_007_7564,server_007,goodmanalice,Brian Mitchell,2049,9d433c454e,False,2026-06-05 12:16:12,2026-06-11 09:23:05,verified,183,0,False
user_server_007_2395,server_007,ronaldsmith,Kendra Willis,7763,ee1a621962,True,2026-05-26 18:59:09,2026-06-15 14:36:17,,280,0,False
user_server_007_8869,server_007,shannonbarker,John Myers,2505,8241a97c3b,False,2025-10-28 03:15:25,2026-04-20 08:13:53,,744,67,False
user_server_007_6209,server_007,samuelanderson,Maria Cruz,3695,9896a19a48,False,2026-02-16 19:53:51,2026-02-18 03:15:00,verified,198,155,False
user_server_007_4218,server_007,danielgriffith,Melissa Nelson,2778,,False,2026-05-02 07:26:13,2026-06-03 08:56:50,"moderator,verified",268,21,False
user_server_007_1737,server_007,julie01,Stacey Allen,2402,71acc2b981,False,2026-03-11 19:58:53,2026-03-17 20:42:28,admin,215,202,False
user_server_007_4110,server_007,katherinebarnett,Lisa Lloyd,4886,7a58b97319,False,2026-06-10 19:02:24,2026-06-14 10:04:29,verified,224,89,False
user_server_007_1420,server_007,courtneymadden,Tyler Murphy,7273,a888d9cbfc,False,2026-02-24 15:30:55,2026-04-19 01:23:44,,337,305,False
user_server_007_8707,server_007,abradley,Mr. Nicholas Le,6775,9fb58b5c6a,False,2025-12-16 00:39:41,2026-05-15 09:56:18,,644,133,False
user_server_007_2471,server_007,brenda69,Heather James,7918,7f0325efa3,False,2025-11-23 17:51:23,2026-05-25 17:55:01,,830,173,False
user_server_007_5190,server_007,markhodge,Peter Patel,0606,0540a1c08e,False,2025-12-30 16:52:13,2026-04-14 05:07:27,"admin,booster",552,0,False
user_server_007_6258,server_007,bbernard,Ashley Huang,7403,ab0937ea9f,True,2026-03-13 13:02:50,2026-05-01 22:49:54,,312,6,False
user_server_007_8746,server_007,harrisrobert,Angel Becker DVM,0044,,False,2026-03-28 10:48:05,2026-06-01 09:51:48,moderator,433,0,False
user_server_007_5073,server_007,ohiggins,Colleen Davis,9899,be0247ed55,False,2026-01-30 12:39:50,2026-02-01 23:23:27,,188,33,False
user_server_007_3626,server_007,rmartinez,Stacy Orozco,0653,3628822bff,False,2025-12-24 03:50:28,2026-01-27 18:21:53,,300,93,False
user_server_007_8287,server_007,cheryldavis,Kyle Francis,8751,b413482c93,False,2026-05-26 07:41:59,2026-06-08 18:49:33,booster,229,0,False
user_server_007_4385,server_007,bradleybarker,Mary Dominguez,3337,58edfca318,False,2026-02-28 23:47:10,2026-03-31 13:32:46,,294,11,False
user_server_007_1338,server_007,nmontoya,Stacy Garcia,8243,11583b6453,False,2026-04-07 04:57:55,2026-04-20 00:53:59,,219,196,False
user_server_007_3755,server_007,sandyramirez,Gregory Kelly,0672,9d8a359e04,True,2026-04-12 19:55:06,2026-05-30 03:36:02,,356,164,False
user_server_007_3379,server_007,anthonydavis,Alison Hill,6386,8fff5365b2,False,2025-12-02 00:58:59,2026-03-21 14:47:18,"admin,verified",521,0,False
user_server_007_2954,server_007,jimwilliams,Ronald Gonzalez,1825,0f9f0ae8f6,False,2026-05-23 15:37:36,2026-05-30 08:13:12,,211,47,False
user_server_007_8706,server_007,stanleyjeremiah,Bruce Barr,0114,b8e4347963,False,2026-02-18 17:27:56,2026-05-18 01:05:20,"moderator,verified",525,29,False
user_server_007_3254,server_007,mary62,Sandra Moore,3222,,False,2026-03-17 04:06:32,2026-05-25 05:15:02,,393,205,False
user_server_007_7901,server_007,xsmith,Christopher Cameron,7961,b7ad987f82,False,2026-02-16 09:36:19,2026-05-03 05:00:29,,468,55,False
user_server_007_6952,server_007,duranjason,Brian Perez,3802,de5906aadd,False,2025-12-17 10:12:48,2026-06-04 21:39:40,,824,0,False
user_server_007_8346,server_007,jennifer88,Tara Nolan,0097,4029c5cb78,False,2026-03-25 07:55:32,2026-04-01 11:35:41,moderator,194,103,False
user_server_007_8110,server_007,olivia29,Latoya Mckay,0137,0ddc4b9cd5,False,2026-03-31 21:36:28,2026-04-05 14:25:53,verified,238,0,False
user_server_007_1179,server_007,qramirez,Tammy Yates,3544,4346464031,False,2026-05-21 05:43:35,2026-05-25 11:56:21,,201,102,False
user_server_007_5297,server_007,richardbennett,Tammy Baxter,5553,,False,2025-12-30 02:25:27,2026-01-10 11:59:47,"moderator,booster",199,0,False
user_server_007_4058,server_007,hogandavid,Omar Ferguson,6429,,False,2026-04-23 17:30:27,2026-05-29 18:03:50,,289,86,False
user_server_007_5837,server_007,castroralph,Michelle Velasquez,5270,f62f9051bb,True,2026-05-22 05:26:28,2026-06-12 02:52:25,,282,0,False
user_server_007_5674,server_007,amberhall,Terry Romero,5396,5db4759d2d,False,2026-06-13 09:33:20,2026-06-16 06:51:53,,189,0,False
user_server_007_9673,server_007,allenandrea,Joshua Green,3462,cb5dd310c3,False,2026-05-31 13:03:39,2026-05-31 22:33:01,,195,320,False
user_server_007_3447,server_007,mariawilliams,Ryan Taylor DDS,2020,3e56739346,False,2026-02-13 23:01:19,2026-04-19 01:43:54,,431,91,False
user_server_007_3286,server_007,holmescolleen,Nathan Payne,5072,c87ccd2945,False,2026-02-26 08:25:06,2026-05-16 11:02:44,verified,414,0,False
user_server_007_3147,server_007,steven45,Ralph Deleon,3223,c505947c4d,False,2025-10-31 03:05:24,2026-02-23 05:06:39,,618,172,False
user_server_007_2111,server_007,royjennifer,Christopher Harmon,7228,e955ad12dd,False,2026-03-18 04:28:24,2026-05-06 02:48:12,admin,401,38,False
user_server_007_8209,server_007,millerjames,Annette Bowers,9372,,False,2025-12-01 01:46:19,2026-05-14 09:54:47,admin,728,0,False
user_server_007_7150,server_007,brian90,Virginia Edwards,4328,62186aaf10,False,2026-02-03 08:17:14,2026-04-03 00:44:39,,405,403,False
user_server_007_3017,server_007,karen42,Robert Burke,9382,010ffdf061,False,2025-12-03 18:09:22,2026-04-06 23:35:51,verified,545,0,False
user_server_007_4519,server_007,hmitchell,Angela Thompson,7039,cecd7f8efa,False,2026-05-18 20:02:27,2026-06-15 18:38:19,,304,186,False
user_server_007_8536,server_007,edwardstaylor,Julie Williams,6487,da55df3fdf,False,2026-05-30 02:29:27,2026-06-04 19:25:05,verified,199,0,False
user_server_007_2453,server_007,nina65,Ann Ramsey,8881,8d5c672418,False,2026-04-27 02:01:57,2026-05-01 20:37:15,,222,124,False
user_server_007_4555,server_007,richardhart,Chase Adams,3107,4dd0bae3b1,False,2025-12-04 23:52:06,2026-03-24 10:43:24,admin,521,0,False
user_server_007_1654,server_007,mike05,Christopher Ray,3048,139c5aed2d,False,2026-05-01 02:30:24,2026-05-11 10:19:18,,235,217,False
user_server_007_4061,server_007,weberbrian,Jason Chase,4231,,False,2026-03-01 04:06:42,2026-04-16 18:55:59,,381,25,False
user_server_007_1765,server_007,ymontgomery,Dr. Paula Benton DVM,2239,8da938eb43,False,2026-01-27 00:05:55,2026-05-27 18:35:35,,651,0,False
user_server_007_3870,server_007,calebadams,Bryan Myers,8458,a5c0e64dc2,False,2026-06-07 10:54:37,2026-06-08 14:16:00,moderator,180,0,False
user_server_007_8917,server_007,zamorarose,Deborah Quinn,5429,9975587d97,False,2026-02-19 08:52:49,2026-05-26 10:05:18,booster,535,527,False
user_server_007_8150,server_007,amywells,Danielle Lee,9312,79c833bffd,False,2026-03-03 12:55:38,2026-04-24 17:17:42,,322,178,False
user_server_007_5028,server_007,allisonbrown,Christopher Jones,3497,0e6f6fe1be,False,2026-01-13 09:42:40,2026-04-30 10:05:20,moderator,573,0,False
user_server_007_4338,server_007,jessica89,Mary Parker,1235,e89d970197,False,2026-04-13 00:31:02,2026-06-12 17:50:38,moderator,388,43,False
user_server_007_4396,server_007,sanchezrobert,Isabella Hardy,9150,b5ef969dbd,False,2025-11-09 04:07:16,2026-04-12 21:43:06,,766,0,False
user_server_007_2389,server_007,daltonyu,Joel Williams,0615,f082233398,False,2025-11-09 11:25:19,2026-03-19 14:23:22,,668,46,False
user_server_007_7010,server_007,wmoore,Dylan Marks,8295,,False,2026-02-19 14:22:04,2026-03-02 00:22:30,moderator,236,113,False
user_server_007_1225,server_007,richardperez,Gina Vega,0655,30da64ded4,False,2025-12-19 13:00:25,2026-03-01 15:09:30,admin,402,606,False
user_server_007_5298,server_007,barnettterry,Ricky Roy,6744,851540f43f,False,2026-05-12 11:35:24,2026-06-13 15:17:42,,294,0,False
user_server_007_8936,server_007,ingramjessica,Justin Mason,9409,1c7f4c5f75,False,2026-04-18 23:18:59,2026-05-14 22:05:26,verified,310,17,False
user_server_007_6160,server_007,martin27,Melissa Nunez,5137,,False,2026-06-16 08:35:21,2026-06-16 08:45:54,verified,210,0,False
user_server_007_4644,server_007,benjamin04,Thomas Clark,9674,5e0e63c8fe,False,2026-01-15 15:44:57,2026-02-12 09:48:57,"verified,booster",308,132,False
user_server_007_2222,server_007,james84,Sophia Martinez,1709,874b080a2f,False,2025-12-16 20:09:20,2026-01-05 10:07:26,,279,0,False
user_server_007_8158,server_007,lindadavis,Jordan Owens,2676,,False,2026-03-07 21:07:09,2026-04-21 03:34:32,"admin,verified",343,0,False
user_server_007_3647,server_007,stephenscatherine,Kevin Mccoy,5587,22c0311561,False,2026-06-13 19:16:22,2026-06-15 09:56:34,verified,197,330,False
user_server_007_3109,server_007,dennisschneider,Mrs. Jennifer Johnson MD,3359,ed71feec5e,False,2026-05-10 19:07:47,2026-06-13 14:07:31,,300,222,False
user_server_007_7298,server_007,uchang,Anna Yu DVM,1262,a06b0f6d93,False,2026-05-02 15:59:03,2026-05-05 11:20:09,verified,196,0,False
user_server_007_5440,server_007,smithjack,Yolanda Johnson,6412,,False,2026-02-03 06:01:46,2026-05-26 00:12:53,,646,172,False
user_server_007_9873,server_007,cookrobert,Sara Warren,3955,daf894b446,False,2026-05-15 04:26:11,2026-06-04 23:32:12,booster,274,192,False
user_server_007_3305,server_007,ocook,Deborah Campbell,6835,,False,2026-04-17 18:57:25,2026-05-02 18:11:17,moderator,246,89,False
user_server_007_5551,server_007,hornerebecca,Sonya Frazier,5415,6eaf7390df,False,2025-10-29 22:25:11,2025-12-07 08:45:38,,287,602,False
user_server_007_3820,server_007,dennis01,Benjamin Martinez,4174,a26c49acc8,False,2026-03-30 20:33:29,2026-05-01 03:58:34,,297,0,False
user_server_007_3175,server_007,daniel43,Joseph Cooper,4770,850a5415d6,False,2025-10-29 17:11:46,2025-11-19 00:41:47,,225,252,False
user_server_007_5260,server_007,katherinerussell,Nathan David,1125,90323e3e7a,False,2026-04-06 02:51:46,2026-05-13 06:25:09,moderator,324,55,False
user_server_007_9755,server_007,charleshayes,Jason Davis,6976,,True,2026-04-28 11:36:20,2026-05-27 05:34:58,verified,309,42,False
user_server_007_1746,server_007,dominguezmeredith,Joseph Russell,4887,3818573480,False,2026-02-27 15:55:23,2026-05-29 22:03:28,,498,0,False
user_server_007_1794,server_007,crystal53,James Graham DDS,8856,63e111bbda,False,2026-01-17 10:50:39,2026-04-27 00:10:26,"admin,verified",500,210,False
user_server_007_2084,server_007,wilsondavid,Alicia Williams,9951,ae24a23ba6,False,2025-11-07 20:40:53,2026-02-23 19:36:53,verified,598,15,False
user_server_007_6940,server_007,meyerjames,Stephen Davis,6377,7650753455,False,2026-06-07 16:44:00,2026-06-13 14:34:34,booster,220,1,False
user_server_007_9063,server_007,hughesgail,Todd Lewis,4901,cb4a2e0cd2,False,2026-02-20 02:36:19,2026-04-22 19:32:08,,405,168,False
user_server_007_6517,server_007,jonathanpeterson,Jeffrey Pierce,9576,429a015c67,False,2025-11-01 13:21:01,2026-06-12 02:26:28,,1052,155,False
user_server_007_1725,server_007,washingtonmelanie,Justin Barrera,3821,7a51b7ad5c,False,2025-11-13 14:15:36,2026-01-07 02:28:15,moderator,376,223,False
user_server_007_6114,server_007,kelly01,Steven Smith,2516,,False,2026-05-21 01:28:46,2026-05-27 20:29:19,"verified,booster",190,0,False
user_server_007_2862,server_007,vdeleon,John Estrada,5058,,False,2026-04-15 22:37:56,2026-05-30 14:07:42,,327,121,False
user_server_007_6242,server_007,ricklewis,Lisa Martinez,8519,9d4ca47e2f,False,2026-02-07 20:49:26,2026-05-20 08:41:35,booster,544,35,False
user_server_007_8034,server_007,shannon09,Katie Kaiser,0510,64ccbf65b4,False,2026-02-11 10:05:53,2026-03-04 00:11:33,verified,266,218,False
user_server_007_9459,server_007,prattjustin,Alan Cowan,3437,,False,2026-05-28 03:01:21,2026-06-06 06:29:30,moderator,221,486,False
user_server_007_2416,server_007,brandi26,Michelle Hanson,6087,,True,2026-01-09 19:18:40,2026-05-25 16:35:12,verified,607,270,False
user_server_007_6568,server_007,kwang,Sheila Douglas,9226,7994afde79,False,2025-12-01 03:16:53,2026-06-01 04:14:45,,887,151,False
user_server_007_8762,server_007,hdavis,Joseph Diaz,1950,a5e28524cf,False,2026-06-14 15:13:56,2026-06-14 16:56:11,booster,198,162,False
user_server_007_1588,server_007,dylancunningham,Raymond Clay,7019,795ccb8959,False,2026-06-09 00:33:52,2026-06-09 08:25:17,,210,0,False
user_server_007_8635,server_007,stephaniezamora,Ryan Roman,7317,abfea2527f,False,2026-05-25 14:35:36,2026-06-09 20:14:51,admin,253,106,False
user_server_007_9923,server_007,kimberlyjordan,Toni Brown,8860,21ece414a3,False,2025-11-23 11:24:53,2026-05-15 08:42:00,,815,0,False
user_server_007_1951,server_007,branchthomas,Bruce Gallagher,9139,ffe7753aad,False,2026-04-20 18:20:39,2026-05-11 03:59:05,admin,266,116,False
user_server_007_4364,server_007,maygordon,Justin Vang,8603,,False,2026-03-27 18:04:47,2026-04-13 00:43:42,,274,0,False
user_server_007_1456,server_007,abigailrobinson,Lindsey Cox,5467,604233d380,False,2025-11-02 14:49:40,2026-05-07 15:18:25,booster,901,413,False
user_server_007_2610,server_007,dianehoffman,Robert Mitchell,8368,fdcf909d29,False,2026-05-27 10:07:14,2026-05-29 20:14:23,,199,143,False
user_server_007_2940,server_007,susan12,Kylie Hamilton,0771,72ec73a047,True,2025-11-06 08:51:13,2026-05-15 01:34:40,,950,0,False
user_server_007_5503,server_007,richardhines,Bridget Guerrero,8378,fc7945a370,False,2026-05-01 21:03:06,2026-06-08 17:02:37,,313,100,False
user_server_007_9372,server_007,wberry,Benjamin Calderon,6779,f7fa423231,False,2026-02-22 00:52:25,2026-05-21 05:13:58,,458,97,False
user_server_007_2663,server_007,gstokes,Melissa Thomas,2798,e031ac0c0b,False,2026-01-22 13:11:04,2026-02-28 15:21:01,moderator,362,140,False
user_server_007_1536,server_007,ashley14,Paula Ross,5856,,False,2026-01-19 17:27:37,2026-02-08 04:11:35,moderator,225,0,False
user_server_007_5315,server_007,johnhogan,Jordan Garrett,0732,ce92ff4285,False,2026-04-30 20:45:26,2026-05-30 20:37:29,verified,292,589,False
user_server_007_1842,server_007,wallfrank,April Contreras,1677,66f9c355a7,False,2026-05-23 18:14:47,2026-05-28 20:08:07,"admin,verified",229,178,False
user_server_007_9746,server_007,ysolomon,Anthony Bass,9858,,False,2026-03-01 09:10:58,2026-03-10 22:33:45,,251,0,False
user_server_007_5957,server_007,egordon,Corey Salazar,4374,b1e016a084,False,2026-04-15 02:59:06,2026-05-28 20:20:23,verified,363,160,False
user_server_007_7934,server_007,williamscarl,Lisa Ramirez,7000,1a5bba4c3a,False,2026-02-06 08:28:17,2026-04-27 08:35:39,,419,150,False
user_server_007_4412,server_007,hodgemanuel,Raymond Roy,1950,0ca03fdcfd,False,2025-11-21 20:11:47,2026-05-08 14:47:16,verified,718,256,False
user_server_007_4826,server_007,omay,Nicholas Walker,1711,c0d89dd533,False,2026-03-18 05:12:35,2026-05-01 04:47:24,,346,132,False
user_server_007_5985,server_007,huangscott,Jeanette Brown,2681,86ae5c7de6,True,2026-01-15 23:34:48,2026-06-02 23:32:38,moderator,564,0,False
user_server_007_5166,server_007,jessicahines,Carlos Taylor,8807,44d8944f0d,False,2026-01-03 00:57:00,2026-03-02 07:27:06,verified,387,474,False
user_server_007_5171,server_007,reesetravis,Kara Cruz,6369,,False,2026-03-27 03:40:33,2026-03-29 11:31:14,,192,0,False
user_server_007_2882,server_007,hendrixariana,Andrea Strickland,6958,,False,2026-06-06 07:36:11,2026-06-10 15:30:36,,209,0,False
user_server_007_2176,server_007,sandersalexandria,Andrea Lee,4696,19d8fa06f7,False,2025-11-01 03:43:26,2026-01-02 21:35:25,admin,394,0,False
user_server_007_4332,server_007,christopheranderson,Heather Arias,7976,c2c4e3fbf8,False,2026-02-20 12:11:05,2026-04-14 14:35:19,,357,0,False
user_server_007_4954,server_007,irodriguez,Julie Harris,3297,b57d3f8346,False,2025-12-15 22:42:38,2026-04-09 19:15:35,verified,493,0,False
user_server_007_7299,server_007,erikamiller,James Robinson,3066,,False,2025-12-24 22:01:44,2026-03-17 09:31:06,,501,347,False
user_server_007_2277,server_007,gyoung,Emily Mcdonald,0024,,False,2026-04-06 11:11:08,2026-05-13 01:55:09,,321,150,False
user_server_007_3097,server_007,nicholas33,Steven Gardner,2189,36134694b7,False,2026-03-29 03:09:57,2026-04-21 11:35:43,verified,250,131,False
user_server_007_8171,server_007,barbergary,Amber Lin,6936,631eec1024,False,2026-02-08 09:30:03,2026-06-07 13:38:11,admin,611,43,False
user_server_007_2182,server_007,dudleycody,Zachary Young,5364,,False,2026-05-04 15:55:22,2026-05-22 01:07:12,admin,256,96,False
user_server_007_6741,server_007,evelyncollier,Joseph Pennington,1026,94ee81f196,False,2026-04-01 19:14:15,2026-04-13 11:33:04,"admin,verified",233,185,False
user_server_007_7287,server_007,kcontreras,Angela Flowers,4035,a677b18e48,False,2026-03-16 01:26:01,2026-04-27 05:22:54,booster,324,0,False
user_server_007_6486,server_007,lshannon,Catherine Fuller,5832,94ab95259b,False,2026-01-19 18:59:49,2026-02-01 16:50:11,,218,0,False
user_server_007_1736,server_007,ijackson,Ronald Mueller,0431,19c135b992,False,2026-01-06 00:19:19,2026-04-10 09:05:42,,544,16,False
user_server_007_4412,server_007,bhall,Crystal Carson,4441,adfe3653df,True,2026-05-27 17:06:50,2026-06-04 13:29:39,,222,17,False
user_server_007_5926,server_007,charlesgregory,Emily Johnson,7681,bf24fd9c4a,False,2026-02-03 09:45:33,2026-05-21 01:48:22,,592,493,False
user_server_007_8900,server_007,bmoyer,Michael Stephens DDS,4790,3e56430ab2,False,2025-11-21 17:30:11,2026-02-27 20:45:11,,571,0,False
user_server_007_6190,server_007,chavezisabel,Todd Young,3500,,False,2026-03-14 22:25:07,2026-03-23 22:38:47,,248,142,False
user_server_007_2552,server_007,zholmes,Ricky Diaz,8418,,True,2025-10-30 04:38:52,2026-02-19 15:06:24,,538,259,False
user_server_007_4984,server_007,bennettdouglas,Carolyn Walker,1405,572c1337f6,False,2026-03-21 07:04:16,2026-05-09 00:55:43,admin,338,314,False
user_server_007_2702,server_007,christopherlong,Holly Waters,0242,dcf1eafb97,False,2026-03-02 02:35:51,2026-03-19 23:48:39,booster,238,1308,False
user_server_007_3111,server_007,rgiles,Keith Oconnor,5417,61bf0ff6b3,False,2026-05-28 04:28:51,2026-06-08 06:10:57,,229,161,False
user_server_007_4242,server_007,charlesduncan,James Bryant,4004,a39bd88afd,False,2026-04-02 22:38:51,2026-06-04 07:20:58,moderator,384,438,False
user_server_007_1888,server_007,grantamanda,Cynthia Hanson,3031,98a645c7c1,False,2026-03-20 15:20:09,2026-04-15 04:49:04,"moderator,verified,booster",280,41,False
user_server_007_3755,server_007,bentondavid,Sarah Yates,4723,7b1b1bdbc6,False,2026-03-06 06:01:54,2026-05-10 07:53:03,admin,395,0,False
user_server_007_3321,server_007,eileendaniels,Linda Holt,0312,,False,2025-12-25 15:10:41,2025-12-30 22:26:41,"moderator,verified",191,139,False
user_server_007_1612,server_007,deborah49,Nicolas Hunt,0516,7463016896,False,2026-04-09 21:11:46,2026-05-04 03:23:09,"moderator,verified,booster",256,0,False
user_server_007_1759,server_007,campbellshannon,Judith Patrick,1237,,False,2026-06-12 01:35:21,2026-06-12 20:35:36,"verified,booster",193,0,False
user_server_007_9470,server_007,dominguezscott,Christopher Woodard,6206,a89fa944fc,False,2026-05-22 12:19:43,2026-06-06 09:42:54,moderator,250,0,False
user_server_007_6460,server_007,iwoods,Mary Johnson,2068,1a0fe7d923,False,2026-01-18 10:17:59,2026-02-18 04:08:32,,316,0,False
user_server_007_9388,server_007,omar19,Mark Mcpherson,7045,e093f6bb49,False,2026-03-31 07:05:45,2026-04-29 06:25:14,booster,284,0,False
user_server_007_4973,server_007,jcruz,Laura Kim,4533,5be30f7de1,False,2025-11-17 05:25:16,2026-04-04 17:15:36,,623,40,False
user_server_007_3909,server_007,maryanderson,Christina Gamble,6285,80266d99f3,False,2026-03-16 01:40:57,2026-04-02 06:55:50,booster,260,88,False
user_server_007_9370,server_007,erin06,Melanie Sparks,0992,30abeaf998,False,2026-03-05 04:37:58,2026-03-18 01:46:46,verified,249,97,False
user_server_007_7076,server_007,nicole56,Manuel Jennings,2609,a1774ebc3a,False,2026-02-20 14:55:44,2026-03-13 01:19:09,verified,262,1,False
user_server_007_7680,server_007,nunezgary,Casey Francis,2085,5d58293966,False,2026-02-09 05:21:15,2026-04-26 16:37:34,verified,396,16,False
user_server_007_7361,server_007,john86,James Taylor,8091,d0436f8f35,False,2026-06-07 23:32:26,2026-06-14 16:09:37,"moderator,verified",209,0,False
user_server_007_4219,server_007,jacob32,Nancy Bradford,8962,34b29c8c2b,False,2025-12-06 03:47:41,2026-02-09 22:30:22,,422,569,False
user_server_007_1428,server_007,michellelee,Tammy Michael,6765,8eb39a6305,False,2026-01-17 14:01:46,2026-05-25 14:49:00,,658,221,False
user_server_007_9951,server_007,josecohen,Chelsea Juarez,1264,f2b4fb5801,False,2026-05-24 03:36:49,2026-05-27 17:18:51,,205,10,False
user_server_007_4223,server_007,vthompson,Wayne Jackson,7567,,False,2026-01-22 06:49:05,2026-06-02 03:00:14,admin,589,0,False
user_server_007_1066,server_007,mirandawalker,Rachael Wood,1563,78d9cdab04,False,2026-05-08 02:41:47,2026-06-16 06:13:26,moderator,326,96,False
user_server_007_5507,server_007,castropeter,Trevor Burns,9401,695cfd868c,False,2026-05-02 05:40:54,2026-05-29 03:00:38,admin,311,0,False
user_server_007_4013,server_007,jherring,Leonard Avila,5297,1de4935df7,False,2025-12-13 15:00:57,2026-02-07 01:25:32,,364,58,False
user_server_007_4133,server_007,mallory30,Mark Wilson,9795,,False,2026-06-08 14:08:08,2026-06-16 06:27:43,,250,0,False
user_server_007_9284,server_007,housedaniel,Mr. Anthony Boyd,1309,155fa1e593,False,2026-06-11 06:41:50,2026-06-16 04:09:21,moderator,214,0,False
user_server_007_1419,server_007,josephjohnson,Christine Parker,6745,05e2170d47,False,2026-04-05 16:30:03,2026-06-12 21:28:53,verified,413,148,False
user_server_007_1451,server_007,urodriguez,Daniel Thompson,1861,d96fb2606c,False,2026-01-19 21:28:19,2026-03-24 17:01:45,"moderator,booster",368,153,False
user_server_007_5459,server_007,lisaalvarez,Kelly Allen,4454,b6c83b0724,False,2026-06-04 12:35:03,2026-06-11 19:49:19,verified,254,407,False
user_server_007_1746,server_007,brandon94,Brittany Lin,9229,1534c010b7,False,2026-04-07 21:10:06,2026-05-24 16:22:56,booster,374,7,False
user_server_007_5113,server_007,stephanie10,Cassandra Reyes,8919,,False,2025-11-30 11:16:34,2025-12-24 13:52:10,"verified,booster",250,44,False
user_server_007_6104,server_007,hortonalexandra,Lisa Conley,2646,5519160361,False,2026-02-13 22:25:19,2026-06-06 05:41:26,booster,559,0,False
user_server_007_2185,server_007,nelsondavid,Kelsey Gates,9866,,False,2026-05-20 17:56:09,2026-06-10 00:02:34,booster,280,0,False
user_server_007_5278,server_007,richard25,Susan Parsons,2554,206733df5b,False,2025-12-13 10:25:41,2026-05-26 15:21:33,,731,0,False
user_server_007_2633,server_007,michelle98,Paul Ryan,3365,24b10b4343,False,2026-01-11 18:01:34,2026-01-26 06:05:36,,249,37,False
user_server_007_9118,server_007,devonmccarthy,Victoria Barry,1900,35b0850af9,False,2025-11-27 01:30:07,2026-04-01 20:42:22,"admin,booster",659,0,False
user_server_007_1070,server_007,jessica65,Emily Marquez,2647,2c3cbe4838,False,2025-12-04 00:33:42,2026-04-03 04:43:27,,606,106,False
user_server_007_3239,server_007,waynetorres,Barbara Miller,7939,3ea406bb9c,False,2025-11-30 08:03:04,2026-03-22 16:47:06,,521,0,False
user_server_007_2175,server_007,anthony00,Robert Watson,3913,5e855cf9b0,False,2026-01-17 19:50:53,2026-04-12 12:24:24,verified,482,82,False
user_server_007_5690,server_007,charlesyoung,Samantha Esparza,2774,4f075441f7,False,2025-11-10 14:58:26,2026-05-23 12:56:45,,936,0,False
user_server_007_4568,server_007,miranda13,Gerald Johnson,5431,,False,2026-03-11 08:13:49,2026-04-07 21:54:08,"admin,verified",255,282,False
user_server_007_6294,server_007,cynthiasimmons,Melanie Campbell,2875,912c3e1460,False,2026-04-13 08:24:26,2026-05-01 08:45:39,booster,276,450,False
owner_008,server_008,ncruz,Katherine Porter DVM,5109,7089a29ee4,False,2025-02-11 21:27:07,2025-04-11 04:31:07,"admin,moderator",116,1138,True
user_server_008_5520,server_008,rodneynolan,Michelle Carter,8529,8d1a315319,False,2025-11-21 01:33:33,2026-03-10 23:16:13,,535,457,False
user_server_008_1501,server_008,andersonmeghan,Dr. Tamara Roberts,6049,,False,2026-01-08 17:09:15,2026-03-25 12:40:28,,497,391,False
user_server_008_9271,server_008,foxlinda,Joshua Velasquez,4853,7852014da8,False,2025-11-03 13:10:39,2026-04-20 14:06:08,verified,672,77,False
user_server_008_6924,server_008,marymartinez,Sherry Brewer,6637,57f06c4fbb,False,2025-07-04 23:46:27,2025-12-26 01:48:43,"admin,verified",721,0,False
user_server_008_5496,server_008,brownjoanna,Kelly Perry,1822,2457c50fa0,True,2025-02-18 02:29:19,2026-02-23 03:25:56,"admin,verified",1411,0,False
user_server_008_2681,server_008,jenniferford,Christopher Ruiz,0084,,False,2025-12-02 13:14:40,2026-05-15 01:03:21,,713,70,False
user_server_008_2643,server_008,ortegagregory,Gregory Marshall,7960,,False,2025-12-28 18:53:36,2026-03-18 05:48:04,"admin,verified",470,0,False
user_server_008_3643,server_008,julie58,Karen Gray,2293,fcf9e7527f,False,2026-02-13 06:48:29,2026-05-03 10:33:57,moderator,449,447,False
user_server_008_9618,server_008,nguyenchristine,Patricia Santiago,3155,462e2520b0,False,2025-07-02 11:11:16,2025-09-08 10:12:20,,446,272,False
user_server_008_2897,server_008,jessicalong,Catherine Gonzales,3738,91f7730dab,True,2026-05-20 10:17:31,2026-06-03 20:30:31,moderator,225,84,False
user_server_008_4182,server_008,dthompson,Christina Cobb,5221,2aecec6a3b,False,2025-05-12 13:48:17,2025-11-19 20:41:52,admin,895,13,False
user_server_008_8154,server_008,suehowe,Christopher Ray,4739,,False,2025-06-04 23:59:06,2025-08-07 23:23:54,moderator,373,200,False
user_server_008_1478,server_008,joycekeith,Morgan Lloyd,2091,c42ab74f1b,False,2025-11-18 00:51:32,2026-05-27 02:09:54,admin,787,0,False
user_server_008_4974,server_008,bowmanjoel,Cynthia Jackson,4936,,False,2025-04-09 10:19:01,2025-04-27 20:40:09,,261,53,False
user_server_008_3111,server_008,jacqueline39,Kimberly Flores,9021,,False,2025-05-20 22:52:44,2025-08-03 05:07:16,,486,0,False
user_server_008_1408,server_008,joseph17,Julie Manning,3724,04830426ae,False,2026-03-14 23:24:40,2026-05-19 10:15:31,"moderator,verified",433,93,False
user_server_008_4924,server_008,lindseyroberts,Laura Green,6594,3096ceddb7,False,2025-05-12 12:49:33,2025-09-02 20:45:58,,559,0,False
user_server_008_1341,server_008,ucarr,Steven Munoz,8924,c148023ca6,False,2025-10-27 17:08:39,2026-05-30 07:16:46,,794,0,False
user_server_008_3510,server_008,ksmith,Benjamin Brown,8516,a21b716c43,False,2025-02-12 09:48:19,2026-01-03 22:25:48,,1199,325,False
user_server_008_4826,server_008,fwolf,Cindy Zimmerman,7411,c8a9cb7307,False,2025-02-23 08:50:04,2025-12-13 09:30:40,admin,1188,216,False
user_server_008_2132,server_008,bethanygrant,Dana Hernandez,4896,b2f3b271ab,False,2025-03-17 11:20:29,2025-05-20 22:28:05,,400,69,False
user_server_008_7528,server_008,taylormichael,Molly Brown,2633,294898f434,False,2025-05-31 15:29:28,2025-10-17 13:37:49,"admin,verified",669,95,False
user_server_008_1149,server_008,warejoseph,Lisa Case,8708,bed78fde3a,False,2025-09-29 14:50:09,2026-01-12 05:23:24,,524,0,False
user_server_008_8444,server_008,nbailey,Miranda Johns,2064,5df094a488,False,2025-06-01 06:52:25,2026-05-17 04:22:29,,1376,467,False
user_server_008_5616,server_008,jack86,Rebecca Nielsen,9583,26a305dd89,False,2025-11-04 12:56:36,2026-02-08 07:25:36,moderator,459,246,False
user_server_008_4488,server_008,harrisjoshua,Thomas Brewer,3631,812734876f,True,2026-03-06 11:15:14,2026-05-19 00:41:59,verified,476,107,False
user_server_008_3282,server_008,daniel15,Carla Clark,8607,6c4a19a4ed,False,2025-11-01 09:03:22,2026-02-22 10:27:36,,510,0,False
user_server_008_8251,server_008,johnsonedward,Peggy Blair,2587,,False,2025-02-27 15:02:50,2025-06-16 05:30:28,,526,0,False
user_server_008_3897,server_008,elizabeth14,Donald Parrish,1953,fe9409e652,False,2025-06-13 19:39:54,2026-02-01 22:17:45,,1035,0,False
user_server_008_4625,server_008,salazarjames,Jason Harrison,2067,b7cd879910,False,2025-06-28 16:03:43,2026-06-13 03:14:42,booster,1465,181,False
user_server_008_6870,server_008,hdavis,Anthony Hernandez,0124,,False,2025-07-29 05:42:33,2025-09-14 06:32:10,,315,0,False
user_server_008_8982,server_008,darrellmoore,Tammy Choi,1388,6bf0f8149d,False,2025-04-26 20:28:30,2025-06-03 17:13:16,,345,0,False
user_server_008_6578,server_008,brianobrien,Ann Rodriguez,6169,c76ea7ba04,False,2025-02-28 17:34:32,2025-07-21 11:59:19,booster,632,84,False
user_server_008_3336,server_008,robinwilliams,Amanda Taylor,3717,,False,2026-03-01 05:16:23,2026-03-13 15:29:22,,220,575,False
user_server_008_9756,server_008,dorothy87,Christina Dean,1236,40097e2f8f,False,2025-11-06 04:28:33,2026-01-29 12:52:54,,547,24,False
user_server_008_6779,server_008,carterjames,Daniel Smith,3208,14b3d3c8e8,False,2026-01-20 12:00:19,2026-06-12 00:18:21,moderator,683,129,False
user_server_008_1957,server_008,kimberly12,Diane Garcia,5645,,False,2025-05-03 23:47:50,2025-07-05 08:18:52,,398,163,False
user_server_008_6261,server_008,andrew86,Brenda Rogers,7811,93bee76aef,False,2026-01-02 15:13:24,2026-01-15 14:59:00,"moderator,verified",230,0,False
user_server_008_8238,server_008,tina29,Carl Larsen,0393,48a07a9707,False,2025-04-10 12:15:02,2025-05-27 00:23:05,,349,169,False
user_server_008_3544,server_008,virginia56,Andrea Harmon,1173,a730ff62d1,False,2026-01-10 00:05:01,2026-02-18 17:06:44,moderator,315,35,False
user_server_008_5686,server_008,jennifercarroll,Richard Silva,2494,151334cc9b,False,2026-03-20 07:36:50,2026-05-29 06:24:40,booster,410,0,False
user_server_008_9812,server_008,perezshawn,Connor Mcconnell,9250,257cc9f0ca,False,2025-03-14 23:53:46,2025-04-06 10:58:00,,256,0,False
user_server_008_9228,server_008,paul23,Deanna Jones,6227,ade76f37b3,False,2025-08-19 20:42:03,2026-05-19 21:29:57,,1071,0,False
user_server_008_7762,server_008,anthonybranch,Jenny Cox,5611,0fa8e1d974,False,2026-02-18 17:57:25,2026-06-02 16:58:27,verified,592,36,False
user_server_008_1496,server_008,angelaramirez,Manuel Ramos,6354,be442e9454,False,2025-11-03 14:55:53,2026-01-24 07:09:22,moderator,462,0,False
user_server_008_7042,server_008,reynoldsmichelle,Darren Martinez,1042,6e474ecfb9,False,2026-01-10 07:23:46,2026-03-27 14:31:58,,476,907,False
user_server_008_6987,server_008,petersonjose,Samantha Cohen,6426,e6c35100ff,False,2025-09-17 02:30:11,2026-01-17 19:06:56,verified,515,131,False
user_server_008_3698,server_008,jacquelinedelacruz,Anthony Smith,4565,01d2593b15,False,2026-06-03 11:41:34,2026-06-14 21:03:27,verified,236,261,False
user_server_008_3123,server_008,kfrye,Margaret Richardson,9297,5581bca62c,True,2025-11-24 10:09:52,2026-01-10 03:34:11,"moderator,verified",378,159,False
user_server_008_7846,server_008,cindy57,Paula Bailey,8064,,False,2025-10-29 03:59:16,2025-12-10 19:55:49,,365,101,False
user_server_008_3268,server_008,ronald23,Ryan Taylor,1195,,False,2025-10-18 02:47:35,2025-10-26 13:50:35,,217,0,False
user_server_008_9084,server_008,steven01,Anthony Wilson,7560,a47fd73a6d,False,2026-01-17 09:19:47,2026-05-24 21:58:29,"admin,verified,booster",598,149,False
user_server_008_7120,server_008,williamsanthony,Rebecca Spencer,1904,bbc2f3bfb6,False,2025-02-16 18:00:16,2025-09-27 13:43:57,,799,0,False
user_server_008_3359,server_008,fhill,Jeff Williams Jr.,3981,,True,2025-03-24 05:40:31,2026-03-15 17:13:31,verified,1296,113,False
user_server_008_7466,server_008,burnettelizabeth,Charles Johnson,7999,0aae6b8e07,False,2025-06-13 02:37:16,2026-03-09 09:43:19,,1167,111,False
user_server_008_9523,server_008,janet71,Andrew Chavez,6985,b59ae6068e,False,2025-02-21 00:30:04,2025-12-25 03:44:29,,1180,0,False
user_server_008_9486,server_008,vmarquez,Anthony Berg,4787,57305023c3,False,2025-05-30 07:53:30,2026-05-08 08:39:57,,1423,0,False
user_server_008_7928,server_008,travis36,Michael Johnson,7395,522b843f61,False,2025-12-10 00:40:16,2026-05-17 16:39:52,verified,723,53,False
user_server_008_2405,server_008,michaelvillarreal,Jillian Warner,3388,2137cfa336,False,2026-03-14 15:23:04,2026-03-30 19:05:27,,287,247,False
user_server_008_7069,server_008,hjohnson,Felicia Cooke,6869,c855af0f7f,False,2025-08-27 13:20:27,2026-04-20 03:09:56,booster,978,739,False
user_server_008_4525,server_008,catherinemoore,Teresa Weeks,6130,,False,2025-03-24 06:46:32,2025-06-20 14:45:22,booster,592,333,False
user_server_008_9693,server_008,bpreston,Angela Richards,0983,c67bee5b17,False,2025-02-12 14:29:52,2025-04-13 18:10:56,,372,0,False
user_server_008_2116,server_008,hollyalvarez,William Powell,1003,90836d640b,False,2026-03-25 20:04:41,2026-06-05 01:50:08,verified,451,0,False
user_server_008_4128,server_008,tammy90,Rebecca Williams,8559,757f82c670,False,2025-04-02 12:09:24,2025-12-29 05:59:24,,1248,0,False
user_server_008_1196,server_008,qmartinez,Paul Baker,1689,627374fb37,False,2026-03-18 22:42:34,2026-05-20 15:21:38,booster,406,468,False
user_server_008_2494,server_008,hooveranna,Michelle Horton,9964,,False,2025-10-16 16:56:57,2026-03-13 20:09:50,,637,193,False
user_server_008_2684,server_008,edwardselizabeth,Emily Jackson,7142,,False,2025-05-02 16:03:29,2026-03-13 02:02:52,,1390,25,False
user_server_008_7314,server_008,cheryl80,Elizabeth Greer,7185,ad5c984efc,False,2025-12-11 05:49:32,2026-03-03 15:10:31,verified,440,119,False
user_server_008_1460,server_008,hlogan,Margaret Wong MD,5453,b4bcb606ab,False,2026-03-23 19:29:29,2026-04-12 10:06:11,moderator,268,51,False
user_server_008_3456,server_008,cervantespatrick,Eileen Jenkins,8936,fa657f0834,False,2025-11-30 02:32:28,2026-02-11 17:39:36,moderator,469,79,False
user_server_008_7556,server_008,hernandeztodd,Karina Duncan,2326,,False,2025-08-16 20:28:44,2025-11-20 23:01:15,"verified,booster",533,480,False
user_server_008_7968,server_008,jesusthompson,Clayton Mclaughlin,7008,f6c9cd8ab2,False,2026-02-21 06:10:11,2026-04-27 08:05:13,admin,427,479,False
user_server_008_3581,server_008,brandi19,Adrian Dawson,7569,,False,2025-07-23 11:10:44,2025-07-25 03:15:43,moderator,238,152,False
user_server_008_2003,server_008,frederick62,John Robertson,2696,89edebde18,False,2026-01-11 21:11:10,2026-05-06 22:33:42,verified,560,39,False
user_server_008_1125,server_008,danieljenkins,Mary Hopkins,8768,7afc83178d,False,2025-11-26 18:14:51,2026-03-23 04:48:42,moderator,595,139,False
user_server_008_8926,server_008,cody81,Michael Potter,7784,a0baf8d1d3,False,2025-05-20 00:46:11,2025-05-26 05:23:33,,193,83,False
user_server_008_9256,server_008,hlester,Jeremy Johnson,6388,,False,2025-05-12 22:59:03,2025-08-14 20:10:30,"moderator,verified",553,42,False
user_server_008_5565,server_008,sarah80,Sarah Waller,2307,,False,2025-03-31 15:29:40,2025-04-07 08:11:07,"admin,verified",204,61,False
user_server_008_8324,server_008,tshannon,Caitlyn Martinez,7694,,False,2026-02-26 14:27:34,2026-04-09 15:55:05,,360,77,False
user_server_008_8118,server_008,alejandra39,Dr. Jacqueline Randolph,5732,c944cc3cbd,False,2026-01-09 16:54:36,2026-02-02 01:35:34,,275,536,False
user_server_008_4191,server_008,cainjordan,John Kennedy,4711,19d4cf6bb7,False,2026-01-31 12:05:38,2026-04-20 11:32:41,,430,0,False
user_server_008_7223,server_008,meganjames,Kyle Davis,5972,,False,2026-06-04 13:45:26,2026-06-13 05:33:00,"verified,booster",207,123,False
user_server_008_1217,server_008,villawilliam,Dr. Devin Martin DDS,7514,,False,2025-07-17 11:08:31,2026-04-13 04:53:15,,1069,453,False
user_server_008_2353,server_008,stevengoodwin,Yvonne Conrad,5386,,False,2026-02-18 08:30:20,2026-04-06 14:07:01,,381,77,False
user_server_008_3204,server_008,dbeck,Kevin Perez,6575,8cf5d0d25f,False,2025-03-17 22:59:28,2025-05-10 17:46:13,"moderator,verified",371,44,False
user_server_008_4330,server_008,tylerrodney,Andrew Lam,3615,b869372260,False,2025-07-24 04:16:51,2026-04-10 03:46:14,,1010,52,False
user_server_008_7601,server_008,tonycraig,Kristen Walker,7733,a5477fbbab,False,2025-07-22 16:30:35,2025-12-08 18:46:17,"admin,verified",709,131,False
user_server_008_5647,server_008,daniel79,Regina Santiago,3933,874b86bdaf,False,2025-12-07 11:15:36,2026-01-23 13:14:00,,351,0,False
user_server_008_6977,server_008,danielle96,Diane Bishop,2396,6fc6aae2f2,False,2025-07-23 04:40:19,2025-08-27 18:37:30,,294,0,False
user_server_008_3105,server_008,jenniferwalls,Derek Hunt,4752,,False,2025-12-14 00:37:14,2026-03-28 15:15:57,verified,522,95,False
user_server_008_1286,server_008,calvinsmith,Ashley Thomas,5236,,False,2025-06-01 14:32:50,2025-06-09 16:20:04,moderator,252,0,False
user_server_008_1934,server_008,bethany36,Joshua Smith,3246,534037917e,False,2025-11-01 08:44:43,2026-02-18 00:42:05,,548,9,False
user_server_008_1210,server_008,josephross,Crystal Williams,1464,58d1f71bb2,False,2026-01-04 17:53:32,2026-05-12 00:31:56,,582,0,False
user_server_008_2867,server_008,randall28,Kenneth Coleman,0058,72c46d3b25,False,2025-03-13 04:32:02,2026-06-13 22:29:43,verified,1766,103,False
user_server_008_2056,server_008,davischarles,Mrs. Stephanie Gamble MD,5490,d91f971abe,False,2026-03-31 20:57:20,2026-04-05 05:28:30,,219,203,False
user_server_008_8266,server_008,yolandamarks,Ashley Lewis,6834,bd24c143f4,False,2025-07-01 11:29:57,2026-03-01 04:51:32,,966,0,False
user_server_008_3246,server_008,petersontina,David Hawkins,7030,04e38f8d5c,False,2026-01-02 03:55:15,2026-03-19 15:39:56,"moderator,booster",446,589,False
user_server_008_6693,server_008,kimberly02,Tyler Christensen,3609,,False,2026-05-02 05:46:10,2026-05-16 22:54:22,,245,290,False
user_server_008_1137,server_008,hthomas,Jessica Santos,7088,f446f76ea5,False,2025-04-21 11:03:12,2025-05-19 16:24:10,,293,0,False
user_server_008_6053,server_008,joshua96,Arthur Campos,2292,10d07f31fd,False,2026-01-25 18:15:11,2026-05-25 21:45:42,"moderator,booster",642,223,False
user_server_008_8959,server_008,bartondavid,Joshua Mullins,6998,4ae1930f6a,False,2026-02-15 08:21:53,2026-05-05 14:40:36,moderator,386,288,False
user_server_008_4551,server_008,clinesteven,Anne Miller,6703,e42f2e6a33,False,2026-03-14 07:31:24,2026-05-01 09:30:54,moderator,327,428,False
user_server_008_3645,server_008,cobbmary,Tamara Sims,7534,b0946c4cdf,False,2026-03-27 10:08:34,2026-05-30 23:14:31,admin,411,0,False
user_server_008_4190,server_008,ijensen,Suzanne Hale,7332,732eb624d3,False,2025-06-15 07:50:52,2025-08-25 19:33:19,booster,423,0,False
user_server_008_9810,server_008,gcollins,Erik Stafford,9981,,False,2025-12-15 20:01:12,2026-05-23 11:37:21,,752,0,False
user_server_008_8868,server_008,murphybrianna,Regina Williams,7616,,False,2026-05-11 07:00:21,2026-05-23 00:46:00,moderator,276,102,False
user_server_008_9719,server_008,austinjennifer,Amy Mcdaniel,0403,fe4e7fe903,False,2026-05-26 11:03:48,2026-06-15 18:02:13,verified,310,70,False
user_server_008_4087,server_008,john60,Benjamin Miller,9366,,False,2025-09-25 20:23:06,2025-11-13 07:35:27,,325,89,False
user_server_008_2870,server_008,perezcaitlin,Kristi Foster,5052,ed77fceed9,False,2026-05-16 08:09:38,2026-06-02 10:49:44,"moderator,booster",265,0,False
user_server_008_9566,server_008,robertfletcher,Jose Green,7327,0dddad3c38,True,2025-11-19 08:06:59,2025-12-06 06:22:32,,235,12,False
user_server_008_1295,server_008,grayadrian,Matthew Armstrong,2023,,False,2025-11-10 10:06:35,2026-05-09 06:06:00,,780,114,False
user_server_008_1376,server_008,kennethmata,Anthony Knapp,6578,fe4a334b11,False,2025-11-02 21:33:41,2025-11-08 00:31:36,verified,228,295,False
user_server_008_1256,server_008,kristen89,Jonathan Williams,6298,,False,2025-06-07 19:23:29,2025-08-17 03:54:26,"verified,booster",353,0,False
user_server_008_7938,server_008,abaker,Tara Edwards,2275,72f352d58c,True,2026-03-06 01:41:46,2026-04-13 01:05:52,verified,324,360,False
user_server_008_6351,server_008,vavila,Alyssa Hayes,8107,ba1c711583,False,2026-01-28 09:01:54,2026-04-08 22:58:17,"verified,booster",468,112,False
user_server_008_9127,server_008,tami38,Alyssa Anderson,4189,,False,2025-09-15 02:46:25,2026-01-11 14:17:01,,590,6,False
user_server_008_2074,server_008,jonathan66,Sarah Lopez,4598,ba87caaf34,False,2026-03-01 18:38:48,2026-04-11 05:17:43,verified,384,54,False
user_server_008_5385,server_008,brian65,Hannah Schaefer,8301,,False,2026-04-14 07:03:06,2026-06-05 09:05:31,,378,0,False
user_server_008_7823,server_008,nealemma,Cody Thompson,8102,f421747de7,False,2025-08-08 11:37:37,2026-04-22 07:51:35,booster,1174,194,False
owner_009,server_009,epatterson,Kara Morales,4910,10757ea276,False,2025-06-28 01:41:35,2026-01-15 01:56:12,"admin,moderator",2665,1968,True
user_server_009_9321,server_009,pricedale,Michael Garcia,9977,f8beb81419,False,2025-08-26 23:28:36,2025-09-07 08:33:31,booster,192,0,False
user_server_009_5927,server_009,amanda86,Abigail Strong DDS,3995,cc53e032ac,False,2026-06-06 07:30:32,2026-06-14 04:57:52,,240,86,False
user_server_009_6006,server_009,folson,Bethany Baxter MD,5228,8be130a792,False,2026-02-14 22:43:24,2026-04-21 10:15:57,"admin,verified",406,0,False
user_server_009_1837,server_009,scott04,Zachary Ortiz,7501,,False,2026-04-03 23:23:33,2026-04-07 01:40:50,verified,198,0,False
user_server_009_9028,server_009,melissa61,Brian Martin,2324,074fa8210f,False,2026-04-18 12:14:25,2026-06-16 02:31:00,,371,65,False
user_server_009_1468,server_009,jeremy75,Gregory Chapman,1039,244cb362bc,False,2025-10-10 18:55:48,2026-06-14 08:57:52,,948,401,False
user_server_009_6627,server_009,murraymichael,Caroline Lucero,0379,d245dffb05,False,2025-11-11 10:46:47,2025-12-24 03:28:57,,321,88,False
user_server_009_4809,server_009,kylemartinez,Nicole Gordon,3666,8f8f975d19,False,2025-08-03 15:49:27,2025-12-02 16:37:48,moderator,636,339,False
user_server_009_6776,server_009,laura40,Tony Scott,9438,,False,2026-05-17 08:33:23,2026-06-02 09:44:49,"verified,booster",258,8,False
user_server_009_7230,server_009,justin75,Sheila Bruce,3001,72d0f18d89,False,2025-08-31 21:01:57,2026-02-03 15:36:07,verified,655,66,False
user_server_009_6710,server_009,sherylmoore,Jillian Carrillo,4793,3ace89f8ff,False,2026-03-23 18:40:30,2026-03-28 17:46:33,,216,0,False
user_server_009_6311,server_009,nfleming,Victoria Hayes,1536,,False,2026-02-28 11:37:16,2026-05-23 06:02:20,,471,61,False
user_server_009_7846,server_009,pduran,Maria Gregory,2223,2532738855,False,2025-10-24 07:14:46,2026-03-06 21:44:42,,636,217,False
user_server_009_2423,server_009,anthonydillon,Jamie Jackson,5201,8b3582823d,False,2025-08-08 21:05:48,2026-01-17 08:00:37,verified,784,207,False
user_server_009_3847,server_009,agomez,Amy Bradford,6951,,False,2025-12-09 10:00:06,2026-04-28 01:26:43,moderator,646,0,False
user_server_009_1970,server_009,crivers,Miguel Lee,6945,1913e64b1f,False,2025-08-13 02:27:24,2026-02-27 14:51:01,verified,855,0,False
user_server_009_2208,server_009,markgardner,Debra English,7140,8b53694f94,False,2026-05-17 06:54:02,2026-06-07 05:37:11,,268,132,False
user_server_009_3048,server_009,nicolesmith,Sharon French,6861,effa7dddb0,True,2025-10-26 18:13:46,2026-03-06 02:07:31,booster,633,324,False
user_server_009_9693,server_009,espinozarandy,Dustin Stein,0630,5867c3d9fd,False,2025-08-05 21:22:16,2025-10-12 04:06:59,,400,483,False
user_server_009_5878,server_009,vanessa44,Michael Ward,6000,,False,2025-08-02 04:45:44,2026-04-14 13:45:55,moderator,1207,226,False
user_server_009_7079,server_009,ronald83,Sherry Barker,7234,8b7b5f6307,False,2026-01-28 19:48:45,2026-03-03 22:39:12,verified,332,0,False
user_server_009_4179,server_009,shannonmueller,Martin Curtis,1393,d88ed40787,False,2026-02-19 19:53:33,2026-03-04 05:47:49,,244,137,False
user_server_009_1624,server_009,john91,Jesus Shaw,2568,9b7f381035,False,2026-03-06 07:12:28,2026-05-03 09:22:09,booster,359,90,False
user_server_009_8662,server_009,klara,Virginia Rose,9911,,False,2026-01-01 21:34:59,2026-01-24 22:46:33,"moderator,verified",272,15,False
user_server_009_2366,server_009,nicoleduran,Elizabeth Galloway,0877,5f6c060e85,False,2025-11-07 00:13:30,2025-12-01 22:54:13,"moderator,verified",280,170,False
user_server_009_2237,server_009,marygarcia,Melanie King,5279,10e6919ecf,False,2026-05-12 13:33:01,2026-06-11 14:13:00,admin,309,268,False
user_server_009_8984,server_009,hensleyvalerie,Tracey Page,0016,3481a4d2e7,False,2025-12-14 01:34:48,2026-05-14 03:23:17,,678,0,False
user_server_009_5491,server_009,rebeccadecker,Leslie Martin,5206,,False,2026-05-24 08:23:35,2026-06-07 18:55:20,"moderator,booster",242,208,False
user_server_009_1560,server_009,johnsparks,Brian Lucas,3490,1755bafac3,False,2025-09-05 00:52:25,2025-09-07 07:39:51,,211,17,False
user_server_009_1778,server_009,myerslisa,Lacey Lucero,4459,,False,2025-11-09 12:41:54,2025-12-01 00:02:25,booster,280,88,False
user_server_009_9789,server_009,josephangela,Charles Williams,2395,6bc09b8044,False,2026-04-30 08:42:52,2026-05-10 08:23:25,,234,8,False
user_server_009_2174,server_009,jerrysmall,Michael Cruz,0794,eac6cc5774,True,2026-01-10 04:31:41,2026-01-28 21:07:26,,244,1,False
user_server_009_1047,server_009,williamsanthony,Linda Parrish,1614,358513372e,False,2025-09-30 16:59:45,2026-01-03 16:31:38,"admin,booster",526,13,False
user_server_009_2258,server_009,hespinoza,Bradley Phillips,6336,f04f5faf62,False,2025-09-01 17:26:12,2026-01-20 04:22:16,,730,254,False
user_server_009_2408,server_009,robertssamantha,Juan Mcfarland,7846,8e5bb6ccc4,False,2026-03-02 12:35:36,2026-05-21 08:20:24,,518,42,False
user_server_009_4017,server_009,lawrencekari,Desiree Logan,0756,,False,2026-02-16 04:16:01,2026-02-18 15:07:43,,207,326,False
user_server_009_1144,server_009,jamesparker,Leah Collier,7483,,False,2025-07-29 10:44:01,2025-11-06 05:57:10,"admin,verified",458,0,False
user_server_009_6253,server_009,johnsonjames,Alice Conley,1707,,False,2026-01-31 19:07:49,2026-04-12 17:00:37,admin,439,26,False
user_server_009_5979,server_009,amoon,Robert Harding,5927,e90a3b31ae,False,2026-01-19 13:08:06,2026-04-01 15:35:07,,442,105,False
user_server_009_8430,server_009,ekim,Steven Williams,7008,e3f08d002a,False,2026-02-18 05:26:09,2026-05-20 23:57:44,,500,0,False
user_server_009_3316,server_009,fhenderson,Taylor Long,6973,fff81b29c7,False,2025-12-18 08:05:11,2026-05-09 22:27:33,,639,580,False
user_server_009_1413,server_009,fletcherjanet,Terri Hatfield,6099,c352d06330,False,2025-08-08 10:49:38,2025-09-29 16:11:49,,356,0,False
user_server_009_3717,server_009,gweaver,Robert Hendricks,2290,09688e056e,False,2025-08-05 07:16:20,2025-10-20 06:22:12,verified,465,133,False
user_server_009_7246,server_009,nwilliams,Raymond Wolf,2882,8908b845de,False,2026-04-02 16:14:04,2026-06-15 14:28:58,,465,0,False
user_server_009_5885,server_009,kellytaylor,Latoya Howell,2852,e9a841728e,False,2025-09-20 21:26:37,2025-09-21 05:21:07,moderator,205,0,False
user_server_009_7810,server_009,hglover,Jeffrey Peters,4291,797b5b8355,False,2025-09-08 03:19:11,2025-12-31 21:46:50,,527,61,False
user_server_009_1357,server_009,kennedywanda,Karina Mendez,3546,d60103860e,False,2025-11-25 20:53:38,2026-03-27 12:04:15,,684,280,False
user_server_009_7579,server_009,leah62,Ryan Hudson,3719,dedb8e0086,True,2025-09-25 21:48:47,2025-09-27 01:40:51,,190,0,False
user_server_009_3747,server_009,steelejoel,Brandon Reynolds,7906,401a3a370a,False,2025-11-08 20:48:33,2026-01-18 05:00:58,,444,21,False
user_server_009_3378,server_009,shawn89,Shelley James,9486,,False,2026-02-15 10:20:51,2026-03-30 17:51:19,"admin,verified",326,146,False
user_server_009_2871,server_009,tiffany80,Veronica Duncan,7312,78d95a590c,False,2025-09-02 05:21:59,2025-10-22 01:02:44,"moderator,verified,booster",359,173,False
user_server_009_9530,server_009,bowersmichael,Valerie Wilson,4129,1d50c1a092,False,2025-11-30 14:25:25,2025-12-21 08:24:41,,280,198,False
user_server_009_2744,server_009,janice27,Lance Bowers,8033,,False,2025-10-16 16:46:32,2026-05-30 14:00:33,"moderator,verified",988,0,False
user_server_009_9757,server_009,weaverlaura,Brianna Davis,1671,35aa79afbe,False,2026-05-25 14:26:56,2026-06-04 12:50:10,,227,55,False
user_server_009_6134,server_009,bcase,Christopher Morrison,6658,54a84d196a,False,2025-07-01 17:25:48,2025-12-16 18:11:35,,756,0,False
user_server_009_8350,server_009,colelisa,Susan Baker,2916,492d960769,False,2025-12-03 11:55:09,2026-02-19 05:08:16,,445,20,False
user_server_009_2452,server_009,sabrina18,Edward Tucker,9403,729cb6194f,False,2025-08-07 05:02:18,2026-01-16 18:13:46,,784,0,False
user_server_009_3731,server_009,ryan82,Kenneth Martinez,0775,,False,2026-05-25 07:43:20,2026-06-11 01:31:32,verified,253,0,False
user_server_009_3813,server_009,tyler09,Nicholas Brown,1882,3d960f7af8,False,2026-05-13 19:23:18,2026-05-14 10:29:49,verified,196,295,False
user_server_009_9632,server_009,robert07,Ronald Ramirez,5397,eacb0e01a0,False,2026-03-23 10:46:29,2026-04-11 07:55:21,verified,244,0,False
user_server_009_6853,server_009,wesleycalhoun,Stacy Mcclure,4847,a1bed180a7,False,2026-05-23 08:33:05,2026-05-24 11:00:14,"moderator,booster",207,139,False
user_server_009_9981,server_009,davisabigail,Ruth White,2026,,False,2026-01-09 14:51:34,2026-02-22 07:00:14,,350,133,False
user_server_009_2734,server_009,jennifer31,Jason Price,7175,2c3f79d534,False,2026-04-08 13:15:16,2026-04-29 16:49:43,,270,0,False
user_server_009_5162,server_009,adam10,Terri May,8086,71cec6b3d1,False,2026-02-16 03:57:07,2026-03-23 22:38:51,moderator,338,28,False
user_server_009_9880,server_009,davisautumn,Lisa Anthony,6474,3a6e0cd240,False,2026-06-14 09:12:36,2026-06-14 16:57:00,booster,231,29,False
user_server_009_6143,server_009,zavaladiane,Jeffery Adkins,6383,4f251d4adb,False,2025-11-14 02:33:53,2026-02-22 09:14:15,verified,536,0,False
user_server_009_1755,server_009,jeremy70,Brandy Williams,9619,25901beb12,False,2025-09-30 04:39:55,2025-10-03 13:32:25,,238,58,False
user_server_009_3880,server_009,rwheeler,Tyler Scott,1763,1393a93dc4,False,2025-11-15 19:09:21,2026-06-12 21:12:53,verified,878,316,False
user_server_009_2090,server_009,wileyaudrey,Michael Lyons,3378,2a69a06f73,False,2026-06-09 12:03:53,2026-06-11 18:52:36,,204,62,False
user_server_009_5812,server_009,laurenboyd,Justin Lewis,0183,f7504fe383,False,2025-09-10 16:16:59,2026-02-24 04:55:02,moderator,753,0,False
user_server_009_9605,server_009,david44,Pamela Gutierrez,3760,5320eafdac,False,2025-08-18 13:39:10,2026-04-28 04:20:39,verified,1066,0,False
user_server_009_9917,server_009,tiffanyharris,Joshua Lewis,1636,a4d6b48b8c,False,2026-03-16 17:07:09,2026-06-13 07:04:42,booster,550,56,False
user_server_009_1504,server_009,johnsonmartin,Raymond Beck,2577,fed441021d,False,2025-10-10 07:52:46,2025-12-14 15:34:43,verified,379,0,False
user_server_009_2488,server_009,caseystafford,Stephen Gibbs,1933,1d12859f07,True,2026-05-19 01:05:08,2026-06-05 21:40:06,,278,589,False
user_server_009_2688,server_009,alexandria35,Brittany Moreno,5061,5476dd5ec6,False,2026-03-10 08:49:32,2026-03-23 00:19:58,,236,0,False
user_server_009_3199,server_009,tiffany60,Jo Chapman,4916,ac30f42dab,False,2026-01-23 10:57:04,2026-05-23 20:33:09,,594,156,False
user_server_009_2156,server_009,patricia88,Eric Thompson,0445,b110539289,False,2026-03-20 20:33:03,2026-05-21 08:34:03,booster,389,189,False
user_server_009_4962,server_009,zmorse,Tracy Evans,7868,7f2a9d1ed3,False,2025-10-30 03:52:54,2026-02-10 22:03:57,verified,592,113,False
user_server_009_2528,server_009,riverabrian,Tammy Bush,9317,ef33a12790,False,2026-02-09 12:26:55,2026-05-02 17:45:33,verified,428,66,False
user_server_009_6006,server_009,wharvey,Tyler Moore,2077,a74c67ca02,False,2026-02-25 20:09:50,2026-06-11 00:58:34,,599,334,False
user_server_009_4134,server_009,wheeleramber,Ralph Rodriguez,3302,195c845fff,True,2025-08-24 20:34:29,2025-12-17 01:22:34,moderator,551,77,False
user_server_009_9631,server_009,jessica91,Ariel Miller,6246,6c30e7dfb1,False,2026-01-23 07:39:14,2026-05-20 16:51:54,,595,8,False
user_server_009_3893,server_009,rdavis,Gary Phillips,6286,f2718cb381,False,2026-04-08 05:12:34,2026-04-11 20:05:02,verified,219,59,False
user_server_009_6691,server_009,sbrown,Mark Sullivan,2672,beea924e76,False,2026-01-29 09:52:06,2026-04-03 10:42:19,booster,384,0,False
user_server_009_1135,server_009,lesliegillespie,Todd Fleming,4075,ac537ae879,False,2026-03-01 03:17:15,2026-06-10 16:55:55,,574,42,False
user_server_009_6376,server_009,estradaian,Rachel Mccullough,0734,f2bb87c454,False,2026-02-18 01:09:35,2026-05-10 23:35:11,,458,0,False
user_server_009_5488,server_009,smithmichelle,Melissa Williams,2234,11f717364d,False,2026-01-27 10:55:07,2026-05-09 00:25:56,admin,520,664,False
user_server_009_8104,server_009,jason25,Mary Parks,7040,d3c814fab2,False,2025-09-18 12:09:37,2026-01-03 05:13:04,,569,112,False
user_server_009_1364,server_009,antonio40,Katherine Hubbard,7098,1334ba0a7f,False,2026-02-08 02:00:22,2026-03-30 05:22:15,moderator,401,0,False
user_server_009_9578,server_009,stevenpierce,Michelle Lawrence,4271,e7c86ba1aa,False,2025-10-07 09:06:19,2026-06-05 15:20:47,"admin,verified",892,186,False
user_server_009_6549,server_009,mcintyreelizabeth,Amber Haas,1254,0369d15297,False,2025-12-19 01:38:36,2026-01-07 23:55:45,,267,30,False
user_server_009_3960,server_009,taramejia,Michael Riley,3349,bc7abe0c16,False,2025-07-05 20:07:57,2026-03-29 08:12:46,,1113,0,False
user_server_009_1272,server_009,david03,Jonathan Hale,5490,297b1e1617,False,2025-11-17 23:07:04,2026-05-05 21:01:39,,760,66,False
user_server_009_5330,server_009,joneskevin,Anna Walker,2915,6d2a1e1c3f,False,2026-03-29 19:13:38,2026-05-24 18:50:08,verified,400,22,False
user_server_009_1545,server_009,susanhoward,Dana Brooks,2130,3f62a98734,False,2025-12-28 05:35:33,2026-06-07 16:22:40,booster,736,765,False
user_server_009_7166,server_009,brandonhughes,Jason Tucker,4929,ec56dda56a,False,2026-03-20 02:57:01,2026-06-11 13:10:59,,438,90,False
user_server_009_7671,server_009,schneiderraymond,Thomas Holloway,9163,bd19af90d5,False,2026-02-27 10:07:20,2026-05-18 06:47:20,,477,112,False
user_server_009_3315,server_009,elove,Richard Woodard,7197,08d05b1ea3,False,2025-09-12 03:15:44,2026-01-15 14:33:04,verified,585,8,False
user_server_009_9252,server_009,heather23,Laura Roberts,6043,,False,2025-11-04 13:47:54,2025-12-07 05:17:11,,341,70,False
user_server_009_6366,server_009,michelle00,Jimmy Blake,6798,,False,2026-03-30 01:47:05,2026-05-16 14:55:40,verified,379,681,False
user_server_009_9334,server_009,matthewsmith,Gregory Smith,9793,4d06a49725,False,2026-04-14 07:34:25,2026-05-25 07:58:53,,338,90,False
user_server_009_7074,server_009,iedwards,Catherine Rodriguez,7204,0a661c0c3f,False,2025-10-01 01:34:42,2025-12-30 09:50:21,"admin,booster",495,0,False
user_server_009_5586,server_009,brandiburton,Laura Maxwell,5854,c25c337b86,False,2026-04-01 09:15:20,2026-06-12 12:04:08,verified,415,131,False
user_server_009_1674,server_009,kylechase,Omar Johnson,8346,2dc50bd9ea,False,2025-09-03 06:43:22,2026-05-23 12:03:43,,1121,43,False
user_server_009_5466,server_009,ccombs,Aaron Duran,4699,3c99920f97,False,2026-06-07 08:14:08,2026-06-14 16:35:12,,208,41,False
user_server_009_5157,server_009,pdixon,Stephen Wilson,0450,c57567db95,False,2026-05-20 00:38:12,2026-06-13 10:00:58,verified,284,395,False
user_server_009_8864,server_009,irobinson,Abigail Kemp,6901,7ca0249821,False,2025-12-30 00:10:55,2026-03-15 14:25:14,"verified,booster",515,0,False
user_server_009_4407,server_009,kcook,Vicki Hayes,0973,7824cd5100,False,2026-02-14 20:01:07,2026-05-12 06:34:40,moderator,472,0,False
user_server_009_7527,server_009,christopherwatkins,Jessica Jackson,5850,2dcca9e01d,False,2025-07-10 14:55:14,2026-03-17 11:22:28,verified,865,0,False
user_server_009_7924,server_009,robertbrock,Adam Benson,5987,94510f6759,False,2026-04-13 08:20:23,2026-05-11 13:15:53,,302,576,False
user_server_009_1220,server_009,abigail14,John Johnson,0603,9ae5197db4,False,2025-09-13 20:28:57,2026-06-03 17:01:57,,1051,0,False
user_server_009_6925,server_009,solomondanny,Sarah Perez,6904,,False,2026-02-04 16:15:20,2026-02-19 22:56:14,,250,62,False
user_server_009_2667,server_009,whiteryan,Annette Pope,5214,b2dc9d657e,False,2026-04-21 07:34:55,2026-06-09 01:00:37,booster,356,245,False
user_server_009_7964,server_009,carlosmeadows,Belinda Berry,1523,6cc66e35b9,False,2025-12-18 23:41:48,2026-05-20 21:58:15,moderator,809,8,False
user_server_009_7281,server_009,parksariana,Raymond Gordon,8971,74b53342d6,False,2025-12-03 15:54:32,2026-06-10 17:46:49,,830,36,False
user_server_009_1274,server_009,martin81,Shirley Carroll,8630,091a8d8c21,False,2025-07-04 05:10:17,2026-04-17 17:57:28,,1330,0,False
user_server_009_9132,server_009,sjackson,Justin Williams,6927,05ca7b7421,False,2026-04-03 01:00:18,2026-04-18 23:19:07,"moderator,verified",273,120,False
user_server_009_2099,server_009,sally78,Melissa Hodge,4151,,False,2025-10-28 14:47:33,2026-02-13 16:10:20,,565,0,False
user_server_009_4493,server_009,kelleynicholas,Katie Perkins,9040,d9c8009a3b,False,2026-06-03 03:32:04,2026-06-05 06:56:15,,205,0,False
user_server_009_3100,server_009,martin40,Whitney Taylor,0043,,False,2025-12-21 07:15:24,2026-05-12 16:22:01,verified,673,41,False
user_server_009_9266,server_009,dmartin,Daniel Phillips,7878,952a46621e,True,2025-10-15 14:21:56,2025-11-24 15:26:07,verified,369,200,False
user_server_009_9141,server_009,derekdougherty,Brandon Ramirez,7849,5cf171211d,False,2025-07-29 22:47:48,2026-02-23 14:31:16,,795,0,False
user_server_009_5383,server_009,jessicamiddleton,Nicole Jones,6855,a01a620a64,False,2025-09-15 02:58:13,2026-02-04 10:42:28,moderator,609,149,False
user_server_009_2948,server_009,barbara30,Nancy Navarro,8011,8795f389cd,False,2025-07-28 13:41:25,2025-12-11 05:02:45,,637,18,False
user_server_009_3798,server_009,tiffanyhill,Brittany Phelps,9076,ae413e0ad9,False,2026-06-03 14:17:18,2026-06-05 00:00:33,,200,870,False
user_server_009_3913,server_009,ijimenez,Ashley Watson,3524,ec96919fe1,False,2026-05-07 17:32:47,2026-06-01 22:01:34,moderator,286,78,False
user_server_009_1672,server_009,wesleybutler,Jennifer Foster,0909,5c8fa9194c,False,2025-08-04 18:44:19,2026-03-20 23:32:11,verified,916,209,False
user_server_009_3835,server_009,cooperlaura,Ronald Bryant,5107,736880effb,False,2025-07-23 07:49:21,2026-06-06 10:36:49,,1266,0,False
user_server_009_2664,server_009,carrjeffrey,Melinda Pearson,2840,,False,2026-02-19 07:08:40,2026-05-02 03:21:17,booster,375,450,False
user_server_009_2373,server_009,perrynicole,Natalie Harrison,5445,34bf08f4d3,False,2025-12-28 10:44:50,2026-02-03 23:05:13,booster,336,13,False
user_server_009_1168,server_009,valenciaerik,Kiara Wilson,7369,0fa4818ec7,False,2025-09-12 02:28:07,2025-10-03 01:32:28,"moderator,verified",277,0,False
user_server_009_5965,server_009,john84,James Martin,5125,21d4f77bd3,False,2026-03-31 15:58:18,2026-04-10 08:32:30,,225,48,False
user_server_009_4010,server_009,sheilabarnes,Anthony Sullivan,9791,0ca93292cf,False,2026-05-20 01:33:47,2026-06-10 01:03:52,booster,246,0,False
user_server_009_2687,server_009,zskinner,Paul Macdonald,0375,b6f6df51bb,False,2026-02-21 11:25:08,2026-04-14 07:15:58,"admin,booster",364,0,False
user_server_009_9625,server_009,fspears,Regina Cox,2169,,False,2026-03-24 21:27:42,2026-06-05 12:55:27,"verified,booster",415,0,False
user_server_009_2371,server_009,turnerjustin,Dawn Douglas,8179,1d24e9354c,False,2026-05-04 18:48:34,2026-06-09 17:02:03,booster,315,72,False
user_server_009_9668,server_009,mmyers,Lindsey Lopez,3171,438c232994,False,2025-09-02 06:51:39,2026-05-12 20:52:27,booster,962,250,False
user_server_009_6762,server_009,tcooper,Jamie Chavez,8065,,False,2026-05-04 14:47:37,2026-06-08 00:09:30,admin,291,0,False
user_server_009_8590,server_009,meghancruz,Roy Davis,4379,64403d5b3a,True,2026-02-26 16:31:38,2026-05-26 05:00:44,"moderator,verified",481,126,False
user_server_009_2447,server_009,javier62,Nancy Everett,4837,bccdb6267e,False,2026-04-09 12:32:21,2026-04-22 00:42:23,verified,232,74,False
user_server_009_3415,server_009,joseph21,Sarah Fields,8454,8cef6e7693,False,2026-05-09 04:30:29,2026-05-11 08:34:57,booster,213,67,False
user_server_009_6875,server_009,mavery,Lisa Singh,4922,fda0fdb05d,False,2025-07-15 03:02:12,2025-11-03 23:43:40,"verified,booster",564,0,False
user_server_009_2366,server_009,danielleramsey,Michelle Barrett,8235,cbf5e7224e,False,2026-05-06 13:30:54,2026-05-25 22:32:45,booster,246,454,False
user_server_009_6806,server_009,mbaker,Renee Clay,7068,31dc9ea67a,False,2025-11-03 10:00:31,2026-04-21 14:34:32,verified,713,0,False
user_server_009_4893,server_009,stacey25,Holly Young,1213,503c8f185a,False,2026-01-31 02:40:59,2026-05-06 16:12:27,,490,203,False
user_server_009_2600,server_009,stacyjohnson,Angela Mccarthy,3170,72b8615a1c,False,2025-07-18 10:43:09,2025-12-27 06:33:20,moderator,644,0,False
user_server_009_1252,server_009,xsullivan,Debra Boyer,3511,3e9ddb5abe,False,2025-10-14 14:16:59,2026-04-19 18:47:47,booster,848,0,False
user_server_009_6286,server_009,khendricks,Kathryn Flynn,4028,d9c02f79aa,False,2025-08-14 03:51:17,2026-06-05 06:53:48,,1236,59,False
user_server_009_1782,server_009,jennifer53,David Wood,5925,2859337a6d,False,2026-02-04 06:10:12,2026-04-01 12:57:39,verified,398,153,False
user_server_009_1922,server_009,phillip98,Robert Jordan,9247,e3984826e6,False,2026-01-31 20:40:27,2026-03-19 08:12:43,,348,0,False
user_server_009_9662,server_009,christiancooper,Joseph Odonnell,6780,21e1881ec0,False,2026-03-10 10:06:41,2026-05-25 21:33:13,,462,1363,False
user_server_009_4040,server_009,william52,Linda Morris,2602,f2020da8f9,False,2026-03-22 13:27:45,2026-05-25 17:18:24,,421,0,False
user_server_009_8156,server_009,csanders,Scott Allen,8355,1cc90f2fea,False,2026-01-22 10:26:03,2026-01-22 17:56:21,verified,188,130,False
user_server_009_1302,server_009,derrick59,Mrs. Janice Fitzpatrick,6540,eaa61f7138,False,2026-04-06 14:25:12,2026-05-05 12:52:15,,284,91,False
user_server_009_3401,server_009,debra93,Steven Everett,1300,ecbf563453,False,2025-09-21 01:09:29,2026-03-26 07:38:01,,799,362,False
user_server_009_9240,server_009,kimberly43,Amy Knight,8004,164ff47a4e,False,2025-07-29 14:10:04,2026-01-31 01:29:52,,841,81,False
user_server_009_7320,server_009,rperez,Amanda Brewer,2563,9ba6e757c2,False,2025-10-13 10:14:44,2025-11-16 05:00:36,admin,333,409,False
user_server_009_5394,server_009,wbentley,Brenda Martinez,6656,34a94772b9,False,2025-08-13 18:58:24,2026-05-31 08:37:38,,1166,137,False
user_server_009_7992,server_009,jdavis,Christopher Cox,3892,520fb7a7c9,False,2026-04-22 03:20:26,2026-05-26 21:59:05,,324,0,False
user_server_009_2806,server_009,jocelyn26,Kathy Murray,6488,533453c7db,False,2026-05-08 05:35:49,2026-05-10 15:38:30,booster,226,84,False
user_server_009_3368,server_009,fwilliams,Vincent Kane,2068,d8e1b898bb,False,2025-07-31 09:58:48,2026-05-22 00:39:11,verified,1073,137,False
user_server_009_1799,server_009,holtrobert,Patrick Hernandez,9301,0a5f942e57,False,2026-05-01 14:33:08,2026-06-06 18:39:55,,313,109,False
user_server_009_5498,server_009,kchavez,Michael Russell,0132,f34f2f8bb8,False,2025-12-14 08:31:08,2026-04-20 12:36:21,,666,0,False
user_server_009_7139,server_009,rodriguezrhonda,Amber Hines,8634,9b3919d7b7,True,2025-10-22 14:00:30,2026-05-25 13:27:24,verified,895,168,False
user_server_009_3527,server_009,lisarandolph,Timothy Richardson,6438,,False,2026-01-02 19:15:55,2026-01-23 01:27:49,,290,15,False
user_server_009_1787,server_009,johnsonsamantha,Mr. Nicholas Jones,5451,ed6d38693c,False,2026-01-02 06:04:47,2026-02-23 03:53:50,,401,220,False
user_server_009_6718,server_009,mbates,Alexander Turner,6697,f6b7d7aea2,False,2026-03-25 16:00:13,2026-06-10 16:32:45,moderator,461,26,False
user_server_009_6855,server_009,hammondjeff,Robert Benson,5258,71a865f7d2,False,2026-03-20 05:51:13,2026-04-04 03:41:00,moderator,223,585,False
user_server_009_9995,server_009,rebekahgonzalez,Marcus Bell,2273,,False,2026-03-07 02:53:08,2026-04-18 08:32:46,,333,0,False
user_server_009_5727,server_009,aprilmyers,Alyssa Newman,6478,,False,2025-09-06 21:43:08,2026-02-15 18:26:11,,751,362,False
user_server_009_2639,server_009,wbowers,James Gilbert,9947,f98cb5027b,False,2026-04-25 17:38:06,2026-04-27 21:46:28,moderator,186,343,False
user_server_009_3706,server_009,reneehernandez,Michael Briggs,5555,73dc3e5827,False,2025-11-20 13:37:51,2026-04-13 09:18:45,verified,646,0,False
user_server_009_6510,server_009,patriciamorrison,Dustin Farrell,9344,ed4a808e0b,False,2025-10-13 02:24:09,2026-06-10 20:24:21,verified,1065,92,False
user_server_009_5964,server_009,kimberlyperez,Jeffery Hunter,4314,f7d2d6e9d3,False,2025-12-13 18:20:36,2026-02-19 19:48:53,,426,260,False
user_server_009_7726,server_009,dsanders,Judy Dixon,9235,,False,2026-03-03 02:18:53,2026-05-01 11:59:38,booster,384,0,False
user_server_009_4948,server_009,ylawson,Pamela Roman,4889,cf126a0dcb,False,2025-06-29 02:36:22,2026-05-17 11:24:16,verified,1292,204,False
user_server_009_5133,server_009,patrickgarcia,Christopher Garcia DDS,7575,18bdbaf1ee,False,2025-11-14 20:35:44,2026-05-13 23:38:41,verified,760,0,False
user_server_009_9790,server_009,patriciagrant,Tonya Mccarthy,7925,,False,2025-10-17 19:35:26,2026-06-13 11:43:09,moderator,898,138,False
user_server_009_8992,server_009,owade,Michael Baker,5062,,False,2025-11-16 22:22:18,2026-05-17 19:13:45,verified,867,311,False
user_server_009_7008,server_009,kimberly73,Paul Anderson,6109,1ede2ccc5f,False,2026-06-03 02:16:55,2026-06-12 04:12:23,"verified,booster",223,0,False
user_server_009_7697,server_009,tinahaas,Christopher Joseph,6593,,False,2026-04-25 03:31:07,2026-05-28 13:07:15,,303,12,False
user_server_009_5947,server_009,walterskaren,Zachary Reed,7275,,False,2026-01-20 06:04:05,2026-03-12 05:22:00,"moderator,verified",337,0,False
user_server_009_9072,server_009,jenniferortega,Shannon White,9664,fca086b163,False,2025-08-06 14:11:00,2025-11-12 07:28:35,booster,554,353,False
user_server_009_1683,server_009,lbrown,Lisa Kaiser,8490,8376b0954f,False,2026-05-12 17:26:52,2026-06-15 09:28:26,,303,125,False
user_server_009_7361,server_009,mcculloughjohn,Rachel Mendoza,1651,,False,2025-10-16 03:10:59,2026-03-09 22:31:15,"moderator,verified",697,41,False
user_server_009_7278,server_009,carlholland,Denise Sutton,7536,a9783c84bd,False,2026-02-22 05:07:44,2026-02-28 06:43:00,"admin,verified",220,332,False
user_server_009_2603,server_009,careyadam,Crystal Hansen,6518,71ea26941d,False,2026-02-06 05:34:38,2026-02-12 17:26:07,,231,0,False
user_server_009_7950,server_009,delgadomario,Matthew Robinson,7293,0705283e2e,False,2026-04-15 01:18:46,2026-05-20 12:12:34,,285,0,False
user_server_009_7676,server_009,gguerrero,Mary Perez,0745,a8b5e338a5,False,2025-09-12 22:38:39,2026-02-26 07:57:35,,753,504,False
user_server_009_2744,server_009,ysandoval,Nicholas Gibbs,3176,78c9bb0e2f,False,2025-08-18 15:50:46,2026-03-14 00:53:10,"moderator,verified",898,0,False
user_server_009_4714,server_009,john12,Mary Richardson,7081,39e72c78ca,False,2025-09-09 16:32:04,2025-09-27 23:48:08,,274,36,False
user_server_009_2024,server_009,charles95,Devon Hudson,4391,4f1b61620c,False,2025-09-23 10:59:37,2026-01-23 06:24:25,,612,0,False
user_server_009_4740,server_009,nvargas,Joanne Crawford,5967,84c6e77400,False,2026-03-28 07:39:41,2026-06-10 20:24:04,"moderator,verified",500,222,False
user_server_009_3973,server_009,woodsaaron,David Hamilton,6800,f7597e6a8a,False,2025-11-16 17:28:43,2026-01-15 06:58:07,"admin,verified",388,25,False
user_server_009_9570,server_009,jonesmichelle,Chad Stanley Jr.,6395,ae44be632f,False,2026-05-08 13:22:19,2026-06-06 06:17:00,verified,294,108,False
user_server_009_3726,server_009,ashleywalton,Travis Powell,5280,5c90ad9045,False,2025-08-01 10:12:21,2026-06-12 02:15:48,"moderator,booster",1309,15,False
user_server_009_6458,server_009,ksullivan,Karen Jones,5015,98e910ef1a,False,2025-07-30 03:39:31,2025-09-10 04:12:22,booster,316,258,False
user_server_009_3963,server_009,zhall,Patricia Anderson,6140,ddd6c99364,False,2025-10-29 18:04:42,2026-04-23 02:24:33,,865,925,False
user_server_009_6613,server_009,stevensmatthew,Kerry Howell,1398,7bedf2e90b,False,2025-10-17 07:13:46,2025-11-15 23:25:51,admin,277,1192,False
user_server_009_9845,server_009,ogomez,Teresa Cohen,1642,4d16b92533,False,2025-09-08 22:04:03,2026-03-26 10:53:03,"moderator,verified",821,0,False
user_server_009_2315,server_009,james91,Janet Parker,4262,e40eae91a9,False,2026-05-19 07:46:16,2026-06-09 03:24:19,,246,0,False
user_server_009_2596,server_009,hunter12,Bryan Jones,1823,,False,2025-07-08 21:45:06,2025-08-06 20:08:58,moderator,325,0,False
user_server_009_5769,server_009,hamptontom,Willie Hart,7679,d252fb62d4,True,2025-09-16 11:37:16,2026-02-14 14:55:26,admin,727,0,False
user_server_009_8619,server_009,timothy00,Walter Marshall,6180,,False,2026-02-05 14:31:58,2026-02-07 15:46:44,verified,211,47,False
user_server_009_2536,server_009,kyle67,Kenneth Watkins,8175,,False,2025-06-29 01:46:27,2026-01-02 17:21:53,booster,790,0,False
user_server_009_4643,server_009,nicole16,Janice Bailey,0732,7058a698dd,False,2026-01-17 09:33:25,2026-04-27 14:58:10,"admin,verified",592,56,False
user_server_009_5890,server_009,scottmark,David Edwards,1788,3a389f90f3,False,2025-08-29 22:06:25,2026-01-27 06:21:05,verified,693,0,False
user_server_009_5098,server_009,benjaminstevenson,Krystal Jensen,9324,,False,2025-07-12 10:36:15,2025-11-14 20:15:43,,607,166,False
user_server_009_2875,server_009,halexander,Krystal Howard,9767,c1cada192d,False,2026-03-30 16:09:29,2026-06-11 13:23:23,"admin,verified",404,0,False
user_server_009_3329,server_009,nwalker,Jacob Owens,9495,75711e2fa5,False,2026-01-28 13:36:29,2026-02-10 23:52:35,verified,243,440,False
user_server_009_7520,server_009,michael28,Jason Clark,2269,faabfde0d3,False,2025-12-24 15:18:29,2026-02-16 11:29:21,verified,372,277,False
user_server_009_1410,server_009,castanedachristina,Lisa Hansen,9017,b8f563f1d4,False,2025-09-02 19:39:32,2026-02-05 18:10:53,moderator,713,78,False
user_server_009_7030,server_009,cheryl54,Jeffrey Evans,8933,4ffa4e3b35,False,2026-05-01 21:53:15,2026-05-15 07:51:07,booster,200,195,False
user_server_009_6345,server_009,nancy43,David Jones,1383,a547ca8539,False,2025-10-21 19:39:02,2026-01-04 10:22:38,moderator,379,119,False
user_server_009_2335,server_009,fostersarah,Nicole Sanchez,4984,,False,2025-10-04 14:32:44,2026-02-28 03:59:55,verified,662,60,False
user_server_009_8900,server_009,joshua74,Stanley Wiley,9277,44b66832d1,False,2025-08-01 09:53:37,2025-09-28 21:02:42,moderator,361,144,False
user_server_009_1535,server_009,dustinwilliams,Jason Jacobs,5659,27b5065a8f,False,2025-11-06 16:14:05,2026-05-01 21:55:05,"moderator,booster",731,179,False
user_server_009_2527,server_009,vanessacaldwell,Patricia Boyd,6425,2a186387e9,False,2025-07-20 04:49:18,2026-02-27 18:46:30,booster,817,15,False
user_server_009_8430,server_009,cory21,Yolanda Wolf,6614,e48c4a8a86,False,2026-04-19 12:32:51,2026-06-12 10:26:42,booster,403,279,False
user_server_009_8455,server_009,vazquezdarius,Andrew Murphy,3820,2a5ff33329,False,2025-12-14 05:37:21,2026-05-29 18:50:04,,787,129,False
user_server_009_8392,server_009,james65,Robert Anderson,5461,629c4dbcad,False,2025-12-28 12:57:30,2026-05-25 04:13:58,moderator,710,194,False
user_server_009_9738,server_009,sanchezbrad,Jeffrey Torres,0707,eda587ea8b,False,2026-06-11 02:17:42,2026-06-12 16:44:48,,215,88,False
user_server_009_6585,server_009,jenniferwalker,Alexander Merritt,4743,,False,2025-12-15 11:30:14,2026-05-05 07:56:05,,633,0,False
user_server_009_7775,server_009,daniel13,Julia Garrison,1922,,False,2026-02-13 21:27:01,2026-06-07 05:34:41,,599,0,False
user_server_009_6593,server_009,allison96,Kevin Burton,7558,,False,2026-02-06 19:37:01,2026-05-09 14:21:20,,485,164,False
user_server_009_1405,server_009,jmaynard,Tricia Miller,3329,b66de4a2ea,False,2025-12-22 03:08:43,2026-01-20 14:07:18,,326,145,False
user_server_009_3981,server_009,sherylgreen,Edwin Green,6680,,False,2025-10-06 04:45:36,2026-03-02 20:43:09,,700,668,False
user_server_009_7137,server_009,randy31,Timothy Pierce,7674,,True,2025-12-04 04:59:56,2026-06-07 04:58:32,,707,554,False
user_server_009_8275,server_009,dyerkenneth,Ronald Moore,1142,e48cc1684a,False,2026-02-04 05:50:47,2026-05-24 22:56:27,,566,0,False
user_server_009_1532,server_009,arthurwright,Edward Baker,6666,a57a7a52d0,False,2025-12-15 02:19:47,2026-05-11 12:52:29,"moderator,booster",686,292,False
user_server_009_3344,server_009,smithjesse,Kevin Gordon,3533,6786a75538,False,2025-09-01 06:52:08,2025-12-21 21:48:50,booster,601,73,False
user_server_009_7190,server_009,iharrington,Amanda Moody,9273,3aa2720eaf,False,2025-10-04 00:39:28,2026-01-20 17:43:44,,604,0,False
user_server_009_9809,server_009,jennifer29,Jane Aguilar,6419,8f09ccdddb,False,2025-09-24 01:26:21,2026-06-15 03:58:24,verified,1182,0,False
user_server_009_7267,server_009,lucasteresa,Dustin Owens,4340,0c3d422f3c,False,2025-10-24 17:21:04,2025-11-28 19:25:04,booster,323,226,False
user_server_009_9524,server_009,turnermckenzie,Darryl Bauer,0160,390e3af29e,False,2026-01-29 21:03:59,2026-04-05 04:29:09,"verified,booster",408,84,False
user_server_009_5959,server_009,martinlisa,Diana Myers,2162,e449582115,False,2025-10-26 20:35:34,2025-12-21 11:03:28,"admin,verified",404,87,False
user_server_009_7502,server_009,jessica23,Joseph Hernandez,0449,4bc557b1a0,False,2025-12-31 08:33:12,2026-04-18 12:58:16,,470,0,False
user_server_009_2524,server_009,taylordennis,William Lewis,5341,cb6c4acb36,False,2026-04-04 12:12:55,2026-05-31 19:13:43,verified,393,154,False
user_server_009_8930,server_009,andrewgonzalez,Jeremy Gross,2612,cfcfce2b63,False,2025-09-17 04:17:34,2026-05-05 00:53:18,,1040,91,False
user_server_009_3845,server_009,xlogan,Alexandra Chase,9441,4a76dcaefb,False,2025-09-14 21:37:43,2026-06-13 15:00:19,,1037,15,False
user_server_009_9878,server_009,wlynch,Emily Roach,9121,a6bf05218d,False,2026-03-13 22:13:51,2026-05-08 23:45:27,verified,450,511,False
user_server_009_2299,server_009,darlene30,Steven Kent,2458,104712ff1a,False,2025-07-05 14:23:05,2025-11-08 11:58:27,admin,607,0,False
user_server_009_7005,server_009,lisa23,Devin Hardin,4449,,False,2025-08-28 21:38:46,2026-06-08 15:32:29,moderator,1154,0,False
user_server_009_7800,server_009,brandonfernandez,Travis Marsh,2156,c258b6f75c,False,2026-01-07 14:05:06,2026-05-07 21:13:45,moderator,666,20,False
user_server_009_5518,server_009,davisjennifer,Mary Anderson,2798,d6fd240a06,False,2026-04-11 08:23:48,2026-04-13 02:07:18,,200,0,False
user_server_009_4090,server_009,brian64,Kimberly Blair,3304,,False,2026-04-04 04:47:42,2026-05-12 20:46:06,verified,329,30,False
user_server_009_1171,server_009,deckerthomas,Kathleen Summers,6983,,False,2026-01-11 05:41:37,2026-04-17 01:09:24,,457,0,False
user_server_009_9708,server_009,yrodriguez,Taylor White,5607,fd7294da58,False,2025-10-06 21:29:13,2026-02-14 05:15:13,booster,706,0,False
user_server_009_8919,server_009,iward,Shane Alexander,2166,,True,2026-03-01 09:29:51,2026-05-29 18:40:00,,514,0,False
user_server_009_3069,server_009,vfuller,Tara White,3903,b789fe115e,False,2025-07-26 15:49:29,2026-03-05 14:11:33,,955,0,False
user_server_009_6578,server_009,langbrenda,Janice Chang,8282,,False,2026-02-02 12:49:33,2026-04-30 21:48:24,,514,124,False
user_server_009_8034,server_009,jennifer82,Karla Burton,3457,1641b51d17,False,2025-11-08 12:56:20,2026-06-04 12:24:18,booster,907,270,False
user_server_009_8528,server_009,bauercory,William Wilson,4959,b2adb7680e,False,2025-07-30 09:56:12,2025-11-17 02:18:15,,540,0,False
user_server_009_3596,server_009,youngmichael,Jennifer Hull,6315,,False,2026-05-01 13:01:28,2026-05-16 13:56:10,,230,27,False
user_server_009_8697,server_009,caldwellpatricia,Jordan Williams,7365,918740d9f4,False,2026-01-14 21:42:27,2026-04-30 19:31:08,admin,541,275,False
user_server_009_6008,server_009,heather39,Brian Bonilla,3236,e002f43e7f,False,2025-12-13 17:08:01,2026-04-30 05:57:28,"verified,booster",623,444,False
user_server_009_6530,server_009,gregory51,Christopher Thomas MD,6653,816b5a7ed4,False,2025-10-24 05:58:50,2026-04-21 20:13:55,,740,18,False
user_server_009_4709,server_009,john87,Alex Vincent,4427,86dacea0b5,False,2025-09-22 14:20:37,2026-04-11 23:22:08,,848,215,False
user_server_009_1816,server_009,bennettnicholas,Robert Garza,9299,12b15bdbbf,False,2026-03-03 21:31:08,2026-04-30 12:50:31,,399,94,False
user_server_009_7257,server_009,reginasingh,Joshua Gonzalez,2267,,False,2025-12-07 18:35:31,2026-04-22 12:10:33,"verified,booster",581,0,False
user_server_009_5397,server_009,kelly70,Ryan Porter,0960,afd4e25404,False,2025-08-26 19:07:01,2025-09-08 15:11:34,booster,240,57,False
user_server_009_7488,server_009,alexander70,Alexandra Brooks,5091,f8b07d117a,False,2025-08-24 16:01:41,2026-02-21 22:33:20,moderator,775,0,False
user_server_009_5356,server_009,charles53,Joan Scott,2062,caaa8ccd89,False,2026-05-30 12:02:25,2026-06-07 11:15:53,"moderator,verified,booster",224,6,False
user_server_009_9826,server_009,raywalters,Travis Harper,3970,7a9eb59835,False,2025-09-20 12:15:56,2026-01-26 15:42:27,booster,686,579,False
user_server_009_2350,server_009,josephchavez,Mr. Christopher Barr MD,5782,6a2734f280,False,2026-03-06 11:43:07,2026-05-08 05:12:11,,404,515,False
user_server_009_4871,server_009,blackwellmichael,Robert Anderson,6597,f9c3124b85,False,2026-04-30 17:42:28,2026-05-08 22:23:11,moderator,228,0,False
user_server_009_1910,server_009,edwardmitchell,Thomas Friedman,7083,8df1ef46df,False,2025-09-14 19:51:17,2025-11-09 11:02:13,"admin,verified",377,259,False
user_server_009_6322,server_009,bobbyvargas,Maurice Perkins,5211,2f426752ad,False,2025-07-24 07:20:20,2026-06-15 19:20:01,,1183,61,False
user_server_009_2002,server_009,stevencortez,Jason Serrano,7092,43b52faf09,False,2026-04-01 12:22:13,2026-04-29 02:27:53,booster,234,858,False
user_server_009_7557,server_009,bradbennett,David Robertson,9625,,False,2026-05-29 06:11:13,2026-06-04 18:05:53,moderator,211,22,False
user_server_009_4644,server_009,colton31,Joshua York,5478,9193e89957,False,2025-09-18 09:47:06,2026-06-06 08:03:23,,1114,0,False
user_server_009_6576,server_009,janetmoore,Angela Jefferson,4072,508e563a83,False,2026-05-04 00:55:48,2026-06-13 03:17:03,,315,50,False
user_server_009_8793,server_009,kimberlywatson,Matthew Stephenson,4153,,False,2025-09-16 22:10:39,2025-10-06 12:37:32,booster,223,112,False
user_server_009_2189,server_009,amanda68,Jonathan Morales,6549,,False,2025-11-20 10:29:54,2026-02-02 13:36:17,"moderator,verified,booster",419,0,False
user_server_009_6840,server_009,garciabrandi,Deborah Medina,5312,1bec07fa0a,False,2025-08-18 08:39:55,2025-12-23 05:17:49,admin,688,87,False
user_server_009_5901,server_009,karen00,Cassandra Reilly,5585,89b9d703c2,False,2026-05-06 07:15:12,2026-06-03 20:02:30,"verified,booster",286,0,False
user_server_009_1583,server_009,hramos,Dr. Joseph Parsons,7967,f62c4251ea,False,2026-02-13 15:40:10,2026-06-14 04:06:26,verified,630,0,False
user_server_009_4657,server_009,zcampbell,Patricia Wilson,5080,4967cbe036,False,2025-08-02 11:06:54,2025-11-07 08:18:30,,501,0,False
user_server_009_6145,server_009,jeffbarrett,Charles Conrad,5864,36632f61c1,False,2026-04-20 00:54:08,2026-04-26 16:14:34,moderator,195,0,False
user_server_009_7710,server_009,charleswhite,Austin Mitchell,4030,,False,2025-11-27 10:29:28,2026-05-14 07:17:06,,741,418,False
user_server_009_6974,server_009,amanda14,Teresa Stark,7087,a1bc923e68,False,2025-08-13 19:11:58,2026-05-30 02:55:16,moderator,1070,0,False
user_server_009_7314,server_009,davismichelle,Roger Sullivan,8207,709017b7ee,False,2026-06-02 11:58:15,2026-06-02 12:25:22,"verified,booster",204,96,False
user_server_009_7921,server_009,barbara81,Kayla Gonzalez,0392,2278d1ed14,False,2025-12-08 04:37:39,2026-04-02 20:32:27,,635,115,False
user_server_009_7841,server_009,brownnancy,Alex Watts,1573,f977965dfc,True,2026-04-13 11:06:53,2026-06-10 00:34:48,admin,337,343,False
user_server_009_1626,server_009,brownmichael,Christopher Rogers,4604,5ef8cb47fe,False,2026-02-16 01:07:35,2026-03-16 22:34:55,verified,300,136,False
user_server_009_9776,server_009,moniquesmith,Erin White,5772,,False,2026-03-10 00:11:28,2026-04-01 06:10:24,,246,72,False
user_server_009_7255,server_009,olivianolan,April Kelly,5473,2e89739bd9,False,2025-11-12 05:57:09,2026-04-24 12:57:42,"admin,booster",773,70,False
user_server_009_8999,server_009,nkirby,Richard Saunders,2565,a72c6359f4,False,2026-01-22 08:23:51,2026-02-22 11:30:22,"moderator,booster",303,105,False
user_server_009_4453,server_009,ssanders,Rodney Avila,5762,3f1af62ac7,False,2026-01-29 05:07:16,2026-02-20 00:17:23,"verified,booster",253,0,False
user_server_009_7559,server_009,gregorypeters,Sonia Mason,9890,74e313aee8,False,2026-01-14 08:58:17,2026-02-26 17:30:48,"moderator,booster",319,44,False
user_server_009_9988,server_009,jasonwebb,Angela Rogers,3349,3775802060,False,2026-04-19 07:35:50,2026-06-15 00:23:18,"moderator,verified",359,88,False
user_server_009_7846,server_009,dthompson,Jeffrey Torres,7363,6ef314dc22,False,2025-10-07 03:02:51,2026-03-06 15:04:20,,773,156,False
user_server_009_6752,server_009,dudleyjames,Raven Harris,9955,8a194f2f76,False,2025-11-06 04:35:53,2026-05-16 00:59:47,admin,858,208,False
user_server_009_4432,server_009,coryfernandez,Tricia Bailey,9643,783064f259,False,2025-09-16 13:12:00,2026-01-12 11:36:41,,489,0,False
user_server_009_4935,server_009,ricemark,Nancy Graves,7695,df58bf74c4,False,2025-07-10 15:25:33,2025-08-31 22:56:46,,369,437,False
user_server_009_2773,server_009,gsnyder,Jenny Soto,9697,c3cbc916d5,False,2025-09-30 00:52:10,2025-10-07 04:38:08,admin,199,47,False
user_server_009_1943,server_009,adamnolan,Ashlee Pena,2269,13daee6b2d,False,2025-08-08 21:49:13,2025-12-31 01:26:14,"moderator,booster",666,102,False
user_server_009_9311,server_009,howellstuart,Jason Murray,0597,7c90c2e517,False,2025-10-18 17:21:48,2026-02-26 14:34:23,verified,579,323,False
user_server_009_3213,server_009,gomezbrittney,Kim Wright,5076,1505050c19,False,2026-01-27 21:17:52,2026-03-09 10:17:13,verified,329,377,False
user_server_009_1450,server_009,donna20,Samantha Hernandez MD,0490,444fdee722,False,2025-07-03 04:37:44,2025-09-19 17:14:59,verified,480,0,False
user_server_009_5554,server_009,wferguson,Sergio Andrews,1742,69e47a5b51,False,2025-10-27 13:51:55,2025-12-27 16:49:56,verified,381,172,False
user_server_009_4189,server_009,shane49,Krystal Farley,5885,,False,2026-03-05 02:30:42,2026-05-24 06:11:23,verified,438,325,False
user_server_009_3718,server_009,mark94,Lori Smith,2087,dde5a85441,False,2025-11-21 17:06:23,2026-01-21 14:14:11,booster,364,0,False
user_server_009_2672,server_009,olivia99,Derrick Alvarez,3022,5aca23e420,True,2026-06-11 06:58:46,2026-06-13 00:46:20,,199,425,False
user_server_009_9304,server_009,thenderson,Jeffrey Montgomery,0196,fd08044fcf,False,2026-01-15 11:55:39,2026-05-04 23:42:53,moderator,552,10,False
user_server_009_9637,server_009,trancaitlin,Michael Scott,9065,31e61dd59b,False,2025-12-12 14:13:35,2025-12-21 00:41:33,"verified,booster",235,0,False
user_server_009_7404,server_009,richard18,Lee Gordon,5291,963295bbf5,False,2026-03-01 15:15:21,2026-03-08 04:03:18,"moderator,verified,booster",198,208,False
user_server_009_3444,server_009,smurray,Kelly Soto,4113,63d8e748bc,False,2026-05-26 07:37:00,2026-06-16 03:18:29,"moderator,verified",278,16,False
user_server_009_2207,server_009,osbornkelly,Alyssa Roberts,1800,ff9f803b3e,False,2025-09-10 09:36:13,2025-10-07 18:40:46,booster,332,0,False
user_server_009_5072,server_009,elizabethrobertson,Adam Hanna,9400,04a66cca1a,False,2025-08-26 07:05:31,2026-01-20 23:21:46,,748,296,False
user_server_009_3033,server_009,martindonald,James Roberts,1670,909af6bce9,False,2025-07-07 14:07:02,2025-10-17 23:55:33,moderator,496,293,False
user_server_009_5977,server_009,smithamy,Roy Howard,7965,bc6d5d8978,False,2026-02-22 03:51:38,2026-03-18 11:18:34,,285,60,False
user_server_009_2142,server_009,aaronwiley,Cheryl Wade,8448,,False,2026-04-25 20:26:31,2026-05-16 09:04:56,"verified,booster",241,176,False
user_server_009_4792,server_009,riverakevin,Kristen Montgomery,2565,e4443c9320,False,2026-05-26 01:53:44,2026-06-08 17:29:44,booster,236,0,False
user_server_009_5503,server_009,martha18,William Young,0782,827cf06dba,False,2026-06-02 10:47:30,2026-06-02 12:05:19,,194,463,False
user_server_009_2713,server_009,akramer,Daniel Frazier,4303,55365bf9cf,False,2025-12-21 02:09:09,2026-01-09 12:35:38,"verified,booster",242,30,False
user_server_009_8739,server_009,xgarcia,Maria Smith,9824,93b8df3f74,False,2025-11-26 10:11:52,2026-03-11 23:14:34,,563,0,False
user_server_009_9605,server_009,paul18,Keith Petersen,7369,,True,2026-04-05 21:11:04,2026-05-01 21:02:18,,321,599,False
user_server_009_4044,server_009,ryan90,Karen Le,6627,48ddf5249e,False,2025-10-01 23:16:05,2026-05-26 06:30:47,,848,0,False
user_server_009_2070,server_009,schmidtfernando,Regina Johnson,9118,,True,2026-05-17 18:03:46,2026-06-05 10:58:46,,261,356,False
user_server_009_6444,server_009,ronaldoneal,David Ellison,4838,78dc6a2562,False,2025-11-29 02:03:45,2026-03-02 20:24:29,moderator,466,0,False
user_server_009_9536,server_009,david90,Donald Cooper,6553,db695bc188,False,2025-10-31 04:03:40,2026-01-26 21:13:24,verified,536,27,False
user_server_009_9466,server_009,xcardenas,Todd Gray,1136,82b0482cc5,False,2026-02-01 02:36:21,2026-04-15 14:52:28,,441,6,False
user_server_009_8676,server_009,darrylkent,Jessica Woods,0064,34ca4053f0,False,2025-10-01 18:49:58,2026-03-08 04:23:10,"admin,verified",687,109,False
user_server_009_1605,server_009,ltate,Catherine Lynch,7276,0b135dcf4c,False,2026-04-21 06:03:03,2026-05-12 19:10:12,,278,0,False
user_server_009_5555,server_009,sarahholland,Ricky Green,0387,,False,2026-06-06 18:11:05,2026-06-07 15:42:18,,222,0,False
user_server_009_5576,server_009,timothy64,Melinda Nguyen,3726,4eddfdf7f0,False,2025-10-17 09:07:45,2026-02-08 10:50:29,,611,247,False
user_server_009_3650,server_009,gnguyen,Sabrina Ferguson,3748,9a08acb158,False,2026-01-15 14:57:49,2026-03-15 11:13:24,,365,0,False
user_server_009_1907,server_009,irivas,Nicholas Robinson,5097,024096932d,False,2026-04-25 11:58:52,2026-04-28 01:45:45,,214,115,False
user_server_009_8825,server_009,smithjohn,Cody Davis,7477,c3552bffb4,False,2026-02-09 17:18:17,2026-03-16 16:41:20,,332,120,False
user_server_009_3494,server_009,xyoung,Madeline Ford,3212,592914d68e,False,2025-09-20 03:12:30,2026-04-28 16:39:11,verified,993,212,False
user_server_009_3513,server_009,amanda83,Kristi Joseph,7850,71dd7a50e5,False,2026-05-13 13:39:23,2026-05-30 12:15:58,,238,75,False
user_server_009_4289,server_009,george94,Ryan Taylor,2037,7f41f1d1ed,False,2025-12-21 02:08:58,2026-04-28 23:35:42,,564,47,False
user_server_009_2659,server_009,sullivantiffany,Jacob Miller,7826,a48661586e,False,2026-02-19 13:35:36,2026-05-06 09:32:02,"admin,verified",445,22,False
user_server_009_4079,server_009,sabrina80,Kyle Green,6078,a4fcae9d20,False,2025-12-24 16:34:32,2026-04-21 15:50:49,"moderator,verified,booster",616,20,False
user_server_009_6368,server_009,thomas53,Charles Gonzales,5908,ffb4226c47,False,2025-11-30 15:58:00,2026-02-19 16:30:04,verified,528,90,False
user_server_009_9863,server_009,daniel71,Eric Shaffer,6473,518cbd7b31,False,2025-09-25 16:41:09,2026-05-16 10:33:52,moderator,1026,236,False
user_server_009_3844,server_009,jordanboone,Amanda Hall,6380,b295167092,False,2025-08-25 16:19:36,2026-01-13 07:29:28,"verified,booster",660,0,False
user_server_009_6352,server_009,walkerdavid,Bradley Cobb,6948,,False,2026-03-14 00:48:18,2026-03-21 19:41:40,"moderator,booster",209,0,False
user_server_009_9425,server_009,johnnewman,Veronica Simmons,1341,,False,2026-02-10 10:12:04,2026-05-10 16:25:59,,526,0,False
user_server_009_5963,server_009,palmerwilliam,Robin Hawkins,6151,c1f07729be,True,2025-09-25 18:39:28,2025-09-26 05:54:39,booster,205,449,False
user_server_009_5320,server_009,timothyalvarez,Ronald Graham,4299,9a8a1b8518,False,2026-04-20 20:11:57,2026-06-14 06:41:00,"moderator,booster",380,323,False
user_server_009_6193,server_009,edwardsdavid,Jennifer Decker,6864,,False,2026-06-08 07:28:31,2026-06-13 23:16:01,,212,0,False
user_server_009_2337,server_009,saradaniel,Dr. Jose Garcia,8622,8ff1047709,False,2025-07-25 23:07:11,2026-05-21 19:36:50,verified,1172,51,False
user_server_009_4659,server_009,kellygina,Douglas James,0476,,False,2025-10-17 16:42:24,2025-12-03 21:46:03,admin,358,87,False
user_server_009_2083,server_009,mossscott,Christopher Lamb,6780,068d2eb963,False,2026-04-21 00:04:03,2026-05-02 07:13:32,,243,23,False
user_server_009_4737,server_009,benitezjeffrey,Breanna Jacobs,2943,bab002c0fa,False,2025-07-03 21:02:31,2026-05-24 18:43:47,verified,1363,0,False
user_server_009_3864,server_009,bsoto,Taylor Williams,6234,a0994e967b,False,2026-06-12 11:29:52,2026-06-15 17:13:03,,199,0,False
user_server_009_6128,server_009,norrisdaniel,Kristen Castillo,3031,4bd69450d9,False,2026-02-09 13:15:45,2026-04-01 01:07:17,,355,779,False
user_server_009_8032,server_009,marissasutton,Brandon Miller,8882,cd17a3d4b7,False,2025-10-05 23:33:29,2026-01-14 05:34:49,verified,506,0,False
user_server_009_9515,server_009,rebecca24,Noah Robertson,0401,8f6ac9f230,False,2026-06-06 07:14:51,2026-06-07 17:04:39,verified,212,21,False
user_server_009_7367,server_009,caguilar,Thomas Watson,2734,ba400f16f3,False,2025-07-31 03:33:43,2025-12-07 20:08:33,booster,658,408,False
user_server_009_5365,server_009,tmurphy,Nicole Martinez,6392,2daade7da2,False,2026-02-19 20:58:24,2026-03-01 23:55:08,"moderator,verified",212,38,False
user_server_009_4117,server_009,kirbybrett,Jeremy Silva,5308,13a1c5585a,False,2025-08-12 05:02:01,2026-01-19 09:24:18,,784,0,False
owner_010,server_010,wilkinskevin,Margaret Solomon,0109,29f16ce842,False,2025-07-11 21:29:43,2025-09-17 22:33:44,"admin,moderator",2717,2823,True
user_server_010_4204,server_010,murraysara,Kendra Moon,9857,43fc7853be,False,2026-03-24 09:30:40,2026-05-23 12:25:05,verified,386,131,False
user_server_010_8396,server_010,lisa43,Philip Moore,4414,e4acdb7dca,False,2026-06-08 01:22:27,2026-06-15 01:58:55,booster,225,0,False
user_server_010_7974,server_010,millerjessica,Christine Shaw,2431,70233ab1a0,False,2026-01-14 02:36:45,2026-05-25 06:15:46,verified,614,169,False
user_server_010_3627,server_010,rowebelinda,Victoria Flowers,3363,4cd5bb8729,False,2026-03-22 11:18:00,2026-05-06 10:12:23,moderator,341,263,False
user_server_010_3721,server_010,barbara09,Sharon Anthony,4140,dc22d62d72,False,2026-02-07 18:59:57,2026-02-16 03:12:46,moderator,235,57,False
user_server_010_8728,server_010,marthagriffin,Jacqueline Hernandez,8547,989bc84e0c,False,2026-01-26 10:56:10,2026-04-27 00:13:37,booster,510,0,False
user_server_010_3446,server_010,orichards,Jacqueline Burton,3012,,False,2026-03-16 03:45:08,2026-04-28 00:14:04,,331,0,False
user_server_010_5151,server_010,julie80,Julie Curry,1136,300fa0f264,False,2025-08-05 18:30:58,2026-04-02 11:04:33,"admin,verified",956,48,False
user_server_010_6361,server_010,james60,Barbara Johnston,5791,2eff5e03fb,False,2026-01-18 05:09:18,2026-05-17 06:16:39,booster,534,216,False
user_server_010_9810,server_010,smithsusan,Sarah Rollins,4193,0bb7c17802,False,2025-07-19 11:06:03,2025-07-26 13:51:32,"moderator,verified",259,0,False
user_server_010_3205,server_010,michael36,Anthony Schmidt,2113,4254bdf08e,False,2025-09-17 01:12:35,2025-12-06 19:49:42,admin,508,0,False
user_server_010_5499,server_010,foleyjennifer,Garrett Suarez,3235,e4942a4dbf,True,2026-04-27 13:03:44,2026-05-19 23:07:49,,277,151,False
user_server_010_2832,server_010,eclark,Tasha Pope,6808,64e3212bdd,False,2025-09-29 09:32:37,2026-05-10 10:33:12,,1047,0,False
user_server_010_6006,server_010,nicholasmorales,Angela Vaughn,0151,a5cb009558,False,2025-12-22 19:04:14,2026-06-03 22:50:38,,691,175,False
user_server_010_5323,server_010,ncarroll,Robert Brown,9507,4ce4275364,False,2025-10-18 15:10:33,2026-03-12 19:23:47,,666,0,False
user_server_010_2556,server_010,amy61,Tyler Cole,8024,7ddf7fcbf6,False,2026-02-09 04:08:05,2026-04-05 23:29:21,verified,410,0,False
user_server_010_1099,server_010,michelle63,Laura Kelly,5207,7a61e3896f,False,2025-12-19 05:45:40,2026-05-29 10:28:23,"verified,booster",685,271,False
user_server_010_3001,server_010,garciakelly,Michael Williams,5405,93d205d912,False,2026-05-20 22:27:35,2026-06-09 17:45:02,,279,72,False
user_server_010_1786,server_010,thomaswhite,Christopher Wheeler,5314,14aef3c12f,False,2025-12-03 13:14:26,2026-02-03 14:39:31,moderator,398,262,False
user_server_010_6014,server_010,vortiz,Elizabeth Boyd,8141,e371082242,False,2026-01-04 23:59:40,2026-05-10 19:31:41,"verified,booster",582,0,False
user_server_010_6400,server_010,jonathan61,Brian Kidd,2607,6ac9c076a6,False,2025-11-20 21:14:31,2026-02-05 23:11:03,"admin,verified,booster",458,198,False
user_server_010_1661,server_010,cynthia35,Sabrina Ellison,3621,,False,2026-04-04 05:49:49,2026-05-16 12:23:25,booster,306,66,False
user_server_010_9743,server_010,cclayton,Tracey Johnson,8314,,True,2026-02-03 07:39:36,2026-05-28 09:53:34,,658,53,False
user_server_010_3150,server_010,taylortina,Charles Barnes,2917,85c17fefeb,False,2026-01-10 18:29:17,2026-02-02 15:09:47,,289,707,False
user_server_010_1740,server_010,bakerjonathon,Brian Fischer,5340,3ae3669a95,False,2025-12-01 19:16:54,2026-04-08 08:54:25,,607,13,False
user_server_010_4086,server_010,laura09,Robert Barnes,7359,db7203d1dc,False,2025-12-16 20:49:17,2026-03-12 21:08:23,booster,476,154,False
user_server_010_5097,server_010,hudsonglen,Shannon Mays,5327,a13128990c,False,2025-10-06 16:39:47,2025-10-13 19:25:52,,213,243,False
user_server_010_8614,server_010,monica51,Cynthia Decker,0638,445a17fcc3,True,2025-08-14 23:30:25,2026-01-13 01:45:31,,724,0,False
user_server_010_7159,server_010,ftaylor,Derek Gonzalez,0995,,False,2025-11-24 06:58:02,2026-01-28 11:47:06,,483,72,False
user_server_010_9457,server_010,jshaffer,Dr. Nina Combs,9612,d61036dd15,False,2025-10-25 15:27:53,2026-04-21 17:03:14,moderator,888,0,False
user_server_010_8850,server_010,harrisstacey,Olivia Santana,9458,c4a20fda57,False,2026-04-04 15:29:10,2026-05-22 18:52:54,,340,347,False
user_server_010_4609,server_010,amyramos,Tonya Walker,3461,f1f5d8b981,False,2025-08-30 01:55:11,2026-02-27 06:24:33,booster,718,317,False
user_server_010_9390,server_010,ecampbell,Ronald Davis,6497,cb1cc4d3df,False,2026-02-07 00:00:36,2026-05-18 18:57:12,moderator,493,0,False
user_server_010_1140,server_010,deandaniel,Cheryl Petersen,0066,cb4d568634,False,2026-05-08 02:04:48,2026-06-14 07:41:13,,315,305,False
user_server_010_5533,server_010,lopezdavid,Dennis Jackson,5122,62d3efc438,False,2025-10-30 09:51:12,2026-06-13 14:08:39,,1134,109,False
user_server_010_3791,server_010,carlos23,Lisa Ramsey,6980,,False,2026-03-24 23:59:32,2026-04-18 12:42:43,moderator,278,90,False
user_server_010_7406,server_010,shannon20,Douglas Smith,0507,6819b32a9c,False,2025-11-22 05:50:26,2026-03-12 20:27:18,,478,114,False
user_server_010_1887,server_010,tnorris,Karl Moore,7570,74194aceb7,False,2025-10-16 18:52:12,2026-02-26 04:07:32,,595,324,False
user_server_010_9140,server_010,maryday,John Jensen,5404,08f5ea9540,False,2026-02-19 03:44:00,2026-05-13 11:55:08,,474,203,False
user_server_010_1638,server_010,douglashill,Alyssa Cross,8008,2c5ce9812b,False,2026-02-11 08:02:12,2026-02-25 07:46:59,verified,232,262,False
user_server_010_7355,server_010,juliebird,Laura Harris,1538,e55f79b6c2,False,2025-08-02 22:48:31,2026-01-21 22:31:58,admin,631,1,False
user_server_010_9758,server_010,braunmegan,Charlene Smith,3570,330f2b7222,False,2026-06-10 20:09:51,2026-06-12 00:18:58,admin,186,0,False
user_server_010_6571,server_010,geraldgarcia,Lisa Johnson,2128,3fe812f60b,False,2025-09-23 23:23:22,2025-12-09 15:01:22,"verified,booster",414,550,False
user_server_010_7432,server_010,ygarcia,John Hernandez,5161,,False,2026-05-05 07:31:31,2026-05-07 09:52:40,,207,413,False
user_server_010_4086,server_010,pwest,Timothy Hernandez,2288,088d689e3a,False,2025-11-10 16:06:16,2026-03-19 05:23:01,verified,614,0,False
user_server_010_6848,server_010,kimberly36,Jennifer Taylor,5143,358bb3056a,False,2026-01-15 02:43:35,2026-04-19 17:42:13,,479,76,False
user_server_010_6065,server_010,robertstephens,Gerald Alvarez,4349,2fa3cde015,True,2025-07-28 04:02:48,2025-09-23 22:55:50,verified,403,172,False
user_server_010_5084,server_010,davisjohn,Robert Sheppard,9782,,False,2026-02-15 18:38:07,2026-04-10 00:00:33,"moderator,verified",325,104,False
user_server_010_7639,server_010,lindseyjavier,Collin Osborne,1693,955e2ccddb,False,2026-01-13 09:08:04,2026-05-24 20:11:12,,725,0,False
user_server_010_7868,server_010,ethanrodriguez,Jamie Williams,9133,39d858eb3f,False,2025-09-07 22:15:26,2026-04-06 00:55:57,,931,0,False
user_server_010_7682,server_010,riostyler,Alexander Colon,3477,91d83db752,False,2025-07-13 14:14:07,2025-10-21 06:34:19,booster,479,72,False
user_server_010_4802,server_010,julia17,Christopher Morton,2242,73b4881943,False,2026-01-21 23:14:44,2026-04-28 18:02:47,,478,286,False
user_server_010_1478,server_010,dflowers,David Brown,8512,,False,2025-09-24 08:08:23,2026-05-06 06:03:11,admin,919,165,False
user_server_010_7948,server_010,mandymalone,Richard Barrera,9221,,False,2025-10-14 17:34:16,2026-03-19 04:42:23,,688,264,False
user_server_010_8502,server_010,michaeldavis,Charles White,9920,,False,2025-09-21 06:16:38,2025-11-18 09:16:18,,428,20,False
user_server_010_1633,server_010,karina20,Elizabeth Morrow,0914,9740f22482,False,2026-01-07 09:45:55,2026-01-12 00:28:51,"admin,booster",235,160,False
user_server_010_7265,server_010,yware,Christine White,2987,230fb6ffd3,False,2025-10-18 02:14:28,2026-02-15 05:29:12,,582,177,False
user_server_010_3581,server_010,leslie32,Blake Owens,9469,58dc90c9d2,False,2025-09-25 02:19:35,2025-12-26 09:34:40,,509,120,False
user_server_010_7846,server_010,wallererica,Gregory Holt,0690,fe72ddef25,False,2026-03-05 13:31:02,2026-04-03 01:12:59,booster,312,20,False
user_server_010_1887,server_010,daniel02,Kenneth Rodriguez,5170,c06b87dbfd,False,2025-08-29 19:11:09,2025-10-25 05:38:39,verified,390,314,False
user_server_010_2018,server_010,jacksonrussell,Wendy Warner,6557,,False,2026-01-18 13:54:19,2026-06-10 08:49:45,,690,0,False
user_server_010_7904,server_010,jscott,Shawn Hooper,9452,f0e7e86e2d,False,2026-03-25 07:19:13,2026-05-14 15:38:11,"moderator,verified",383,4,False
user_server_010_9045,server_010,jasongray,Adam Fox,6690,,False,2025-10-20 08:37:33,2026-03-30 21:37:42,verified,721,221,False
user_server_010_5211,server_010,stephen08,Jessica Sandoval,5613,,False,2026-05-25 18:13:18,2026-06-11 13:41:47,,236,488,False
user_server_010_8233,server_010,daviladaniel,Eddie Mathis,0059,79b08b4df8,False,2026-01-03 20:12:50,2026-04-20 15:55:22,,705,194,False
user_server_010_3331,server_010,dturner,Omar Gallagher,8420,1b1b506ebd,False,2025-10-25 18:10:04,2026-04-05 12:55:14,verified,721,58,False
user_server_010_3402,server_010,philliphayden,Sandra Floyd,6570,ad1f4eca5a,False,2025-09-09 08:59:10,2026-04-09 07:47:58,moderator,962,0,False
user_server_010_2221,server_010,amber86,Tony Williams,8453,435419a7bc,False,2026-03-18 23:05:21,2026-05-31 08:26:21,moderator,410,0,False
user_server_010_7576,server_010,audreyrose,Jeffrey Hernandez,6193,542900a1a5,False,2025-12-09 06:23:29,2026-04-29 18:04:49,"moderator,verified",649,238,False
user_server_010_3854,server_010,cameronjackson,Katherine Mcmillan,4300,,False,2026-06-14 17:58:18,2026-06-15 20:44:43,"verified,booster",196,14,False
user_server_010_2402,server_010,michellehoward,Shawn Juarez,9115,54595dfa1e,False,2025-10-12 09:53:19,2026-03-06 07:15:07,booster,693,271,False
user_server_010_7559,server_010,smithapril,Eddie Klein,7960,3c03706f04,True,2026-01-30 17:40:45,2026-04-26 04:11:27,,483,0,False
user_server_010_1953,server_010,brittneysalazar,Joseph Tate,4669,f2af0800d5,False,2025-09-16 03:08:12,2025-10-01 10:27:38,verified,245,81,False
user_server_010_5811,server_010,martinezdavid,Allison Friedman,6754,,False,2026-02-09 16:57:46,2026-06-02 03:12:37,,553,0,False
user_server_010_2738,server_010,cruzkaren,Samantha Taylor,8132,5e1ece1be9,True,2025-08-07 01:27:47,2025-09-11 15:09:03,verified,343,3,False
user_server_010_8758,server_010,lharmon,Theresa Ray,2678,59e11b5f44,True,2026-04-20 01:05:06,2026-05-07 04:37:02,admin,224,697,False
user_server_010_8711,server_010,priceamber,Elizabeth Zhang,5971,58f5bbca91,False,2025-10-09 01:55:41,2026-06-05 23:59:43,"admin,booster",1036,41,False
user_server_010_4769,server_010,qcastillo,Andrew Johnson,9816,fcc235618b,False,2026-01-11 17:37:58,2026-03-04 23:24:19,,395,192,False
user_server_010_5225,server_010,gabrielle36,Brent Conley,2715,,False,2026-04-28 13:45:05,2026-06-11 09:22:05,,353,0,False
user_server_010_7002,server_010,gmiller,Angela Davis,1522,1e33c59643,False,2025-10-30 06:33:23,2025-12-13 03:50:48,verified,369,59,False
user_server_010_7479,server_010,heather58,Kenneth Ballard,9395,48880f5158,False,2025-10-12 11:07:45,2026-04-08 13:27:36,,829,8,False
user_server_010_9686,server_010,lopezjordan,Alexandria Cox,5246,24bad04018,False,2026-01-01 14:31:40,2026-03-16 06:17:21,booster,412,82,False
user_server_010_7405,server_010,joshuajenkins,James Andrews,8457,ca9cd4d694,False,2026-05-21 19:43:07,2026-06-13 01:06:00,,269,0,False
user_server_010_5640,server_010,brandi46,Charles Brown,0739,904319b5a5,False,2026-02-25 08:12:12,2026-03-04 02:39:47,,218,5,False
user_server_010_4989,server_010,josephschneider,Charles Carrillo,5199,,True,2025-10-23 00:26:42,2026-02-28 10:48:06,verified,639,70,False
user_server_010_7093,server_010,barkeredwin,Daniel Griffin,1160,8be4c43538,False,2026-02-26 11:31:43,2026-03-19 16:48:42,verified,294,0,False
user_server_010_3718,server_010,tammy26,Joseph Mason,1251,88e962245d,False,2026-03-31 23:34:55,2026-05-12 04:15:04,,365,28,False
user_server_010_5505,server_010,haley27,Thomas Walsh,8714,,False,2025-12-18 22:04:42,2026-01-10 18:59:37,,284,116,False
user_server_010_3199,server_010,robertmoore,Haley Gibson,0141,7f4b9c88d4,False,2025-09-10 13:21:12,2025-11-06 22:55:06,moderator,337,26,False
user_server_010_2670,server_010,moorecody,Tiffany Arnold,9990,,False,2026-02-09 04:37:57,2026-03-13 00:45:59,,336,0,False
user_server_010_5997,server_010,daniel16,Lori Hartman,6333,,False,2026-05-02 13:03:21,2026-06-10 14:12:34,,326,0,False
user_server_010_3953,server_010,michael04,Stephanie Wilson,1320,9f722be534,False,2025-10-16 04:09:08,2026-04-11 03:16:42,verified,806,0,False
user_server_010_3964,server_010,oguzman,Jeffery Johnson,6943,eff9c57268,False,2025-09-21 00:41:04,2026-04-02 20:02:30,"admin,verified",830,124,False
user_server_010_8553,server_010,alexandraellis,Nathaniel Reese,7710,80b8315859,False,2025-12-25 01:24:58,2026-04-24 09:18:14,,687,0,False
user_server_010_3231,server_010,ashleybranch,Andrea Davis,9523,5ed1b00600,False,2026-01-27 00:24:06,2026-03-18 02:41:12,"verified,booster",363,344,False
user_server_010_6453,server_010,stacey50,Mr. Paul Walker PhD,1048,6eb981a44c,False,2025-12-20 10:25:10,2026-06-11 08:32:54,,781,126,False
user_server_010_9650,server_010,larry04,Stephanie Good,4691,c5a2ac02a3,False,2025-10-17 10:32:58,2026-03-12 19:17:48,"moderator,verified",734,126,False
user_server_010_6900,server_010,melissaevans,Allison Howell,6710,e81cf4bbd9,False,2025-10-14 00:50:15,2026-03-26 21:31:54,booster,765,10,False
user_server_010_1462,server_010,diazjennifer,Victoria Maynard,6863,2c1dc7bf98,False,2026-04-11 18:54:39,2026-04-24 15:13:20,,260,0,False
user_server_010_5907,server_010,jordanbailey,Angela Kidd,3953,5d2e9f2db0,False,2025-07-23 15:30:05,2025-11-23 09:30:48,moderator,564,0,False
user_server_010_9796,server_010,shelbysherman,Beth Ellis,6780,b57fa4d6b2,False,2025-12-29 18:31:25,2026-05-09 21:07:27,,608,0,False
user_server_010_3130,server_010,achavez,Sarah Padilla,1253,e4fdc6a939,False,2025-11-04 17:24:02,2026-05-01 00:55:30,"moderator,verified",667,335,False
user_server_010_7473,server_010,sarah62,Desiree Jones,6818,,False,2026-01-18 19:00:20,2026-05-04 12:42:10,booster,500,120,False
user_server_010_6342,server_010,ahenson,Jessica Chase,4857,,False,2025-11-04 22:35:04,2026-03-19 14:13:10,,649,118,False
user_server_010_9573,server_010,kristy47,Bobby Moore,8852,4a4fa1959e,False,2025-09-14 01:42:43,2026-05-16 03:33:30,"moderator,verified",1079,24,False
user_server_010_9216,server_010,michaeljohnson,Ashley Dixon,2561,41e1d68c09,False,2025-11-11 15:44:59,2026-02-25 11:43:00,booster,506,101,False
user_server_010_3745,server_010,jholder,Erik Nelson,8853,ec87658d18,False,2025-10-31 04:24:49,2026-04-23 13:28:01,"moderator,verified",819,98,False
user_server_010_8087,server_010,parkerrobert,Jamie Hernandez,6252,3e6a9f0984,False,2025-08-16 07:16:08,2026-05-28 04:47:29,,1060,171,False
user_server_010_6536,server_010,rogersdana,Lindsey Potter,3049,fb1427cdea,False,2025-08-30 03:08:00,2026-02-17 23:39:44,verified,758,37,False
user_server_010_8353,server_010,bailey20,Mary Hill,9192,5448e5f2c0,False,2026-04-24 19:25:59,2026-05-31 13:54:44,moderator,331,0,False
user_server_010_6684,server_010,mirandacraig,Katherine Gonzalez,6033,e1aabfac9b,True,2025-08-11 23:05:21,2026-05-27 15:53:22,,1096,742,False
user_server_010_1598,server_010,stevensmith,Cynthia Perez,0916,8bf5fddcf8,False,2025-12-24 01:25:06,2026-01-26 17:54:48,,299,0,False
user_server_010_3073,server_010,vincent82,Kelsey Ramirez,2788,350870e82e,False,2026-02-03 00:21:20,2026-04-13 05:32:46,"moderator,verified",380,18,False
user_server_010_1684,server_010,kaiserrichard,Alicia Bradford,2496,5b154506fb,False,2026-05-22 12:14:08,2026-06-13 06:22:56,admin,287,178,False
user_server_010_8506,server_010,whiteeugene,Emily Douglas,0633,a498eb740d,False,2025-12-18 08:02:53,2026-03-29 13:03:04,,531,0,False
user_server_010_5677,server_010,johnjohnson,Amber Carr,6549,638d5dc37b,False,2026-01-13 00:26:19,2026-05-01 08:31:22,,658,536,False
user_server_010_5563,server_010,psmith,Brian Blair PhD,8436,5228a8eaf9,False,2026-02-01 19:29:18,2026-04-18 17:33:36,,456,121,False
user_server_010_3671,server_010,harrisbryan,Ashley Griffin,4643,69934e54b7,False,2026-04-27 15:54:40,2026-06-08 12:45:35,"moderator,verified",314,55,False
user_server_010_4918,server_010,millerlindsey,Adam Evans,4288,ec9d464627,False,2026-02-04 12:52:43,2026-05-05 21:04:37,moderator,500,119,False
user_server_010_6292,server_010,allenkaren,Brett Carson DDS,3380,,False,2026-02-27 03:01:16,2026-04-22 07:28:34,moderator,376,0,False
user_server_010_9266,server_010,vwilliams,Mark Hughes,8172,,False,2026-04-16 21:34:09,2026-04-21 11:32:58,"verified,booster",216,32,False
user_server_010_9980,server_010,kathleencase,Lisa Potter,1240,,False,2025-09-05 17:37:44,2026-04-05 02:53:20,verified,916,51,False
user_server_010_8510,server_010,bowenjonathan,Dominique Spence,0346,,False,2025-08-26 07:42:57,2026-01-15 10:51:10,,646,851,False
user_server_010_8069,server_010,vunderwood,Tammy Fuller,6030,93b4581bec,False,2026-01-18 13:58:01,2026-02-19 18:11:18,,294,44,False
user_server_010_7026,server_010,vpeterson,Michelle Johnson,0416,a7694b4a80,False,2026-03-28 05:42:38,2026-04-25 23:00:35,,299,396,False
user_server_010_5921,server_010,amills,Richard George,8420,1960503566,False,2026-03-20 18:18:36,2026-04-13 01:31:42,,327,119,False
user_server_010_3146,server_010,taylordougherty,Alexander Vaughn,6012,,False,2026-06-03 01:22:51,2026-06-10 00:07:08,,215,46,False
user_server_010_6133,server_010,maxwelltheodore,Beverly Harris,1577,38c8b5061a,False,2026-01-03 20:58:55,2026-05-13 17:30:47,booster,648,39,False
user_server_010_3440,server_010,fking,Kimberly Washington,0983,89eb652fe0,False,2026-04-13 12:59:28,2026-05-01 12:00:42,verified,266,0,False
