message_id,server_id,channel_id,user_id,timestamp,content,has_attachment,has_embed,reaction_count,is_pinned,length
msg_00001,server_008,server_008_text_3,user_server_008_1217,2025-07-20 08:31:47,Language information tell.,False,False,0,False,26
msg_00002,server_008,server_008_text_5,user_server_008_3456,2025-12-16 09:15:05,Consider expert address.,False,False,0,False,24
msg_00003,server_006,server_006_text_1,user_server_006_4930,2026-02-23 21:52:05,"Six letter wife all college either. Create should degree house control. Hospital also year own.
Good lay huge line home kind radio. Join real early sure. Recent vote wall become area break.",False,False,0,False,189
msg_00004,server_004,server_004_text_3,user_server_004_6636,2026-01-04 12:41:51,"Eye talk me detail. Feeling blue interesting. Sport first director challenge.
Help rest shake research. Recognize identify some discuss test pass. Discussion nearly behavior for star they.",False,False,0,False,188
msg_00005,server_003,server_003_text_1,user_server_003_5660,2025-07-07 02:44:06,Carry side town traditional.,False,False,0,False,28
msg_00006,server_006,server_006_text_2,user_server_006_3233,2026-02-01 02:36:33,Southern care or share marriage better.,False,False,5,False,39
msg_00007,server_008,server_008_text_4,user_server_008_1496,2025-12-16 20:43:33,"Choice take police several speech. Claim same affect fast fall serve successful. Sign institution leg center group kid.
Data step less gun south senior lose.",True,False,0,False,157
msg_00008,server_003,server_003_text_1,user_server_003_2258,2026-05-01 01:20:25,Anyone none forward side hour month.,False,False,4,False,36
msg_00009,server_001,server_001_text_1,user_server_001_6139,2026-04-21 11:52:56,Throw control might feel.,False,False,0,False,25
msg_00010,server_003,server_003_text_5,user_server_003_9737,2025-09-05 15:16:01,Large investment carry.,True,False,0,False,23
msg_00011,server_005,server_005_text_4,user_server_005_8870,2026-05-23 03:16:20,Present help deal long attack strong deal.,False,True,0,False,42
msg_00012,server_010,server_010_text_3,user_server_010_5640,2026-05-22 11:08:26,Risk whom husband individual catch. By throw issue mean little appear time really. Military very year option do.,True,False,0,False,112
msg_00013,server_005,server_005_text_4,user_server_005_8768,2026-04-26 08:43:08,Simply fire radio scene in.,False,False,0,False,27
msg_00014,server_005,server_005_text_4,owner_005,2026-02-09 11:39:15,Say matter think matter.,False,False,0,False,24
msg_00015,server_001,server_001_text_2,user_server_001_4185,2026-05-14 19:48:33,Effort job baby relate agree story. Employee suddenly local team see candidate rock. Arrive compare want chair.,False,False,0,False,111
msg_00016,server_001,server_001_text_2,user_server_001_9947,2026-03-17 07:50:16,Head eye student identify network allow compare.,False,False,0,False,48
msg_00017,server_003,server_003_text_4,user_server_003_5887,2026-02-16 09:00:47,Structure western account once.,False,False,0,False,31
msg_00018,server_008,server_008_text_4,user_server_008_8444,2025-06-15 06:26:12,"Ahead conference including which. Some add you three continue however many.
Institution agent author let. Tv south ball.",False,False,0,False,120
msg_00019,server_010,server_010_text_2,user_server_010_9216,2026-04-14 06:07:46,Civil everything kitchen without trouble accept.,True,False,0,False,48
msg_00020,server_004,server_004_text_3,user_server_004_8472,2025-10-21 00:52:12,When allow huge upon employee.,False,False,2,False,30
msg_00021,server_005,server_005_text_6,user_server_005_1006,2026-06-04 11:00:46,Thing past partner would.,True,True,0,False,25
msg_00022,server_003,server_003_text_5,user_server_003_9754,2026-05-24 13:58:34,Board page scene different left citizen.,False,False,0,False,40
msg_00023,server_010,server_010_text_3,user_server_010_9573,2025-09-15 16:30:57,Conference technology civil occur state develop present.,False,False,0,False,56
msg_00024,server_010,server_010_text_1,user_server_010_5907,2025-11-28 19:03:01,Window none investment by involve.,False,False,0,False,34
msg_00025,server_005,server_005_text_1,user_server_005_6235,2026-01-28 16:31:59,Laugh position station law coach popular.,False,False,0,False,41
msg_00026,server_009,server_009_text_1,user_server_009_4657,2025-10-02 05:14:58,"Open enter see only age. Media national feeling. Industry manager guy.
College nation professor. North success commercial another. Sign tough since war.",False,False,0,False,152
msg_00027,server_003,server_003_text_4,user_server_003_4102,2025-10-04 14:30:18,Town south general wind box those.,False,False,0,False,34
msg_00028,server_001,server_001_text_1,user_server_001_4185,2025-09-28 02:24:46,"Exist someone raise almost talk ok. Speak expect situation perhaps sense early themselves.
Hour clear interview account Mr. Nor science yourself discover call whole.",False,False,0,False,165
msg_00029,server_006,server_006_text_1,user_server_006_5242,2025-11-26 00:30:00,Cup loss finally he civil trade. Consider simple environmental behavior data large. Worry best car how away director loss discussion.,False,False,0,False,133
msg_00030,server_004,server_004_text_4,user_server_004_7912,2025-10-16 18:48:51,Process these total firm.,False,False,0,True,25
msg_00031,server_009,server_009_text_1,user_server_009_8528,2025-09-04 23:29:23,"Article coach black government discover. Great fish even rest cause old.
Down subject military kid true. Point end painting camera realize edge capital.",True,False,0,False,152
msg_00032,server_008,server_008_text_1,user_server_008_8982,2025-07-07 08:56:06,Cup decade doctor color operation next great.,False,False,1,False,45
msg_00033,server_008,server_008_text_6,user_server_008_3268,2026-02-24 08:21:46,Their wall coach level myself face.,False,False,5,True,35
msg_00034,server_002,server_002_text_1,user_server_002_1807,2026-06-08 05:49:12,Ever third four me six same.,False,False,0,False,28
msg_00035,server_003,server_003_text_3,user_server_003_5170,2025-12-13 22:11:47,Court school commercial simple record report local.,False,False,0,False,51
msg_00036,server_008,server_008_text_3,user_server_008_2132,2025-05-11 05:34:47,Small adult meet huge by once.,False,False,0,False,30
msg_00037,server_002,server_002_text_1,user_server_002_3238,2026-03-09 15:31:47,Gun under television point.,False,False,1,False,27
msg_00038,server_003,server_003_text_3,user_server_003_1425,2025-05-25 07:39:11,"Bag one collection city contain go. Mouth good somebody value. Collection third feel common in open.
Position before watch society. Two beautiful now company activity.",False,False,0,False,167
msg_00039,server_009,server_009_text_1,user_server_009_3880,2026-04-06 10:39:54,While guess create. Local expect always response. Avoid say base detail have customer people care.,False,False,1,False,98
msg_00040,server_007,server_007_text_1,user_server_007_1379,2025-10-31 22:58:44,Listen job candidate example.,False,False,5,False,29
msg_00041,server_004,server_004_text_3,user_server_004_4074,2025-09-06 13:48:41,"Action occur direction community even bed. Probably tax pull day test cup. Boy poor society else Republican whole.
Voice resource home everybody. Break see least less probably.",False,False,0,False,176
msg_00042,server_002,server_002_text_1,user_server_002_6992,2025-08-31 09:15:53,"Think expert despite. Entire environment shoulder collection environmental.
Someone may home eight now young. Grow fall movie seat. Success carry nice among read common.",False,False,0,False,169
msg_00043,server_004,server_004_text_4,user_server_004_6589,2025-09-17 16:41:23,Local back public anyone major.,True,False,3,False,31
msg_00044,server_002,server_002_text_4,user_server_002_4259,2026-02-12 15:28:11,Say family lay what mission every.,False,False,4,True,34
msg_00045,server_006,server_006_text_2,user_server_006_4628,2025-10-24 04:37:28,"How heart my. Successful white goal indeed to support capital. Sense identify under top site happy.
Mind staff second number. Chance little receive officer.",False,False,3,False,156
msg_00046,server_001,server_001_text_1,user_server_001_5526,2025-10-29 00:05:17,"Tonight direction easy environment interesting meeting.
How popular program. Stage likely social.
Usually consumer contain improve tax treat politics. Pass side laugh positive.",False,False,0,False,176
msg_00047,server_006,server_006_text_1,user_server_006_1760,2025-12-07 00:36:10,"Number catch brother lay energy.
Share share nation husband rich ahead. Day stuff several I clear us. Listen want oil.
Stuff bag yet staff us make no. Reflect whole show significant do bed.",False,False,4,False,189
msg_00048,server_002,server_002_text_3,user_server_002_6314,2025-04-29 10:13:05,Reach professor win beautiful side whatever few. Realize both grow not without last yes out. Pay standard keep ability. You most when even no.,False,False,0,False,142
msg_00049,server_003,server_003_text_4,user_server_003_7541,2025-12-11 17:46:04,Question gas population oil sense.,False,False,0,False,34
msg_00050,server_008,server_008_text_4,user_server_008_3246,2026-05-31 16:08:50,"Here surface think ok.
Behavior ability vote simple boy approach out. Include fear land answer.
Pick all political term teacher lawyer I.",True,False,0,False,137
msg_00051,server_008,server_008_text_3,user_server_008_7314,2025-12-13 21:58:24,Week contain positive place become industry.,False,False,0,False,44
msg_00052,server_001,server_001_text_2,owner_001,2025-09-25 10:34:58,Institution or both.,False,False,0,False,20
msg_00053,server_003,server_003_text_5,user_server_003_1060,2025-09-22 02:30:46,Teach commercial line hot administration almost. Subject drive build arm. Yes instead pull think. Especially for organization picture contain.,False,False,0,False,142
msg_00054,server_002,server_002_text_2,user_server_002_3406,2025-05-22 05:11:52,"Others one voice choose development hair. Consumer travel now.
Economic heavy set a. Drug five such through final. Great recognize interesting may bad mouth.",False,True,0,False,157
msg_00055,server_009,server_009_text_1,user_server_009_4948,2025-07-10 02:57:06,Page person more exist available health financial.,False,False,0,False,50
msg_00056,server_002,server_002_text_4,user_server_002_3192,2025-05-03 16:38:44,Whose talk project company security week control.,False,False,0,False,49
msg_00057,server_002,server_002_text_1,user_server_002_1920,2026-03-06 07:13:34,Hit close improve people action indicate authority.,False,False,0,False,51
msg_00058,server_007,server_007_text_2,user_server_007_9846,2026-05-13 04:54:44,We notice impact country general particular operation.,False,False,0,False,54
msg_00059,server_005,server_005_text_4,user_server_005_3289,2025-11-05 09:22:00,Price child trip owner week nature democratic seem.,False,False,0,False,51
msg_00060,server_004,server_004_text_5,user_server_004_8591,2026-02-10 07:24:57,New less many particularly head sit. Feeling east modern. Model term edge.,True,False,0,False,74
msg_00061,server_005,server_005_text_6,user_server_005_4168,2026-02-21 20:14:15,Table that room nor design.,False,False,0,False,27
msg_00062,server_010,server_010_text_3,user_server_010_5811,2026-06-11 02:02:44,"Daughter specific many. Top such like almost.
Itself force provide father score project recently. Training forget wide power area. Do story all usually. Into wall bill wall next per.",False,False,0,False,182
msg_00063,server_002,server_002_text_4,user_server_002_4635,2026-02-25 17:27:58,Past important view issue four lose serious.,True,False,0,False,44
msg_00064,server_001,server_001_text_1,owner_001,2025-10-12 19:27:19,Support according easy vote make.,False,False,0,False,33
msg_00065,server_005,server_005_text_5,user_server_005_8192,2026-04-08 05:20:22,Represent fish who prevent.,False,False,0,False,27
msg_00066,server_003,server_003_text_5,user_server_003_7813,2025-06-14 14:56:14,Produce firm identify actually many many politics.,False,False,2,False,50
msg_00067,server_009,server_009_text_1,user_server_009_6613,2025-12-29 06:30:07,Many wife artist industry.,False,False,0,False,26
msg_00068,server_010,server_010_text_2,user_server_010_3964,2025-09-23 18:02:56,Seven conference and reason street season on.,False,False,0,False,45
msg_00069,server_005,server_005_text_5,user_server_005_2889,2025-10-26 07:03:05,"Cup machine decide American fear contain family you. Suggest expert participant sister management.
Seek movement tend simple firm assume.
Including baby serious author likely alone try.",False,False,4,False,185
msg_00070,server_005,server_005_text_3,user_server_005_5764,2026-03-12 19:36:31,End responsibility people protect eat project two.,False,False,0,False,50
msg_00071,server_006,server_006_text_2,user_server_006_1613,2026-02-16 13:18:43,"Start able expect onto throughout song response.
Bring everybody adult seven page. Change bank much race open hour civil. Draw he star.",False,False,0,False,135
msg_00072,server_008,server_008_text_2,user_server_008_9618,2025-12-23 16:04:04,Garden individual customer usually painting.,False,False,0,False,44
msg_00073,server_004,server_004_text_3,user_server_004_5762,2026-06-12 10:34:17,Feel sure me medical apply shoulder it.,False,False,0,False,39
msg_00074,server_004,server_004_text_3,user_server_004_1000,2025-10-18 03:13:30,Measure who next.,False,False,2,False,17
msg_00075,server_004,server_004_text_3,user_server_004_7250,2025-10-21 20:32:34,"Collection without resource outside past must reveal realize.
Bad current task certainly hope. Benefit Mr network night.",False,False,4,False,120
msg_00076,server_003,server_003_text_2,user_server_003_1853,2025-10-15 05:06:46,Fast risk when arm mother.,True,False,0,False,26
msg_00077,server_002,server_002_text_2,user_server_002_9537,2025-11-06 08:53:53,"Bag seek eye second statement. Fund during evening then magazine hold impact.
Easy reflect office type. Discussion add see available movement administration. Main new large democratic home husband.",False,False,3,False,197
msg_00078,server_010,server_010_text_3,user_server_010_7948,2025-10-22 19:15:24,Brother close south down agreement half age energy.,False,False,0,False,51
msg_00079,server_009,server_009_text_2,user_server_009_5769,2026-04-03 03:27:50,Should least he level our. Tax off station wide among.,False,False,0,False,54
msg_00080,server_006,server_006_text_1,user_server_006_9128,2025-10-15 22:30:04,Seven huge image term others.,False,False,0,False,29
msg_00081,server_010,server_010_text_3,user_server_010_6536,2025-09-17 07:54:50,Change management manager fire imagine activity.,False,False,0,False,48
msg_00082,server_003,server_003_text_4,user_server_003_4465,2025-11-12 04:53:12,Bill information cause my air action.,False,False,0,False,37
msg_00083,server_008,server_008_text_6,user_server_008_3282,2025-11-29 21:34:05,Tell child instead TV administration culture son.,False,False,3,False,49
msg_00084,server_002,server_002_text_3,user_server_002_7919,2025-10-02 02:43:36,Hand half audience western.,False,False,0,False,27
msg_00085,server_010,server_010_text_2,user_server_010_1953,2025-09-18 19:11:22,"Kid quickly play bed.
Firm approach money occur. Can eight avoid early for kind. Argue heart enough seat degree.",False,False,0,False,112
msg_00086,server_004,server_004_text_1,user_server_004_5844,2025-08-13 06:13:09,Least natural according rather any control drug.,True,False,0,False,48
msg_00087,server_004,server_004_text_4,user_server_004_1800,2026-04-29 03:04:18,Suggest soon become enter talk south beyond.,False,False,0,False,44
msg_00088,server_001,server_001_text_1,user_server_001_6139,2026-04-27 14:44:07,Clearly owner it drop.,False,True,0,False,22
msg_00089,server_007,server_007_text_1,user_server_007_6517,2025-12-10 10:04:51,Sure century relationship recognize defense.,False,False,0,False,44
msg_00090,server_005,server_005_text_1,user_server_005_6038,2026-06-07 10:13:42,Decision your if else.,False,False,3,False,22
msg_00091,server_001,server_001_text_2,user_server_001_6139,2026-01-20 13:12:08,Tv focus several spring various time least. Teacher present election keep truth perform remember difference.,True,False,0,False,108
msg_00092,server_001,server_001_text_1,user_server_001_1508,2025-10-02 11:53:18,Painting moment threat across.,False,False,0,False,30
msg_00093,server_001,server_001_text_2,owner_001,2025-08-24 09:02:23,Former fly base successful real camera home.,False,False,4,False,44
msg_00094,server_009,server_009_text_1,user_server_009_4737,2025-09-24 03:57:16,"Job ready performance cut where buy. Respond hotel expect. Degree choice similar it personal.
Manage level despite voice. Though media whether western I federal.",False,False,0,False,161
msg_00095,server_010,server_010_text_3,user_server_010_5097,2026-02-09 17:11:15,"Car many adult. List serve media into inside he.
Store add always religious course meet.",True,False,0,False,88
msg_00096,server_010,server_010_text_4,user_server_010_7093,2026-05-24 04:23:01,Trial media alone science thousand sport add example.,False,True,0,False,53
msg_00097,server_005,server_005_text_2,user_server_005_9411,2026-01-27 08:58:16,"Statement simple job describe. Seat wish either herself.
Church nature region they. Produce travel forget explain.
Edge about available rate join. Case cover option most. Voice feel step upon claim.",True,False,0,False,198
msg_00098,server_009,server_009_text_1,user_server_009_3845,2025-12-09 09:37:30,Offer have fill section offer.,False,False,0,False,30
msg_00099,server_006,server_006_text_2,user_server_006_7611,2026-05-07 14:04:35,Win why hot send foot into kitchen.,False,False,0,False,35
msg_00100,server_008,server_008_text_5,user_server_008_3510,2026-05-30 18:23:13,"Simple hit third must wife task teach. Child house budget style arrive they.
His car between follow. Run range image everyone material unit. Follow seem grow management between whom.",False,False,0,False,182
msg_00101,server_010,server_010_text_2,user_server_010_5677,2026-03-17 22:57:35,Through technology employee show.,False,False,0,False,33
msg_00102,server_006,server_006_text_1,user_server_006_8502,2026-05-02 19:01:12,Particularly usually above soon street cut image move.,False,False,0,False,54
msg_00103,server_004,server_004_text_1,user_server_004_5963,2026-02-20 22:43:34,Admit simply student star test room.,False,False,0,False,36
msg_00104,server_009,server_009_text_2,user_server_009_1535,2025-11-13 03:47:45,After early create think fear view child.,False,False,4,False,41
msg_00105,server_006,server_006_text_2,user_server_006_8318,2026-01-14 07:02:51,Mention in community something four.,False,False,0,False,36
msg_00106,server_003,server_003_text_1,user_server_003_2578,2025-07-06 04:18:25,Particularly movement air participant their section defense.,False,False,0,False,60
msg_00107,server_005,server_005_text_5,user_server_005_5876,2025-11-23 22:38:23,Wind add focus policy well of quality. Once physical nature cell work ability.,False,False,0,False,78
msg_00108,server_009,server_009_text_1,user_server_009_4948,2025-11-10 14:58:49,Prevent at tonight scene.,False,False,0,False,25
msg_00109,server_008,server_008_text_6,user_server_008_5647,2026-01-29 20:54:24,Return cut may senior can paper skill.,False,False,0,False,38
msg_00110,server_006,server_006_text_2,user_server_006_5242,2026-01-20 07:25:18,Them recent south everybody number city position.,False,False,0,False,49
msg_00111,server_006,server_006_text_2,user_server_006_8554,2025-11-16 01:13:49,"Wife investment say guess. Heavy performance evidence learn stuff fall might.
Court able idea successful degree whom. He word morning throw.",False,False,0,False,140
msg_00112,server_005,server_005_text_4,user_server_005_9058,2026-03-26 11:33:06,Detail listen late me.,False,False,0,False,22
msg_00113,server_003,server_003_text_4,owner_003,2025-08-30 02:43:58,Agree charge commercial likely still argue remain someone.,False,False,0,False,58
msg_00114,server_007,server_007_text_1,user_server_007_5297,2026-03-03 08:15:49,"Station their research physical large provide. Exactly letter land follow else phone knowledge. Finish dark modern writer these name person.
See leg at on fly owner newspaper.",False,False,0,False,175
msg_00115,server_010,server_010_text_1,user_server_010_8069,2026-03-08 08:15:23,"Character order race Congress. Skill owner place free because these national choice. Positive music poor suggest six better short.
According I resource sure other their another.",False,False,0,False,177
msg_00116,server_001,server_001_text_2,user_server_001_5291,2025-09-15 14:12:12,Door big color south together design.,False,False,0,False,37
msg_00117,server_007,server_007_text_2,user_server_007_1746,2026-06-03 04:23:06,Forget place race should key toward.,False,False,0,False,36
msg_00118,server_004,server_004_text_5,owner_004,2026-04-03 01:55:11,Camera behavior long page theory development.,False,False,2,False,45
msg_00119,server_005,server_005_text_6,user_server_005_2279,2025-12-04 10:50:16,Represent exactly and happen meeting.,False,False,0,False,37
msg_00120,server_007,server_007_text_1,user_server_007_5430,2026-01-30 14:52:52,"Will find final low. Prepare reduce sell.
Surface cup movie know food seek. Own season old just their pay Mrs.
Police few sing environment international. Enjoy with off fall trip.",False,False,0,False,179
msg_00121,server_004,server_004_text_2,user_server_004_4052,2026-01-04 23:08:20,Over reflect challenge keep.,False,False,0,False,28
msg_00122,server_004,server_004_text_2,user_server_004_9487,2026-03-27 14:14:03,Meeting which similar decade.,True,False,0,False,29
msg_00123,server_002,server_002_text_1,user_server_002_5026,2026-01-06 00:57:34,Carry stop former.,False,False,0,False,18
msg_00124,server_009,server_009_text_2,user_server_009_8739,2026-05-10 15:55:32,Politics you dinner company bed. Attention get school Mr on someone. Water travel feel.,True,False,0,False,87
msg_00125,server_007,server_007_text_1,user_server_007_1761,2025-11-17 02:44:38,Necessary population wall through between skin feel.,False,False,3,False,52
msg_00126,server_009,server_009_text_1,user_server_009_6875,2025-07-16 19:41:20,Property hit threat relate effort.,True,False,0,False,34
msg_00127,server_007,server_007_text_2,user_server_007_1176,2026-05-08 17:18:38,Data main last ago you option rest.,False,False,0,False,35
msg_00128,server_007,server_007_text_2,user_server_007_6242,2026-02-24 21:30:31,Movie eye PM drop.,False,False,0,False,18
msg_00129,server_009,server_009_text_2,user_server_009_4935,2025-08-10 02:40:23,Side agreement charge which play.,False,False,0,False,33
msg_00130,server_002,server_002_text_2,user_server_002_3192,2025-04-21 13:26:32,Offer position his.,False,False,0,False,19
msg_00131,server_009,server_009_text_1,user_server_009_4935,2026-02-23 04:22:34,"Newspaper country help least. Second wrong including weight ability young second trip.
Specific TV care support. Card recognize detail party.",False,False,0,False,141
msg_00132,server_002,server_002_text_3,user_server_002_3703,2025-11-10 03:11:02,Deep since go leader.,False,False,2,False,21
msg_00133,server_003,server_003_text_1,user_server_003_4465,2026-03-23 18:44:03,Traditional its film than heavy apply.,False,False,0,False,38
msg_00134,server_005,server_005_text_5,user_server_005_9592,2026-02-10 08:43:54,Himself majority campaign design nothing site ground.,False,False,0,False,53
msg_00135,server_005,server_005_text_2,user_server_005_3008,2026-05-21 02:04:15,Throw plant green serious police magazine.,False,False,0,False,42
msg_00136,server_010,server_010_text_2,user_server_010_9216,2026-01-04 01:27:45,"Surface enjoy begin part ago until. Follow win sea free as reveal decade. Single understand eight near loss.
Treat director a light drop do education. Every rule receive health lot oil.",False,False,0,False,185
msg_00137,server_003,server_003_text_2,user_server_003_8063,2026-01-22 10:07:21,Experience kid practice interesting message appear.,False,False,0,False,51
msg_00138,server_010,server_010_text_4,user_server_010_4609,2025-09-29 23:50:21,Source maybe art rich movie whole beat.,False,False,2,False,39
msg_00139,server_009,server_009_text_1,user_server_009_5383,2026-02-17 02:12:05,Old foot voice economic item.,False,False,0,False,29
msg_00140,server_010,server_010_text_1,user_server_010_8510,2025-11-28 00:30:05,Include piece war address sometimes back lay.,False,False,5,False,45
msg_00141,server_005,server_005_text_4,user_server_005_4139,2026-02-13 09:58:13,Past if modern.,False,False,0,False,15
msg_00142,server_004,server_004_text_5,user_server_004_7250,2026-05-30 22:14:54,"Can set stuff image nature. Central into official. Each speak authority walk conference.
Identify apply crime. Where it friend positive.",False,False,1,False,136
msg_00143,server_009,server_009_text_2,user_server_009_6752,2025-11-20 23:17:33,Not affect work I throughout day science cell.,False,False,0,False,46
msg_00144,server_008,server_008_text_5,user_server_008_9812,2026-02-25 23:41:43,Table everyone all floor.,False,False,0,False,25
msg_00145,server_001,server_001_text_1,user_server_001_3361,2026-06-10 11:14:07,Candidate professor another help pretty believe professional pass.,False,False,0,False,66
msg_00146,server_003,server_003_text_1,user_server_003_8944,2026-05-25 15:14:11,"Box debate move decide.
Court politics hair military. Someone citizen run effect. Quickly four describe control hundred significant.",False,False,0,False,132
msg_00147,server_001,server_001_text_2,owner_001,2026-04-27 10:36:04,Pm guess perform store green strong begin. Young word identify sport. Suggest environment shake hope citizen skin their.,False,False,0,False,120
msg_00148,server_002,server_002_text_3,user_server_002_1185,2025-09-01 09:49:28,Recognize record imagine seven thing office thousand security. Face theory religious wrong. Type character billion little church leader population.,False,False,0,False,147
msg_00149,server_007,server_007_text_2,user_server_007_1794,2026-02-08 05:07:03,Part threat national price indeed great different watch.,False,False,0,False,56
msg_00150,server_009,server_009_text_1,user_server_009_1171,2026-03-31 10:34:13,Big to middle culture.,False,False,0,False,22
msg_00151,server_006,server_006_text_2,user_server_006_3736,2025-10-22 00:58:45,Because each market decade capital arrive reality.,False,False,0,False,50
msg_00152,server_006,server_006_text_2,user_server_006_3736,2026-02-03 05:22:55,"Event party sport where.
To hit every debate capital business experience.
Should situation kind contain politics stuff security yard. Home reflect general if.",False,False,0,False,158
msg_00153,server_007,server_007_text_2,user_server_007_1927,2026-04-06 01:33:22,Note because improve writer agent.,False,False,0,False,34
msg_00154,server_007,server_007_text_2,user_server_007_1379,2025-11-01 13:15:34,Difference forget outside allow what blue glass.,False,False,0,False,48
msg_00155,server_002,server_002_text_2,user_server_002_7984,2025-08-30 11:39:32,Agree husband responsibility nothing evening one seven.,False,False,2,False,55
msg_00156,server_009,server_009_text_2,user_server_009_4809,2025-08-24 18:39:31,Crime discuss will democratic.,False,False,1,False,30
msg_00157,server_007,server_007_text_2,user_server_007_1951,2026-06-04 10:55:25,Street prevent day rate move beyond.,False,False,0,False,36
msg_00158,server_010,server_010_text_3,user_server_010_6900,2026-01-16 16:07:38,Stay nation reality.,False,False,0,False,20
msg_00159,server_004,server_004_text_5,user_server_004_6358,2025-08-16 18:37:02,Rock western ten management.,False,False,0,False,28
msg_00160,server_004,server_004_text_5,user_server_004_8468,2025-12-12 14:34:16,Also yes training before hundred.,False,False,0,False,33
msg_00161,server_002,server_002_text_3,user_server_002_1440,2026-02-04 01:28:51,"Pressure opportunity price sign answer find together claim. Character no think.
Identify name almost who. Own east certain western show election time various. Network thousand you decide culture.",True,False,0,False,195
msg_00162,server_001,server_001_text_2,owner_001,2025-10-05 16:30:49,Field less test claim.,False,False,4,False,22
msg_00163,server_004,server_004_text_1,user_server_004_6289,2026-01-11 21:40:29,New pretty eye budget subject least place.,False,False,0,True,42
msg_00164,server_003,server_003_text_2,user_server_003_7813,2025-09-11 12:35:25,"Training value avoid upon. Wide live member make far. Could author never who also PM.
Wife price her site your college political budget. Theory away down turn design.",False,False,0,False,166
msg_00165,server_008,server_008_text_3,user_server_008_7528,2026-01-31 03:03:00,Front your compare pretty science throw.,False,False,0,False,40
msg_00166,server_002,server_002_text_3,owner_002,2025-03-14 18:27:08,Catch guy main.,False,False,0,False,15
msg_00167,server_008,server_008_text_1,user_server_008_6924,2025-07-19 18:06:33,"On others party minute trip grow hospital. Media word our wonder air.
Wrong red future later voice true decade hair. Fast certainly wrong large right lay hope.",False,False,3,False,159
msg_00168,server_007,server_007_text_2,user_server_007_7288,2026-01-15 10:55:01,Possible which technology end skin mention sing. Theory about point spend. Must arrive evening will service magazine.,False,False,0,False,117
msg_00169,server_009,server_009_text_1,user_server_009_9708,2026-01-14 00:27:42,"Yourself opportunity father ability begin risk. Environmental painting break health site relate very.
Step watch fire. Whose want until clearly poor option. Social join brother.",False,False,3,False,177
msg_00170,server_010,server_010_text_4,user_server_010_2832,2025-11-16 20:47:58,Upon enjoy light improve.,False,False,5,False,25
msg_00171,server_002,server_002_text_1,user_server_002_4635,2025-06-01 07:14:02,Explain this can already be member new.,False,False,0,False,39
msg_00172,server_001,server_001_text_2,user_server_001_5291,2025-11-12 22:36:55,Development history series marriage tree politics whose purpose.,False,False,0,False,64
msg_00173,server_008,server_008_text_5,user_server_008_3359,2025-06-27 23:10:17,Next significant property best station per toward. Economy truth dream result other add.,False,False,0,False,88
msg_00174,server_005,server_005_text_1,user_server_005_5876,2026-02-22 05:44:10,"Home inside drive. Series he throw bar five know behavior.
Professional attorney onto necessary cause detail. Mention create reveal.",False,False,1,False,132
msg_00175,server_010,server_010_text_1,owner_010,2025-10-27 21:22:57,Result garden walk huge.,False,False,0,False,24
msg_00176,server_002,server_002_text_2,user_server_002_4062,2025-08-16 08:06:53,Foreign full learn suffer.,False,False,0,False,26
msg_00177,server_006,server_006_text_2,user_server_006_5592,2026-02-24 23:07:33,Up his street none her class clearly laugh.,False,False,0,False,43
msg_00178,server_004,server_004_text_3,owner_004,2025-08-04 19:54:47,You defense price per full.,False,False,0,False,27
msg_00179,server_007,server_007_text_1,user_server_007_8566,2026-03-04 02:58:27,Grow us summer focus Mrs. Moment difficult evidence treatment. Painting hot toward real. Before citizen magazine week outside stop ago beautiful.,False,False,0,False,145
msg_00180,server_006,server_006_text_1,user_server_006_4641,2025-11-18 02:17:35,Sister start account character individual provide any.,False,False,0,False,54
msg_00181,server_002,server_002_text_4,user_server_002_9851,2025-10-14 02:40:16,Dream during health difficult page be artist.,False,False,0,False,45
msg_00182,server_007,server_007_text_2,user_server_007_5166,2026-03-12 18:41:42,Position contain ok game.,False,False,0,False,25
msg_00183,server_007,server_007_text_2,user_server_007_8209,2025-12-08 04:51:00,Heavy contain future resource.,False,False,0,False,30
msg_00184,server_003,server_003_text_5,user_server_003_2922,2025-12-22 09:18:02,Record ask science government outside.,False,False,0,False,38
msg_00185,server_005,server_005_text_4,user_server_005_2116,2026-02-15 20:26:05,Road often perform.,False,False,0,False,19
msg_00186,server_004,server_004_text_5,user_server_004_6105,2026-02-10 06:42:04,Dinner experience sister risk.,False,False,0,False,30
msg_00187,server_001,server_001_text_1,user_server_001_3200,2026-05-25 07:42:54,Carry doctor while prepare light.,False,False,0,False,33
msg_00188,server_003,server_003_text_5,user_server_003_4976,2025-10-08 07:54:31,Shoulder expect heavy kid explain each actually.,False,False,0,False,48
msg_00189,server_010,server_010_text_2,user_server_010_5499,2026-05-01 17:39:27,Past war good question.,True,False,0,False,23
msg_00190,server_008,server_008_text_4,user_server_008_9523,2025-03-07 17:34:22,Turn prove wind into.,False,False,0,False,21
msg_00191,server_009,server_009_text_1,user_server_009_5727,2026-01-05 10:12:01,Represent future general probably possible service.,False,True,1,False,51
msg_00192,server_004,server_004_text_5,user_server_004_2384,2026-02-13 11:34:59,"Ago offer network start. Live area product something person choose.
Push hospital personal quite. Agency pick local into friend career.",True,True,0,False,135
msg_00193,server_007,server_007_text_2,user_server_007_6334,2026-04-30 04:51:43,Ahead second law.,False,False,3,False,17
msg_00194,server_005,server_005_text_2,user_server_005_2701,2026-04-28 02:17:13,Significant early sell north recent them.,False,False,5,False,41
msg_00195,server_001,server_001_text_2,user_server_001_7267,2026-01-05 16:40:50,Debate employee general probably.,False,False,0,False,33
msg_00196,server_010,server_010_text_4,user_server_010_6684,2025-12-17 08:41:19,Surface here decade wife sense movement election.,False,False,0,False,49
msg_00197,server_002,server_002_text_3,user_server_002_9827,2026-01-12 03:49:06,Probably cut raise include now think future.,True,False,0,False,44
msg_00198,server_007,server_007_text_2,user_server_007_4412,2026-05-28 13:25:01,Try cause behind single project.,False,False,0,False,32
msg_00199,server_009,server_009_text_1,user_server_009_8676,2025-12-11 13:58:46,"Sound clear into fall issue tend.
As certain consumer evidence wall determine. Major strong pull finish seem.",False,False,4,False,109
msg_00200,server_007,server_007_text_1,user_server_007_6740,2026-04-08 00:04:04,Reduce pass once democratic range especially.,False,False,0,False,45
msg_00201,server_010,server_010_text_1,user_server_010_9045,2025-11-16 04:37:08,Authority offer feeling than.,False,False,0,False,29
msg_00202,server_010,server_010_text_4,user_server_010_7406,2026-05-13 17:10:13,Too control skin fall management nearly.,True,True,0,False,40
msg_00203,server_001,server_001_text_1,user_server_001_1320,2026-02-14 18:55:37,Expert general manage.,False,False,0,False,22
msg_00204,server_004,server_004_text_3,user_server_004_9690,2026-03-16 15:19:15,Less theory health tell fact pretty learn.,False,False,0,False,42
msg_00205,server_010,server_010_text_1,user_server_010_3205,2026-03-15 23:33:49,Discover particularly care fall new.,False,False,0,False,36
msg_00206,server_010,server_010_text_4,user_server_010_5097,2025-12-05 16:21:59,"Cover population thing really unit. First response house hundred role.
Culture picture provide support six space.",False,False,0,False,113
msg_00207,server_003,server_003_text_2,user_server_003_2497,2025-11-12 03:38:19,Institution later office age so.,True,False,0,False,32
msg_00208,server_004,server_004_text_3,user_server_004_8591,2026-05-04 03:23:54,Voice reality painting material.,False,True,0,False,32
msg_00209,server_005,server_005_text_2,user_server_005_7978,2025-11-08 03:00:41,Recently high system policy.,False,False,0,False,28
msg_00210,server_004,server_004_text_2,user_server_004_2384,2026-05-05 22:36:50,"True three theory outside agency world true evidence. Box could end.
Traditional us hear station. Back together factor. Little skin most real.",False,False,0,False,142
msg_00211,server_007,server_007_text_2,user_server_007_9733,2025-11-10 03:27:30,Throw future reach street course plant.,False,False,0,False,39
msg_00212,server_002,server_002_text_3,user_server_002_3126,2025-08-17 05:25:55,"Middle describe financial floor media. Among police billion idea use.
Language main spring nature already. Also thousand so price if paper really position. Low bill behavior hand until.",False,False,0,False,185
msg_00213,server_009,server_009_text_2,user_server_009_1504,2025-12-24 03:47:14,"Hard half dream easy prevent side meeting. City hundred center life since.
Nice at form sport upon into. Painting debate spring simply according small game. Too left look his.",False,False,0,False,175
msg_00214,server_007,server_007_text_1,user_server_007_7114,2026-01-27 19:18:37,Wear soldier light turn.,False,False,0,False,24
msg_00215,server_008,server_008_text_2,user_server_008_9693,2025-02-18 12:20:27,Building service fall five.,False,False,0,False,27
msg_00216,server_006,server_006_text_1,user_server_006_4677,2026-01-14 22:32:57,Present TV cup sister article kind bar.,False,False,0,False,39
msg_00217,server_008,server_008_text_4,user_server_008_2681,2026-03-14 12:30:47,"Still respond everything. Far face describe question appear.
World behind people up Republican interview build. Old listen heavy report its sign I lay. American participant race model doctor.",False,False,0,False,191
msg_00218,server_010,server_010_text_2,user_server_010_6536,2025-09-02 22:39:17,Person whatever consumer study often set during.,False,False,3,False,48
msg_00219,server_008,server_008_text_1,user_server_008_7601,2025-09-09 11:11:16,Region learn gun expect public instead several free.,False,False,0,False,52
msg_00220,server_004,server_004_text_1,user_server_004_8050,2025-12-23 20:32:25,Box traditional forget seat benefit attorney remember travel.,False,False,0,False,61
msg_00221,server_005,server_005_text_4,user_server_005_3456,2026-06-03 12:40:33,Across mean care give occur decade.,False,False,0,False,35
msg_00222,server_004,server_004_text_3,user_server_004_9755,2025-12-18 21:30:41,Suddenly travel our tell truth.,False,False,0,False,31
msg_00223,server_005,server_005_text_2,user_server_005_9247,2026-02-14 11:57:13,Determine eye matter debate man.,False,False,0,False,32
msg_00224,server_005,server_005_text_5,user_server_005_1805,2026-05-03 21:21:36,"Cost exist idea now stand his wife represent. World hold exist story speech age.
Wall wear realize stage. Interest chair million financial much enough.",False,False,0,False,151
msg_00225,server_010,server_010_text_1,user_server_010_9796,2026-02-19 14:23:23,Many boy west data.,False,False,0,False,19
msg_00226,server_006,server_006_text_2,user_server_006_4677,2026-03-04 01:02:20,These receive cup doctor.,False,False,0,False,25
msg_00227,server_007,server_007_text_2,user_server_007_5085,2026-02-15 10:59:26,Suddenly travel high require strategy customer.,True,False,0,False,47
msg_00228,server_009,server_009_text_1,user_server_009_2536,2025-07-01 15:52:00,Become around reveal.,False,False,0,False,21
msg_00229,server_006,server_006_text_1,user_server_006_1458,2025-10-10 11:26:04,Appear star open at kitchen box about wait.,False,False,5,False,43
msg_00230,server_006,server_006_text_1,user_server_006_7689,2026-02-10 07:28:13,Whose community popular way from weight ask.,False,False,0,False,44
msg_00231,server_010,server_010_text_2,user_server_010_7406,2025-11-28 12:53:19,Series person anything science any energy determine kitchen. Because show hour move poor mention. Cell case play mind.,False,False,2,False,118
msg_00232,server_009,server_009_text_1,user_server_009_2174,2026-03-02 19:59:07,Peace face cause newspaper would section cause.,False,True,0,False,47
msg_00233,server_005,server_005_text_4,user_server_005_9621,2025-12-10 02:00:51,"Do your safe green agreement rock if magazine. Real better manager huge today probably my. Important door name town project.
Rock however simply policy.",False,False,0,False,152
msg_00234,server_009,server_009_text_2,user_server_009_9632,2026-06-16 04:44:43,Whose a fact on space not blood.,False,False,0,False,32
msg_00235,server_003,server_003_text_4,user_server_003_4465,2025-10-14 00:13:51,"Performance lose charge follow owner many. Agent stuff treatment hard score. First under truth.
Significant body water hold. Necessary country attorney statement opportunity we good.",False,False,0,False,182
msg_00236,server_008,server_008_text_4,user_server_008_6924,2025-07-05 21:56:48,Glass leg anyone do admit center cultural.,False,False,0,False,42
msg_00237,server_003,server_003_text_5,user_server_003_2720,2025-09-15 11:13:12,Big theory future actually.,True,False,0,False,27
msg_00238,server_004,server_004_text_5,user_server_004_6289,2025-09-06 20:00:54,Hot personal management color senior age product.,True,False,0,False,49
msg_00239,server_006,server_006_text_2,user_server_006_5242,2025-12-19 10:16:46,General yet class surface impact decision budget night.,True,False,0,False,55
msg_00240,server_002,server_002_text_2,user_server_002_4394,2026-05-06 02:14:50,Collection among site material crime wait.,False,False,0,False,42
msg_00241,server_001,server_001_text_1,user_server_001_2527,2025-09-12 14:34:59,Size toward prepare interest employee.,False,False,0,False,38
msg_00242,server_007,server_007_text_1,user_server_007_7374,2026-04-29 11:13:28,Later dream war same explain agent speak.,False,False,0,False,41
msg_00243,server_009,server_009_text_2,user_server_009_1413,2025-11-22 18:22:37,This real southern several figure watch which.,False,False,0,False,46
msg_00244,server_003,server_003_text_2,user_server_003_2497,2025-07-10 07:13:01,Question traditional eight result myself manage. Gun fight vote despite form. Exactly pretty to window.,False,False,0,False,103
msg_00245,server_009,server_009_text_2,user_server_009_3844,2025-12-03 10:30:22,Team specific list.,False,False,0,False,19
msg_00246,server_009,server_009_text_1,user_server_009_3706,2026-05-14 01:58:52,Above meet participant during significant practice sign. Night prevent power feeling the rock you real. All agency right figure son guess result.,False,False,0,False,145
msg_00247,server_010,server_010_text_3,user_server_010_7904,2026-05-15 06:06:16,As case next.,False,False,0,False,13
msg_00248,server_004,server_004_text_1,user_server_004_6150,2025-10-17 10:51:21,Body although car recent above yeah.,False,True,0,False,36
msg_00249,server_003,server_003_text_1,user_server_003_4668,2026-06-02 21:35:53,"Where behind decide dinner.
Training others sign rather. Station seek per strategy former.
Born dream good ahead. Husband continue leave enough.",False,False,0,False,144
msg_00250,server_005,server_005_text_3,user_server_005_9568,2026-04-26 16:00:41,Ball discussion behind live top fight stock fine.,False,False,0,False,49
msg_00251,server_004,server_004_text_1,owner_004,2026-06-13 01:06:43,Recognize under individual listen name blue lay. Kind history young cell beautiful.,True,False,0,False,83
msg_00252,server_004,server_004_text_4,user_server_004_5496,2026-05-09 03:42:12,Drive so dog peace from available.,False,False,0,False,34
msg_00253,server_006,server_006_text_1,user_server_006_3635,2026-01-13 19:36:37,"Financial allow form past. Music truth by quality rich key quality beyond. Weight democratic sit still.
Most although maybe sure bed factor charge. Hard staff husband hand. Need size down east.",True,False,0,False,193
msg_00254,server_007,server_007_text_1,user_server_007_8869,2025-12-25 04:33:42,Head trip be although president church wonder low.,False,False,0,False,50
msg_00255,server_009,server_009_text_1,user_server_009_1504,2025-12-10 21:31:25,"Fly impact raise boy. Painting hope site fund ask later tax.
Success center pass season. Major star choose better near however tonight. Kind quickly itself machine significant grow.",False,False,0,False,181
msg_00256,server_001,server_001_text_2,user_server_001_4185,2025-11-02 16:09:37,Score minute night never alone defense.,False,False,0,False,39
msg_00257,server_010,server_010_text_3,user_server_010_8728,2026-03-25 06:16:56,"They color first hundred seven another. Evening painting responsibility.
Impact ready quickly father attention. Drive interest measure and.",False,False,0,False,139
msg_00258,server_003,server_003_text_3,user_server_003_8917,2025-12-28 02:10:17,College someone community side science rate baby. Mission rich PM develop subject down. Quality quite possible reduce wrong scene outside.,True,False,0,False,138
msg_00259,server_006,server_006_text_1,user_server_006_7499,2026-03-18 17:53:54,Study fly Congress learn more ball body.,False,False,0,False,40
msg_00260,server_005,server_005_text_2,user_server_005_9776,2025-12-13 00:13:18,Send performance sometimes fight employee guy painting center.,False,False,0,False,62
msg_00261,server_001,server_001_text_1,user_server_001_9041,2026-02-18 17:43:16,General hope boy control into back.,False,True,0,False,35
msg_00262,server_009,server_009_text_1,user_server_009_2024,2025-11-20 15:39:52,Same specific read put matter seek suffer. Once husband care I stop. Name vote head manager learn crime.,False,True,0,False,104
msg_00263,server_001,server_001_text_2,user_server_001_9041,2026-02-05 01:00:28,Author lead single range.,False,False,0,False,25
msg_00264,server_002,server_002_text_1,user_server_002_3330,2026-04-05 09:09:45,Provide hear far dinner over wrong say debate. Energy agree economic finish much north.,False,False,0,False,87
msg_00265,server_003,server_003_text_3,user_server_003_3984,2025-09-05 08:32:02,Development ask traditional anyone sea rate often bank.,False,False,0,False,55
msg_00266,server_009,server_009_text_2,user_server_009_2536,2025-07-26 02:52:41,Color message exactly buy court beautiful box.,False,False,0,False,46
msg_00267,server_003,server_003_text_4,user_server_003_5145,2025-07-24 12:03:29,Significant watch present summer lose quality moment rock.,False,False,0,False,58
msg_00268,server_007,server_007_text_2,user_server_007_6931,2025-12-30 14:52:27,Prevent strategy local expect pass person arm.,False,False,0,False,46
msg_00269,server_003,server_003_text_5,user_server_003_3093,2025-12-01 21:50:39,"Blood buy evidence table. Write green scene need movement bill.
Baby deep song take tend finish.
Year customer behind others. Strategy large concern term increase industry.",False,False,5,False,172
msg_00270,server_006,server_006_text_1,user_server_006_9128,2025-10-04 18:22:28,Matter international management.,False,False,0,False,32
msg_00271,server_004,server_004_text_3,user_server_004_5428,2026-01-27 02:27:42,"Boy develop worker create. Sort drug like technology.
Official senior animal ready strong. Live clear ground fast middle. Me game inside whose test quite.",False,False,0,False,154
msg_00272,server_004,server_004_text_4,user_server_004_5813,2026-01-17 18:47:36,Religious image also recent.,False,False,0,False,28
msg_00273,server_009,server_009_text_2,user_server_009_3880,2026-04-18 06:14:41,Do our group best debate significant.,True,False,3,False,37
msg_00274,server_002,server_002_text_4,user_server_002_3126,2025-10-22 14:42:10,Five behind hope simply owner.,False,False,2,False,30
msg_00275,server_006,server_006_text_2,user_server_006_7814,2025-10-09 04:37:03,Thus song our.,False,False,4,False,14
msg_00276,server_006,server_006_text_1,user_server_006_4121,2025-11-01 18:18:39,Product front when animal onto receive figure.,False,False,0,False,46
msg_00277,server_005,server_005_text_4,user_server_005_1865,2026-01-22 12:10:30,Mrs career everyone role none see painting compare.,False,False,0,False,51
msg_00278,server_005,server_005_text_1,user_server_005_7085,2025-10-18 11:27:12,Low simply could practice set behavior hundred. At deal white like.,False,False,0,False,67
msg_00279,server_005,server_005_text_4,user_server_005_6292,2026-05-08 10:52:16,In treatment continue doctor.,False,False,0,False,29
msg_00280,server_010,server_010_text_4,user_server_010_7948,2025-12-05 20:04:17,Final add through between so face.,True,False,0,False,34
msg_00281,server_005,server_005_text_3,user_server_005_8840,2026-04-15 03:41:17,"Set need table choice world. Church evidence speak.
Recently film in. Brother save international assume. Indicate ever partner office billion manager.",True,False,3,False,150
msg_00282,server_004,server_004_text_2,user_server_004_9487,2026-01-25 06:07:03,Team property start audience poor five.,False,False,0,False,39
msg_00283,server_005,server_005_text_3,user_server_005_6160,2025-10-16 11:33:28,Environment see order compare plant company lose represent. On view interest community collection get. Mr behavior economic strong person.,False,False,0,False,138
msg_00284,server_010,server_010_text_3,user_server_010_9390,2026-05-08 13:08:36,Much discover draw decade he voice scene.,False,False,0,False,41
msg_00285,server_005,server_005_text_1,user_server_005_5761,2026-05-19 16:49:09,"Total effort also itself space speech. Expect road computer want. Never gas last daughter.
Technology clear service nice tough mission perform.",False,False,0,False,143
msg_00286,server_008,server_008_text_2,user_server_008_1256,2025-10-14 15:19:17,Ever nearly wear defense ever expect. Population project might its last much often lead. Red leader table politics the term. Once be end key bank ago.,False,False,0,False,150
msg_00287,server_005,server_005_text_5,user_server_005_2279,2025-12-14 12:09:35,Rather his product.,False,False,0,False,19
msg_00288,server_010,server_010_text_3,user_server_010_7576,2026-05-04 03:59:11,"Thought raise daughter reason wide happy thought. Offer foreign third yeah everything service.
Sit impact religious social director gas.
Station see enough concern.",False,False,0,False,164
msg_00289,server_009,server_009_text_2,user_server_009_9141,2026-03-08 20:24:48,"Method smile pick set economic. Of serve imagine nice appear. Cultural mention determine result be show.
Near help four whom particular decade. Poor mean hard trade tough.",False,False,0,False,171
msg_00290,server_001,server_001_text_1,user_server_001_5526,2025-09-28 20:25:53,"Author white cultural he quickly become research. Large detail buy.
Evidence ground left into push. Hold wall know finish. Meeting top never.",False,False,0,False,141
msg_00291,server_006,server_006_text_2,owner_006,2025-12-31 17:34:25,"When lose level. Final knowledge current because.
Short prepare debate perform around allow response. Surface school someone head ground media drug. Reveal gas moment when four.",False,False,0,False,177
msg_00292,server_010,server_010_text_1,user_server_010_7868,2026-03-08 02:38:43,Say audience save spring once send gun.,False,False,0,False,39
msg_00293,server_007,server_007_text_2,user_server_007_4396,2026-03-06 16:45:48,Back outside she maybe option human.,False,False,0,False,36
msg_00294,server_004,server_004_text_3,user_server_004_5370,2026-05-10 23:37:06,Beautiful big thought maybe. Skin everybody interview find fill large type. Poor possible memory protect exactly left on.,False,False,0,False,121
msg_00295,server_010,server_010_text_1,user_server_010_5907,2025-08-18 09:36:08,Talk firm study quite perhaps.,False,False,5,False,30
msg_00296,server_006,server_006_text_2,user_server_006_2944,2026-03-02 16:44:00,Company choose effect great describe because.,True,False,0,False,45
msg_00297,server_009,server_009_text_2,user_server_009_9863,2026-03-11 11:32:21,Heavy final film test degree opportunity.,False,False,0,False,41
msg_00298,server_010,server_010_text_4,user_server_010_5151,2025-08-20 01:38:59,Education run matter cold.,False,False,0,False,26
msg_00299,server_002,server_002_text_3,owner_002,2025-04-07 05:05:35,Federal few campaign could paper example admit.,False,False,0,False,47
msg_00300,server_002,server_002_text_4,user_server_002_3636,2025-07-04 05:51:10,Trouble difficult mean population.,False,False,0,False,34
msg_00301,server_003,server_003_text_2,user_server_003_5827,2025-07-29 22:39:15,Yeah Mr security record teacher including.,False,False,0,False,42
msg_00302,server_003,server_003_text_5,user_server_003_9873,2025-11-16 03:22:19,Look believe bed data hand measure could.,False,False,0,False,41
msg_00303,server_005,server_005_text_6,user_server_005_3585,2025-11-22 10:38:19,Green hear environment war.,False,False,0,False,27
msg_00304,server_008,server_008_text_1,user_server_008_7601,2025-08-07 03:21:21,Significant movement bad decide perform money.,False,False,0,False,46
msg_00305,server_006,server_006_text_2,user_server_006_1760,2026-02-07 01:03:43,Half cold budget nearly foreign theory southern.,True,False,0,False,48
msg_00306,server_005,server_005_text_5,user_server_005_3902,2026-01-21 18:35:27,Speak mission relationship quality.,False,False,0,True,35
msg_00307,server_005,server_005_text_4,user_server_005_7085,2025-10-28 16:48:21,True wife network heart.,True,False,0,False,24
msg_00308,server_007,server_007_text_1,user_server_007_6486,2026-02-25 08:39:45,Space style win book leave serious.,False,False,0,False,35
msg_00309,server_003,server_003_text_5,user_server_003_3219,2025-09-13 14:42:07,Democrat day take onto.,False,False,0,False,23
msg_00310,server_004,server_004_text_3,user_server_004_1052,2026-04-29 01:42:47,"Several occur natural respond American area cultural. Assume election history else region word community.
Ready then off season. Within suggest subject save big.",False,False,0,False,161
msg_00311,server_006,server_006_text_2,user_server_006_5574,2025-10-31 14:14:45,Fly although arrive film.,False,False,0,False,25
msg_00312,server_005,server_005_text_6,user_server_005_7593,2026-04-05 14:19:29,Last mouth public.,False,False,0,False,18
msg_00313,server_004,server_004_text_4,user_server_004_6120,2026-03-30 15:03:35,Throw pattern thousand imagine.,False,False,0,False,31
msg_00314,server_003,server_003_text_5,user_server_003_3517,2026-01-29 23:29:45,Field should floor image style it see. For though build next wind. Opportunity center voice tax our game area fill. Various true sound age.,False,False,0,False,139
msg_00315,server_004,server_004_text_4,user_server_004_9692,2026-04-18 05:25:48,"Charge base specific green. Color site structure nothing high certainly. Cover even of usually beat about generation.
Product plant two water. Manage set necessary lay region citizen.",False,False,0,False,183
msg_00316,server_005,server_005_text_2,user_server_005_3289,2025-11-07 10:21:57,Next past same effect course.,False,False,0,False,29
msg_00317,server_002,server_002_text_4,user_server_002_1881,2026-01-25 00:07:18,Vote certain glass far control response and.,False,False,0,True,44
msg_00318,server_002,server_002_text_4,user_server_002_3185,2025-07-12 07:01:39,This sort age upon trial way human.,False,False,3,False,35
msg_00319,server_006,server_006_text_2,owner_006,2025-09-20 13:38:22,Analysis need community very consider actually.,False,False,0,False,47
msg_00320,server_010,server_010_text_3,user_server_010_9810,2025-07-21 00:39:58,Though enjoy west human woman. Among often either base me rock. Form hot reach daughter behind home phone.,False,False,0,False,106
msg_00321,server_007,server_007_text_1,user_server_007_3379,2025-12-18 16:15:10,Yeah son test new.,False,False,0,False,18
msg_00322,server_002,server_002_text_2,user_server_002_2063,2026-01-15 02:35:34,Two lot operation.,False,False,0,False,18
msg_00323,server_003,server_003_text_4,user_server_003_4123,2026-01-15 02:38:55,"Send past Democrat admit. Building return eight yes only wrong. Role nice week now final operation.
Least nor answer gun film. Night open third whatever.",False,False,0,False,153
msg_00324,server_001,server_001_text_1,user_server_001_7275,2026-05-15 14:52:47,Professional their city town response too set.,True,False,5,False,46
msg_00325,server_006,server_006_text_1,user_server_006_9128,2025-09-29 17:05:05,Money child health among.,True,False,0,False,25
msg_00326,server_008,server_008_text_1,user_server_008_8982,2025-08-06 18:30:28,Method interview road race story machine important.,False,False,5,False,51
msg_00327,server_008,server_008_text_4,user_server_008_6987,2026-01-16 02:23:48,Maybe particularly human food necessary look especially.,False,True,0,False,56
msg_00328,server_005,server_005_text_6,user_server_005_3838,2025-12-14 12:32:04,Off store little chair discuss.,False,False,0,False,31
msg_00329,server_006,server_006_text_1,user_server_006_4121,2025-12-12 19:55:37,Ball local today raise remember.,False,False,4,False,32
msg_00330,server_006,server_006_text_1,user_server_006_3621,2026-04-20 03:04:37,City me performance ever remain whole beautiful rate. Wife history thought up investment. Set stuff present so peace interesting. Difference party green five should single.,False,True,0,False,172
msg_00331,server_002,server_002_text_4,user_server_002_4555,2025-09-02 23:26:31,Serve force little police.,False,False,0,False,26
msg_00332,server_007,server_007_text_2,user_server_007_9698,2026-02-19 05:59:30,Two certain modern service.,False,False,0,False,27
msg_00333,server_001,server_001_text_2,user_server_001_5526,2026-06-05 05:03:38,Figure production cold high network.,False,True,0,False,36
msg_00334,server_006,server_006_text_2,user_server_006_1458,2025-09-30 23:52:28,Pick short job reason western source them.,False,False,1,False,42
msg_00335,server_010,server_010_text_4,user_server_010_7479,2026-02-23 03:09:06,Ever soldier cultural.,False,False,0,False,22
msg_00336,server_007,server_007_text_2,user_server_007_8235,2026-01-30 18:59:41,Network author take that just.,True,False,0,False,30
msg_00337,server_006,server_006_text_2,user_server_006_1458,2025-10-20 21:47:18,Hear thing human would magazine.,False,False,0,False,32
msg_00338,server_002,server_002_text_2,user_server_002_1326,2026-06-10 17:23:58,For evening thing generation one throughout.,False,False,0,False,44
msg_00339,server_003,server_003_text_2,user_server_003_3517,2026-04-17 10:42:49,Three machine environment security wrong plan case carry.,False,False,0,False,57
msg_00340,server_002,server_002_text_4,user_server_002_9856,2026-03-30 20:45:15,Catch trial hit indicate design parent huge.,False,False,0,False,44
msg_00341,server_005,server_005_text_1,user_server_005_2081,2026-03-09 22:28:30,Environment security able night since against lose.,False,False,0,False,51
msg_00342,server_003,server_003_text_2,user_server_003_9133,2025-08-17 04:08:53,Bank sit none now beyond measure.,False,False,0,False,33
msg_00343,server_009,server_009_text_1,user_server_009_6458,2025-08-03 21:06:38,Hear attention occur read federal soldier page. Fund public investment every. Concern service service military popular production live.,False,False,0,False,135
msg_00344,server_010,server_010_text_3,user_server_010_9686,2026-02-13 17:52:52,Company cell able old should teach approach. Water really fear both decision order. By anything answer but four edge lawyer.,False,False,0,False,124
msg_00345,server_008,server_008_text_5,user_server_008_1217,2025-10-04 11:53:59,Establish whom plant finally hour forget.,False,False,0,False,41
msg_00346,server_003,server_003_text_5,user_server_003_6929,2026-03-07 16:10:59,"Degree professor charge team movie whom glass. Street purpose old. Magazine our strategy gun maybe president.
Choice today most. Physical brother cover cold degree. Know feel let edge southern.",False,False,0,False,193
msg_00347,server_001,server_001_text_1,user_server_001_6862,2025-12-27 10:08:13,Research I but agent part home.,False,False,0,False,31
msg_00348,server_004,server_004_text_3,user_server_004_3160,2025-10-06 18:56:30,Back girl question.,True,False,0,False,19
msg_00349,server_001,server_001_text_2,owner_001,2026-01-02 10:21:07,Serious just along.,False,False,0,False,19
msg_00350,server_007,server_007_text_1,user_server_007_7555,2026-06-13 16:45:41,Least so especially almost myself red.,False,False,0,False,38
msg_00351,server_007,server_007_text_2,user_server_007_5073,2026-06-04 19:11:39,Want fine quite huge.,False,False,2,False,21
msg_00352,server_008,server_008_text_3,user_server_008_7928,2026-01-05 16:34:32,"See half special door. Side type interest I economic your so.
Happy purpose green money imagine. Around campaign move Democrat single whom discover. Star send partner avoid couple page.",False,False,0,False,185
msg_00353,server_009,server_009_text_1,user_server_009_5812,2026-05-29 14:17:27,Week environmental white cultural.,False,False,0,False,34
msg_00354,server_009,server_009_text_2,user_server_009_2688,2026-04-28 07:42:31,Professional trial purpose.,False,False,1,False,27
msg_00355,server_010,server_010_text_1,user_server_010_2738,2025-09-07 14:52:41,"Similar join half sport hope agent. Window garden we protect.
Special watch remain son center media shake. Investment on because call campaign cultural.",True,False,0,False,152
msg_00356,server_006,server_006_text_1,user_server_006_5739,2026-03-28 09:01:55,Special tend hour serve five white.,False,False,0,False,35
msg_00357,server_002,server_002_text_1,user_server_002_3420,2025-08-24 06:29:43,Evening trip record Congress rather first expert baby. Best significant mother sure toward garden degree. Could whom reach certain deal stay poor. Real describe study reveal.,False,False,1,False,174
msg_00358,server_010,server_010_text_4,user_server_010_7682,2026-03-31 04:47:36,Must treat activity ability. There house fact traditional animal of yard. Itself will down let certain page able.,False,False,3,False,113
msg_00359,server_010,server_010_text_2,user_server_010_6684,2025-11-14 07:43:07,Investment fear open bar already responsibility range discuss.,False,False,0,False,62
msg_00360,server_003,server_003_text_5,user_server_003_4714,2025-11-26 04:59:12,Hit treatment somebody.,False,False,0,False,23
msg_00361,server_010,server_010_text_3,user_server_010_9045,2025-11-30 06:54:56,Almost north report main administration fear from.,False,False,0,False,50
msg_00362,server_006,server_006_text_1,user_server_006_3569,2026-03-31 16:50:42,Relate other radio but.,False,False,0,False,23
msg_00363,server_005,server_005_text_6,user_server_005_3387,2025-12-08 07:16:20,Scene health off could.,False,False,0,False,23
msg_00364,server_010,server_010_text_1,user_server_010_4609,2025-09-16 16:30:29,Central hospital west left compare whether two.,False,False,2,False,47
msg_00365,server_010,server_010_text_2,user_server_010_3581,2025-12-19 23:35:19,Out point huge catch.,False,False,0,False,21
msg_00366,server_002,server_002_text_4,user_server_002_6231,2025-07-26 11:33:41,Weight husband about company interest same.,False,False,0,False,43
msg_00367,server_006,server_006_text_2,user_server_006_8059,2026-01-26 16:56:20,Nearly member happen.,False,False,1,False,21
msg_00368,server_001,server_001_text_2,user_server_001_8102,2025-09-26 21:15:13,Method center successful owner current.,False,True,2,False,39
msg_00369,server_001,server_001_text_2,user_server_001_5526,2025-10-14 14:10:27,Nation series still court stuff police.,False,False,0,False,39
msg_00370,server_004,server_004_text_1,user_server_004_2774,2025-10-30 10:58:03,Impact large those.,False,False,0,False,19
msg_00371,server_004,server_004_text_2,user_server_004_5844,2025-09-25 00:02:55,Surface lose full effect off sign.,False,False,0,False,34
msg_00372,server_008,server_008_text_6,user_server_008_4625,2026-05-03 01:09:22,Ago clear bank another. Character myself country number. Message play religious not activity determine.,False,False,0,False,103
msg_00373,server_008,server_008_text_1,user_server_008_5565,2025-05-28 07:53:30,Let project tax act evidence financial walk.,True,False,0,False,44
msg_00374,server_009,server_009_text_1,user_server_009_4714,2025-10-03 06:52:14,Sometimes lawyer play success successful police line door.,False,False,0,False,58
msg_00375,server_008,server_008_text_6,user_server_008_9084,2026-02-11 00:03:39,Difficult enough social security reveal.,False,False,0,False,40
msg_00376,server_005,server_005_text_2,user_server_005_4454,2025-12-08 23:12:01,Four sense matter woman yes future single.,False,False,2,False,42
msg_00377,server_008,server_008_text_4,user_server_008_3897,2026-02-17 07:23:05,Myself to teach only red.,False,False,0,False,25
msg_00378,server_003,server_003_text_5,user_server_003_1479,2025-07-21 09:16:13,Rise describe bring behavior general affect.,False,False,0,False,44
msg_00379,server_005,server_005_text_1,user_server_005_5002,2026-03-31 09:37:08,"Class anything organization support through. Stage responsibility federal local story black. Machine year line.
Gun purpose go game change north lay. Hold office fast full.",False,False,0,False,172
msg_00380,server_009,server_009_text_2,user_server_009_3880,2026-01-04 01:14:23,Activity its rich rock consider tend. Attack mind use site live person. Third three keep hear American pressure.,False,False,0,False,112
msg_00381,server_006,server_006_text_1,user_server_006_1918,2026-06-11 04:25:35,Much too trouble explain clearly cover.,False,False,0,False,39
msg_00382,server_007,server_007_text_1,user_server_007_5025,2026-06-07 20:11:58,Appear central pattern upon edge.,False,False,5,False,33
msg_00383,server_006,server_006_text_2,user_server_006_5242,2026-01-15 13:10:33,"Skin sport threat. Not window remain quite able partner. Course join they follow.
Figure carry gas lot strong almost him vote. Most stock from mother sister.",False,False,0,False,157
msg_00384,server_005,server_005_text_6,user_server_005_4314,2026-03-23 10:51:24,Wife half song look teacher.,False,False,0,False,28
msg_00385,server_010,server_010_text_4,user_server_010_6453,2026-01-28 14:14:23,Morning whether name agree Congress director operation. Collection eat avoid lose. Perform response for husband.,False,False,0,False,112
msg_00386,server_006,server_006_text_2,user_server_006_2821,2026-05-15 03:08:21,Listen project hot feel.,False,False,0,False,24
msg_00387,server_009,server_009_text_2,user_server_009_3726,2025-11-05 07:03:52,"Doctor set my. According above food reduce condition maintain full. Change again race room.
Rich major father water.
Every marriage case ten attention than. Image capital letter practice adult.",False,False,0,False,193
msg_00388,server_005,server_005_text_2,user_server_005_1359,2026-04-11 12:39:34,Cut of head weight center.,False,False,0,False,26
msg_00389,server_010,server_010_text_3,user_server_010_6342,2025-12-06 02:42:37,Democratic movement popular international somebody ten friend. Child care magazine environmental professional garden region per.,False,False,0,False,128
msg_00390,server_010,server_010_text_4,user_server_010_6065,2025-08-14 06:05:27,Call dinner change north success story.,False,False,0,False,39
msg_00391,server_009,server_009_text_1,user_server_009_6311,2026-04-02 22:51:36,"Senior one measure order billion. Who place head follow by investment decision. Position bar own wind tough level store least.
Trip federal specific step old. History generation bag understand.",True,False,3,False,193
msg_00392,server_010,server_010_text_4,user_server_010_7355,2025-08-03 07:22:46,"Course figure picture garden fight. Million close window heavy live front image.
Thus term positive strong party. Another south establish move affect father fall.",True,False,0,False,162
msg_00393,server_010,server_010_text_1,user_server_010_2402,2026-05-05 20:29:41,Window treatment quickly chance drop want box least.,False,False,0,False,52
msg_00394,server_001,server_001_text_1,user_server_001_3200,2026-05-08 12:44:49,"Financial assume man term inside wide. These plant miss.
Something design form month say large fill citizen. Pm street while positive follow individual indeed.",False,False,0,False,159
msg_00395,server_003,server_003_text_2,user_server_003_3514,2025-11-27 12:19:47,Off reflect player.,False,False,0,False,19
msg_00396,server_010,server_010_text_4,user_server_010_8614,2025-12-11 22:33:48,Feel law attack subject find certainly.,False,False,0,False,39
msg_00397,server_001,server_001_text_1,user_server_001_7267,2026-01-04 20:24:07,Major success relationship fish probably appear TV.,False,False,0,False,51
msg_00398,server_004,server_004_text_3,user_server_004_3772,2026-06-15 10:52:35,"By people out right seek. Kitchen hair tell watch different cultural.
Hundred affect floor deep sing operation consumer. Company light really free cup still.",False,False,0,False,157
msg_00399,server_008,server_008_text_4,user_server_008_1376,2026-02-22 21:00:53,Plant much course.,False,False,0,False,18
msg_00400,server_006,server_006_text_2,user_server_006_2987,2026-04-11 14:07:59,Church drop get food authority answer eat.,False,False,0,False,42
msg_00401,server_008,server_008_text_1,user_server_008_7601,2026-05-23 08:34:14,"Benefit agreement remember hand ground move. Approach onto whom plant recognize event charge.
Hotel author order choose spend task. Fly member spend walk.",False,False,0,False,154
msg_00402,server_003,server_003_text_1,user_server_003_4687,2026-05-30 16:19:56,Group we thus hot something community.,False,False,0,False,38
msg_00403,server_008,server_008_text_4,owner_008,2025-09-05 02:30:18,Place capital everyone early style issue seat.,False,False,0,False,46
msg_00404,server_005,server_005_text_2,user_server_005_3893,2026-04-16 22:35:57,Suddenly avoid prove movie.,False,False,0,False,27
msg_00405,server_003,server_003_text_2,user_server_003_8890,2025-12-10 15:59:50,Through respond down capital them a.,False,False,0,False,36
msg_00406,server_001,server_001_text_1,user_server_001_9041,2025-11-16 09:48:40,Vote fine eye area parent process.,False,False,0,False,34
msg_00407,server_003,server_003_text_3,user_server_003_6956,2026-02-05 00:54:46,Speak property information knowledge theory fill rate.,False,False,0,False,54
msg_00408,server_001,server_001_text_1,user_server_001_5526,2026-02-24 00:47:49,Agency value among she also analysis.,False,False,0,False,37
msg_00409,server_005,server_005_text_4,user_server_005_1137,2026-04-11 18:29:19,"Run support run outside magazine message. Newspaper Mrs debate exactly wind hospital boy.
Mission imagine meet remain safe become stage. Usually us animal go along option.",False,False,0,False,171
msg_00410,server_007,server_007_text_2,user_server_007_3325,2025-11-30 07:08:36,Adult middle road Republican agreement.,False,False,0,False,39
msg_00411,server_004,server_004_text_5,user_server_004_9216,2025-08-25 08:03:52,Develop shoulder page weight minute out pick.,False,False,0,False,45
msg_00412,server_005,server_005_text_5,user_server_005_9669,2026-01-09 05:29:50,He political get exist nature in through.,True,False,0,False,41
msg_00413,server_007,server_007_text_1,user_server_007_1070,2026-03-31 18:00:23,Hold enjoy along itself money.,True,False,0,False,30
msg_00414,server_002,server_002_text_3,user_server_002_9408,2025-04-24 02:51:56,Last attention night several throw base.,False,False,0,False,40
msg_00415,server_001,server_001_text_1,user_server_001_6383,2025-12-18 10:10:18,Issue go parent half I young. Unit become any personal keep.,False,False,0,False,60
msg_00416,server_008,server_008_text_5,user_server_008_2684,2025-08-22 05:32:43,Catch heart stand front.,False,False,0,False,24
msg_00417,server_010,server_010_text_4,user_server_010_7002,2025-11-11 23:14:38,Probably you fast.,False,False,0,False,18
msg_00418,server_010,server_010_text_1,user_server_010_3150,2026-04-15 06:34:32,Medical season already.,False,False,0,False,23
msg_00419,server_010,server_010_text_3,user_server_010_7682,2025-08-18 05:12:13,Truth successful nothing many piece down member career. Best Democrat dark soldier example moment. Agree oil fact fine.,False,False,0,True,119
msg_00420,server_003,server_003_text_2,user_server_003_9151,2025-11-07 14:55:23,Sing place argue coach economic can to.,False,False,4,False,39
msg_00421,server_008,server_008_text_4,user_server_008_8266,2025-09-03 06:07:49,"Head sea later. Continue bad hard nor.
Bill might pick sign medical.
Attorney I analysis my boy conference.",True,False,0,False,107
msg_00422,server_002,server_002_text_4,user_server_002_5336,2025-12-17 17:03:14,Feel among wall study.,False,False,0,False,22
msg_00423,server_003,server_003_text_1,user_server_003_4126,2026-02-14 08:39:58,Tree all check quickly.,False,False,3,False,23
msg_00424,server_006,server_006_text_1,user_server_006_4695,2026-01-25 10:56:47,Speech turn small page eat off according be. Lawyer site begin may street. Store sport sound past. Suggest her price out thousand risk.,False,False,4,False,135
msg_00425,server_008,server_008_text_4,user_server_008_5496,2025-03-03 22:59:44,"Fire break them protect. Find although guess ability seat.
Law fast stage learn defense against.
Speak government treat even listen. Leader product line environmental.",False,False,5,False,167
msg_00426,server_004,server_004_text_2,user_server_004_5370,2026-05-20 07:54:13,Tv moment about wall east blood director security.,False,False,0,False,50
msg_00427,server_006,server_006_text_2,user_server_006_3996,2025-12-01 06:23:04,Eye control picture white audience street admit cold.,False,False,0,False,53
msg_00428,server_009,server_009_text_2,user_server_009_9466,2026-03-13 00:22:51,Go wait reflect news girl understand however.,False,False,0,False,45
msg_00429,server_008,server_008_text_5,user_server_008_7528,2025-06-09 02:15:21,"Ball you owner. Far skill close difficult also use.
Exactly fact minute less.
Her player on million even education attorney. Together east space.
Tv lay life.",False,False,4,False,158
msg_00430,server_001,server_001_text_1,user_server_001_9889,2026-03-16 03:28:59,Region institution appear already pattern color behavior.,False,False,0,False,57
msg_00431,server_006,server_006_text_2,user_server_006_3736,2025-09-26 21:29:01,Family war special free option.,False,False,0,False,31
msg_00432,server_009,server_009_text_2,user_server_009_2423,2026-06-08 13:51:01,Evidence discussion program million professional room world.,False,False,0,False,60
msg_00433,server_010,server_010_text_4,user_server_010_1953,2025-10-02 06:50:02,Hear class nothing board simply ago.,False,False,0,False,36
msg_00434,server_007,server_007_text_2,user_server_007_2312,2026-02-18 21:16:26,Risk growth trade theory serious.,False,False,0,False,33
msg_00435,server_005,server_005_text_4,user_server_005_4551,2026-05-25 14:04:59,Pay someone on his identify.,False,False,0,False,28
msg_00436,server_007,server_007_text_1,user_server_007_2346,2026-01-01 04:22:50,Democrat history born science local story.,True,True,0,False,42
msg_00437,server_009,server_009_text_2,user_server_009_2299,2026-06-07 04:26:56,"Yes describe nothing field. Reason choice media response charge truth.
Suffer heavy form product structure check. Probably hold law begin red yard where. Office social thus loss participant.",False,False,0,False,190
msg_00438,server_005,server_005_text_3,user_server_005_9897,2025-10-18 00:09:03,Newspaper could theory seek hotel husband standard movement.,True,False,0,False,60
msg_00439,server_008,server_008_text_4,user_server_008_7528,2026-04-25 17:04:14,Administration voice production pick foreign magazine suggest. Out down product little style. Right world huge section. Gun call street possible.,True,False,0,False,145
msg_00440,server_007,server_007_text_1,user_server_007_2111,2026-03-22 17:18:29,Indeed suffer least no.,False,False,0,False,23
msg_00441,server_002,server_002_text_3,user_server_002_3240,2026-02-17 08:45:34,Whose section phone bank way.,False,False,0,False,29
msg_00442,server_009,server_009_text_2,user_server_009_6613,2026-01-18 19:07:00,Ability pull new cause shake.,False,False,0,False,29
msg_00443,server_006,server_006_text_1,user_server_006_5574,2026-03-11 18:32:44,Program heart of anything quite. System long cultural usually available enough energy. Management threat without we.,False,False,0,False,116
msg_00444,server_010,server_010_text_1,user_server_010_7682,2025-12-10 11:23:01,Business his point physical response.,False,False,3,False,37
msg_00445,server_008,server_008_text_3,user_server_008_4191,2026-02-22 08:10:10,Couple energy break physical.,False,False,0,False,29
msg_00446,server_008,server_008_text_3,user_server_008_7314,2026-01-23 01:12:45,Suffer nothing suffer close cost continue past seven.,False,False,0,False,53
msg_00447,server_009,server_009_text_2,user_server_009_7367,2026-04-17 15:41:37,Feeling minute set eat two.,False,False,0,False,27
msg_00448,server_003,server_003_text_5,user_server_003_4465,2025-09-22 02:31:44,Short role itself both will break. Situation development animal election painting. Agency no look subject fish girl push. Side travel recognize cold.,False,False,0,False,149
msg_00449,server_005,server_005_text_6,user_server_005_1865,2026-02-27 19:53:08,"Performance general people nothing.
Show return wife someone crime store with. Firm get nor poor certainly rest especially be. Look describe hot two.
Report international which hotel president.",False,False,0,False,193
msg_00450,server_010,server_010_text_2,user_server_010_5907,2025-08-06 23:26:45,"Cause letter which stuff commercial book thousand. Modern bar PM director interview good try.
Change able card ask last against. Case like stop attorney radio. Majority recently seven decide.",False,False,5,False,191
msg_00451,server_008,server_008_text_2,user_server_008_3204,2025-05-03 00:17:05,"Theory debate answer decide action later. Drive although second more.
Prove raise theory policy culture.",False,False,0,False,104
msg_00452,server_007,server_007_text_1,user_server_007_9668,2026-03-06 15:17:51,"Eat teach effect. Travel ask affect between hospital.
Above rate explain small former agree forget. Majority federal oil include. Middle only fast budget. Fish adult particular.",False,False,0,False,177
msg_00453,server_008,server_008_text_5,user_server_008_7823,2025-10-13 14:31:13,Tv science west surface fill yet.,True,False,0,False,33
msg_00454,server_002,server_002_text_1,user_server_002_6992,2026-01-20 14:26:11,Voice second put other.,False,False,0,False,23
msg_00455,server_009,server_009_text_2,user_server_009_4809,2025-08-23 21:18:33,Sign beautiful trip.,False,False,0,False,20
msg_00456,server_008,server_008_text_2,user_server_008_3581,2026-01-31 19:30:13,Stage floor rate strong.,False,False,0,False,24
msg_00457,server_007,server_007_text_2,user_server_007_9645,2025-11-06 15:07:15,Knowledge myself Mrs I determine work everybody.,False,False,0,False,48
msg_00458,server_001,server_001_text_1,user_server_001_7267,2026-06-12 14:13:12,Affect draw effort white sort move something according.,False,False,0,False,55
msg_00459,server_003,server_003_text_2,user_server_003_8079,2026-03-06 00:39:40,Likely student it son support finally too concern.,False,False,0,False,50
msg_00460,server_002,server_002_text_4,user_server_002_7642,2025-03-26 16:36:27,Happy reflect where should produce.,False,False,2,False,35
msg_00461,server_009,server_009_text_2,user_server_009_2299,2025-08-28 13:30:57,"These and say good image fly many parent. Blood could last or. Difference remember serve life will kind economic.
Young a now throughout. Whose now treatment although series there.",False,False,0,False,180
msg_00462,server_006,server_006_text_2,user_server_006_4052,2026-03-01 03:49:39,"Thousand only return according write many hospital. Science security room occur. Officer team organization level plant upon receive.
Deep quality security think quality.",False,False,0,False,169
msg_00463,server_008,server_008_text_3,user_server_008_5565,2025-06-19 17:38:24,Across about down onto past woman sure.,False,False,0,False,39
msg_00464,server_009,server_009_text_1,user_server_009_6510,2025-12-23 20:29:43,Site fine range politics education.,False,False,0,False,35
msg_00465,server_004,server_004_text_5,user_server_004_8941,2026-04-08 21:25:42,Everyone sure amount idea town.,False,False,0,False,31
msg_00466,server_003,server_003_text_5,user_server_003_6960,2026-04-04 06:29:10,Career policy unit expect discussion shoulder. Year board hospital view safe economic.,False,False,0,False,86
msg_00467,server_001,server_001_text_1,user_server_001_8102,2026-01-06 08:28:06,Present better rather letter whatever behind.,False,False,0,False,45
msg_00468,server_003,server_003_text_3,user_server_003_4465,2025-07-21 11:15:20,First agent phone man movement.,False,False,1,False,31
msg_00469,server_009,server_009_text_1,user_server_009_9311,2025-11-04 15:03:43,On chance culture represent focus add.,False,False,2,False,38
msg_00470,server_010,server_010_text_3,user_server_010_9980,2025-09-16 04:03:36,"Ok page candidate never radio amount. Difference share while upon.
Crime learn finish provide former budget. Late energy ready could why early lot avoid. Society form almost drug ground happy.",False,False,3,False,192
msg_00471,server_010,server_010_text_3,owner_010,2025-07-25 14:53:24,Until others what challenge quality.,True,False,0,False,36
msg_00472,server_007,server_007_text_1,user_server_007_9100,2026-05-15 09:48:38,Successful foot join.,False,False,0,False,21
msg_00473,server_001,server_001_text_2,user_server_001_5291,2026-01-25 17:28:31,Billion child thank trade must door.,False,False,0,False,36
msg_00474,server_006,server_006_text_1,user_server_006_3736,2026-01-07 19:55:08,Ago hit exist newspaper good provide view he.,False,False,0,False,45
msg_00475,server_008,server_008_text_3,user_server_008_3359,2025-05-24 12:27:36,Specific future four call impact relationship.,False,False,0,False,46
msg_00476,server_009,server_009_text_1,user_server_009_3344,2026-03-07 21:19:34,"Matter maintain much. Type describe position major tax. Office over enjoy statement along.
Reason station hundred help. Way interest upon admit. Change nor hear front.",False,False,0,False,167
msg_00477,server_004,server_004_text_4,user_server_004_4226,2025-11-24 17:10:40,What question common argue.,False,False,0,False,27
msg_00478,server_001,server_001_text_2,user_server_001_2527,2025-10-22 02:57:44,Summer education particularly lead out thus treatment him.,True,False,0,False,58
msg_00479,server_005,server_005_text_2,user_server_005_4760,2026-05-27 19:56:18,"Power rate sense stand open play stuff. Church turn situation participant both sure difference lose.
Try among argue nice. Memory present know evidence.",False,False,5,False,152
msg_00480,server_002,server_002_text_3,user_server_002_8118,2025-12-04 22:46:53,Top else region.,False,False,0,False,16
msg_00481,server_005,server_005_text_6,user_server_005_5764,2026-04-03 16:36:32,Me food scientist establish impact suddenly.,True,True,0,False,44
msg_00482,server_005,server_005_text_6,user_server_005_9897,2025-10-27 19:26:19,Stand state position though week key.,False,False,4,False,37
msg_00483,server_001,server_001_text_2,user_server_001_1508,2026-05-03 11:44:30,Either staff garden gun design nearly reason light.,False,False,0,False,51
msg_00484,server_009,server_009_text_1,user_server_009_2536,2025-07-13 21:13:56,Town end kid special recognize evening fish.,False,False,0,False,44
msg_00485,server_003,server_003_text_3,user_server_003_6824,2025-12-21 23:36:33,Leader test yes beat toward method parent.,False,False,0,False,42
msg_00486,server_004,server_004_text_3,user_server_004_4372,2025-10-14 04:47:59,"Fill human article out mention writer throw. Religious sense either join.
Cultural manage population walk almost hit.",False,False,0,False,117
msg_00487,server_005,server_005_text_6,user_server_005_3997,2026-06-09 12:55:12,Stuff social be page.,False,False,0,False,21
msg_00488,server_001,server_001_text_1,user_server_001_8564,2026-06-03 02:20:15,Race news mission able reflect likely realize. Magazine together happen always level billion. Likely expect expect different. Often rule others laugh charge treatment include.,False,False,0,False,175
msg_00489,server_009,server_009_text_2,user_server_009_9321,2026-05-31 01:59:19,Spring many say.,False,False,0,False,16
msg_00490,server_007,server_007_text_2,user_server_007_2829,2025-12-08 13:52:44,"Activity answer girl eye.
Rather us director radio. Allow activity push per. Hair person owner especially leave realize professional.",False,False,0,False,133
msg_00491,server_001,server_001_text_1,user_server_001_9041,2026-04-09 20:45:06,Factor wait skin surface behavior together.,False,False,0,False,43
msg_00492,server_001,server_001_text_2,user_server_001_9056,2025-11-20 23:47:06,Draw visit work should than.,False,False,0,False,28
msg_00493,server_005,server_005_text_3,user_server_005_3289,2026-02-18 01:19:51,Someone how of situation part here.,False,False,0,False,35
msg_00494,server_006,server_006_text_2,user_server_006_5062,2025-12-11 00:47:39,"Short above morning gas short space. Feeling price son minute past hospital meeting.
Open alone around what someone. Husband exist and green eight former north.",False,False,0,False,160
msg_00495,server_003,server_003_text_4,user_server_003_4437,2026-01-30 00:24:41,Property risk others stand baby ground officer.,False,False,0,False,47
msg_00496,server_009,server_009_text_2,user_server_009_6875,2025-07-21 08:15:15,"Program appear probably rich cup every view. Across service those challenge teach enter get.
Across surface fast step. Military this machine social ten responsibility cell. Take source like raise.",False,False,2,False,196
msg_00497,server_002,server_002_text_1,user_server_002_9524,2026-02-05 21:12:23,Former everything mention third serve whom dog.,False,False,0,False,47
msg_00498,server_005,server_005_text_1,user_server_005_5598,2026-04-06 13:05:05,Break particular yet.,False,False,0,False,21
msg_00499,server_003,server_003_text_3,user_server_003_2720,2026-03-29 15:33:14,Indeed three about foreign own. Receive four yard write. Decade heavy eat owner book style success month. Long drug responsibility protect imagine.,False,False,0,False,147
msg_00500,server_007,server_007_text_2,user_server_007_7299,2026-06-15 13:07:51,Education air firm discussion her capital candidate player.,False,False,0,False,59
msg_00501,server_002,server_002_text_4,user_server_002_3636,2025-08-30 13:43:59,Drop apply student whether computer.,False,False,0,False,36
msg_00502,server_010,server_010_text_2,user_server_010_3199,2025-09-23 10:22:18,Attack including possible expect lead them industry.,False,False,0,False,52
msg_00503,server_003,server_003_text_4,user_server_003_1014,2026-05-03 15:56:44,"Candidate baby myself add. Suggest newspaper major serve answer house back.
Performance member message heavy government for. Bag us close take quite.",False,False,0,False,149
msg_00504,server_005,server_005_text_1,user_server_005_6685,2026-01-27 14:19:24,Hope two paper seven compare.,False,False,0,False,29
msg_00505,server_006,server_006_text_2,user_server_006_5574,2026-02-01 03:29:48,Three year subject wrong large along child.,False,False,0,False,43
msg_00506,server_002,server_002_text_3,user_server_002_5485,2025-08-21 17:43:26,Bad detail purpose sport music.,False,False,0,False,31
msg_00507,server_006,server_006_text_1,user_server_006_9802,2026-01-01 01:21:51,Before safe ten decide city admit test.,False,False,0,False,39
msg_00508,server_006,server_006_text_1,user_server_006_3083,2026-02-20 01:47:57,Mission woman camera kind their lose.,False,False,0,False,37
msg_00509,server_008,server_008_text_4,user_server_008_9523,2025-06-13 08:06:18,Into must professional full. Century leg her ahead during according yes. Large difficult environmental wide what account consider.,False,False,5,False,130
msg_00510,server_010,server_010_text_4,user_server_010_7355,2025-10-02 04:27:57,Design walk simply determine player station color.,False,False,3,False,50
msg_00511,server_004,server_004_text_2,user_server_004_8746,2025-10-17 08:34:46,Staff special type against remember small.,False,False,0,False,42
msg_00512,server_007,server_007_text_1,user_server_007_8616,2026-03-06 10:42:55,Shake wife former.,False,False,0,False,18
msg_00513,server_008,server_008_text_5,user_server_008_6924,2025-09-28 10:09:36,Face improve page smile range wonder.,False,False,0,False,37
msg_00514,server_002,server_002_text_4,user_server_002_7070,2025-08-16 15:17:29,Throughout work power fall billion live newspaper.,False,False,0,False,50
msg_00515,server_007,server_007_text_2,user_server_007_4954,2026-04-03 20:18:10,Growth on point ten.,False,False,0,False,20
msg_00516,server_007,server_007_text_2,user_server_007_8346,2026-04-09 05:08:19,Thank least month success worry gas.,False,False,3,False,36
msg_00517,server_004,server_004_text_4,user_server_004_9381,2025-08-25 07:56:15,Act white everything provide today second issue second.,True,False,1,False,55
msg_00518,server_009,server_009_text_1,user_server_009_3835,2025-09-22 03:13:51,"Republican perhaps audience ready. Name form movement truth just.
Through dream past vote old or.
Instead all include player. Follow arrive can responsibility different western office ahead.",False,False,0,False,190
msg_00519,server_002,server_002_text_1,user_server_002_6224,2026-04-15 01:42:41,"Must admit bring. Deal exactly space for learn.
Make memory leave your unit hand issue. Happy recent ok today government manager nothing particularly.",False,False,1,False,150
msg_00520,server_009,server_009_text_1,user_server_009_5098,2025-07-20 17:17:06,Wall thus similar population.,False,False,0,False,29
msg_00521,server_006,server_006_text_1,user_server_006_3736,2025-12-01 06:57:08,"Simple avoid practice benefit. Particular report begin strategy. Man report floor art daughter smile.
Piece share think leg agent room natural. Week country rock raise drop.",False,False,0,False,173
msg_00522,server_009,server_009_text_1,user_server_009_9466,2026-06-16 03:00:45,Office bed something.,False,False,0,False,21
msg_00523,server_002,server_002_text_4,user_server_002_7284,2025-03-30 00:13:31,State top gun store.,True,False,5,False,20
msg_00524,server_001,server_001_text_2,user_server_001_4033,2025-12-14 05:54:59,Long first nothing religious executive stage. Tree because song pretty toward foot image beat.,False,False,0,False,94
msg_00525,server_005,server_005_text_5,user_server_005_2311,2026-04-24 15:59:00,Maybe yes always face teacher.,False,False,0,False,30
msg_00526,server_009,server_009_text_1,user_server_009_2536,2026-03-25 11:46:44,Alone peace week anything nation month audience.,False,False,1,False,48
msg_00527,server_007,server_007_text_1,user_server_007_9733,2025-12-14 17:55:12,"Few guess could station blue office. Already child provide court hotel no staff deal. Where do issue television human approach.
Treat be teach design. Top begin boy media several fact fly.",False,False,0,False,188
msg_00528,server_010,server_010_text_1,user_server_010_7355,2026-01-20 16:27:33,Evening sometimes or involve when.,False,False,4,False,34
msg_00529,server_008,server_008_text_2,user_server_008_4190,2025-11-13 17:05:52,Eight mind show general.,False,False,0,False,24
msg_00530,server_009,server_009_text_2,user_server_009_1220,2025-09-19 08:16:04,Law seem child religious president charge away.,False,False,0,False,47
msg_00531,server_002,server_002_text_1,user_server_002_6384,2025-10-25 06:36:49,Sense decade hour structure product where.,False,False,5,False,42
msg_00532,server_002,server_002_text_2,user_server_002_5346,2025-10-17 05:54:53,Road behavior win public with area side.,False,True,0,False,40
msg_00533,server_001,server_001_text_2,user_server_001_2527,2026-01-03 06:43:39,"West service of. Teacher day interesting thank age generation. Exactly trial television whose however painting technology carry.
Real arrive manage score five. Sit oil term.",False,False,0,False,173
msg_00534,server_005,server_005_text_3,user_server_005_1006,2026-04-23 21:09:47,Fall think my moment cover themselves commercial.,False,False,0,False,49
msg_00535,server_009,server_009_text_1,user_server_009_6134,2026-02-22 07:38:48,"Outside accept official cost modern threat. Stuff center health watch sea green your. Deep shoulder thus western.
Try mind close seem into.",False,False,2,False,139
msg_00536,server_003,server_003_text_2,user_server_003_3517,2025-10-07 11:53:19,"Make because although direction leader. Three offer lose also employee message. Mention book simply.
Have condition both find. Reflect through authority much brother.",False,False,0,False,166
msg_00537,server_001,server_001_text_2,user_server_001_4185,2025-10-06 06:50:34,Here go election score may.,False,False,0,False,27
msg_00538,server_005,server_005_text_3,user_server_005_8474,2026-04-22 15:56:41,"Media eight support single suffer discuss. Become environment agree face son evening rather.
Summer government improve interest across yeah. Behavior western poor case.",False,False,0,False,168
msg_00539,server_010,server_010_text_4,user_server_010_6900,2025-10-24 01:54:40,Foot quickly late woman one else sit painting.,True,False,0,False,46
msg_00540,server_005,server_005_text_2,user_server_005_8041,2026-03-30 01:15:10,Image try guess myself.,False,False,0,False,23
msg_00541,server_006,server_006_text_2,user_server_006_2924,2026-05-22 22:43:00,Country sound so task.,False,False,0,False,22
msg_00542,server_006,server_006_text_1,user_server_006_9128,2025-10-01 23:52:16,Drive staff pick.,False,False,4,False,17
msg_00543,server_004,server_004_text_4,user_server_004_4760,2025-08-28 12:59:11,Evening the which spend almost real common.,True,False,0,False,43
msg_00544,server_010,server_010_text_1,user_server_010_2556,2026-04-12 07:36:32,Former produce friend report figure Congress west. Expect see into forget catch. Wonder seem live receive.,False,False,0,False,106
msg_00545,server_010,server_010_text_3,user_server_010_1887,2025-12-22 05:04:00,Nearly statement institution travel method. Responsibility rather raise animal bed actually news. By Republican exist prevent.,True,False,4,False,126
msg_00546,server_004,server_004_text_2,user_server_004_4372,2025-11-18 14:30:13,Policy low purpose special require. Probably off never process answer catch. Her PM week line still game.,False,False,3,False,105
msg_00547,server_010,server_010_text_1,user_server_010_5151,2025-09-30 07:30:14,Whose yourself task drop.,False,False,0,False,25
msg_00548,server_004,server_004_text_1,user_server_004_2970,2025-10-12 09:50:03,Leader song common should their majority where.,False,False,0,False,47
msg_00549,server_001,server_001_text_2,user_server_001_2527,2025-09-17 12:24:09,Teach she wide continue market return lot. Nice stuff road learn argue. Night building chair drug free believe beautiful.,False,False,0,False,121
msg_00550,server_005,server_005_text_3,user_server_005_3488,2025-11-01 13:56:15,As film serious protect card board response.,False,False,0,False,44
msg_00551,server_010,server_010_text_1,user_server_010_5151,2026-04-13 12:51:27,"Raise seat act serious order.
Another early minute article place sell indicate.",False,False,0,False,79
msg_00552,server_004,server_004_text_3,user_server_004_8548,2026-03-19 07:28:48,"Sometimes pull especially future first card likely. Quality bed our civil bill young.
Live glass teacher southern create free car. Article join conference particularly.",False,False,0,False,168
msg_00553,server_007,server_007_text_2,user_server_007_8616,2026-01-27 17:33:59,"Yourself left simple. Simply always high friend item. Chair chance let seat happy by. Customer set offer work artist sometimes subject.
Rich short over decade carry its. Year can mouth great hundred.",False,False,5,False,199
msg_00554,server_009,server_009_text_2,user_server_009_2744,2026-04-28 07:21:02,Realize fine pressure economy to daughter knowledge.,True,False,0,False,52
msg_00555,server_003,server_003_text_5,user_server_003_3369,2025-12-14 13:36:38,Course thought cultural buy phone. Decision exactly human she bar growth main.,False,False,0,False,78
msg_00556,server_005,server_005_text_1,user_server_005_5598,2026-05-27 21:05:02,Social less protect itself air deal certainly.,True,False,5,False,46
msg_00557,server_010,server_010_text_4,user_server_010_9216,2026-03-08 22:57:02,Cup wide why investment more pattern enjoy.,False,False,0,False,43
msg_00558,server_009,server_009_text_1,user_server_009_8984,2025-12-25 11:59:03,Moment new player occur.,False,False,0,False,24
msg_00559,server_002,server_002_text_1,user_server_002_4707,2025-05-25 00:46:47,Lead travel light trouble public television question bag. Age close order hear ok purpose.,False,False,0,False,90
msg_00560,server_005,server_005_text_3,user_server_005_9132,2026-03-05 02:28:08,Central on right become room.,False,False,0,False,29
msg_00561,server_002,server_002_text_3,user_server_002_7653,2026-03-13 08:23:26,Friend financial task high check foot not. Drop quality far of worry direction.,False,True,0,False,79
msg_00562,server_005,server_005_text_6,user_server_005_2102,2026-02-14 22:25:53,"Rest step color role expect. Later nor out assume property above benefit. Almost action nature issue.
Debate teach child finally under language.",False,False,2,True,144
msg_00563,server_002,server_002_text_4,user_server_002_5485,2025-05-22 19:33:49,Experience seem sport.,False,False,0,False,22
msg_00564,server_001,server_001_text_1,user_server_001_9041,2025-10-06 18:13:44,Industry which structure effort management.,False,False,0,False,43
msg_00565,server_009,server_009_text_1,user_server_009_2948,2026-02-28 07:22:41,Read why much should think.,True,False,0,False,27
msg_00566,server_006,server_006_text_2,user_server_006_4199,2026-02-27 19:32:08,"May occur process home. Truth because course my thus science. Bed more send maybe with event.
Analysis standard meet people me house. Around dream memory number option pull.",True,False,0,False,173
msg_00567,server_006,server_006_text_1,user_server_006_4641,2026-01-07 21:23:57,Home state mean as miss and.,False,False,0,False,28
msg_00568,server_003,server_003_text_1,user_server_003_3219,2025-12-11 12:04:25,Information fact interview toward onto. Deep I kid least. Business score bank ball concern speech analysis senior.,False,False,0,False,114
msg_00569,server_002,server_002_text_3,user_server_002_1841,2025-06-16 03:50:28,Indeed resource husband beyond development finish see.,False,False,0,False,54
msg_00570,server_003,server_003_text_5,user_server_003_2850,2025-11-28 22:52:40,"Only size loss smile.
Yard this attention talk.
Behind my treat next his trial space. Far nothing official couple husband six health theory. Building believe spend specific development up.",False,False,0,False,188
msg_00571,server_005,server_005_text_6,user_server_005_5764,2025-12-02 16:28:30,"Spend avoid crime office clear. Among the teacher space.
Want step long.
Many mission give choice large must home. Attention truth water consider.",True,False,0,False,146
msg_00572,server_009,server_009_text_2,user_server_009_9845,2026-05-07 08:37:31,Such unit crime consider ground themselves meet manager. Arrive small determine so.,False,False,0,False,83
msg_00573,server_007,server_007_text_2,user_server_007_2040,2026-03-27 20:54:45,"Skill simply walk three shoulder education. Style theory reduce reality matter bill.
Subject event nor enjoy not good star.
Quite sure forward training may including capital war.",False,False,0,False,178
msg_00574,server_004,server_004_text_4,user_server_004_4451,2025-08-21 22:20:54,Face grow upon.,False,False,0,False,15
msg_00575,server_005,server_005_text_1,user_server_005_4760,2025-11-23 19:04:14,Traditional condition summer purpose phone explain.,False,False,0,False,51
msg_00576,server_004,server_004_text_3,user_server_004_3687,2026-03-20 22:22:32,Sell painting there southern crime believe.,False,False,0,False,43
msg_00577,server_001,server_001_text_1,user_server_001_9041,2026-03-04 12:09:05,Many modern picture but writer.,False,False,0,False,31
msg_00578,server_007,server_007_text_1,user_server_007_7079,2025-11-16 20:08:25,Three floor trade care site rather.,False,False,0,False,35
msg_00579,server_006,server_006_text_2,user_server_006_4677,2026-05-21 04:31:32,Participant land hold building.,False,False,0,False,31
msg_00580,server_004,server_004_text_5,user_server_004_6657,2025-12-05 18:53:02,Hit shoulder music itself should final.,False,False,5,False,39
msg_00581,server_006,server_006_text_2,user_server_006_2765,2025-11-16 15:27:46,Camera space hundred nature true young push.,True,False,0,False,44
msg_00582,server_006,server_006_text_2,owner_006,2025-10-05 21:54:25,Practice by hard church marriage make raise.,False,False,5,False,44
msg_00583,server_006,server_006_text_2,user_server_006_1855,2026-05-16 06:53:59,Citizen to state.,False,False,4,False,17
msg_00584,server_010,server_010_text_3,user_server_010_9810,2025-07-20 03:31:24,Weight deal response challenge challenge conference data.,False,False,0,False,57
msg_00585,server_010,server_010_text_1,user_server_010_7682,2025-09-09 09:03:37,Game sea story a.,False,False,0,False,17
msg_00586,server_004,server_004_text_5,user_server_004_2888,2026-04-28 10:31:05,Seat mission people outside these laugh.,False,False,0,False,40
msg_00587,server_002,server_002_text_3,user_server_002_2442,2025-12-07 07:41:32,"What argue significant across growth rule. Form should could budget evening.
Forget whether perhaps. Professional drug camera responsibility but. Be chair there even election season rise society.",False,False,0,False,195
msg_00588,server_007,server_007_text_2,user_server_007_2940,2026-01-03 23:47:57,Option name ready field series benefit boy.,False,False,0,False,43
msg_00589,server_001,server_001_text_1,user_server_001_4185,2026-01-23 15:43:23,Direction describe performance not. Ball board administration amount race him technology. Wind gas leg sign.,False,False,0,False,108
msg_00590,server_010,server_010_text_2,owner_010,2025-11-17 22:10:11,Campaign focus force attack.,False,False,1,False,28
msg_00591,server_003,server_003_text_4,user_server_003_7370,2026-01-10 08:11:42,Wide quickly serious network former world edge.,False,True,0,False,47
msg_00592,server_009,server_009_text_2,user_server_009_6718,2026-05-24 16:30:06,Discover save cost while city would.,False,False,3,False,36
msg_00593,server_005,server_005_text_2,user_server_005_5067,2025-11-19 08:09:04,"List here her analysis campaign national. Federal religious still land reveal can personal. Debate range start respond hope growth.
He seek carry campaign. Lose far together.",False,False,0,False,174
msg_00594,server_006,server_006_text_2,user_server_006_2458,2026-05-27 14:52:20,"Remain find use degree organization partner. Benefit business surface dinner stand thought size.
Performance success level begin. Second social few. Feeling outside hair represent red.",False,False,0,False,184
msg_00595,server_005,server_005_text_1,user_server_005_1865,2025-12-12 07:18:13,Lead within detail camera total.,False,False,0,False,32
msg_00596,server_002,server_002_text_4,user_server_002_1881,2025-12-25 09:47:09,"Weight decision brother. Control that focus news. Add late rate wonder rule there. Despite how leg least rich many according.
Idea in your several I.
Help response class yeah system build whose.",False,False,0,False,194
msg_00597,server_006,server_006_text_1,user_server_006_4684,2026-04-25 00:05:35,Popular your issue coach set too.,False,False,0,False,33
msg_00598,server_001,server_001_text_2,user_server_001_1508,2026-04-03 22:04:03,Process however thought myself write behind.,False,False,0,False,44
msg_00599,server_010,server_010_text_4,user_server_010_3205,2025-10-06 18:52:45,"President enough your minute risk. There none both minute finally team item better.
Brother their see life. Listen remain film report.",False,False,0,False,134
msg_00600,server_003,server_003_text_5,user_server_003_7139,2025-10-19 09:21:39,Performance matter senior TV.,True,False,0,False,29
msg_00601,server_010,server_010_text_1,user_server_010_7355,2025-09-07 14:26:12,"Cover ready from market major leave. Manage maintain nothing guess next author street.
Magazine your authority get. Age natural name fear it man candidate.",False,False,0,False,155
msg_00602,server_004,server_004_text_1,user_server_004_9722,2025-08-03 08:35:25,End one actually able. Week best value since traditional economic least.,False,False,0,False,72
msg_00603,server_005,server_005_text_5,user_server_005_3203,2026-03-20 22:14:16,"Hair sometimes nothing keep. Time treat per light.
Trip know crime should major according. Race final peace street. Put day space role sure above whom.",False,False,0,False,151
msg_00604,server_002,server_002_text_2,user_server_002_9537,2025-07-23 18:34:01,Character how manage interest soon. Organization speak sometimes save million pretty. His else on enter kind bad.,False,False,0,False,113
msg_00605,server_009,server_009_text_1,user_server_009_7579,2026-01-02 01:47:36,Four agree kid spring evidence.,False,False,0,False,31
msg_00606,server_010,server_010_text_2,user_server_010_3402,2025-11-07 02:46:08,Significant lot account.,False,False,4,False,24
msg_00607,server_009,server_009_text_2,user_server_009_9790,2026-06-04 01:01:33,Mother cup move understand oil.,False,False,0,False,31
msg_00608,server_009,server_009_text_1,user_server_009_2600,2025-09-08 05:30:33,Return building imagine here.,True,True,0,False,29
msg_00609,server_008,server_008_text_3,user_server_008_3204,2025-04-05 09:43:26,"Recent everybody sit. Determine decade whose then beautiful ability they. Computer writer election ahead billion.
Guess discover mouth place it dark. Under level positive entire work.",False,False,0,False,183
msg_00610,server_010,server_010_text_2,user_server_010_7576,2026-02-08 08:16:22,Lot mouth radio.,False,False,0,False,16
msg_00611,server_004,server_004_text_1,user_server_004_7435,2026-02-10 19:43:42,Boy federal military option left not. Dark cultural door strong interview enjoy Democrat. Language pretty especially water month decision. Age speak gas serious political contain.,False,False,0,False,179
msg_00612,server_007,server_007_text_2,user_server_007_6907,2025-12-31 17:01:36,Item like lose PM trial my.,False,True,0,False,27
msg_00613,server_001,server_001_text_2,owner_001,2025-08-29 18:17:28,Walk outside dream responsibility.,False,False,0,False,34
msg_00614,server_004,server_004_text_5,user_server_004_9692,2025-10-25 02:36:12,Television now camera man.,False,False,4,False,26
msg_00615,server_010,server_010_text_2,user_server_010_8233,2026-03-22 01:44:03,Hair popular minute father public.,False,False,4,False,34
msg_00616,server_008,server_008_text_5,user_server_008_4924,2026-05-17 08:55:04,Training eat in may across.,False,False,0,False,27
msg_00617,server_002,server_002_text_4,user_server_002_3420,2025-12-26 13:25:12,Sing activity official serve physical send suddenly.,False,False,0,False,52
msg_00618,server_001,server_001_text_1,owner_001,2026-02-13 01:00:59,Budget air interview American along lawyer.,False,False,5,False,43
msg_00619,server_004,server_004_text_2,user_server_004_8643,2026-05-07 23:14:56,"Quite feeling most especially why south direction. Success goal defense upon forget expect question.
Per look method pass country. Never standard each production hope worry early.",False,False,0,False,179
msg_00620,server_002,server_002_text_3,user_server_002_4965,2026-06-14 19:18:42,Democratic customer control personal leave thought job suddenly.,False,False,0,False,64
msg_00621,server_004,server_004_text_1,user_server_004_7484,2025-10-21 22:28:42,Interest person approach sea. Deal treatment also candidate. Probably I cultural again outside through travel group.,False,False,0,False,116
msg_00622,server_004,server_004_text_5,user_server_004_4912,2026-01-19 06:20:37,Democrat next TV above factor customer.,False,False,0,False,39
msg_00623,server_001,server_001_text_2,owner_001,2025-08-29 09:27:45,Cause although you take value call training.,False,False,0,False,44
msg_00624,server_007,server_007_text_2,user_server_007_2656,2026-01-05 22:29:47,More buy really note travel.,False,False,0,False,28
msg_00625,server_008,server_008_text_2,user_server_008_3897,2025-08-20 06:51:18,Travel get most remember.,False,False,0,False,25
msg_00626,server_003,server_003_text_3,user_server_003_1425,2025-05-18 05:59:36,Trip grow series magazine language.,False,False,0,False,35
msg_00627,server_002,server_002_text_1,user_server_002_8265,2025-06-21 19:34:06,Only moment security even respond.,False,False,0,False,34
msg_00628,server_006,server_006_text_1,user_server_006_6345,2026-03-21 02:15:58,Door stop hear be church certainly.,False,False,0,False,35
msg_00629,server_009,server_009_text_2,user_server_009_2596,2025-08-05 09:47:36,Share that job ever capital.,False,False,0,False,28
msg_00630,server_006,server_006_text_1,user_server_006_2999,2026-03-09 10:45:39,Test better gas that half level.,False,False,2,False,32
msg_00631,server_006,server_006_text_2,user_server_006_2212,2025-10-19 22:45:04,Similar situation product bad town option.,False,False,0,False,42
msg_00632,server_010,server_010_text_2,user_server_010_7846,2026-05-13 13:27:44,"View buy institution. Foreign field score law billion son address remember.
Never one boy require foot air occur. Explain Republican American true ago.",False,False,0,False,151
msg_00633,server_010,server_010_text_2,user_server_010_2402,2026-04-01 19:23:34,Have these brother describe. Chance eye only specific lot like although. Artist expect former hair work natural financial.,False,False,0,False,122
msg_00634,server_002,server_002_text_1,user_server_002_4804,2025-11-03 20:06:13,Heart buy choice.,False,False,0,False,17
msg_00635,server_002,server_002_text_3,user_server_002_9883,2025-09-27 06:15:42,Make quickly however culture.,False,False,0,False,29
msg_00636,server_005,server_005_text_1,user_server_005_2889,2025-10-29 03:59:55,"Stage way really dark billion. Argue executive hair.
So good performance from store. Soon when interest next wide Democrat. Some until low wife share increase.",False,False,0,False,159
msg_00637,server_009,server_009_text_1,user_server_009_2189,2026-05-01 15:03:38,"Family bag become. Quite next she behavior responsibility lead. Development new thought sing pattern.
Property inside model western. Work national position agency because happy so.",False,False,0,False,180
msg_00638,server_001,server_001_text_1,user_server_001_5291,2025-12-11 06:36:55,Million want yes artist mother deep father.,False,False,0,False,43
msg_00639,server_004,server_004_text_1,user_server_004_6248,2026-02-05 14:58:02,Mind sell include laugh identify security event.,False,False,4,False,48
msg_00640,server_002,server_002_text_3,user_server_002_1994,2026-01-05 14:59:14,"Myself federal record. Family sea if factor.
Road including ever air. Possible create range coach manager star image.",False,False,0,False,117
msg_00641,server_006,server_006_text_1,user_server_006_3734,2026-05-08 15:07:52,Begin force space idea president.,False,False,0,False,33
msg_00642,server_002,server_002_text_3,user_server_002_8245,2026-04-03 13:13:37,"Evidence walk phone society on action new north. Environmental western home industry you mind.
Consider cause sit certainly professor practice window. Entire nice case tough.",False,False,0,False,174
msg_00643,server_007,server_007_text_1,user_server_007_2389,2026-01-08 08:05:23,Skin foreign his son threat.,False,False,0,False,28
msg_00644,server_004,server_004_text_5,user_server_004_8050,2025-08-30 21:33:52,Production prepare program so head song maybe.,False,False,0,False,46
msg_00645,server_007,server_007_text_2,user_server_007_6568,2026-05-13 01:56:08,Quality approach good attack same trouble PM.,False,False,0,False,45
msg_00646,server_009,server_009_text_1,user_server_009_6253,2026-02-18 18:46:33,End eight own Democrat increase difference. Already in effort its cover edge education. Article character wonder.,False,False,0,False,113
msg_00647,server_002,server_002_text_2,user_server_002_5329,2025-05-20 16:25:32,Writer treatment strategy remember may.,False,False,0,False,39
msg_00648,server_008,server_008_text_6,user_server_008_2870,2026-05-20 14:02:38,"Improve yet control majority opportunity respond. Can daughter benefit I turn. Past back statement amount hair camera bank.
Learn stuff sing truth oil short. Peace again suggest list reflect goal.",False,False,0,False,196
msg_00649,server_005,server_005_text_5,user_server_005_1555,2026-02-07 21:20:13,Statement book your dream strong.,False,False,0,False,33
msg_00650,server_005,server_005_text_3,user_server_005_6292,2026-03-12 23:00:31,Exist bar call.,False,False,0,False,15
msg_00651,server_010,server_010_text_3,user_server_010_2738,2025-09-09 23:05:48,Eat beautiful including in huge.,False,False,0,False,32
msg_00652,server_008,server_008_text_4,user_server_008_7120,2025-08-20 08:10:10,Compare cut beat.,False,False,0,False,17
msg_00653,server_010,server_010_text_2,user_server_010_7682,2026-01-10 10:24:39,Whose fund against several economy for.,True,False,0,False,39
msg_00654,server_010,server_010_text_4,user_server_010_8087,2025-08-19 13:58:54,Inside vote thus purpose. Pick list arm lawyer finish account. Tough suddenly true type near among.,False,False,0,False,99
msg_00655,server_008,server_008_text_4,user_server_008_7846,2026-01-13 20:24:22,Red why that industry list argue kind father.,False,False,0,False,45
msg_00656,server_010,server_010_text_3,user_server_010_9810,2025-09-23 13:52:30,"Relationship dinner challenge computer. Include month free up former.
Agency result fight task present ask report. Mean single better parent couple hot half.",False,False,0,False,157
msg_00657,server_004,server_004_text_4,user_server_004_9785,2025-08-27 15:07:25,Build side enjoy late large.,False,False,0,False,28
msg_00658,server_006,server_006_text_2,user_server_006_4709,2026-02-27 06:12:18,Benefit leg stock section.,False,False,0,False,26
msg_00659,server_004,server_004_text_5,user_server_004_8732,2026-05-19 23:45:05,Article standard game record performance necessary.,False,False,2,False,51
msg_00660,server_008,server_008_text_4,user_server_008_1210,2026-02-17 18:06:24,Television turn physical not likely.,False,False,0,False,36
msg_00661,server_008,server_008_text_2,user_server_008_5496,2025-03-26 22:16:41,Politics suggest hear more law painting heart.,False,False,0,False,46
msg_00662,server_005,server_005_text_5,user_server_005_2949,2026-01-22 01:50:47,Behind weight door ready none air reduce wonder. Return throughout operation similar paper nature. Response available open yet heart.,False,False,0,False,133
msg_00663,server_006,server_006_text_2,user_server_006_1760,2026-03-13 22:48:45,"Ten according end conference activity Mrs. International present return late ok standard. Ago campaign usually place him science.
Night mention tend science. Wrong though small.",False,False,0,False,177
msg_00664,server_005,server_005_text_3,user_server_005_6016,2026-05-16 01:43:04,Let make many anyone everyone open care.,False,False,0,False,40
msg_00665,server_007,server_007_text_1,user_server_007_5297,2026-01-16 19:34:01,Media thing beyond none interview prevent.,False,False,2,False,42
msg_00666,server_010,server_010_text_2,user_server_010_5151,2025-11-21 12:08:42,Training fill agreement make dark fish organization hospital.,False,False,0,False,61
msg_00667,server_009,server_009_text_1,user_server_009_9809,2026-02-25 19:22:19,Rate wrong stage chance government staff such.,False,False,0,False,46
msg_00668,server_009,server_009_text_2,user_server_009_9141,2026-02-08 17:38:44,Happy drive until street value.,False,False,0,False,31
msg_00669,server_007,server_007_text_1,user_server_007_3584,2025-11-04 22:20:50,Someone room site particular goal any ground.,False,False,5,False,45
msg_00670,server_008,server_008_text_6,user_server_008_9486,2026-01-15 21:46:25,Level enter special modern police country.,False,False,0,False,42
msg_00671,server_005,server_005_text_6,user_server_005_4179,2025-12-29 23:15:09,Building candidate both risk energy last woman.,True,False,0,False,47
msg_00672,server_007,server_007_text_1,user_server_007_3239,2026-03-13 21:09:01,Later draw tell pass performance question four.,False,False,0,False,47
msg_00673,server_008,server_008_text_4,user_server_008_3510,2025-05-05 08:37:16,Fill Mr health page opportunity seem concern.,False,False,1,False,45
msg_00674,server_007,server_007_text_2,user_server_007_3757,2026-06-10 01:27:16,"Success particularly article. Throughout international official chance special born.
Inside one country hard question defense baby. Long describe fly hotel car something rich.",False,False,4,False,175
msg_00675,server_001,server_001_text_2,user_server_001_5291,2025-10-01 05:26:24,Song case determine key.,False,False,0,False,24
msg_00676,server_009,server_009_text_1,user_server_009_2299,2025-08-22 04:31:07,Issue town account each prepare rate specific. Health serve possible first whole realize. Right sit none learn data trip protect.,False,True,1,False,129
msg_00677,server_005,server_005_text_1,user_server_005_6369,2026-05-27 16:48:12,"Alone skin herself reduce health poor yeah. Think either current beyond.
Three social with southern Mr foot. Of evening similar often trouble entire. Art response administration certainly.",False,False,0,False,188
msg_00678,server_007,server_007_text_1,user_server_007_9755,2026-06-07 01:27:53,More someone thought back become.,False,False,0,False,33
msg_00679,server_007,server_007_text_2,user_server_007_1746,2026-06-08 05:25:39,Also country leader how poor that student.,False,False,0,False,42
msg_00680,server_005,server_005_text_3,user_server_005_9411,2026-03-26 22:56:04,"His few wait training. Indicate class treatment which store.
Soldier performance receive century economic. About student bar know project. Everybody him artist weight person.",True,False,3,False,174
msg_00681,server_002,server_002_text_4,user_server_002_3149,2025-10-03 17:26:47,A color fact blood.,False,False,1,False,19
msg_00682,server_004,server_004_text_2,user_server_004_4669,2026-05-31 14:24:13,Human him among parent job professor.,False,False,0,False,37
msg_00683,server_007,server_007_text_2,user_server_007_1114,2026-04-12 21:57:32,More west from business.,False,False,0,False,24
msg_00684,server_004,server_004_text_2,user_server_004_7232,2026-02-16 05:14:11,Purpose itself growth sound cell.,False,False,0,False,33
msg_00685,server_003,server_003_text_5,user_server_003_6945,2026-06-15 03:13:49,Son attack toward recent these necessary keep partner. Risk nature not region concern sort. Condition beat once break rate practice civil old.,False,False,0,False,142
msg_00686,server_006,server_006_text_1,user_server_006_9704,2025-10-07 19:51:07,"Peace me whether hospital hair father. Real chair cost son.
Product lead property we weight. Fine event police buy training finish.
Nice agent believe course. Fire case bill I there should thought.",False,False,0,False,197
msg_00687,server_002,server_002_text_2,user_server_002_7499,2026-02-28 21:51:45,Act cause east strong.,False,False,0,False,22
msg_00688,server_004,server_004_text_4,user_server_004_6567,2025-09-13 23:54:43,City Mr kid always large.,False,False,0,False,25
msg_00689,server_009,server_009_text_2,user_server_009_4432,2025-10-01 15:20:11,Financial care try. Prepare play produce operation movement. Remain travel few will red time.,False,False,0,False,93
msg_00690,server_004,server_004_text_5,user_server_004_9076,2026-04-25 15:19:44,Eye ask seat project mother provide.,False,False,0,False,36
msg_00691,server_003,server_003_text_4,user_server_003_5448,2026-06-12 13:05:19,Concern your its rich send require ok five.,False,False,0,False,43
msg_00692,server_010,server_010_text_1,owner_010,2025-08-13 07:26:45,New billion necessary some memory. Traditional possible wife phone since.,False,False,0,False,73
msg_00693,server_007,server_007_text_2,user_server_007_3789,2026-03-23 23:35:36,Fine life arm according light. Many heart rich. Try total not probably participant society human.,False,False,0,False,97
msg_00694,server_009,server_009_text_1,user_server_009_3033,2025-07-17 13:32:59,"Score partner go. Ok decade read body.
Others marriage garden. With southern investment I green.",True,False,0,False,96
msg_00695,server_002,server_002_text_1,user_server_002_1201,2026-05-27 13:10:08,Cause bag as society. Staff president now discover war film kitchen. Theory west build total kid first.,False,False,0,False,103
msg_00696,server_001,server_001_text_2,user_server_001_9056,2025-11-01 15:42:20,Fear weight resource quality truth can.,False,False,0,False,39
msg_00697,server_006,server_006_text_1,user_server_006_6551,2026-01-18 09:48:34,"Fight relationship agency beautiful. Care energy institution. Play like knowledge society court service.
Paper long trip action professor while evidence. Professor eight right fill can.",False,False,0,False,185
msg_00698,server_002,server_002_text_3,user_server_002_3399,2025-11-19 10:23:13,Factor current doctor hand whether lay field another.,False,False,0,False,53
msg_00699,server_008,server_008_text_6,user_server_008_4826,2025-03-28 14:00:57,Range campaign discussion whether. Sense yet less prevent major some. Represent song outside serve.,False,False,0,False,99
msg_00700,server_010,server_010_text_1,user_server_010_7682,2025-09-23 21:37:30,Only five school improve.,False,False,3,False,25
msg_00701,server_001,server_001_text_1,user_server_001_1508,2025-11-03 12:56:15,Speak be say lead right exactly Mrs.,False,False,0,False,36
msg_00702,server_004,server_004_text_5,user_server_004_9722,2025-10-14 07:55:48,Material window price.,False,True,0,False,22
msg_00703,server_002,server_002_text_2,user_server_002_7499,2025-10-24 02:54:39,Road always phone somebody girl.,True,False,0,False,32
msg_00704,server_003,server_003_text_1,user_server_003_7943,2025-11-18 07:59:11,Source member people trade black worker point.,False,False,0,False,46
msg_00705,server_010,server_010_text_4,owner_010,2025-12-24 11:25:19,"Result almost too still over short. Consumer ball nor edge wall direction finish inside.
Cell approach life. Should culture next evidence. Rather get radio give.",False,False,2,False,161
msg_00706,server_009,server_009_text_1,user_server_009_6366,2026-04-04 09:58:57,Lay cause program.,False,False,0,False,18
msg_00707,server_001,server_001_text_2,user_server_001_5526,2025-09-05 09:00:32,Against series financial service attention.,True,False,0,False,43
msg_00708,server_002,server_002_text_3,user_server_002_5414,2026-05-31 17:45:11,Site far black kitchen.,False,False,0,False,23
msg_00709,server_003,server_003_text_4,user_server_003_9192,2026-05-08 20:46:42,Mr administration want believe thought weight world.,False,False,0,False,52
msg_00710,server_008,server_008_text_5,user_server_008_4974,2026-02-23 09:34:01,Into low miss either event whether call.,True,False,0,False,40
msg_00711,server_006,server_006_text_1,user_server_006_7611,2026-02-10 00:01:44,Feel water marriage receive none.,False,False,2,False,33
msg_00712,server_005,server_005_text_4,user_server_005_5598,2025-11-05 17:37:21,Like boy administration brother leg single.,False,False,0,False,43
msg_00713,server_008,server_008_text_3,user_server_008_1957,2025-11-01 01:05:12,Drug for since realize process.,False,False,0,False,31
msg_00714,server_002,server_002_text_1,user_server_002_1999,2025-11-01 10:05:19,Skill ahead each final heavy.,False,False,0,False,29
msg_00715,server_006,server_006_text_2,user_server_006_7071,2026-02-01 11:52:40,"Not party lot throughout over specific art. Police arm something dinner work. Kind organization scientist value of end success.
Level executive month black various. Arrive memory should eye career.",False,False,0,False,197
msg_00716,server_006,server_006_text_2,user_server_006_1458,2025-10-05 01:55:56,"Even tough least cup successful.
South light agreement speech whose read. Here firm themselves public day. Start election PM box.
Agree activity bill say.",False,False,0,False,154
msg_00717,server_003,server_003_text_2,user_server_003_9856,2025-11-17 22:39:43,Find same including reduce move surface forget decide.,False,False,0,False,54
msg_00718,server_006,server_006_text_1,user_server_006_1047,2025-10-03 21:51:56,Movement child morning rest person art.,False,False,0,False,39
msg_00719,server_003,server_003_text_5,user_server_003_3346,2026-03-14 13:17:26,"Surface oil system financial all. Card girl have discover girl.
We say pick then commercial. Air agreement south firm their respond meet.",False,False,1,False,137
msg_00720,server_007,server_007_text_1,user_server_007_3787,2026-06-02 21:00:11,"Hair half debate leg direction though young. Tough tend president here old cause.
Agency church guess special government.",False,False,0,False,121
msg_00721,server_009,server_009_text_2,user_server_009_2536,2025-07-28 14:15:44,Father buy hour arm capital arrive stay.,True,False,0,False,40
msg_00722,server_006,server_006_text_2,user_server_006_8527,2026-04-28 23:13:28,East play meet most way. Least of choice under. Before surface option enough increase energy. Page security great perhaps successful.,False,False,0,False,133
msg_00723,server_007,server_007_text_1,user_server_007_1379,2025-12-06 17:54:49,Whole hour program can hold left truth establish.,False,False,0,False,49
msg_00724,server_008,server_008_text_1,user_server_008_6578,2026-01-13 18:20:14,"Without everything type from hand.
Need discuss bag but. Go visit religious.
Responsibility class live practice quickly full ground. With water kind use information loss evening.",False,False,0,False,178
msg_00725,server_009,server_009_text_1,user_server_009_4017,2026-06-05 01:16:19,Bag when build activity. Ability kid close either thus phone. History theory project him so story describe. Attention total live born ago consider night.,False,False,0,False,153
msg_00726,server_006,server_006_text_2,user_server_006_5294,2026-02-04 18:48:40,Score military appear without.,False,False,0,False,30
msg_00727,server_007,server_007_text_2,user_server_007_1419,2026-04-11 05:23:46,"Prove young paper stop recent moment include. A arrive character.
Pretty local the want building once sell.
Conference other poor follow including also. Decide spend specific trade throw.",True,False,0,False,187
msg_00728,server_004,server_004_text_5,user_server_004_1722,2025-11-07 22:20:39,Usually another message national management.,False,True,0,False,44
msg_00729,server_002,server_002_text_2,owner_002,2025-12-19 18:54:17,Middle sit foot radio full yard.,False,False,0,False,32
msg_00730,server_007,server_007_text_2,user_server_007_4555,2026-04-25 04:55:00,Full send field amount peace training compare easy.,True,False,0,False,51
msg_00731,server_001,server_001_text_2,user_server_001_8657,2026-01-04 20:02:29,Perform quality campaign concern investment fund.,False,False,0,False,49
msg_00732,server_009,server_009_text_1,user_server_009_7230,2026-05-28 06:44:38,Explain ready always soldier. Prepare establish product tree radio. Trade certainly main history production.,False,False,0,False,108
msg_00733,server_001,server_001_text_1,user_server_001_5133,2026-03-18 09:22:19,Mouth land per whatever beat house.,False,False,0,False,35
msg_00734,server_008,server_008_text_1,user_server_008_5496,2025-03-13 18:51:41,Leader character investment wear mean person.,False,False,5,False,45
msg_00735,server_004,server_004_text_1,user_server_004_2370,2026-01-08 09:40:39,Mrs throughout describe list authority civil offer. Issue entire put our. Unit else east view. Address key fall lot operation home attention.,False,False,0,False,141
msg_00736,server_002,server_002_text_1,user_server_002_7488,2025-11-15 08:20:08,Need game process.,False,False,0,False,18
msg_00737,server_010,server_010_text_3,user_server_010_5097,2025-12-16 12:28:20,Give only happen center figure future home.,False,False,0,False,43
msg_00738,server_006,server_006_text_2,user_server_006_7594,2025-12-20 12:31:47,According music rich.,False,False,1,False,21
msg_00739,server_005,server_005_text_1,user_server_005_7445,2026-03-03 06:54:12,Then four make.,False,False,0,False,15
msg_00740,server_010,server_010_text_4,user_server_010_7576,2025-12-29 11:04:26,Defense president animal west air top environmental.,False,False,0,False,52
msg_00741,server_002,server_002_text_2,user_server_002_8834,2026-05-03 11:59:42,Start if pressure by middle.,False,False,0,False,28
msg_00742,server_007,server_007_text_2,user_server_007_8158,2026-03-27 07:51:30,Run movie pattern quickly your kitchen.,False,False,0,False,39
msg_00743,server_010,server_010_text_1,user_server_010_3581,2025-10-09 18:39:28,Staff agree marriage analysis analysis material.,False,False,0,False,48
msg_00744,server_007,server_007_text_2,user_server_007_8050,2025-10-27 13:35:24,Between everyone dream the all anything.,False,False,0,False,40
msg_00745,server_006,server_006_text_1,user_server_006_9704,2026-05-17 05:38:38,"Bag test major final wear culture nice bar. Draw treat learn cost bag group.
Son strategy school effort hear maybe investment. Chance set right film ever major gun. Physical economy rise page may.",False,False,2,False,196
msg_00746,server_004,server_004_text_3,user_server_004_4760,2025-08-06 01:27:51,But none agency leave.,False,False,0,False,22
msg_00747,server_008,server_008_text_3,user_server_008_1210,2026-01-08 08:28:03,Deep wide product according.,False,True,0,False,28
msg_00748,server_001,server_001_text_2,user_server_001_6383,2025-10-08 16:01:24,Way else sister information type.,False,False,0,False,33
msg_00749,server_001,server_001_text_2,user_server_001_6383,2026-03-22 04:55:18,Guy still entire safe. Practice here according firm nature study officer. I standard financial key.,False,False,0,False,99
msg_00750,server_001,server_001_text_1,user_server_001_9938,2026-02-12 07:54:15,Audience hair explain perhaps.,False,True,0,False,30
msg_00751,server_006,server_006_text_2,user_server_006_1613,2025-10-15 07:19:29,Manager care next maintain century guess science.,False,False,0,False,49
msg_00752,server_002,server_002_text_4,user_server_002_1994,2025-05-23 16:14:46,Coach issue reach network.,False,False,0,False,26
msg_00753,server_006,server_006_text_1,user_server_006_4695,2025-11-03 09:08:39,Increase parent organization.,False,False,0,False,29
msg_00754,server_002,server_002_text_1,user_server_002_6400,2026-04-15 16:27:30,Level quickly population it rate alone here.,True,False,5,False,44
msg_00755,server_001,server_001_text_2,user_server_001_5719,2026-03-03 01:10:17,Cause increase whether dark also class term.,True,False,0,False,44
msg_00756,server_007,server_007_text_1,user_server_007_3528,2026-06-09 11:48:09,"Area become recent yourself star. Drop after bad two song.
Protect hundred edge mother gas. Floor card face child hotel gas everybody. Part view get religious model fish.",False,False,0,False,170
msg_00757,server_007,server_007_text_2,user_server_007_6114,2026-06-02 05:18:09,Type force radio tough realize outside seek.,False,False,0,False,44
msg_00758,server_003,server_003_text_2,user_server_003_8361,2026-02-10 15:36:25,Simple trouble it enough.,False,False,3,False,25
msg_00759,server_001,server_001_text_1,user_server_001_4878,2026-02-10 04:52:53,"Fill like region collection cultural soon range Mr. It team student magazine. Leader its north stuff though any spend about.
Parent around skill per. Student could western lawyer. Trip buy team half.",False,False,0,False,199
msg_00760,server_005,server_005_text_1,user_server_005_5131,2026-06-10 17:35:06,Society own world good miss explain rule himself. Drive Mrs west address approach manager.,False,False,1,False,90
msg_00761,server_007,server_007_text_2,user_server_007_2111,2026-06-08 18:19:43,Social agency enter about until dark agency people.,False,False,0,False,51
msg_00762,server_004,server_004_text_3,user_server_004_8941,2025-08-16 07:05:31,Machine protect community question reflect drop up.,False,False,0,False,51
msg_00763,server_006,server_006_text_1,user_server_006_4684,2026-02-27 08:33:35,Listen poor majority great either huge join.,False,False,0,False,44
msg_00764,server_007,server_007_text_1,user_server_007_2633,2026-01-25 10:22:56,Ground water front finally unit explain.,False,False,0,False,40
msg_00765,server_004,server_004_text_1,user_server_004_6540,2026-04-02 07:57:51,"Training image black through. Oil sometimes officer thank parent.
Remain strategy which generation value better those. Pm notice join line take.",True,False,0,False,144
msg_00766,server_004,server_004_text_5,user_server_004_1397,2026-04-09 05:03:53,Fire property beautiful explain Congress smile.,False,False,0,True,47
msg_00767,server_003,server_003_text_1,user_server_003_9677,2026-01-06 12:20:01,Instead pull work almost.,False,False,0,False,25
msg_00768,server_005,server_005_text_5,user_server_005_3178,2026-01-17 20:21:27,Task return foot become about everybody.,False,False,0,False,40
msg_00769,server_008,server_008_text_4,user_server_008_9523,2025-06-10 14:26:43,"Hour theory hot face decision. See nor some open.
Choose set type account. Leg change turn whatever.",False,False,0,False,100
msg_00770,server_007,server_007_text_2,user_server_007_6568,2026-01-13 17:08:48,Deep wish garden room interest whatever.,False,False,0,False,40
msg_00771,server_009,server_009_text_1,user_server_009_4134,2026-04-24 21:45:43,Exist hard including look need finally. Pressure drop ever inside describe contain expert. Government smile set including tell expect.,False,True,0,False,134
msg_00772,server_010,server_010_text_2,user_server_010_6684,2026-02-07 09:22:15,"Notice hit region not tree impact. Actually size policy shoulder up relate. Season check notice house evening eight cause.
Civil wife campaign begin enter good truth.",False,False,0,False,166
msg_00773,server_007,server_007_text_1,user_server_007_4954,2025-12-19 21:17:20,Nice business people customer point chance throughout provide. Check parent hard beautiful writer project very nothing.,False,False,0,False,119
msg_00774,server_007,server_007_text_2,user_server_007_9398,2026-01-08 02:47:09,Anyone with media.,False,False,0,False,18
msg_00775,server_007,server_007_text_2,user_server_007_3814,2026-05-26 11:56:20,"Human wonder help final no. Upon standard quite north finally million.
These sea town administration. Friend Congress skin interview number society. Herself seem chair southern sing force.",False,False,0,False,188
msg_00776,server_009,server_009_text_1,user_server_009_7527,2025-07-22 15:39:02,Sit quite education edge there.,True,False,1,False,31
msg_00777,server_005,server_005_text_3,user_server_005_3008,2026-03-10 05:14:21,Indicate black government visit fear rock.,True,False,3,False,42
msg_00778,server_003,server_003_text_1,user_server_003_2055,2025-12-07 06:58:49,Beautiful answer her message collection sport.,False,False,0,True,46
msg_00779,server_002,server_002_text_1,user_server_002_5485,2025-04-14 09:18:12,Serious second receive what wall pattern.,False,False,0,False,41
msg_00780,server_006,server_006_text_2,user_server_006_1047,2025-12-26 08:25:32,Even economy thus effort.,False,False,2,False,25
msg_00781,server_009,server_009_text_1,user_server_009_7488,2025-10-01 20:57:04,Quite someone practice training growth.,False,False,0,False,39
msg_00782,server_003,server_003_text_1,user_server_003_9873,2026-02-24 01:18:14,"Wide easy wide necessary able simply theory civil. Baby Democrat may. Congress accept check oil hair democratic.
Sport house service describe at. Order concern collection.
Each near trip low.",False,False,0,False,191
msg_00783,server_007,server_007_text_2,user_server_007_6568,2026-04-06 05:38:53,"Production lead player human. Recently add recognize real prevent police sell.
Heavy garden where defense serious voice sure. Draw yard six member sing box tree.",False,False,0,False,161
msg_00784,server_005,server_005_text_6,user_server_005_2690,2026-01-09 01:49:06,"Down yard rest act thank value dark phone.
Condition daughter both program. Agent technology that. Concern recently national catch save.",False,False,0,False,136
msg_00785,server_009,server_009_text_2,user_server_009_4948,2025-09-03 05:57:53,Management ago see base land book.,False,False,5,False,34
msg_00786,server_009,server_009_text_2,user_server_009_3726,2026-01-18 22:22:35,"Some score in career our conference benefit. Medical themselves senior it doctor. Color American of.
Rate use full political age watch activity. Back miss single art garden.",False,False,0,False,173
msg_00787,server_009,server_009_text_1,user_server_009_6510,2026-03-02 07:16:10,"Focus responsibility account marriage clear. Lawyer organization kind upon. Nature north brother ready.
Action blue seem as. Eight interview crime himself all.",False,False,1,False,159
msg_00788,server_002,server_002_text_3,user_server_002_5026,2026-03-19 14:35:25,Range vote my price build artist buy.,False,False,0,False,37
msg_00789,server_005,server_005_text_2,user_server_005_3585,2026-01-18 06:32:42,Start friend imagine somebody I.,False,False,0,False,32
msg_00790,server_001,server_001_text_2,user_server_001_5930,2026-01-07 09:13:34,Indicate author team can north scene.,False,False,0,False,37
msg_00791,server_008,server_008_text_3,user_server_008_6351,2026-03-23 10:52:02,Low nothing so last.,False,False,0,False,20
msg_00792,server_008,server_008_text_4,user_server_008_8251,2025-09-28 11:38:53,Former use low way serve.,False,False,0,False,25
msg_00793,server_006,server_006_text_2,user_server_006_2113,2026-03-01 23:12:36,Can check day.,False,False,0,False,14
msg_00794,server_006,server_006_text_2,user_server_006_6440,2026-04-23 07:28:09,Edge world whatever.,False,False,0,False,20
msg_00795,server_003,server_003_text_4,user_server_003_7944,2025-08-12 14:47:13,Laugh them key price follow.,False,False,2,False,28
msg_00796,server_005,server_005_text_2,user_server_005_3838,2025-11-24 02:39:04,Rock arrive true player popular.,False,False,0,False,32
msg_00797,server_009,server_009_text_1,user_server_009_2600,2026-01-18 04:46:25,Mother model new six.,False,False,0,False,21
msg_00798,server_010,server_010_text_4,user_server_010_7948,2026-01-31 16:23:58,Material without whatever people then couple pick. Red through phone clear top air. Drug me program crime paper more she experience.,False,False,0,False,132
msg_00799,server_007,server_007_text_2,user_server_007_1094,2026-01-07 13:40:54,If smile choose eat wind term store.,False,False,0,False,36
msg_00800,server_005,server_005_text_1,user_server_005_4153,2026-05-18 00:56:42,Time voice piece argue bit.,False,False,0,False,27
msg_00801,server_010,server_010_text_4,user_server_010_7682,2025-09-12 09:29:10,"Early single bring reality card. Huge cultural think world computer them. Husband son month information thought.
Least exist entire guy respond science. Data that value base black.",False,False,0,False,180
msg_00802,server_002,server_002_text_4,user_server_002_2939,2025-07-06 18:36:26,Avoid perhaps but travel event make.,False,False,0,False,36
msg_00803,server_007,server_007_text_2,user_server_007_7177,2025-11-25 08:47:06,Community edge hold concern other may kind education.,True,False,0,False,53
msg_00804,server_007,server_007_text_2,user_server_007_5207,2026-03-28 09:11:29,Follow prepare perform month many.,False,False,0,False,34
msg_00805,server_004,server_004_text_1,owner_004,2025-07-29 16:55:11,"Growth take article firm. End word prepare someone. Task lose notice true today.
When spend newspaper employee science young.
Begin economy woman tough draw long policy.",False,False,0,False,169
msg_00806,server_008,server_008_text_6,user_server_008_4924,2025-10-01 10:43:55,Seek tree parent thing chair.,False,True,0,False,29
msg_00807,server_003,server_003_text_5,user_server_003_3391,2026-01-18 12:52:56,Million make what pick.,False,False,0,False,23
msg_00808,server_008,server_008_text_2,user_server_008_1957,2025-07-15 21:56:23,Across back significant just glass across. Too five catch yard. Indeed ability effect apply.,False,False,0,False,92
msg_00809,server_002,server_002_text_4,user_server_002_9814,2025-04-17 22:19:59,Themselves clearly use positive experience everything especially. Hot politics development major east. True attack woman often college relate successful.,False,False,0,False,153
msg_00810,server_002,server_002_text_1,user_server_002_8740,2026-04-01 13:17:40,"Win its agent card green necessary. People white international address pay deep.
Trade hotel trade force bank commercial arm. Fact hope professional here stuff experience billion.",False,True,0,False,179
msg_00811,server_007,server_007_text_1,user_server_007_5028,2026-02-08 19:28:13,Focus health from song political. Significant shake war former statement reveal individual. Similar follow to magazine teacher nice. Road seek form color wall voice.,False,False,0,False,165
msg_00812,server_010,server_010_text_3,user_server_010_6453,2026-03-19 22:00:16,However effort them wear nor apply art difference.,False,False,0,False,50
msg_00813,server_006,server_006_text_2,user_server_006_1458,2025-10-10 14:36:06,Fund also a night service garden research.,False,False,0,False,42
msg_00814,server_002,server_002_text_1,user_server_002_7807,2026-01-26 17:54:11,"Century nor floor threat determine. Future religious cut walk that heart easy.
Expect audience capital its cold even memory cell. So daughter those baby money marriage.",False,False,0,False,168
msg_00815,server_009,server_009_text_2,user_server_009_7527,2026-01-22 19:24:47,Dark stock sound discuss mean.,False,False,0,False,30
msg_00816,server_003,server_003_text_3,user_server_003_8424,2025-06-14 15:13:47,Factor beautiful practice economic present ten.,False,False,4,False,47
msg_00817,server_003,server_003_text_1,owner_003,2025-10-23 23:06:01,Professor quality piece.,True,False,0,False,24
msg_00818,server_004,server_004_text_2,user_server_004_7513,2026-03-15 05:31:31,Beautiful likely network answer citizen.,False,False,0,False,40
msg_00819,server_004,server_004_text_2,user_server_004_7250,2025-10-11 03:59:39,All drive indeed right.,False,False,0,False,23
msg_00820,server_008,server_008_text_6,user_server_008_8251,2025-09-19 05:11:54,Vote situation lawyer table garden west help. Give former those debate tonight mean. Former team economic group school book top cause.,False,False,0,False,134
msg_00821,server_007,server_007_text_2,user_server_007_6486,2026-02-10 10:44:25,History example blood. Yourself second father spring local church usually toward. Where none each writer produce law.,False,False,0,False,117
msg_00822,server_005,server_005_text_5,user_server_005_3472,2025-11-23 13:14:20,West feel owner weight himself rise person attack.,False,False,0,False,50
msg_00823,server_001,server_001_text_2,user_server_001_2527,2025-09-05 05:43:44,Everybody structure hour yourself your item should certain.,False,False,0,False,59
msg_00824,server_004,server_004_text_4,user_server_004_2303,2025-08-09 07:13:32,Accept election why college their within these scene.,False,False,2,False,53
msg_00825,server_010,server_010_text_1,user_server_010_7948,2026-01-10 08:39:49,Many half eight three skin maybe.,False,False,0,False,33
msg_00826,server_006,server_006_text_2,user_server_006_6677,2026-05-24 18:47:38,Seven out get and throw feeling later.,False,False,0,False,38
msg_00827,server_005,server_005_text_3,user_server_005_4454,2026-01-11 09:58:08,Security pattern send.,False,False,0,False,22
msg_00828,server_004,server_004_text_2,user_server_004_5009,2025-11-03 01:10:11,Majority serve well tough sea traditional.,False,False,0,False,42
msg_00829,server_001,server_001_text_1,user_server_001_2527,2026-01-31 16:12:24,"Something finally baby low.
Drop red interest pull black best professional.
Onto camera rate because those glass food.",False,False,0,False,118
msg_00830,server_006,server_006_text_2,user_server_006_8976,2026-03-10 15:40:15,Minute meet girl sea body foot.,False,False,0,False,31
msg_00831,server_002,server_002_text_2,user_server_002_1149,2025-07-12 12:34:08,Ball instead nice old feeling amount. Inside second hold imagine add. Third finish receive bring trade despite only.,False,False,0,False,116
msg_00832,server_002,server_002_text_1,user_server_002_9814,2026-04-14 02:52:14,Moment number still physical wrong.,False,False,0,False,35
msg_00833,server_008,server_008_text_1,user_server_008_1256,2026-01-31 20:52:06,Be interesting difference girl manager.,False,True,2,False,39
msg_00834,server_001,server_001_text_2,user_server_001_7807,2026-04-28 16:34:07,Employee daughter number.,False,False,0,False,25
msg_00835,server_005,server_005_text_2,user_server_005_8551,2026-01-01 03:33:26,Congress girl nor bad.,False,True,0,False,22
msg_00836,server_001,server_001_text_2,user_server_001_6383,2025-11-30 21:34:13,"Dog wait care example. True she book hospital win send bed stay.
Level radio admit model property. Speech above small community activity. Give like political good lawyer.",False,False,0,False,170
msg_00837,server_008,server_008_text_5,user_server_008_8926,2026-05-27 05:47:00,Remember fight reason herself.,False,False,0,False,30
msg_00838,server_010,server_010_text_4,user_server_010_1786,2026-03-10 08:18:14,Camera right skin stuff ball news.,False,False,4,False,34
msg_00839,server_005,server_005_text_1,user_server_005_5033,2026-01-26 14:30:43,Actually drug wish about.,False,False,0,False,25
msg_00840,server_006,server_006_text_1,user_server_006_4641,2026-03-11 15:39:49,Tax pull rest forget program including.,False,False,0,False,39
msg_00841,server_006,server_006_text_2,user_server_006_9128,2025-10-27 14:43:54,Product no customer power.,False,False,0,False,26
msg_00842,server_009,server_009_text_2,user_server_009_4644,2026-05-16 20:48:00,Report behind us maybe.,False,False,0,False,23
msg_00843,server_002,server_002_text_2,user_server_002_4885,2026-02-22 17:08:32,"Machine owner special decide hospital his direction. Field compare available east increase support ok evidence.
Cut range particularly response property.",False,False,0,False,153
msg_00844,server_007,server_007_text_2,user_server_007_2829,2025-11-20 17:54:05,Approach idea lawyer article smile.,False,False,0,False,35
msg_00845,server_001,server_001_text_1,owner_001,2025-08-31 15:49:58,"Form exist take factor my authority. Civil rich what draw me college.
Foreign everybody level market.
Become hundred be tax key stuff case. Where reflect source hit.",False,False,0,False,165
msg_00846,server_009,server_009_text_2,user_server_009_8156,2026-03-15 09:34:36,Such gas future since what trouble religious. Surface recently organization result seat middle center decade. Where series series himself address bring.,True,False,2,False,152
msg_00847,server_001,server_001_text_2,user_server_001_7302,2026-05-03 00:59:54,"Protect ahead teach. Unit Republican nearly near want.
Serve official interview. Investment detail clearly admit positive difference similar.",False,True,0,False,141
msg_00848,server_007,server_007_text_1,user_server_007_8536,2026-06-16 07:53:38,"Rise accept watch yes establish. Thus president manager whom responsibility anyone. Military me move around claim defense.
Whose song institution think. First worker since thus.",False,False,0,False,177
msg_00849,server_008,server_008_text_6,user_server_008_3581,2025-09-22 19:13:49,Shoulder actually agent trouble public whom understand.,False,False,0,False,55
msg_00850,server_010,server_010_text_3,user_server_010_8711,2026-01-12 15:36:44,"Mind visit election kid serve. Piece rock executive suddenly send. Star player allow page bit.
Most watch her attack despite body where. Family usually must education society compare.",True,False,2,False,183
msg_00851,server_004,server_004_text_4,user_server_004_9875,2026-02-09 00:11:49,"My language industry life system already plan. Success model visit to.
Sit story admit defense partner. Nearly move expert protect present again beyond.",False,False,0,False,152
msg_00852,server_002,server_002_text_3,user_server_002_9185,2025-11-09 11:25:55,"Bag for development station black spend meeting. Game stop image laugh.
Carry region them professor need care almost direction. Most work know sound.",False,False,0,False,149
msg_00853,server_010,server_010_text_3,user_server_010_1953,2025-12-04 18:25:06,Book the college service line up her.,False,False,0,False,37
msg_00854,server_003,server_003_text_2,user_server_003_5145,2025-11-19 14:15:15,Seek let country if office increase.,True,False,0,False,36
msg_00855,server_008,server_008_text_6,user_server_008_3897,2026-01-24 21:34:51,"Behind seat first laugh she green. Win father specific statement mother.
Result pressure way of. Religious staff half. Seven billion born save.",False,False,0,False,143
msg_00856,server_009,server_009_text_1,user_server_009_6458,2025-11-03 18:41:18,Food art service floor well appear.,True,False,0,False,35
msg_00857,server_002,server_002_text_1,user_server_002_4452,2025-06-13 10:15:56,Federal seat general dark drop deal music character.,True,False,0,False,52
msg_00858,server_008,server_008_text_5,user_server_008_9812,2025-11-14 17:31:21,"Will growth everything fly approach baby tell them. Table voice point I movement account policy.
Yet school traditional less help. Section hope claim upon memory place oil.",False,False,0,False,172
msg_00859,server_002,server_002_text_4,user_server_002_2442,2026-01-24 08:42:40,Someone choice rich week.,False,False,0,False,25
msg_00860,server_001,server_001_text_2,user_server_001_1986,2026-05-28 22:49:46,"Value reduce cause send. Term share talk.
Drive often test believe maybe ever. Everything successful party five today thousand.
End about three girl. Agreement toward citizen character little.",False,False,1,False,192
msg_00861,server_006,server_006_text_2,user_server_006_4677,2026-01-27 20:26:16,Common music trade finish factor person.,False,False,0,False,40
msg_00862,server_007,server_007_text_2,user_server_007_3379,2026-03-16 22:28:11,Just anything quite station wall.,False,False,0,False,33
msg_00863,server_002,server_002_text_3,user_server_002_5485,2025-04-27 21:07:10,"After color gun keep minute. House usually professor hotel back.
Administration never hold billion citizen. Whose charge show dog debate three.",False,False,0,False,143
msg_00864,server_003,server_003_text_2,user_server_003_1710,2025-11-02 23:22:07,"Require ready hold dog. It world wife model guy fish.
Seek mouth former past unit. Charge time goal shake bit ability.",False,False,0,False,118
msg_00865,server_002,server_002_text_4,user_server_002_1660,2025-11-09 13:59:53,Kind partner friend memory.,False,False,0,False,27
msg_00866,server_006,server_006_text_2,user_server_006_5062,2025-12-11 12:35:19,"Training rest through care. Everyone who indicate phone nation. Floor like upon summer challenge. Issue argue concern raise.
Similar occur get sea suggest. Leave song politics.",False,True,0,False,176
msg_00867,server_005,server_005_text_5,user_server_005_7438,2025-12-17 16:26:05,Subject its behind.,False,False,3,False,19
msg_00868,server_004,server_004_text_5,user_server_004_8050,2025-08-07 21:30:25,Fund us price simply matter ball lawyer.,False,False,0,False,40
msg_00869,server_001,server_001_text_2,user_server_001_7302,2026-02-07 10:38:09,Eight special color try term reason. Send often church star conference. Authority skill Congress meeting teacher quite catch.,False,False,0,False,125
msg_00870,server_006,server_006_text_1,user_server_006_7847,2026-04-28 17:37:05,"Draw east who seek half. Main outside sport small. Night media example another tree. Loss hotel either other option.
Serious say affect different ago improve effort. Explain in early campaign.",False,False,0,False,192
msg_00871,server_008,server_008_text_5,user_server_008_1957,2026-01-22 00:47:03,Free agree fire news.,False,False,0,False,21
msg_00872,server_001,server_001_text_2,user_server_001_1508,2026-04-01 05:09:54,Level color arrive appear education.,False,False,0,False,36
msg_00873,server_003,server_003_text_5,user_server_003_7944,2025-08-23 17:25:37,Like real nothing reality likely.,False,True,0,False,33
msg_00874,server_009,server_009_text_2,user_server_009_5394,2025-10-26 20:08:49,Vote take act customer eight house quickly.,False,False,0,False,43
msg_00875,server_004,server_004_text_3,user_server_004_2888,2026-01-07 11:13:04,Reach trip morning forget value senior long.,False,False,0,False,44
msg_00876,server_003,server_003_text_3,user_server_003_9011,2026-04-11 17:41:00,Out if watch kind despite.,False,False,0,False,26
msg_00877,server_008,server_008_text_3,user_server_008_2132,2025-04-03 05:27:33,"Should surface some enjoy. According black ability job. Decision police green tax so question one example.
Ok similar bring adult how. Low kid car truth industry face.",False,False,0,False,167
msg_00878,server_004,server_004_text_2,user_server_004_8347,2026-06-10 13:15:23,Detail decide person within drive happen scientist think.,False,False,2,False,57
msg_00879,server_009,server_009_text_2,user_server_009_4737,2025-07-23 18:06:50,"Miss Mr generation. Outside next life door. Behavior effect special.
Lay forget road cut thank. Task already set well always work learn. Owner half social with.",False,False,0,False,160
msg_00880,server_007,server_007_text_1,user_server_007_3584,2026-02-23 21:35:14,Person everyone Democrat listen require claim.,False,False,0,False,46
msg_00881,server_003,server_003_text_1,user_server_003_8548,2025-10-14 19:10:07,Today me society lead.,False,False,0,False,22
msg_00882,server_004,server_004_text_5,user_server_004_6108,2025-08-29 13:09:03,"Quality interesting type open. Floor leg discuss easy shake budget. Mrs forward you true information.
His speak reason near. Network century show style.",False,False,0,False,152
msg_00883,server_010,server_010_text_1,user_server_010_5811,2026-05-19 21:03:55,"Cover require article some Democrat tonight. Buy fly not wife against. Itself performance eight natural.
See able arrive safe already. Hard and draw technology but risk.",False,False,0,False,169
msg_00884,server_005,server_005_text_3,user_server_005_1805,2026-06-04 01:02:16,Else open magazine state out. Boy system turn lose crime in.,False,False,0,False,60
msg_00885,server_004,server_004_text_3,user_server_004_5831,2026-03-10 23:27:17,Little up red either.,False,False,5,False,21
msg_00886,server_002,server_002_text_4,user_server_002_3365,2025-07-16 00:13:16,Go west arrive family.,False,False,0,False,22
msg_00887,server_007,server_007_text_2,user_server_007_3175,2025-11-15 11:12:47,Too important however management goal.,False,False,0,False,38
msg_00888,server_002,server_002_text_4,user_server_002_6384,2026-02-09 10:54:31,Simply a book choose language year same.,False,False,0,False,40
msg_00889,server_010,server_010_text_2,user_server_010_8502,2025-10-27 23:29:43,Bill involve scientist for improve someone fast.,False,False,0,False,48
msg_00890,server_009,server_009_text_2,user_server_009_8900,2026-04-13 00:37:23,Church result true reach decision natural beyond.,False,False,0,False,49
msg_00891,server_008,server_008_text_6,user_server_008_1478,2026-05-15 16:49:32,Left career ten summer just century.,False,False,1,False,36
msg_00892,server_002,server_002_text_1,user_server_002_1660,2025-12-22 05:03:48,Find week how worker discussion at.,False,False,0,False,35
msg_00893,server_010,server_010_text_2,user_server_010_9045,2025-12-27 21:53:19,Finally inside though call industry step himself.,False,False,0,False,49
msg_00894,server_005,server_005_text_5,user_server_005_9621,2025-11-22 16:25:00,Citizen president radio job again really blue. Allow spend hotel ask either reduce. Difficult tend choice side area sport it.,False,False,0,False,125
msg_00895,server_006,server_006_text_1,user_server_006_7814,2025-10-16 04:55:21,Hand threat dream. Allow four difference break her southern tax. His ground strategy card book budget key.,False,False,0,False,106
msg_00896,server_010,server_010_text_2,user_server_010_1887,2026-06-01 04:49:28,Them east issue alone.,False,False,0,False,22
msg_00897,server_009,server_009_text_2,user_server_009_7488,2025-11-02 05:02:18,Friend generation hand lot.,False,False,0,False,27
msg_00898,server_006,server_006_text_2,user_server_006_9558,2026-02-07 22:41:40,Reason guy tend customer there economy free. Strong common sort environment. Southern free position protect person. Institution city culture especially shake however raise.,False,False,1,False,172
msg_00899,server_001,server_001_text_1,user_server_001_5291,2025-10-08 05:57:48,Scientist member woman.,False,False,0,False,23
msg_00900,server_006,server_006_text_1,user_server_006_9128,2025-10-26 20:04:39,Blue month board.,False,False,0,False,17
msg_00901,server_003,server_003_text_4,user_server_003_2594,2025-10-05 14:34:41,Result authority next evening similar new they probably.,False,False,0,False,56
msg_00902,server_006,server_006_text_2,user_server_006_5461,2025-11-20 18:14:53,Should way network share ten road safe. Special thus middle maintain.,False,False,0,False,69
msg_00903,server_003,server_003_text_2,user_server_003_7047,2025-07-13 02:47:27,Whatever million statement it soon opportunity.,False,False,0,False,47
msg_00904,server_007,server_007_text_1,user_server_007_1225,2025-12-30 10:32:56,Which sing yourself best.,False,False,5,False,25
msg_00905,server_006,server_006_text_1,user_server_006_6677,2026-01-21 14:25:40,Nothing individual threat whether avoid tree.,False,False,0,False,45
msg_00906,server_008,server_008_text_2,user_server_008_4924,2026-04-08 03:25:41,Town while stop simply certain.,False,False,0,False,31
msg_00907,server_010,server_010_text_4,user_server_010_4609,2025-09-23 09:39:43,"Relationship right get model. However city lead speak perform.
Once real fly avoid common. Technology chance each. Rich employee item individual.",False,False,0,False,145
msg_00908,server_009,server_009_text_1,user_server_009_8034,2025-12-24 21:28:30,Power huge goal more century.,False,False,0,False,29
msg_00909,server_003,server_003_text_2,user_server_003_1033,2026-03-20 06:27:20,There couple thought shoulder suggest age you.,False,False,0,False,46
msg_00910,server_006,server_006_text_1,user_server_006_9128,2025-09-24 18:27:19,"True history behind control better design term. Spring usually guy edge name budget.
Talk customer early this already despite.",False,False,0,False,126
msg_00911,server_004,server_004_text_3,user_server_004_9672,2026-06-04 03:38:32,Increase center learn read catch increase door south.,False,False,0,False,53
msg_00912,server_006,server_006_text_2,user_server_006_1613,2026-02-11 10:34:01,"Discuss effect mother party parent sell. Whole play like night security week. Toward situation state such.
Because lawyer ball. Inside nor guy. Card hit serve.",False,False,0,False,159
msg_00913,server_009,server_009_text_1,owner_009,2025-12-28 14:04:43,Still issue production interview.,False,False,0,False,33
msg_00914,server_003,server_003_text_2,user_server_003_8904,2025-06-27 00:01:50,Task PM thousand instead main seat likely.,False,False,0,False,42
msg_00915,server_007,server_007_text_2,user_server_007_4219,2026-03-04 06:04:15,Seem Republican best product.,False,False,0,False,29
msg_00916,server_007,server_007_text_2,user_server_007_4219,2026-02-08 20:21:12,Far necessary meeting east.,False,False,0,False,27
msg_00917,server_003,server_003_text_5,owner_003,2025-05-08 21:18:50,Suffer community adult be national light little.,False,False,0,False,48
msg_00918,server_005,server_005_text_5,owner_005,2025-12-04 17:04:44,Send popular could value usually central foot option.,False,False,0,False,53
msg_00919,server_009,server_009_text_2,user_server_009_2527,2026-03-18 07:01:42,Care campaign those manage. Show lay edge knowledge fund close blood. Moment general behavior very example finally yet. Represent couple discover still represent.,False,False,0,False,162
msg_00920,server_010,server_010_text_3,user_server_010_2832,2025-10-22 00:46:08,Drop population approach yard value financial. System require region listen. In would population moment soldier.,False,False,0,False,112
msg_00921,server_003,server_003_text_1,user_server_003_7294,2025-08-16 23:31:40,Management number case push measure.,False,False,0,False,36
msg_00922,server_003,server_003_text_5,user_server_003_5321,2026-05-11 01:25:59,Here store factor whether want there quickly now.,False,False,0,False,49
msg_00923,server_004,server_004_text_1,user_server_004_4215,2026-03-17 20:53:48,Network place special some after nearly population.,False,False,0,False,51
msg_00924,server_003,server_003_text_1,user_server_003_3369,2025-12-30 23:25:20,Smile best eight.,False,False,2,False,17
msg_00925,server_009,server_009_text_1,user_server_009_8793,2026-01-26 05:33:50,Stage property other house floor focus follow.,False,False,0,False,46
msg_00926,server_007,server_007_text_1,user_server_007_7079,2025-11-08 02:47:25,"Effect old senior amount. Knowledge plan six yard add memory. Require piece good.
Evening probably low pull. Theory result operation hour glass. People staff cup and.",False,False,0,False,166
msg_00927,server_004,server_004_text_4,user_server_004_2241,2026-04-14 01:28:00,Defense tough skin candidate sometimes shoulder. Take follow deal attorney federal positive join. Either like local picture.,False,False,5,False,124
msg_00928,server_009,server_009_text_2,user_server_009_2373,2026-03-12 07:11:44,"Design give culture. He certain gun mother road threat majority.
Listen nice behavior. Product compare read present. Speech subject environmental rise see.",False,False,0,False,155
msg_00929,server_002,server_002_text_2,user_server_002_2380,2025-08-14 10:09:54,Recently eight oil seven on as.,False,False,0,False,31
msg_00930,server_004,server_004_text_5,user_server_004_5042,2026-06-15 04:46:41,Student hotel yeah design admit present cut certain.,False,False,0,False,52
msg_00931,server_009,server_009_text_2,user_server_009_6134,2025-07-19 08:40:04,"Grow baby else. Member thank whole special suggest area feel.
Bed scientist hair tell. Them reach live place provide. Page half civil two thought.",False,False,4,False,146
msg_00932,server_010,server_010_text_3,user_server_010_9650,2026-01-17 11:57:41,Hospital occur likely energy.,False,False,0,False,29
msg_00933,server_002,server_002_text_1,user_server_002_4695,2026-05-19 06:50:08,"Ask its nation movie.
Matter base career parent attack entire. Position as opportunity someone send list project trade.",False,False,0,False,119
msg_00934,server_002,server_002_text_1,user_server_002_7790,2025-09-06 17:17:19,"Ground century take money marriage. Risk create sort out improve machine.
Moment finally scene entire everybody growth. Lawyer character mind.
Type but nearly. Rise any national various lose idea.",False,False,0,False,196
msg_00935,server_001,server_001_text_1,user_server_001_6383,2025-11-16 02:09:54,Organization sound employee matter bag deep most. Western heavy store skill fast several drug. Doctor stage kind season impact.,False,False,0,False,127
msg_00936,server_001,server_001_text_1,user_server_001_2527,2025-12-21 12:21:54,Face near police each would anyone white.,False,False,0,False,41
msg_00937,server_002,server_002_text_3,user_server_002_3192,2025-05-13 22:56:02,Outside across traditional about.,False,False,2,False,33
msg_00938,server_006,server_006_text_2,user_server_006_2944,2025-11-06 13:36:20,Seem ago long training. Interview organization especially we main door wife. Administration mouth scientist first boy news.,False,False,0,True,123
msg_00939,server_006,server_006_text_1,user_server_006_1613,2025-12-13 10:40:58,Usually ask itself such floor fund economy live.,True,False,4,False,48
msg_00940,server_003,server_003_text_1,user_server_003_4027,2026-01-06 02:14:02,Just citizen center medical middle. Hard total authority tax per until.,False,False,5,False,71
msg_00941,server_004,server_004_text_4,user_server_004_6314,2026-03-28 22:47:20,Understand fact call price thank.,False,False,0,False,33
msg_00942,server_002,server_002_text_1,user_server_002_5653,2025-11-10 10:49:40,Could doctor visit travel. From dark theory crime require partner.,False,False,0,False,66
msg_00943,server_004,server_004_text_4,user_server_004_2134,2026-05-27 13:06:26,"System interesting answer use lay ok spend. Test suffer in notice price.
Special upon wish social senior rather factor. Product kitchen cell hundred war thus. Rather admit kid.",False,False,0,False,176
msg_00944,server_005,server_005_text_1,user_server_005_7534,2026-03-05 04:20:17,Scene international building learn.,False,False,0,False,35
msg_00945,server_004,server_004_text_3,user_server_004_8666,2026-04-08 14:04:45,Once style whatever watch kind. Soon firm bed these skill. Leave alone media may according forget firm.,False,False,3,False,103
msg_00946,server_007,server_007_text_2,user_server_007_9923,2025-12-17 08:07:41,Indeed consider single movement fish natural need sit.,True,False,0,False,54
msg_00947,server_002,server_002_text_2,user_server_002_7488,2026-03-25 07:13:02,"Ten minute four last theory news choose. Without rise color be list.
Able though read not stock. Head democratic impact end TV daughter team. Up interest class movie international project animal.",False,False,0,False,195
msg_00948,server_002,server_002_text_2,user_server_002_1510,2025-08-21 01:17:27,Prepare scene nature ago music floor foot.,True,False,0,False,42
msg_00949,server_010,server_010_text_2,user_server_010_3073,2026-06-01 03:22:36,"Deep machine factor growth. Picture another again explain box society beat. Smile same view field.
Image add provide into. Beat play picture wide.",True,False,0,False,146
msg_00950,server_010,server_010_text_4,user_server_010_1887,2026-03-14 05:58:59,Almost political onto candidate local.,False,False,0,False,38
msg_00951,server_009,server_009_text_2,user_server_009_5394,2025-11-15 14:52:42,Performance also practice financial smile perhaps forward. School system power media American question. Deep design fall cell clearly guy.,False,False,0,False,138
msg_00952,server_001,server_001_text_2,user_server_001_4185,2025-09-03 11:32:01,"Trade report adult reduce their right test myself. Many close first feeling reach heavy.
North maybe language. Marriage add operation why. Wide where treat bill throw discover.",False,False,0,False,176
msg_00953,server_005,server_005_text_5,user_server_005_1555,2026-03-30 20:05:30,Major hair new piece positive. Situation build tough present become front many usually. Throw common visit. Enter traditional education because.,False,False,0,False,144
msg_00954,server_005,server_005_text_3,user_server_005_1054,2026-03-07 09:31:50,Structure use stand newspaper.,False,False,0,False,30
msg_00955,server_005,server_005_text_1,user_server_005_4270,2025-12-16 07:04:39,"Media stock career owner specific space know order. Save fine community little indicate relate.
Process building job suddenly throw. Someone itself buy. Course choice good history news century.",False,False,0,False,193
msg_00956,server_003,server_003_text_1,owner_003,2025-05-01 05:59:34,Positive moment commercial actually choose.,False,False,0,False,43
msg_00957,server_007,server_007_text_1,user_server_007_3584,2025-11-02 04:50:42,Character could fill realize.,False,True,0,False,29
msg_00958,server_010,server_010_text_4,user_server_010_6065,2025-09-12 14:56:16,Prevent deep morning black.,False,False,0,False,27
msg_00959,server_002,server_002_text_2,user_server_002_7334,2026-01-11 08:50:53,Charge like later during there.,False,False,0,False,31
msg_00960,server_004,server_004_text_5,user_server_004_9653,2026-04-25 11:17:26,Large trouble involve fact.,False,False,0,False,27
msg_00961,server_008,server_008_text_1,user_server_008_8982,2025-06-19 19:04:48,Treatment soldier teacher oil suddenly several. Wide policy leader family rather wish face. Particular skin cut major PM manager write stop. Important end spring white above rather.,True,False,0,False,181
msg_00962,server_002,server_002_text_2,user_server_002_3636,2025-04-05 12:34:51,During among debate quite develop current.,False,False,0,False,42
msg_00963,server_002,server_002_text_3,user_server_002_1999,2025-09-25 10:59:09,Somebody professor thought benefit administration huge.,False,False,0,False,55
msg_00964,server_010,server_010_text_3,user_server_010_9980,2025-12-28 22:27:11,Music activity economic career around.,True,False,0,False,38
msg_00965,server_009,server_009_text_1,user_server_009_3033,2025-07-17 20:19:52,"Develop more really trial popular half create book. Simple property drive low training.
Early speak team often be purpose simple. Matter suffer dog. Good face also center tree president.",False,True,0,False,186
msg_00966,server_005,server_005_text_2,user_server_005_1662,2026-04-15 08:25:06,Wall simply front western.,False,False,3,False,26
msg_00967,server_010,server_010_text_2,user_server_010_1887,2025-10-18 14:52:08,Assume morning almost follow.,True,False,0,False,29
msg_00968,server_003,server_003_text_3,user_server_003_3391,2025-11-18 07:52:13,"Three market prepare house remember this ask nor. Local government test institution how usually anyone mouth. Need several news special usually box.
West likely cultural moment wind bar.",False,False,0,False,186
msg_00969,server_001,server_001_text_1,user_server_001_2527,2025-10-21 07:52:44,Huge always account concern.,False,False,3,False,28
msg_00970,server_003,server_003_text_2,user_server_003_7792,2026-02-05 12:04:04,Manage message for president perhaps.,False,False,0,False,37
msg_00971,server_002,server_002_text_4,user_server_002_6432,2026-02-25 22:14:38,"Pattern as collection direction bring form company. Six debate career law quickly who foreign also. Or table eat range suffer.
Side happy doctor be Mr skin guess. Lawyer appear little pick store.",False,True,0,False,195
msg_00972,server_002,server_002_text_3,user_server_002_8369,2026-03-30 07:12:35,"Manage although themselves matter let all ok. Break smile believe these soldier.
Religious able cover door south hear inside inside. Break bar if. Though quality writer truth.",True,False,0,False,175
msg_00973,server_001,server_001_text_2,user_server_001_3492,2026-01-07 01:11:43,Couple account little reality.,False,False,0,False,30
msg_00974,server_010,server_010_text_4,user_server_010_8087,2026-04-26 09:46:39,Own old first TV.,False,True,0,False,17
msg_00975,server_009,server_009_text_2,user_server_009_3726,2025-08-30 14:52:33,Animal several page PM gun.,False,False,0,False,27
msg_00976,server_007,server_007_text_2,user_server_007_2416,2026-02-14 16:44:44,"Our report accept stop. Including kid speak point church individual. Half hard line it gun.
Dream war change control. Situation heavy yes approach increase score against.",False,False,0,False,170
msg_00977,server_009,server_009_text_2,user_server_009_6311,2026-05-11 04:54:57,Upon suggest manage society shoulder clear world firm.,False,True,0,False,54
msg_00978,server_002,server_002_text_2,user_server_002_1341,2025-11-05 18:21:29,Want mission reflect such model southern break.,False,False,0,False,47
msg_00979,server_001,server_001_text_1,user_server_001_7274,2026-04-06 00:49:12,Technology better wife fish whatever behavior election.,False,False,0,False,55
msg_00980,server_002,server_002_text_2,user_server_002_8786,2025-09-24 04:28:04,Break fall south find hair.,False,False,0,False,27
msg_00981,server_003,server_003_text_3,user_server_003_9264,2026-03-13 13:02:05,Whom keep avoid pull data.,False,False,4,False,26
msg_00982,server_009,server_009_text_2,user_server_009_6134,2025-07-11 18:55:50,"Time those enough of two radio I. Financial want pressure myself little sport.
Account business wonder before manage. Left hit deal theory.",False,False,0,False,139
msg_00983,server_006,server_006_text_1,user_server_006_4695,2025-12-01 14:32:32,Western instead activity as as simple.,False,False,0,False,38
msg_00984,server_001,server_001_text_2,user_server_001_4185,2025-11-19 21:26:51,"Talk sit reveal report their. Star chance fact but thank day several. Field produce would attorney.
These list there probably wall. Ever send certainly director.",False,False,0,False,161
msg_00985,server_003,server_003_text_5,owner_003,2025-06-19 03:57:30,Physical full chance everything.,False,True,3,False,32
msg_00986,server_010,server_010_text_1,user_server_010_9796,2026-01-05 20:12:50,Hospital chair suddenly manager interesting foot.,False,False,0,False,49
msg_00987,server_005,server_005_text_4,user_server_005_2908,2025-10-24 03:39:28,Better item term oil fire.,False,False,0,False,26
msg_00988,server_007,server_007_text_1,user_server_007_2465,2026-04-27 21:45:49,Almost food start billion real degree.,False,False,0,False,38
msg_00989,server_006,server_006_text_2,user_server_006_5026,2026-02-24 10:05:03,Use politics fact interesting.,False,False,0,False,30
msg_00990,server_003,server_003_text_2,user_server_003_2855,2026-03-13 04:17:57,"Black raise water myself summer animal low into. Laugh heart born song money worker.
Receive follow teach everything. Major study drive environment development.",False,False,0,False,160
msg_00991,server_001,server_001_text_1,user_server_001_6314,2025-11-05 18:43:00,Popular scene grow north foreign.,False,False,0,False,33
msg_00992,server_002,server_002_text_1,user_server_002_4675,2025-10-05 14:02:01,Allow glass TV check attack environment.,False,True,0,False,40
msg_00993,server_004,server_004_text_5,user_server_004_2301,2025-09-11 00:49:12,Hospital measure however day.,False,False,0,False,29
msg_00994,server_007,server_007_text_2,user_server_007_3175,2025-11-09 00:36:40,Paper through explain international player bed get especially.,False,False,0,True,62
msg_00995,server_005,server_005_text_2,user_server_005_5002,2025-12-25 21:45:15,Concern maintain position throughout ago with.,False,False,0,False,46
msg_00996,server_009,server_009_text_1,user_server_009_7527,2025-07-15 15:32:19,"Maybe cut several change property brother.
Owner there chance step civil drop. Control hope marriage get. Mind general series investment interesting. Record when end country social market remain.",True,False,0,False,195
msg_00997,server_008,server_008_text_4,user_server_008_5496,2025-05-15 13:43:59,Education alone order to end hard meet assume.,False,False,2,False,46
msg_00998,server_003,server_003_text_4,user_server_003_3283,2025-05-19 02:24:10,Century anyone teacher forget note. Difficult thank political trade tell offer. Ready school natural manager song relationship. House provide consider decision one.,False,False,0,False,164
msg_00999,server_006,server_006_text_1,user_server_006_5144,2026-01-16 03:36:58,"Watch put concern employee window everything. Strategy speech represent theory color cause role.
Task trade newspaper size model. Though team listen wait series rest.",False,False,0,False,166
msg_01000,server_005,server_005_text_2,user_server_005_3472,2026-04-08 04:51:24,Staff scientist control heart approach according. Decide attack blood discussion understand successful feeling research.,True,False,0,False,120
msg_01001,server_007,server_007_text_1,user_server_007_5576,2026-04-01 08:13:18,Administration trial truth.,False,True,0,False,27
msg_01002,server_010,server_010_text_2,user_server_010_3964,2025-10-24 04:25:02,Practice medical candidate daughter enough rich.,True,False,0,False,48
msg_01003,server_002,server_002_text_3,user_server_002_9666,2026-01-21 13:57:11,Single agree new conference.,True,False,5,False,28
msg_01004,server_005,server_005_text_5,user_server_005_7681,2025-11-10 06:02:58,Military focus south carry treat.,True,False,2,False,33
msg_01005,server_003,server_003_text_2,user_server_003_6919,2026-06-12 18:30:33,Man option network coach future.,False,False,0,False,32
msg_01006,server_009,server_009_text_1,user_server_009_9252,2025-12-22 18:00:33,Save despite audience he show beyond this.,False,False,0,False,42
msg_01007,server_002,server_002_text_1,user_server_002_8369,2026-04-18 07:47:29,"Sea land administration in race. Article three recently defense town bed of.
Recent your writer opportunity front detail. Each day box couple rate discover manage baby.",False,False,0,False,168
msg_01008,server_001,server_001_text_2,user_server_001_4501,2025-12-20 09:25:01,"Century benefit consumer establish wind fear fear.
Use during growth smile fly. War strong offer paper friend through. Southern vote person build agency late.",False,False,0,False,158
msg_01009,server_004,server_004_text_5,user_server_004_8158,2025-10-30 07:20:38,Teacher visit section everyone itself week land. Sister station language family control wide employee. Tough wind TV type program information.,True,False,0,False,142
msg_01010,server_008,server_008_text_5,user_server_008_8266,2025-07-15 08:46:03,Author this ten.,False,False,0,False,16
msg_01011,server_008,server_008_text_6,user_server_008_4182,2025-05-25 00:39:48,"Their give pick appear picture. Number successful situation.
Grow mind accept any American family. Fall include support.",False,False,0,False,120
msg_01012,server_006,server_006_text_1,user_server_006_6167,2026-01-29 02:10:34,First instead bar court.,False,False,0,False,24
msg_01013,server_003,server_003_text_2,user_server_003_1130,2025-07-07 04:32:32,Recent own school.,True,False,0,False,18
msg_01014,server_002,server_002_text_4,user_server_002_4675,2026-03-16 03:27:36,Write born property blood.,False,False,0,False,26
msg_01015,server_003,server_003_text_3,user_server_003_3875,2026-03-16 19:54:53,Good race health news brother not.,True,False,4,False,34
msg_01016,server_008,server_008_text_1,user_server_008_2116,2026-04-05 00:21:26,"Final board vote. Test upon audience market author item. Loss sound task wife product. Stand strategy big always while.
Red business learn line. Gun white between member.",False,False,0,False,170
msg_01017,server_009,server_009_text_1,user_server_009_9790,2025-11-02 19:35:34,Meet significant term task.,False,False,0,False,27
msg_01018,server_003,server_003_text_5,user_server_003_3219,2026-04-12 13:11:53,"Plan even second quite should value. Stage church official security foot offer response entire.
Travel offer figure threat off finally fund. Effort if think somebody choice see night.",False,False,0,False,183
msg_01019,server_007,server_007_text_1,user_server_007_8706,2026-06-13 05:07:25,Suggest occur fill itself. It reason hundred arm particular open over. Clear stuff call officer possible decision.,False,False,0,False,114
msg_01020,server_009,server_009_text_1,user_server_009_1755,2025-12-05 23:28:18,Even green late suggest.,True,False,0,False,24
msg_01021,server_003,server_003_text_1,user_server_003_8304,2025-10-26 03:01:01,Care half weight adult.,False,False,4,False,23
msg_01022,server_008,server_008_text_1,user_server_008_5496,2025-03-12 22:46:07,"Happy example pay along store per. There fly speech car hope picture make wear.
Especially from front protect list walk vote. Decision stock ready will about toward.",False,False,0,False,165
msg_01023,server_005,server_005_text_4,user_server_005_8551,2026-02-06 03:32:59,Art response ok evening voice citizen thing. Stage age important interest particular all. Sing itself themselves enough.,False,False,4,False,120
msg_01024,server_007,server_007_text_2,user_server_007_3147,2025-12-15 19:54:15,Eight everything blood year nor ask born.,False,False,3,False,41
msg_01025,server_009,server_009_text_1,user_server_009_3747,2025-12-10 09:46:13,War into four take rather.,False,False,0,False,26
msg_01026,server_007,server_007_text_2,user_server_007_7079,2025-11-05 21:29:29,Gas compare already hold.,False,False,0,False,25
msg_01027,server_004,server_004_text_5,user_server_004_2738,2025-12-19 23:16:18,Give party morning lose.,False,False,0,False,24
msg_01028,server_007,server_007_text_2,user_server_007_2512,2026-06-14 14:42:28,Center apply prove again as democratic sure.,False,False,0,False,44
msg_01029,server_004,server_004_text_3,user_server_004_2244,2026-01-15 08:58:06,Station often center water lose.,True,False,0,False,32
msg_01030,server_008,server_008_text_4,user_server_008_9228,2026-01-29 15:52:17,Concern would off respond serious.,False,False,4,False,34
msg_01031,server_006,server_006_text_1,user_server_006_2765,2026-04-01 03:07:06,Perhaps best about recent pull.,False,False,0,False,31
msg_01032,server_004,server_004_text_3,user_server_004_8210,2026-01-01 11:08:30,Traditional party brother reason occur feel.,False,False,4,False,44
msg_01033,server_007,server_007_text_2,user_server_007_6953,2025-11-10 15:10:57,"Easy yard my. Left outside behind itself ground give with.
Special step none. Yeah owner his it.",False,True,0,False,96
msg_01034,server_008,server_008_text_2,user_server_008_2132,2025-04-01 05:39:37,"Little carry society yet offer sport husband. Another success good citizen kitchen paper.
Push reflect early letter house. Responsibility several maintain those safe they money.",False,False,0,False,177
msg_01035,server_010,server_010_text_1,user_server_010_6014,2026-02-12 14:07:01,Others term whatever herself.,False,False,0,False,29
msg_01036,server_007,server_007_text_1,user_server_007_7726,2026-01-15 23:04:28,Strong example season magazine.,True,False,0,False,31
msg_01037,server_001,server_001_text_1,user_server_001_3434,2025-12-19 19:21:20,Program anyone adult after.,True,False,0,False,27
msg_01038,server_001,server_001_text_2,user_server_001_5291,2026-03-10 18:35:52,Region account south note.,False,True,0,False,26
msg_01039,server_010,server_010_text_4,owner_010,2026-05-28 11:55:58,Organization source economic read.,True,False,0,False,34
msg_01040,server_010,server_010_text_2,user_server_010_5505,2026-05-14 23:22:47,Argue unit institution just type fact how.,False,False,5,False,42
msg_01041,server_006,server_006_text_2,user_server_006_7814,2026-05-03 08:16:53,"Air old have total product air. Rest memory hard kitchen. West before despite arm animal.
Every course toward late increase agree matter. According want relationship record young.",False,False,0,False,179
msg_01042,server_006,server_006_text_2,user_server_006_1855,2026-02-05 16:13:55,Try city rise to.,False,False,0,False,17
msg_01043,server_008,server_008_text_3,user_server_008_9693,2025-02-14 08:48:30,Work indeed decade.,False,False,0,False,19
msg_01044,server_005,server_005_text_1,user_server_005_3019,2025-11-28 14:37:29,Free suffer order unit apply trip.,True,True,0,False,34
msg_01045,server_002,server_002_text_1,user_server_002_3500,2026-01-24 05:41:39,Talk wish establish game return strong.,False,False,0,False,39
msg_01046,server_003,server_003_text_3,user_server_003_2497,2025-12-13 08:20:47,Base stop represent all skill whatever fund.,False,False,0,False,44
msg_01047,server_005,server_005_text_2,user_server_005_2690,2026-01-05 07:53:23,Thus second two remain.,False,False,0,False,23
msg_01048,server_006,server_006_text_2,user_server_006_2987,2026-03-13 21:41:31,Want particularly treat while spend image store.,False,False,4,False,48
msg_01049,server_003,server_003_text_1,user_server_003_4175,2026-03-20 03:46:10,Loss over course thousand.,False,False,5,False,26
msg_01050,server_010,server_010_text_4,user_server_010_8711,2025-12-27 22:10:34,Someone wonder manager machine join.,True,False,0,False,36
msg_01051,server_002,server_002_text_4,user_server_002_8118,2026-04-16 11:18:53,Suggest either maybe.,False,True,5,False,21
msg_01052,server_007,server_007_text_2,user_server_007_5190,2026-01-21 16:24:17,Heavy first glass study college finally.,False,False,0,False,40
msg_01053,server_010,server_010_text_4,user_server_010_5907,2025-10-13 13:01:25,Serious hit theory production realize.,False,False,0,False,38
msg_01054,server_001,server_001_text_2,user_server_001_6314,2026-04-14 00:14:37,"Sister set front election. School city since body. Feel newspaper small him.
Again away material size form treat among. Husband scene high whatever. Enjoy safe before.",False,False,1,False,167
msg_01055,server_006,server_006_text_2,user_server_006_5129,2026-01-23 06:23:57,Just memory indeed side computer.,False,False,0,False,33
msg_01056,server_007,server_007_text_2,user_server_007_2274,2026-05-31 09:07:22,"There water know fall effort. Rise professor bring change trade accept. Process bad president analysis movement top.
Growth line public difficult security skill. In bit another edge tend situation.",False,False,0,False,197
msg_01057,server_008,server_008_text_2,user_server_008_9810,2026-03-28 03:13:29,Lot animal into capital begin risk sometimes.,True,False,0,False,45
msg_01058,server_004,server_004_text_4,user_server_004_2246,2025-12-16 14:08:59,Network discussion only bring.,False,False,0,False,30
msg_01059,server_004,server_004_text_2,user_server_004_4972,2026-04-29 08:37:32,Action play somebody book citizen.,False,False,0,False,34
msg_01060,server_002,server_002_text_4,user_server_002_9499,2026-06-14 01:59:17,Seat performance movement cultural.,False,False,0,False,35
msg_01061,server_001,server_001_text_2,user_server_001_5930,2026-04-15 14:44:45,Treatment exactly read time question bill reach.,False,False,0,False,48
msg_01062,server_005,server_005_text_2,user_server_005_7978,2026-02-07 10:10:00,Generation once environment.,False,False,0,False,28
msg_01063,server_010,server_010_text_1,user_server_010_9980,2025-10-28 04:22:53,Physical significant opportunity suggest writer much bed. Garden if can mother.,False,False,0,False,79
msg_01064,server_009,server_009_text_2,user_server_009_4948,2026-02-17 18:30:13,Black but just her baby relate charge occur.,True,False,0,False,44
msg_01065,server_002,server_002_text_1,user_server_002_4675,2025-10-30 00:27:48,Must however them cover task approach.,False,False,0,False,38
msg_01066,server_005,server_005_text_1,user_server_005_8182,2026-06-08 12:02:09,During technology message could certain art.,False,False,0,False,44
msg_01067,server_008,server_008_text_3,user_server_008_4974,2025-05-29 20:30:04,Concern their growth source.,False,False,0,False,28
msg_01068,server_010,server_010_text_3,user_server_010_6065,2025-11-18 15:01:41,Hit environmental partner.,False,False,0,False,26
msg_01069,server_006,server_006_text_1,user_server_006_5249,2025-10-22 01:30:54,Song leg daughter when power next treat.,False,False,3,False,40
msg_01070,server_009,server_009_text_1,user_server_009_9789,2026-06-05 15:51:38,Player explain bring argue anything. Join follow fall. Yeah whose drive represent speak.,False,False,0,False,88
msg_01071,server_001,server_001_text_2,user_server_001_4501,2026-03-29 03:39:58,Executive third within player water.,False,True,0,False,36
msg_01072,server_002,server_002_text_2,user_server_002_7244,2025-08-08 23:24:18,Start around like call pressure officer civil.,False,False,0,False,46
msg_01073,server_008,server_008_text_4,user_server_008_2056,2026-06-02 05:10:16,International happy young above want answer TV.,False,False,0,False,47
msg_01074,server_008,server_008_text_1,user_server_008_2353,2026-02-21 13:48:29,Today brother perhaps.,False,False,0,False,22
msg_01075,server_009,server_009_text_1,user_server_009_1943,2025-12-04 18:00:11,Trouble foreign lot total meet a.,False,False,0,False,33
msg_01076,server_009,server_009_text_1,user_server_009_4117,2025-08-13 10:23:45,"Machine agency civil clearly. Six know general difference actually really.
Authority success together bring forget education. Begin just member public. Add guess decade tend second build.",False,False,0,False,187
msg_01077,server_010,server_010_text_4,user_server_010_9216,2026-01-28 04:17:24,Oil trial defense soon child imagine.,False,False,0,False,37
msg_01078,server_010,server_010_text_4,user_server_010_7974,2026-01-16 20:06:23,"Six him occur true. Large memory study data note. Purpose condition data any. Happen cup specific.
Chance stop summer data. Particular father beautiful population movement. Nothing throw hope expert.",False,False,0,False,199
msg_01079,server_004,server_004_text_3,user_server_004_1414,2026-05-27 23:57:52,All myself floor board family red.,False,False,5,False,34
msg_01080,server_003,server_003_text_5,user_server_003_9791,2025-06-06 03:20:09,Move pay often theory.,False,False,0,False,22
msg_01081,server_005,server_005_text_2,user_server_005_3265,2026-04-29 19:13:24,Dream purpose another cup example.,False,False,0,False,34
msg_01082,server_006,server_006_text_2,user_server_006_6252,2025-12-21 13:00:19,Drive develop million place dream.,False,False,0,False,34
msg_01083,server_010,server_010_text_1,user_server_010_7682,2025-07-27 04:59:51,Hit shoulder food particular research child administration.,False,False,2,False,59
msg_01084,server_005,server_005_text_3,user_server_005_6235,2025-10-20 07:12:53,Agency financial simple.,False,False,0,False,24
msg_01085,server_005,server_005_text_4,user_server_005_7978,2025-12-10 02:27:26,True up investment field always matter check.,False,False,0,False,45
msg_01086,server_008,server_008_text_6,user_server_008_2681,2026-05-01 02:33:02,Scene less live.,False,False,0,False,16
msg_01087,server_010,server_010_text_2,user_server_010_7682,2025-11-09 13:32:59,Industry interview including ahead day yet cover around. Simple wish chair couple take nor ahead. Something oil college less anyone reach gun model.,False,False,0,False,148
msg_01088,server_007,server_007_text_2,user_server_007_4412,2025-11-28 16:03:31,Simple together table mean traditional as.,False,False,0,False,42
msg_01089,server_006,server_006_text_2,user_server_006_2944,2025-10-07 13:41:15,"Onto find tend hard name entire follow. Institution simply quality.
Church experience program participant. Year kitchen describe among artist deep next. Pay trial generation. Either most lay of want.",True,False,0,False,199
msg_01090,server_008,server_008_text_6,user_server_008_9486,2025-08-21 18:04:33,"Institution institution road. Argue two paper official play. Development agency material new success.
Model two politics free two drop. Camera same themselves month.
Year bag skill floor music.",False,False,0,False,193
msg_01091,server_007,server_007_text_2,user_server_007_1794,2026-03-19 12:55:57,Own whole edge cultural book wish city difficult. Goal tell local. Care month station TV key ever.,False,False,0,False,98
msg_01092,server_009,server_009_text_2,user_server_009_1560,2025-10-14 23:38:39,Condition parent yes class work information pattern analysis.,False,False,0,False,61
msg_01093,server_010,server_010_text_2,user_server_010_3581,2026-05-27 03:59:48,Between writer employee.,False,False,0,False,24
msg_01094,server_006,server_006_text_2,user_server_006_5294,2025-12-08 07:24:10,Might just under do imagine.,False,False,0,False,28
msg_01095,server_007,server_007_text_2,user_server_007_2312,2025-12-14 17:54:48,Moment writer pattern sound strong project paper.,False,False,0,False,49
msg_01096,server_004,server_004_text_5,user_server_004_9807,2026-05-14 10:09:40,Choice positive education power. Cost include issue beautiful dinner husband. Environmental never nice fine make unit relationship.,False,False,0,False,131
msg_01097,server_005,server_005_text_4,user_server_005_7400,2025-10-31 11:31:30,Blood hot strong or follow fund financial result.,False,False,0,False,49
msg_01098,server_009,server_009_text_1,user_server_009_2371,2026-06-06 15:39:57,Area listen million.,True,False,0,False,20
msg_01099,server_007,server_007_text_1,user_server_007_3239,2026-03-12 11:54:54,"Candidate same make fear service real. Treat fire start.
Professor near media throw rather station. Material when citizen in.",False,True,0,False,125
msg_01100,server_002,server_002_text_4,user_server_002_1841,2025-12-09 05:20:33,"Yes traditional either financial offer fill provide. Cell issue rate green suggest win.
Thousand public enjoy bank in church hear. Theory court stuff tough near return gas.",False,False,0,False,172
msg_01101,server_006,server_006_text_2,user_server_006_9128,2026-04-12 19:08:36,Where leader evidence poor expert direction response certainly.,False,False,0,False,63
msg_01102,server_003,server_003_text_3,user_server_003_1425,2025-05-12 07:18:30,"Quickly moment we trip really rule. Far task line.
Energy PM hotel ever. Lose skin smile south decision similar bill somebody. Late today probably avoid allow occur.",True,False,5,False,165
msg_01103,server_002,server_002_text_3,user_server_002_6985,2026-06-02 22:15:16,Light of become short stop sea.,True,False,0,False,31
msg_01104,server_006,server_006_text_1,user_server_006_2792,2026-06-09 19:36:35,Enough write throughout go bring.,False,False,0,False,33
msg_01105,server_004,server_004_text_5,user_server_004_1000,2025-09-24 23:10:45,"Expert try every respond level. Method after table.
Vote dream forget possible. Follow last see pretty especially.",False,True,0,False,114
msg_01106,server_006,server_006_text_2,user_server_006_3579,2026-01-29 09:58:26,Appear around talk know perform water return.,False,False,0,False,45
msg_01107,server_006,server_006_text_1,user_server_006_5461,2026-03-07 20:18:06,Usually his design kitchen conference effort.,False,False,0,False,45
msg_01108,server_004,server_004_text_1,user_server_004_6782,2025-08-11 11:32:05,Candidate friend check when many.,False,False,0,False,33
msg_01109,server_008,server_008_text_4,user_server_008_9523,2026-04-12 17:14:58,Apply school always message your score political.,False,False,0,False,49
msg_01110,server_010,server_010_text_4,user_server_010_3953,2025-11-20 23:30:35,Under material professional clear wife course open itself. Home south specific feel everyone. Term southern nation different.,False,False,0,False,125
msg_01111,server_001,server_001_text_1,user_server_001_3330,2026-05-15 15:29:16,Which audience positive off similar.,False,False,0,False,36
msg_01112,server_009,server_009_text_2,user_server_009_7579,2025-10-19 15:09:20,Society defense federal manager.,False,False,0,False,32
msg_01113,server_006,server_006_text_1,user_server_006_3233,2026-02-26 21:46:01,They pattern institution believe let guess.,False,False,0,False,43
msg_01114,server_003,server_003_text_1,user_server_003_2528,2026-04-12 03:19:51,Central sort soon.,False,False,0,False,18
msg_01115,server_006,server_006_text_1,user_server_006_7814,2025-10-07 17:27:51,Commercial more film.,True,False,0,False,21
msg_01116,server_001,server_001_text_2,user_server_001_9041,2025-11-29 15:16:02,Side ground staff miss trip than less shoulder.,False,True,0,False,47
msg_01117,server_010,server_010_text_4,user_server_010_9810,2025-07-20 00:00:53,Building by for mention prepare themselves.,False,False,0,False,43
msg_01118,server_003,server_003_text_2,user_server_003_7608,2025-05-31 17:31:45,Believe record former democratic many. Worry decade room life offer stock. Remember understand marriage push.,False,False,0,False,109
msg_01119,server_008,server_008_text_6,user_server_008_3359,2025-08-13 19:59:38,"Financial prepare economy participant. Order north process firm.
Compare enjoy dark everyone whole way. Short land professor such. Table direction player month accept know fly.",False,False,0,False,176
msg_01120,server_001,server_001_text_1,user_server_001_5291,2025-10-09 15:33:02,"Impact I learn heavy act begin four respond. Evening ability ball would hot.
Law reason left information politics show. Guy leader court cause poor look. Base around able mind pass.",False,False,0,False,181
msg_01121,server_002,server_002_text_3,user_server_002_3125,2026-01-13 22:58:22,Study week free sure.,False,False,0,False,21
msg_01122,server_007,server_007_text_2,user_server_007_1532,2026-04-08 06:48:15,Detail structure actually data themselves fast myself.,False,False,0,False,54
msg_01123,server_008,server_008_text_4,user_server_008_4182,2025-11-04 06:17:47,Week remember audience.,False,False,0,False,23
msg_01124,server_004,server_004_text_1,user_server_004_1000,2025-07-19 02:23:38,Official artist offer power. Goal argue born success. Huge however approach item thank around.,False,False,0,False,94
msg_01125,server_006,server_006_text_1,user_server_006_3635,2025-11-17 11:02:54,"Adult prove majority military Republican. Support much trade check sing lay perform. Scientist Mrs issue computer worry turn cost.
Their war now. Ask foot maintain four write administration.",False,False,0,False,190
msg_01126,server_007,server_007_text_1,user_server_007_7923,2026-02-08 01:21:58,Water sell if visit.,False,True,0,False,20
msg_01127,server_004,server_004_text_4,user_server_004_5428,2025-08-21 02:31:28,Political last information for.,False,False,0,False,31
msg_01128,server_005,server_005_text_4,user_server_005_9669,2026-01-31 16:18:02,Prove cold special describe black. Impact dog work beat development think stop. Half mention avoid drop.,False,False,3,False,104
msg_01129,server_004,server_004_text_4,user_server_004_2028,2026-01-21 12:23:21,Its success others again.,False,False,0,False,25
msg_01130,server_001,server_001_text_2,user_server_001_5291,2025-09-16 00:34:40,"Whatever anyone institution two authority which. Final ball to interview reveal. Bill service range structure.
Wife important tend anyone. Garden million without.",False,False,0,False,162
msg_01131,server_009,server_009_text_1,user_server_009_3981,2026-04-03 16:31:27,Begin girl next itself significant rather.,False,False,0,False,42
msg_01132,server_005,server_005_text_6,user_server_005_3647,2026-04-13 04:57:54,Field upon information population beyond establish whole get.,False,False,0,False,61
msg_01133,server_006,server_006_text_1,user_server_006_5062,2026-03-10 16:14:17,Usually Congress guy out also act team.,False,False,0,False,39
msg_01134,server_006,server_006_text_2,user_server_006_8430,2026-05-20 21:22:04,Discussion energy performance care certain try.,False,False,0,False,47
msg_01135,server_010,server_010_text_2,user_server_010_1740,2026-05-03 10:04:33,Recently list mother officer sure close media.,False,False,0,False,46
msg_01136,server_006,server_006_text_1,user_server_006_2999,2025-11-18 23:22:16,Pay sea scientist enough really.,False,False,0,False,32
msg_01137,server_004,server_004_text_3,user_server_004_7513,2025-07-24 06:59:41,Mrs consider drop plant bring.,False,True,0,False,30
msg_01138,server_001,server_001_text_2,owner_001,2025-10-22 12:16:18,Possible fund if everybody between whole.,False,False,0,False,41
msg_01139,server_010,server_010_text_3,user_server_010_3331,2025-12-27 12:13:03,Decision nation throw work.,True,False,0,False,27
msg_01140,server_002,server_002_text_2,user_server_002_2659,2026-03-14 05:41:01,Church various like add serve.,False,False,0,False,30
msg_01141,server_003,server_003_text_4,user_server_003_4116,2025-07-08 05:52:13,Manager brother floor coach floor race response chair.,False,False,0,False,54
msg_01142,server_001,server_001_text_1,user_server_001_9785,2026-03-23 00:54:02,Economy certain school notice something.,False,False,0,False,40
msg_01143,server_001,server_001_text_2,user_server_001_2070,2026-03-19 14:43:30,Social though for join necessary make though.,True,False,0,False,45
msg_01144,server_005,server_005_text_1,user_server_005_5598,2026-01-12 14:35:23,Affect inside else real side result.,False,False,0,False,36
msg_01145,server_002,server_002_text_2,user_server_002_3181,2025-05-29 22:21:27,Yourself fight million.,False,False,4,False,23
msg_01146,server_008,server_008_text_4,user_server_008_6578,2025-12-31 16:12:25,Throughout among teach must mind cost same miss.,False,False,0,False,48
msg_01147,server_008,server_008_text_6,user_server_008_4826,2025-07-18 18:34:00,Office test see age.,True,False,3,False,20
msg_01148,server_009,server_009_text_2,user_server_009_2337,2026-03-05 11:27:49,Picture guess media leg. Herself model happen Mrs step. Individual sense view professor.,False,False,3,False,88
msg_01149,server_006,server_006_text_2,user_server_006_4199,2026-05-10 15:43:58,Save bed would would onto.,False,False,0,False,26
msg_01150,server_006,server_006_text_2,user_server_006_7611,2025-11-22 22:03:51,Account all speak wife four media much.,False,False,0,False,39
msg_01151,server_008,server_008_text_2,user_server_008_7042,2026-02-21 13:46:08,Nearly you something relate pressure since worker than.,False,False,0,False,55
msg_01152,server_004,server_004_text_2,user_server_004_6206,2026-04-22 06:37:56,Song form reach hair crime population.,False,False,0,False,38
msg_01153,server_005,server_005_text_5,user_server_005_6160,2025-10-21 05:28:04,Establish explain box phone unit choice.,False,False,0,False,40
msg_01154,server_002,server_002_text_1,user_server_002_7499,2025-12-11 01:29:58,Check must theory day.,False,False,0,False,22
msg_01155,server_004,server_004_text_3,user_server_004_3160,2025-08-06 03:58:33,Sign story put son capital.,False,False,0,False,27
msg_01156,server_002,server_002_text_3,user_server_002_5414,2025-12-19 00:35:34,Reach hit decide arm avoid question wall.,False,False,0,False,41
msg_01157,server_005,server_005_text_4,user_server_005_7681,2025-11-19 05:19:42,"Now something dark out future already.
Current result pattern audience certainly old yourself. Address really machine health manager sometimes. Early prepare plant growth.",False,False,0,False,171
msg_01158,server_001,server_001_text_1,user_server_001_2527,2026-02-08 10:39:51,Trial daughter hundred each.,False,False,0,False,28
msg_01159,server_007,server_007_text_1,user_server_007_1737,2025-11-16 20:40:01,Ahead practice word production experience site evening. Care both cup it so represent year. Defense next well simply authority onto.,False,False,0,False,132
msg_01160,server_009,server_009_text_2,user_server_009_5878,2025-09-19 17:58:36,Assume moment section.,False,False,0,False,22
msg_01161,server_009,server_009_text_2,user_server_009_2527,2025-07-21 20:27:38,Leg out require realize direction.,False,False,0,False,34
msg_01162,server_003,server_003_text_3,user_server_003_8361,2025-12-14 12:30:14,"Who ground reality finally. Describe capital defense.
Majority box skill admit. Reflect than management fire.",False,False,4,False,109
msg_01163,server_005,server_005_text_1,user_server_005_7551,2026-01-16 09:26:41,Various affect together attorney.,False,False,0,False,33
msg_01164,server_007,server_007_text_1,user_server_007_9063,2026-05-20 05:10:23,Probably Congress food different test college crime present.,False,True,0,False,60
msg_01165,server_010,server_010_text_3,user_server_010_7639,2026-06-06 10:25:09,"Production western computer sure present. Thought before others above tend sense hold.
Tend door idea very. Central make already sea hair receive number. According save to ready thought go drive.",False,False,0,False,195
msg_01166,server_006,server_006_text_1,user_server_006_8554,2025-12-28 19:28:08,Program special way beyond determine by.,False,False,0,False,40
msg_01167,server_003,server_003_text_5,user_server_003_1691,2026-01-16 18:49:49,"Kitchen area ten only view society. Wish local behavior successful full. Quite increase draw nor develop himself produce military. Lose customer painting onto them affect.
Somebody fear hot.",False,False,0,False,190
msg_01168,server_007,server_007_text_2,user_server_007_5019,2026-01-21 15:19:24,"Around maybe several trip. Cell college believe.
Outside natural page image. Successful born main. Allow why build work official claim.",False,False,0,False,135
msg_01169,server_005,server_005_text_4,user_server_005_9502,2026-04-14 05:45:56,Without ball air dinner situation fund expect.,False,False,0,False,46
msg_01170,server_007,server_007_text_2,user_server_007_4219,2026-05-15 11:14:27,Sell because factor central white team.,False,False,2,False,39
msg_01171,server_002,server_002_text_3,user_server_002_1994,2025-09-21 14:03:59,Boy trade very visit front ask fast.,False,False,0,False,36
msg_01172,server_001,server_001_text_2,user_server_001_5065,2026-05-27 03:08:14,Great whatever which anyone physical today. Rest glass like wind interesting true. Specific reach order data. Behavior west particular not wait end arm miss.,True,False,0,False,157
msg_01173,server_009,server_009_text_2,user_server_009_2536,2025-07-14 23:31:30,Could sea late cost.,False,False,0,False,20
msg_01174,server_004,server_004_text_2,user_server_004_1000,2025-08-29 20:25:55,National traditional get unit.,True,False,0,False,30
msg_01175,server_005,server_005_text_2,user_server_005_5740,2026-05-12 14:36:42,Have quickly benefit easy within pass go.,False,False,0,False,41
msg_01176,server_009,server_009_text_1,user_server_009_9240,2026-01-22 12:34:30,Environmental clearly box could daughter sense particularly.,True,False,0,False,60
msg_01177,server_002,server_002_text_4,user_server_002_5442,2026-03-26 17:45:53,Peace tough ago true shake weight.,False,False,0,False,34
msg_01178,server_010,server_010_text_1,user_server_010_4918,2026-03-23 13:51:56,Interest produce government weight carry article subject him. Everyone impact wall look employee never.,True,False,0,False,103
msg_01179,server_002,server_002_text_2,user_server_002_8265,2025-07-22 21:51:25,Friend strategy economy more teach focus four action.,False,False,0,False,53
msg_01180,server_001,server_001_text_1,user_server_001_8564,2026-05-12 13:41:13,"Seven front north Mr who technology none. Along give morning day painting yourself amount.
Address item despite address provide. Speech dinner top face bit. Pm less I central read assume.",False,False,0,False,187
msg_01181,server_002,server_002_text_4,user_server_002_7743,2025-11-18 04:23:02,Opportunity write break finally member sometimes.,False,False,0,True,49
msg_01182,server_010,server_010_text_4,user_server_010_9810,2025-08-18 05:19:07,"Need figure bring reality plant. Including interesting fire trip person none. Say dinner respond despite.
Major amount put play bad. For if fly.",False,False,0,False,144
msg_01183,server_001,server_001_text_1,user_server_001_1320,2026-05-05 21:32:12,"Almost government return beautiful billion society. Quite control down see.
Rock Democrat economic and design. Moment enjoy expert could. Resource source see central buy board your.",False,False,0,False,181
msg_01184,server_003,server_003_text_4,user_server_003_1351,2025-06-03 06:52:35,"Force computer I list risk add test. Thousand environmental nature animal fear property listen. Identify top act morning.
Today meet per seem provide.",True,False,0,False,150
msg_01185,server_005,server_005_text_2,user_server_005_7400,2025-10-27 10:18:07,Leader shake its cut energy crime behavior.,False,False,0,False,43
msg_01186,server_006,server_006_text_2,user_server_006_8502,2026-04-20 13:06:49,Couple treat several operation.,False,False,0,False,31
msg_01187,server_006,server_006_text_1,user_server_006_3736,2026-02-26 23:52:41,Minute yet figure according director.,True,True,4,False,37
msg_01188,server_002,server_002_text_1,user_server_002_5374,2026-04-25 15:02:39,Everyone born ball experience include. Continue local night wind never believe there understand. Power thousand claim maintain receive next next.,False,True,0,False,145
msg_01189,server_003,server_003_text_5,user_server_003_1289,2026-03-04 03:14:13,Actually memory finally yes line including.,False,False,0,False,43
msg_01190,server_001,server_001_text_1,user_server_001_8613,2026-06-13 05:52:06,"Meeting about reason easy because lose avoid. Member during participant determine possible forget plant.
Since throughout whole society. Position might event occur economic first still.",True,False,0,False,185
msg_01191,server_007,server_007_text_1,user_server_007_2389,2026-06-05 20:25:51,Ask office history.,False,False,0,False,19
msg_01192,server_007,server_007_text_1,user_server_007_5113,2025-12-31 01:02:14,Yet everybody worker.,True,False,0,False,21
msg_01193,server_009,server_009_text_2,user_server_009_4935,2025-07-21 04:21:29,Thought a far black worker tell also. Cut information expect land mean idea degree.,False,False,0,False,83
msg_01194,server_003,server_003_text_2,user_server_003_8548,2025-12-24 23:25:09,Growth listen avoid include nature popular.,False,False,0,False,43
msg_01195,server_010,server_010_text_4,user_server_010_7868,2025-09-14 22:39:05,"Use during east scientist strategy indicate. Town medical government garden. Loss many modern none read everybody fund.
Available win up message recently key. Must not coach serve though.",False,False,0,False,187
msg_01196,server_005,server_005_text_3,user_server_005_1006,2026-06-10 18:39:47,New tree tree service rich while just in.,True,False,0,False,41
msg_01197,server_004,server_004_text_3,user_server_004_6806,2025-12-01 06:10:41,Operation able street meet.,False,False,0,False,27
msg_01198,server_004,server_004_text_4,user_server_004_2225,2025-10-24 14:53:35,Fight make bed.,False,False,3,False,15
msg_01199,server_010,server_010_text_3,user_server_010_9810,2025-07-22 06:46:17,Join throughout near act.,False,False,0,False,25
msg_01200,server_003,server_003_text_1,user_server_003_8972,2026-03-13 12:34:21,"Five build model since big stay. Truth able many rise maybe person deal. Dog performance allow put.
Fact grow amount thought idea large half little. Her play new win rate program prove. Six hour the.",False,False,5,False,199
msg_01201,server_010,server_010_text_1,user_server_010_6065,2025-11-04 11:51:04,Source clearly factor.,False,False,0,False,22
msg_01202,server_010,server_010_text_1,user_server_010_5677,2026-05-11 02:36:09,"Over reflect before be defense service. Term window foreign forward society enjoy. His course simple.
Again create that national spend financial. Weight open help anyone region talk rise rate.",False,False,0,False,192
msg_01203,server_010,server_010_text_4,user_server_010_8614,2025-08-27 21:12:04,Over reach family.,False,False,0,False,18
msg_01204,server_008,server_008_text_5,user_server_008_4525,2025-09-09 22:59:58,"Be culture year require. Story parent others turn little garden.
Magazine voice arm political wait give tell. Kind available race board skin. Between human lay west you.",False,False,1,False,169
msg_01205,server_009,server_009_text_2,user_server_009_5812,2025-11-29 13:45:25,Nice say catch subject land.,False,False,0,False,28
msg_01206,server_001,server_001_text_1,user_server_001_2527,2025-09-14 09:49:11,Everything building push hit especially national interview.,False,False,0,False,59
msg_01207,server_004,server_004_text_3,user_server_004_1092,2026-05-06 20:37:15,Page on owner account she million discussion.,False,False,0,False,45
msg_01208,server_006,server_006_text_2,user_server_006_7361,2026-05-22 02:05:42,Would father much dream.,False,False,0,False,24
msg_01209,server_001,server_001_text_1,owner_001,2025-08-24 07:04:03,Although right perhaps particular reach so employee everything.,False,False,0,False,63
msg_01210,server_003,server_003_text_2,user_server_003_5864,2025-11-27 17:56:46,"Laugh gun evening. Lose include article free. Still clear little toward lead woman the.
Buy education something dream national word wait all. Including wear participant boy tough nice.",False,False,0,False,184
msg_01211,server_001,server_001_text_2,user_server_001_9041,2025-10-15 07:53:05,Million consider image keep. In identify discussion difficult no debate move. Action cup season improve field.,False,False,0,False,110
msg_01212,server_005,server_005_text_4,user_server_005_5303,2026-01-27 05:30:36,"Truth clear across age purpose. State green teach focus.
Human international industry always until over. Could size firm south address.
Until PM force ready. Left military wish behavior.",False,False,0,False,186
msg_01213,server_003,server_003_text_5,user_server_003_8074,2025-12-08 16:08:35,Language white base than response war.,False,False,0,False,38
msg_01214,server_009,server_009_text_2,user_server_009_9240,2025-09-18 15:30:10,Subject trial side apply increase assume degree.,False,False,0,False,48
msg_01215,server_001,server_001_text_2,user_server_001_5526,2025-09-07 02:06:50,"As practice there main early. Point happy cell eight. Hard throw gun involve as stand.
Set must scene in push. Employee push away own state message.",False,False,0,False,148
msg_01216,server_001,server_001_text_1,user_server_001_9041,2025-12-04 07:47:58,South position market wrong be serve. Exist represent somebody suggest each share simple. Pull peace me same adult recognize movie.,False,False,0,False,131
msg_01217,server_008,server_008_text_4,user_server_008_6987,2025-11-06 06:37:51,"Side lawyer police choose draw ability. Firm evening finally whole. Site even street campaign administration fly pull article. Sister rule decision offer.
Nice drug they garden country agree also.",False,False,0,False,196
msg_01218,server_003,server_003_text_4,user_server_003_7597,2026-05-23 21:08:06,Marriage his generation under national detail worker director.,False,False,0,False,62
msg_01219,server_009,server_009_text_2,user_server_009_7488,2025-12-05 16:55:26,Own significant debate ahead radio.,False,False,0,False,35
msg_01220,server_007,server_007_text_2,user_server_007_3992,2026-02-07 21:27:45,Wife mean government knowledge.,False,False,0,False,31
msg_01221,server_004,server_004_text_1,user_server_004_7513,2025-08-01 02:52:39,"Tv size more talk quickly not lot. Drug knowledge cup radio author owner it. Piece open short mission identify soldier.
Send game information protect quickly help life.",False,False,0,False,168
msg_01222,server_004,server_004_text_3,user_server_004_7912,2025-10-15 08:21:15,Magazine though production.,False,False,0,False,27
msg_01223,server_009,server_009_text_2,user_server_009_5072,2025-10-17 04:51:43,Animal hundred thus treat.,False,False,0,False,26
msg_01224,server_006,server_006_text_2,user_server_006_6058,2026-06-02 18:08:31,Decade again human employee mouth. Yet couple cold chance pick effort to. Actually local player off ball.,False,True,0,False,105
msg_01225,server_002,server_002_text_1,user_server_002_3192,2025-05-03 07:51:15,Major of get.,False,False,0,False,13
msg_01226,server_006,server_006_text_2,user_server_006_1821,2026-05-29 07:51:19,Game happen write religious myself blood.,False,False,0,False,41
msg_01227,server_004,server_004_text_2,user_server_004_7556,2025-10-18 06:05:36,"Prepare away hit. Determine bed citizen notice another stuff manage.
Then represent environmental we near agency. Chance tax dog huge cell.
High science world listen although. So article lawyer.",False,False,0,False,194
msg_01228,server_002,server_002_text_1,user_server_002_4675,2025-05-15 05:13:56,Risk pretty lay.,False,False,0,False,16
msg_01229,server_004,server_004_text_1,user_server_004_5009,2025-12-08 20:30:39,Should even point question science much.,False,False,0,False,40
msg_01230,server_010,server_010_text_4,user_server_010_2738,2025-09-10 04:32:02,Series last again different rule huge leave. Plan seek TV should use with. Stand set respond.,False,False,0,False,93
msg_01231,server_005,server_005_text_2,user_server_005_4831,2026-06-06 09:15:33,Its fact represent way decision cause ball likely.,False,False,0,False,50
msg_01232,server_010,server_010_text_4,user_server_010_9573,2025-10-02 07:39:51,"Apply successful give clearly listen. Word what rate tend.
Situation security election. Movement reality require. Blue sign maybe few.",False,False,0,False,134
msg_01233,server_008,server_008_text_3,user_server_008_9228,2025-12-06 10:56:27,Who surface the yourself.,False,False,0,False,25
msg_01234,server_010,server_010_text_3,user_server_010_9980,2025-12-19 18:40:28,"Tree campaign free usually low. Boy actually share very move moment item. Yeah story beyond line dog themselves.
Near friend player factor control common. Know here on now reason response specific.",True,False,0,False,197
msg_01235,server_001,server_001_text_1,user_server_001_8657,2025-12-26 12:17:02,Quickly somebody specific go.,False,False,0,False,29
msg_01236,server_008,server_008_text_1,user_server_008_2684,2025-10-02 06:47:26,Particular here property scene cell around film treat. Front opportunity away before.,False,False,0,False,85
msg_01237,server_006,server_006_text_2,user_server_006_8634,2026-05-16 04:58:02,Ago us movement goal base.,False,False,0,False,26
msg_01238,server_002,server_002_text_4,user_server_002_8786,2025-07-23 19:18:03,Democratic use ever note imagine focus month.,False,False,0,False,45
msg_01239,server_002,server_002_text_2,user_server_002_2380,2026-04-21 09:11:01,Material past try whole eat maintain far.,False,False,0,False,41
msg_01240,server_005,server_005_text_5,user_server_005_8537,2026-02-18 22:27:46,Behind interesting hold behind Mr.,False,False,0,False,34
msg_01241,server_003,server_003_text_3,user_server_003_8904,2025-12-10 00:02:38,Drop pay experience feeling owner.,False,False,0,False,34
msg_01242,server_008,server_008_text_2,user_server_008_3204,2025-09-09 14:27:02,Cause month role mission agency.,False,False,3,False,32
msg_01243,server_008,server_008_text_2,user_server_008_4826,2025-03-26 09:19:21,"Summer bit public nice operation news give moment. Help just town development.
Miss candidate shoulder subject treatment hotel. Development according something performance window score.",False,False,0,False,185
msg_01244,server_002,server_002_text_4,user_server_002_7939,2025-04-16 20:39:31,Reach century network foreign politics ahead. Street according age south keep raise remember western.,False,False,0,False,101
msg_01245,server_004,server_004_text_3,user_server_004_9322,2025-10-03 07:01:50,Expert well serious Mr.,True,False,0,False,23
msg_01246,server_004,server_004_text_3,user_server_004_8559,2025-10-18 01:18:56,Their professional they southern finally maintain.,True,False,4,False,50
msg_01247,server_008,server_008_text_2,user_server_008_8251,2025-03-13 04:46:47,Find blood energy billion she pretty.,True,False,0,False,37
msg_01248,server_004,server_004_text_1,user_server_004_6289,2025-11-27 23:23:38,Pressure fall simply.,False,False,0,False,21
msg_01249,server_005,server_005_text_5,user_server_005_3019,2026-02-12 19:16:15,Nothing produce thought picture stock.,False,False,0,False,38
msg_01250,server_004,server_004_text_3,user_server_004_5009,2025-11-21 07:03:21,Standard dog source mind example work report.,False,False,2,False,45
msg_01251,server_006,server_006_text_1,user_server_006_5173,2025-12-18 01:41:31,Care little career kind.,False,False,0,False,24
msg_01252,server_001,server_001_text_2,user_server_001_1508,2025-12-05 04:10:10,Recently trip history maybe full still own.,False,False,0,False,43
msg_01253,server_004,server_004_text_1,user_server_004_6358,2025-10-26 17:20:52,Benefit late even now want add moment prevent.,True,False,0,False,46
msg_01254,server_004,server_004_text_3,user_server_004_4972,2025-10-07 16:24:50,Soldier wife series.,False,False,0,False,20
msg_01255,server_009,server_009_text_1,user_server_009_1410,2026-04-23 03:53:41,Safe coach play television end best pay home.,False,False,0,False,45
msg_01256,server_007,server_007_text_1,user_server_007_9324,2026-06-09 05:56:40,Allow reason each inside focus. Policy never whom modern up draw. Floor condition increase would never half.,False,False,0,False,108
msg_01257,server_004,server_004_text_1,user_server_004_3160,2026-02-03 09:39:53,Training your act.,False,False,0,False,18
msg_01258,server_010,server_010_text_3,user_server_010_7473,2026-03-30 13:43:52,"World my tonight interest. Vote day remain level.
Both especially give within. Wish yeah arrive able. Lawyer care production story.",False,False,0,False,131
msg_01259,server_006,server_006_text_2,owner_006,2025-09-22 23:52:55,Throughout power energy pressure.,False,False,0,False,33
msg_01260,server_010,server_010_text_1,user_server_010_6536,2026-03-15 01:14:56,Staff best itself production ago fly travel.,False,False,0,False,44
msg_01261,server_003,server_003_text_2,user_server_003_2855,2025-09-03 18:42:10,Debate recently change important even one. Wonder themselves teach various. Ask life foreign probably present.,False,False,3,False,110
msg_01262,server_002,server_002_text_1,user_server_002_9408,2026-06-02 06:38:54,Feeling school establish either success office company.,False,False,0,False,55
msg_01263,server_004,server_004_text_2,user_server_004_7852,2025-12-09 22:26:53,Need sister wife get.,True,False,0,False,21
msg_01264,server_003,server_003_text_2,user_server_003_7404,2025-06-06 22:15:39,Style woman manage control again argue point.,False,False,0,False,45
msg_01265,server_002,server_002_text_1,user_server_002_3827,2025-10-08 16:46:35,Green soon ball.,False,False,0,False,16
msg_01266,server_005,server_005_text_2,user_server_005_3129,2026-06-02 13:34:31,"Ten who price yes land. Price pay form yes. Their instead agency reach environmental stand.
Billion reason no.
Herself charge region fall population. Six question above win general.",False,False,0,False,181
msg_01267,server_001,server_001_text_1,owner_001,2025-08-29 14:11:57,"Defense keep protect owner war behind six.
Respond stop economic. Film show ball add enough simple animal.
Crime firm test live. Lead Democrat since item new present.",False,False,0,False,166
msg_01268,server_003,server_003_text_2,user_server_003_8836,2025-11-21 04:35:19,Local cold husband themselves member born and.,False,False,0,False,46
msg_01269,server_004,server_004_text_2,user_server_004_6540,2025-11-22 00:17:26,Compare good if.,False,False,3,False,16
msg_01270,server_003,server_003_text_5,user_server_003_3369,2025-12-03 13:22:09,Summer draw know meeting carry enter. Wish experience lawyer expert brother recognize head forget.,False,False,0,False,98
msg_01271,server_009,server_009_text_2,user_server_009_9240,2026-04-16 17:55:05,Voice professor east use charge baby property.,False,False,2,True,46
msg_01272,server_004,server_004_text_4,owner_004,2025-07-14 18:17:17,Responsibility ball accept blue really kid six. Wait create appear enough perhaps. Tend mind page.,True,False,0,False,98
msg_01273,server_003,server_003_text_2,user_server_003_5472,2026-05-11 09:05:25,Film road model argue fall ball.,False,False,0,False,32
msg_01274,server_007,server_007_text_2,user_server_007_3547,2025-11-22 19:11:06,Increase fish rise toward language north already small.,False,False,1,False,55
msg_01275,server_010,server_010_text_4,user_server_010_3150,2026-03-28 12:28:04,Create ask year after five suffer.,False,False,0,False,34
msg_01276,server_005,server_005_text_5,user_server_005_4069,2025-12-29 01:48:19,"Cause physical son sell. Unit perform Mrs why kind.
Hear that behind color middle dinner. Million late decide sit reason drop ok. Board say share writer foreign.",False,False,1,False,161
msg_01277,server_009,server_009_text_1,user_server_009_7964,2026-05-25 18:53:47,"Sign four travel executive by. Cut many area day let plant. Can season and.
Sit table hold. Event debate quite able power. Wife decade right huge available idea.",False,False,0,False,161
msg_01278,server_003,server_003_text_2,user_server_003_9612,2025-09-03 10:01:10,Candidate cup high medical analysis room some.,False,False,0,False,46
msg_01279,server_010,server_010_text_3,user_server_010_5084,2026-06-11 14:01:48,Movie college anything third center.,False,True,0,False,36
msg_01280,server_005,server_005_text_1,user_server_005_2086,2026-02-07 20:56:12,"Expert like theory either through until. Sort to animal if baby break.
Admit entire pretty tree career hair play cultural. Media along hear.",False,False,0,False,140
msg_01281,server_006,server_006_text_2,user_server_006_1918,2026-02-14 14:26:47,Traditional about perhaps same call.,False,False,0,False,36
msg_01282,server_004,server_004_text_3,user_server_004_2465,2026-04-11 11:28:20,"A purpose act edge this have. Lawyer fire four quickly. Get follow organization partner whom although. Follow value test market smile Republican.
Dark face among drive. Human real off test.",False,False,0,False,189
msg_01283,server_004,server_004_text_4,user_server_004_7912,2026-03-21 06:24:43,"Quickly trouble set especially respond capital. Upon fear certainly scene choose. Dream chance reality similar argue.
Course language voice commercial.",False,False,0,False,151
msg_01284,server_004,server_004_text_5,user_server_004_8693,2025-10-03 03:15:27,Young contain exactly say mind impact major.,False,False,0,False,44
msg_01285,server_010,server_010_text_3,user_server_010_9810,2025-07-20 07:07:02,Argue should send together other. Learn value democratic attorney every necessary a. Always approach early upon heavy can way.,True,False,0,False,126
msg_01286,server_006,server_006_text_2,user_server_006_7185,2026-04-26 11:34:52,"Remain ten crime risk consumer feeling watch. Ask it order close. Watch take culture result.
Matter until computer clear full. His magazine agree.",False,False,0,False,146
msg_01287,server_004,server_004_text_2,user_server_004_2246,2025-09-23 07:16:06,Cultural west everything good culture. Need speech those tell debate mission. Popular old skin bag town unit against. Several often season future lot.,False,False,0,False,150
msg_01288,server_007,server_007_text_2,user_server_007_5690,2026-02-21 22:11:40,Send collection people especially economic happen position thank.,False,False,0,False,65
msg_01289,server_010,server_010_text_3,user_server_010_6065,2025-08-18 22:40:47,New side number.,False,False,0,False,16
msg_01290,server_009,server_009_text_2,user_server_009_6974,2026-03-02 20:31:02,Leader voice very a.,False,False,0,False,20
msg_01291,server_001,server_001_text_1,user_server_001_7274,2026-06-09 13:30:52,Four candidate raise sort.,False,False,0,False,26
msg_01292,server_005,server_005_text_1,user_server_005_2640,2026-06-14 17:07:32,Throughout billion book property throughout.,False,False,0,False,44
msg_01293,server_007,server_007_text_2,user_server_007_6517,2026-01-04 03:52:39,Great improve president without central process.,False,False,0,False,48
msg_01294,server_009,server_009_text_2,user_server_009_6134,2025-07-08 05:37:02,Inside population ago positive now enter any.,False,False,0,False,45
msg_01295,server_004,server_004_text_3,user_server_004_7250,2025-12-26 10:31:26,"I low eat interest entire subject success. Service without choose involve establish risk. Cell impact attack write fear.
Long generation threat represent couple. Amount assume put very.",False,False,0,False,185
msg_01296,server_003,server_003_text_4,user_server_003_7088,2025-05-17 18:31:21,Fact clear including view do level.,False,False,3,False,35
msg_01297,server_005,server_005_text_3,user_server_005_2433,2026-01-08 07:58:20,Least bag always.,False,False,0,False,17
msg_01298,server_004,server_004_text_1,user_server_004_1374,2026-01-16 11:19:47,Run board family stuff.,False,False,0,False,23
msg_01299,server_002,server_002_text_4,user_server_002_3185,2025-11-28 15:16:52,Model across hot policy wall.,False,True,0,False,29
msg_01300,server_004,server_004_text_1,user_server_004_6685,2026-04-22 20:15:49,Both meeting film only.,False,False,3,False,23
msg_01301,server_008,server_008_text_4,user_server_008_9523,2025-09-18 17:11:31,Agent eight attorney.,True,False,0,False,21
msg_01302,server_005,server_005_text_5,user_server_005_7681,2025-12-17 01:37:02,Price single article.,False,False,0,False,21
msg_01303,server_001,server_001_text_1,user_server_001_7971,2026-02-18 11:05:02,Recognize reach rule south.,False,False,2,False,27
msg_01304,server_005,server_005_text_1,user_server_005_4728,2026-05-06 00:39:18,Common air nothing debate require increase argue.,False,False,0,False,49
msg_01305,server_008,server_008_text_6,user_server_008_5565,2025-10-08 15:37:29,Beat available learn provide ever.,True,False,0,False,34
msg_01306,server_001,server_001_text_1,user_server_001_2527,2026-02-10 08:27:10,Avoid song have act because.,False,False,0,False,28
msg_01307,server_003,server_003_text_3,user_server_003_7813,2025-05-23 10:41:40,Message near although indeed side know special.,False,False,0,False,47
msg_01308,server_005,server_005_text_2,user_server_005_3488,2025-11-16 21:08:50,"Break mission generation author idea. Go entire capital leader appear choose garden.
Home bit friend brother trade its ten. Suffer eight seem pattern enjoy along bit.",False,False,0,False,166
msg_01309,server_002,server_002_text_3,user_server_002_3406,2025-04-05 00:22:29,Fly right computer unit nature.,True,False,0,False,31
msg_01310,server_009,server_009_text_1,user_server_009_2744,2025-10-28 23:39:45,Rest alone particular purpose campaign she.,True,False,0,False,43
msg_01311,server_002,server_002_text_1,user_server_002_9019,2025-10-06 21:59:16,"Imagine between address us save. Offer site strategy opportunity better significant study significant.
Particularly measure clearly rest person walk book social.",False,False,0,False,161
msg_01312,server_006,server_006_text_2,user_server_006_3736,2025-11-02 17:49:06,Remain start chance interview population.,False,False,0,False,41
msg_01313,server_004,server_004_text_4,user_server_004_8722,2026-02-09 07:52:30,Mouth report personal take style. Nature these also audience she. Policy career there chance even affect international.,False,False,5,False,119
msg_01314,server_008,server_008_text_3,user_server_008_4128,2025-04-27 15:01:41,Condition no public social history stock hold. Administration land window character. Safe quickly high successful husband think.,False,False,3,False,128
msg_01315,server_007,server_007_text_1,user_server_007_4396,2026-03-02 12:19:45,Describe include simple individual thousand deal staff.,False,False,2,False,55
msg_01316,server_002,server_002_text_4,user_server_002_7164,2025-04-10 07:21:19,Analysis hospital identify young into society. Government moment ago already story any. Apply design indicate perform guess reality opportunity measure. Goal wish he.,False,False,1,False,166
msg_01317,server_001,server_001_text_2,user_server_001_1986,2026-03-23 16:21:00,Human ok several measure score too.,False,False,0,False,35
msg_01318,server_007,server_007_text_2,user_server_007_9121,2025-11-09 10:45:42,Theory decision management enjoy add care watch last.,False,False,0,False,53
msg_01319,server_001,server_001_text_1,user_server_001_9041,2025-10-01 05:40:55,Nor western behavior budget long.,False,False,0,False,33
msg_01320,server_010,server_010_text_3,user_server_010_5151,2025-08-19 02:31:51,Four age really property American could.,True,False,0,False,40
msg_01321,server_010,server_010_text_1,user_server_010_7948,2026-01-03 07:21:57,Fund that scene black stand great vote.,False,False,0,False,39
msg_01322,server_009,server_009_text_2,user_server_009_2744,2026-01-16 07:46:54,Throw per appear Mrs.,False,False,0,False,21
msg_01323,server_005,server_005_text_2,user_server_005_4672,2026-06-13 10:34:22,Hour trade water arrive interesting fact investment.,False,False,0,False,52
msg_01324,server_003,server_003_text_4,user_server_003_4549,2026-03-10 06:09:43,"Line happen data some wall thousand. Else recognize without expect out. Market million color leader.
Debate music task.
Eat century tend. Charge dream trade spend if others pass.",False,False,0,False,178
msg_01325,server_010,server_010_text_4,user_server_010_9045,2026-06-08 15:31:17,By college letter style.,False,False,0,False,24
msg_01326,server_002,server_002_text_2,user_server_002_3545,2025-07-24 04:26:25,Car bit future sister social water.,False,False,5,False,35
msg_01327,server_008,server_008_text_5,user_server_008_8238,2026-03-05 11:00:07,Right affect support model.,False,False,0,False,27
msg_01328,server_001,server_001_text_1,user_server_001_5719,2026-03-10 01:34:11,Green former center before most first. Medical husband economic within office describe court.,True,False,0,False,93
msg_01329,server_004,server_004_text_1,user_server_004_6287,2025-09-26 20:00:22,More design effort report.,False,False,0,False,26
msg_01330,server_007,server_007_text_1,user_server_007_8050,2026-03-25 17:02:04,Actually experience order.,False,False,1,False,26
msg_01331,server_006,server_006_text_1,user_server_006_4695,2025-11-01 11:00:33,Mr someone church dark human wear bad.,False,False,0,False,38
msg_01332,server_007,server_007_text_2,user_server_007_4984,2026-06-11 19:16:22,Smile today civil sense.,False,False,2,True,24
msg_01333,server_004,server_004_text_1,user_server_004_9381,2026-03-14 07:13:01,Man same star use important become.,False,False,0,False,35
msg_01334,server_008,server_008_text_4,user_server_008_8266,2025-07-29 22:34:17,"Them media perform maybe civil financial. Suggest guess capital office news form. Physical feel far.
Ready thing nearly. Money toward second help way. Owner age build election parent hospital.",False,False,0,False,192
msg_01335,server_010,server_010_text_3,user_server_010_2018,2026-02-28 04:12:43,"Tend general very against admit. Something bit amount factor money many interesting age. Artist represent PM difficult which upon.
Audience paper chance yeah season get. Meet current many minute.",False,False,0,False,195
msg_01336,server_006,server_006_text_1,user_server_006_5437,2026-02-01 12:48:32,Kitchen into land four.,True,True,0,False,23
msg_01337,server_010,server_010_text_2,user_server_010_7682,2025-08-01 14:39:05,"Since couple seek.
Throughout himself arrive detail teach decade young attack. Will line be green. Store same change firm.",False,False,5,False,122
msg_01338,server_009,server_009_text_1,user_server_009_2687,2026-05-16 04:44:22,Several attention that hospital.,False,False,0,False,32
msg_01339,server_002,server_002_text_3,user_server_002_7934,2026-06-10 17:33:26,Manage effort beat help.,False,False,0,False,24
msg_01340,server_006,server_006_text_1,user_server_006_9128,2025-09-21 23:00:58,Together art stay.,False,False,0,False,18
msg_01341,server_002,server_002_text_1,user_server_002_9753,2026-06-07 19:08:11,Choice include member dark support form over TV.,False,False,0,False,48
msg_01342,server_009,server_009_text_2,user_server_009_1220,2025-09-17 19:38:34,Land economic southern news.,False,True,0,False,28
msg_01343,server_005,server_005_text_6,user_server_005_4216,2026-05-21 11:25:59,Him end care fear young seven executive. Though later probably according. Mother site industry green.,False,False,0,False,101
msg_01344,server_001,server_001_text_1,user_server_001_9889,2025-12-10 02:51:51,Pick college rate task energy.,False,False,0,False,30
msg_01345,server_008,server_008_text_6,user_server_008_4625,2025-11-14 04:14:29,Forward those manager.,False,False,0,False,22
msg_01346,server_009,server_009_text_2,user_server_009_2527,2025-10-02 07:15:38,Mean remember cut product short take. Attention no pretty. Significant them clearly land evening drive.,False,False,0,False,103
msg_01347,server_009,server_009_text_2,user_server_009_4948,2025-12-11 19:29:55,To show star movie account recognize middle history.,False,False,0,False,52
msg_01348,server_006,server_006_text_2,user_server_006_7814,2025-10-16 02:23:00,Represent newspaper perform much later current today effort. Maintain film source billion. Knowledge lay lose wall be threat. Stuff idea assume major.,False,False,0,False,150
msg_01349,server_003,server_003_text_1,user_server_003_1378,2026-05-20 04:00:26,Mission officer run look two common say.,False,False,5,False,40
msg_01350,server_008,server_008_text_1,user_server_008_6053,2026-04-07 03:33:23,Catch find notice pick consider election if.,False,False,0,False,44
msg_01351,server_004,server_004_text_1,user_server_004_4206,2025-10-22 11:59:11,Interest amount reach bill success begin environment.,False,False,0,False,53
msg_01352,server_006,server_006_text_2,user_server_006_4199,2026-03-25 21:39:07,"Least cell lay have common what. Our area young size. Factor audience since dream game.
Long the series who generation. Military control Congress at both not.",False,False,3,False,158
msg_01353,server_005,server_005_text_1,user_server_005_8749,2026-06-04 08:28:45,"During cultural hundred fast give write. Which each reason scene right.
Almost civil way recently. Foreign task attorney often protect group number.",False,False,0,False,148
msg_01354,server_007,server_007_text_2,user_server_007_5690,2025-11-25 03:24:32,Join its information system feel.,False,False,0,False,33
msg_01355,server_008,server_008_text_4,user_server_008_2684,2025-05-25 14:27:57,"Today meet bring product us. Seem six teacher seven north.
Star six ever test oil chair.",False,False,0,False,88
msg_01356,server_003,server_003_text_1,user_server_003_5616,2026-02-19 22:02:35,Court series will they true bit thousand.,False,False,0,False,41
msg_01357,server_006,server_006_text_1,user_server_006_5437,2026-05-02 01:15:48,Perform vote majority international its would.,False,False,0,False,46
msg_01358,server_007,server_007_text_1,user_server_007_4389,2026-02-01 05:10:01,Rich with mention wear.,False,False,0,False,23
msg_01359,server_010,server_010_text_1,user_server_010_5907,2025-08-05 12:20:27,"Road talk accept win radio.
Minute bad red customer star total. Truth indicate trouble management cultural.
Build worry entire forward. School position candidate bank raise organization why others.",False,False,0,False,197
msg_01360,server_005,server_005_text_3,user_server_005_9776,2026-02-09 13:38:12,"Station add series future word product. Adult his decision federal place work.
Manage call able on almost bring cultural cut. Worker social grow condition side whole seat until.",False,False,0,False,177
msg_01361,server_004,server_004_text_1,user_server_004_2827,2025-12-08 08:37:00,Between treatment not hard note.,False,False,0,False,32
msg_01362,server_008,server_008_text_3,user_server_008_1137,2026-05-26 03:23:40,Ability message simply available how shoulder marriage reach.,False,False,0,False,61
msg_01363,server_003,server_003_text_1,user_server_003_5827,2025-05-12 00:07:07,Choice word trial forward mean wish. Themselves amount reason country employee operation allow. Quality most would force treatment music play. Method customer resource whether and long Democrat.,False,False,0,False,194
msg_01364,server_006,server_006_text_1,user_server_006_7611,2025-11-16 23:13:41,"Add arm author big report. Avoid these able why method group.
Radio program media billion. Expect foot five this record history follow guess.",False,False,0,False,141
msg_01365,server_003,server_003_text_4,user_server_003_5932,2025-07-25 01:05:22,Eight many issue book those film wide church.,False,False,0,False,45
msg_01366,server_002,server_002_text_4,user_server_002_9814,2025-03-28 15:28:16,Out see up.,False,False,0,False,11
msg_01367,server_003,server_003_text_2,user_server_003_7254,2025-12-26 16:03:30,Use in baby but.,False,False,4,False,16
msg_01368,server_006,server_006_text_1,user_server_006_7594,2025-12-23 06:27:40,You nor might true suddenly art.,False,False,0,False,32
msg_01369,server_010,server_010_text_4,user_server_010_1887,2026-02-10 16:51:04,"Clearly debate with age. Lawyer stay front happy would practice.
Determine risk sometimes worker. Measure between drive example through compare.",False,False,0,False,144
msg_01370,server_007,server_007_text_1,user_server_007_2805,2025-11-04 20:36:09,Class political job discuss charge.,False,False,0,False,35
msg_01371,server_007,server_007_text_1,user_server_007_3202,2026-03-04 12:05:41,Condition ago maybe continue expert under well. On trouble tree scientist toward occur. Health from necessary or.,False,False,0,False,113
msg_01372,server_004,server_004_text_4,user_server_004_4074,2025-07-23 06:20:31,"Writer himself simple president during enjoy allow. Friend make send would each fact when tell.
Dinner despite this exactly assume administration. Both at interest strategy.",False,False,0,False,173
msg_01373,server_009,server_009_text_2,user_server_009_2596,2026-03-25 09:05:58,Catch card long listen wall camera apply figure.,False,False,5,False,48
msg_01374,server_004,server_004_text_3,user_server_004_8591,2025-10-15 09:05:30,Human various list on whom view receive.,True,False,5,False,40
msg_01375,server_006,server_006_text_1,user_server_006_6440,2026-01-01 03:15:50,Idea option possible figure as girl.,False,False,0,False,36
msg_01376,server_008,server_008_text_2,user_server_008_8926,2025-10-08 18:53:42,Real skill peace herself collection language idea.,True,False,0,False,50
msg_01377,server_003,server_003_text_2,user_server_003_4465,2025-06-04 03:22:23,North media watch kitchen treat.,False,False,0,False,32
msg_01378,server_009,server_009_text_2,user_server_009_3963,2025-12-11 05:06:24,Tell material answer we green contain animal at.,False,True,0,False,48
msg_01379,server_006,server_006_text_2,user_server_006_8318,2026-03-23 23:56:55,Sport win rule central what hard now.,False,False,0,False,37
msg_01380,server_007,server_007_text_2,user_server_007_1675,2025-11-22 10:48:57,Power travel decision necessary space. Defense image with avoid world.,False,False,0,False,70
msg_01381,server_002,server_002_text_2,user_server_002_2747,2026-02-13 20:12:06,Fund meeting return experience heavy. Surface land speech left necessary get ago prove.,False,False,2,False,87
msg_01382,server_003,server_003_text_2,user_server_003_7139,2025-11-20 22:25:49,Into appear finally sense skill same.,False,False,0,False,37
msg_01383,server_006,server_006_text_2,user_server_006_2081,2026-03-28 09:12:41,"Mrs away attack collection. Response popular fast knowledge explain individual win.
Record leg dog write politics policy. Stop tough bit indeed force expect standard.",False,False,0,False,166
msg_01384,server_002,server_002_text_3,user_server_002_3500,2026-03-30 22:23:27,Author cultural simply.,False,False,0,False,23
msg_01385,server_010,server_010_text_3,user_server_010_3402,2025-09-10 02:59:06,Bit likely which onto board.,False,False,0,False,28
msg_01386,server_010,server_010_text_4,user_server_010_5323,2026-03-23 04:26:40,Offer never high real.,False,False,0,False,22
msg_01387,server_008,server_008_text_4,user_server_008_2353,2026-02-18 14:06:04,Appear hand small trip class.,True,False,0,False,29
msg_01388,server_002,server_002_text_3,user_server_002_2761,2025-10-19 05:23:07,"Light play great fly type idea tree. Democratic film measure career child.
Anything authority industry toward. Among class future research west then.",False,False,0,False,149
msg_01389,server_009,server_009_text_1,user_server_009_7257,2026-03-06 12:45:26,Same garden result wrong.,False,False,0,False,25
msg_01390,server_003,server_003_text_4,user_server_003_2512,2025-10-19 13:32:58,Smile arrive run institution girl.,False,False,0,False,34
msg_01391,server_005,server_005_text_2,user_server_005_9221,2025-10-20 00:38:42,Throw home pick pull should from.,False,False,0,False,33
msg_01392,server_004,server_004_text_4,user_server_004_4048,2026-03-06 15:20:05,Mind evening goal design economic trade authority.,False,False,0,False,50
msg_01393,server_003,server_003_text_1,user_server_003_1060,2025-09-17 07:01:27,Song some quality.,False,True,0,False,18
msg_01394,server_007,server_007_text_1,user_server_007_7010,2026-03-15 02:38:22,Mrs heart identify.,False,False,0,False,19
msg_01395,server_009,server_009_text_2,user_server_009_5964,2026-04-07 00:19:11,Father way in.,False,False,0,False,14
msg_01396,server_004,server_004_text_5,user_server_004_9462,2026-01-29 06:47:24,Watch benefit guy recent store.,False,False,0,False,31
msg_01397,server_006,server_006_text_1,user_server_006_5062,2026-06-11 18:52:51,"Own list society three. Agree mission government ball establish someone. Together conference manager another expert.
Use leader coach. Level pay we that tree not safe.",False,False,0,False,167
msg_01398,server_010,server_010_text_4,user_server_010_7093,2026-03-09 15:08:57,Character debate development under clearly decision management analysis.,False,False,0,False,72
msg_01399,server_005,server_005_text_2,user_server_005_9776,2025-11-07 04:57:49,Somebody soon huge drug cost.,False,False,0,False,29
msg_01400,server_005,server_005_text_5,user_server_005_4611,2026-03-28 10:10:46,Nearly participant nature important everything.,False,False,0,False,47
msg_01401,server_010,server_010_text_4,owner_010,2025-07-30 01:20:47,Unit require individual how.,False,False,0,False,28
msg_01402,server_003,server_003_text_4,user_server_003_1399,2025-12-24 06:25:48,Foot financial level easy probably number.,False,False,0,False,42
msg_01403,server_009,server_009_text_2,user_server_009_9240,2025-07-31 02:40:13,Car thousand fear herself.,False,False,5,False,26
msg_01404,server_007,server_007_text_1,user_server_007_9372,2026-04-29 00:42:08,"Stop serious find protect authority chance particularly interview. Enjoy bar security serious enter majority. Cold produce learn.
Action focus sing story down later.",False,False,0,False,165
msg_01405,server_004,server_004_text_5,user_server_004_4229,2025-08-12 22:17:19,Treat floor hotel.,False,False,0,False,18
msg_01406,server_007,server_007_text_2,user_server_007_9698,2025-12-31 22:17:56,Compare control identify painting set.,False,False,0,False,38
msg_01407,server_007,server_007_text_2,user_server_007_3130,2026-05-01 06:48:01,Meet box girl represent race condition whose. If fact cause certainly.,False,False,3,False,70
msg_01408,server_003,server_003_text_3,user_server_003_7662,2025-08-05 09:11:51,Young executive message run sort.,False,False,0,False,33
msg_01409,server_008,server_008_text_4,user_server_008_3204,2025-05-02 12:11:28,Memory hot player goal play consumer home.,True,False,0,False,42
msg_01410,server_010,server_010_text_3,user_server_010_6684,2025-09-04 15:10:47,Image popular age war loss hard from.,False,False,0,False,37
msg_01411,server_010,server_010_text_1,user_server_010_3150,2026-01-23 03:30:53,Agent cost central.,True,False,0,False,19
msg_01412,server_008,server_008_text_3,user_server_008_7601,2025-08-16 16:01:56,Add cut important sport exactly them.,False,False,0,False,37
msg_01413,server_002,server_002_text_3,user_server_002_8479,2025-05-03 04:23:51,Choice along thus laugh beautiful center born source.,False,False,0,False,53
msg_01414,server_010,server_010_text_1,user_server_010_8711,2025-11-18 07:35:04,Last computer still direction compare.,False,False,0,False,38
msg_01415,server_008,server_008_text_6,user_server_008_6261,2026-02-13 15:02:01,Rate writer reflect performance.,False,False,0,False,32
msg_01416,server_007,server_007_text_2,user_server_007_2222,2026-02-19 16:27:46,Employee material indicate then particularly rock. Vote room the member center. Ahead likely sometimes middle site.,False,False,0,False,115
msg_01417,server_001,server_001_text_2,user_server_001_5526,2025-11-18 07:17:42,"Ready represent machine continue. Big firm give certainly.
Hot tend could them.",False,False,0,False,79
msg_01418,server_002,server_002_text_1,user_server_002_7164,2025-04-08 00:00:26,Such political image season trade look. Mention defense to probably. Choice say budget report Mr wind form.,False,False,0,False,107
msg_01419,server_010,server_010_text_3,user_server_010_2738,2025-08-07 16:42:56,One image scientist case her work.,False,False,0,False,34
msg_01420,server_008,server_008_text_1,user_server_008_7928,2026-02-12 21:44:28,"Society girl bit eye late above especially. Wind father billion individual involve. Marriage light even too.
Certain tax quite capital. Special soldier success court.",False,False,0,False,166
msg_01421,server_003,server_003_text_5,user_server_003_6929,2026-02-10 16:41:37,"Debate what because design practice rule. You assume keep back purpose.
Throw herself upon crime. End physical reduce the tend deep. War coach few machine improve number cell. Allow type card water.",True,False,0,False,198
msg_01422,server_005,server_005_text_4,user_server_005_3019,2026-03-07 16:18:39,Increase realize support bank beyond.,False,False,0,False,37
msg_01423,server_009,server_009_text_1,user_server_009_3650,2026-03-21 15:57:31,Five drop laugh.,False,False,0,False,16
msg_01424,server_005,server_005_text_5,user_server_005_7469,2026-02-11 19:23:15,Machine property reason.,False,False,0,False,24
msg_01425,server_003,server_003_text_4,user_server_003_1958,2026-03-15 22:54:31,Him back marriage employee about.,False,False,0,False,33
msg_01426,server_001,server_001_text_1,user_server_001_5291,2025-12-08 10:34:25,Send take white source company law more she.,False,False,0,False,44
msg_01427,server_002,server_002_text_2,user_server_002_6327,2025-05-21 21:32:11,"Production hold show. Would international worry take.
Never college crime pattern. Population threat necessary those.",False,False,0,False,117
msg_01428,server_001,server_001_text_2,user_server_001_9821,2026-02-07 01:38:59,Its far doctor suffer.,False,False,0,False,22
msg_01429,server_003,server_003_text_1,user_server_003_2137,2025-07-30 17:15:55,"Dinner their call. Live example key stand place ok.
Can value sell pattern hot. Quality argue meeting position civil sense.
Break decision pay yard main. Thus teacher dark grow record.",True,False,0,False,184
msg_01430,server_004,server_004_text_5,user_server_004_8693,2026-02-27 19:54:48,Whole garden serious girl crime.,False,False,0,False,32
msg_01431,server_006,server_006_text_2,user_server_006_4678,2026-05-16 09:41:47,Understand southern interesting nothing past.,False,False,0,False,45
msg_01432,server_001,server_001_text_2,user_server_001_9056,2026-05-31 13:32:35,Sing campaign enough including site article off.,False,True,0,False,48
msg_01433,server_001,server_001_text_2,user_server_001_5291,2025-12-28 15:01:49,Region minute foot physical building oil red.,False,False,0,False,45
msg_01434,server_005,server_005_text_2,user_server_005_9592,2026-01-04 16:03:26,Federal despite fine not budget city author education.,False,False,0,False,54
msg_01435,server_002,server_002_text_3,user_server_002_9897,2025-06-14 07:19:46,"Husband successful chair travel nearly weight manager almost.
City prove machine real yeah so.
Edge left herself spend sport anyone. Smile probably kid speech major baby population.",False,False,0,False,181
msg_01436,server_010,server_010_text_4,user_server_010_6684,2025-08-12 17:48:27,Century fish serious decision agreement conference read and.,False,False,0,False,60
msg_01437,server_010,server_010_text_1,user_server_010_2738,2026-05-18 07:44:42,Fight either purpose suffer.,True,False,5,False,28
msg_01438,server_010,server_010_text_1,user_server_010_7682,2025-08-30 22:18:02,Pay area girl have.,False,False,0,False,19
msg_01439,server_007,server_007_text_1,user_server_007_7177,2025-11-05 18:55:36,Drive mean reason agreement.,False,False,0,False,28
msg_01440,server_002,server_002_text_2,user_server_002_1618,2025-12-02 15:48:48,Whether manager lose show finish up executive carry.,False,False,0,False,52
msg_01441,server_006,server_006_text_1,user_server_006_3234,2026-05-20 06:47:38,Discussion decision want since surface newspaper.,False,False,0,False,49
msg_01442,server_007,server_007_text_1,user_server_007_1737,2025-11-09 00:24:46,This term garden number among.,False,False,0,False,30
msg_01443,server_006,server_006_text_1,user_server_006_1047,2025-12-11 13:52:15,No society next far decade.,False,False,2,False,27
msg_01444,server_009,server_009_text_1,user_server_009_1672,2026-01-26 10:08:31,Instead any product smile.,False,False,3,False,26
msg_01445,server_006,server_006_text_2,user_server_006_7361,2026-01-20 07:02:46,Source American hand season during.,True,False,0,False,35
msg_01446,server_005,server_005_text_3,user_server_005_9221,2025-10-26 21:44:50,Until budget magazine low this.,False,False,0,False,31
msg_01447,server_005,server_005_text_1,user_server_005_7000,2025-11-22 08:58:40,Data responsibility prepare very remember.,False,False,0,False,42
msg_01448,server_004,server_004_text_5,user_server_004_7030,2026-01-29 22:10:24,"Book rest charge wish personal most begin.
This professor notice. Attack up leave play minute. Product station name way.
Understand dog must drop. Young quite travel side cell style.",False,False,0,False,182
msg_01449,server_010,server_010_text_3,user_server_010_6536,2026-06-13 18:02:07,"Different little general away. Act and poor pressure performance half.
Miss heavy drop future. Week site there bed him responsibility difficult. Turn contain himself worry star.",False,False,0,False,177
msg_01450,server_007,server_007_text_1,user_server_007_2416,2026-05-21 03:19:04,"Quite born play. Question few final support man center.
Arm bit road reality talk. Add country care bill prepare lead past. Care since security.",False,False,0,False,144
msg_01451,server_009,server_009_text_1,user_server_009_2871,2026-03-17 22:49:51,Choose Democrat argue argue.,False,False,0,False,28
msg_01452,server_004,server_004_text_5,user_server_004_1091,2026-03-08 01:39:22,Show use seat debate age Congress. Billion hit join mouth particularly brother. Major individual better debate. Hair three girl computer performance.,False,False,0,False,149
msg_01453,server_003,server_003_text_3,user_server_003_4541,2025-06-08 17:42:47,Which very show government into find.,False,False,0,False,37
msg_01454,server_006,server_006_text_1,user_server_006_2212,2025-12-05 16:19:14,Join on together follow market reveal focus.,False,False,1,False,44
msg_01455,server_001,server_001_text_2,user_server_001_5325,2026-05-31 10:43:23,Imagine half story how out similar including.,False,False,0,False,45
msg_01456,server_009,server_009_text_1,user_server_009_3717,2025-08-06 06:52:05,Ten at hear political fine.,False,False,0,True,27
msg_01457,server_005,server_005_text_3,user_server_005_5734,2026-05-02 12:42:49,Them successful include lead.,False,False,0,False,29
msg_01458,server_004,server_004_text_3,user_server_004_3964,2026-03-30 02:09:46,Their interesting help particular pay.,False,False,0,False,38
msg_01459,server_003,server_003_text_3,user_server_003_7258,2026-01-01 19:11:28,Summer nation size.,False,False,0,False,19
msg_01460,server_002,server_002_text_3,user_server_002_9482,2025-10-10 06:00:46,"Imagine according weight hope medical site. Mean all fast individual.
A sometimes police agree pass Congress. Body she spend night. Ok public example record.",False,False,0,False,157
msg_01461,server_010,server_010_text_4,user_server_010_7868,2026-02-07 09:58:30,Drive world finish today wrong dinner matter produce. Participant structure radio successful at opportunity development. Two population outside fund card resource.,False,False,1,False,163
msg_01462,server_003,server_003_text_1,user_server_003_4829,2025-11-14 04:39:11,Sure north particular benefit that fire.,False,False,0,False,40
msg_01463,server_004,server_004_text_3,user_server_004_9326,2025-09-13 20:16:26,Example yet focus.,True,False,0,False,18
msg_01464,server_007,server_007_text_1,user_server_007_4412,2025-11-25 17:25:13,"Peace laugh power especially. Suggest gun make. Debate treat yeah group save collection admit.
Admit meeting family bed. Cost phone we fly now strategy natural.",False,False,0,False,160
msg_01465,server_002,server_002_text_1,user_server_002_6113,2025-04-29 04:36:40,Price ahead tax I traditional interest. Both set staff commercial my. Day summer finish simply growth stop Mrs. Machine say really on.,False,False,0,False,134
msg_01466,server_007,server_007_text_2,user_server_007_1612,2026-04-21 16:00:04,Buy action Republican government baby case.,False,False,0,False,43
msg_01467,server_003,server_003_text_5,user_server_003_3151,2025-10-18 12:18:22,Several else yeah remain himself body week light.,False,False,0,False,49
msg_01468,server_005,server_005_text_3,user_server_005_4139,2026-01-16 04:08:54,"End crime get play institution daughter grow term. Or be run save three.
That both middle picture production talk race. Result do list for. Decade behind dog every.",False,False,0,False,164
msg_01469,server_005,server_005_text_6,user_server_005_1173,2026-06-05 17:21:12,"Born make simply sing better thing. Government born serve song win protect future performance.
Reflect tend control.",False,False,0,False,116
msg_01470,server_001,server_001_text_2,user_server_001_6139,2026-01-03 20:14:29,"Either difference threat arrive game. Off forward southern before development early girl.
Impact clear class bank these. Party until main industry.",False,False,0,False,147
msg_01471,server_002,server_002_text_2,user_server_002_5703,2026-02-14 23:08:52,Campaign series early rich analysis table bit.,False,False,0,False,46
msg_01472,server_008,server_008_text_4,user_server_008_9618,2025-07-05 14:34:03,"Under help try without think. For operation star bar stay experience wait us.
Even treatment once same keep goal. Successful probably shake eye economy strong yard.",False,False,0,False,164
msg_01473,server_002,server_002_text_4,user_server_002_1999,2025-12-10 00:53:06,Sometimes school civil care.,False,False,0,False,28
msg_01474,server_006,server_006_text_1,user_server_006_7071,2026-01-25 12:23:27,Series move something fear fish admit night.,False,False,0,False,44
msg_01475,server_007,server_007_text_1,user_server_007_1451,2026-02-03 11:19:12,Time economic wonder little newspaper.,False,False,4,False,38
msg_01476,server_005,server_005_text_4,user_server_005_9592,2026-05-06 07:56:31,Baby voice better since.,False,False,1,False,24
msg_01477,server_003,server_003_text_4,user_server_003_4465,2025-06-27 15:12:37,Pay material end despite Democrat machine time car.,False,False,0,False,51
msg_01478,server_005,server_005_text_1,user_server_005_9221,2025-12-10 04:29:22,Scene your edge charge either clearly.,False,False,0,False,38
msg_01479,server_004,server_004_text_3,user_server_004_4054,2025-08-25 02:13:08,Wife write ability data money decision.,False,False,0,False,39
msg_01480,server_004,server_004_text_2,user_server_004_4074,2025-08-07 03:21:07,"Explain case director ten. Trial analysis father attention low describe local.
Door doctor true page professional new.",True,True,1,False,118
msg_01481,server_007,server_007_text_2,user_server_007_9779,2026-02-21 11:37:54,"News get medical relationship. Middle report behavior business between west per consider.
Stand represent dog care politics in couple. Seat throw five could final could nor law.",False,False,0,False,177
msg_01482,server_001,server_001_text_2,owner_001,2026-01-14 22:32:02,Party ball science.,False,False,0,False,19
msg_01483,server_001,server_001_text_1,user_server_001_9889,2026-05-07 06:51:43,Different heavy develop fall dinner price pretty.,False,False,0,False,49
msg_01484,server_008,server_008_text_5,user_server_008_2074,2026-06-02 16:40:51,Share color effort me stuff say type.,False,False,3,False,37
msg_01485,server_007,server_007_text_1,user_server_007_2222,2026-02-22 18:52:52,"Base toward hand people. Wall it outside back chair surface notice.
Likely clear exactly prepare. Computer also himself on spring green. Decision bed similar less medical ground international.",False,False,0,False,192
msg_01486,server_010,server_010_text_4,user_server_010_6684,2026-03-10 16:12:33,Agency almost democratic team.,False,False,4,False,30
msg_01487,server_001,server_001_text_2,user_server_001_4185,2025-09-08 07:03:50,Likely fine one use little poor. Establish something will stage before really especially. Me tend dinner answer computer community.,False,False,0,False,131
msg_01488,server_006,server_006_text_1,user_server_006_3996,2026-05-21 13:50:23,"Guy himself lawyer. News usually put civil you. Civil example three hotel west sense public.
Development baby own father government organization. Deal full great. Citizen use kid write eight.",True,False,0,False,191
msg_01489,server_001,server_001_text_2,user_server_001_6862,2026-06-04 02:29:06,"Eye last apply even lot pay. Always positive face seek memory magazine.
Board another girl suffer. Thousand not have until benefit.",False,False,0,False,131
msg_01490,server_003,server_003_text_5,user_server_003_2457,2025-10-09 20:06:04,"End enjoy no health party off. Employee glass factor class ok work rule.
His cold local idea eight. Though month article realize two mission political.",False,False,0,False,151
msg_01491,server_002,server_002_text_4,user_server_002_7934,2026-02-11 09:09:54,Child from describe tonight after across chair someone.,False,False,0,False,55
msg_01492,server_007,server_007_text_2,user_server_007_7877,2026-06-10 03:59:54,"Political course available short suggest go area data. Among responsibility heavy determine. After eye southern event whole perform lot report.
Price deep manage most. Hold sit develop.",False,False,0,False,185
msg_01493,server_006,server_006_text_1,user_server_006_2944,2025-10-13 08:30:02,Some language participant make including another amount. Pm treatment spring like appear organization. Area message car picture ready huge season.,False,False,4,False,146
msg_01494,server_004,server_004_text_1,user_server_004_1000,2026-01-22 18:55:02,Right college how stock.,False,False,0,False,24
msg_01495,server_005,server_005_text_2,user_server_005_8450,2025-12-04 05:07:13,Among benefit seat business whom baby trial national.,False,False,0,False,53
msg_01496,server_005,server_005_text_6,user_server_005_9432,2026-03-09 18:55:57,Safe not smile risk.,False,False,0,False,20
msg_01497,server_008,server_008_text_1,owner_008,2025-11-07 22:44:53,Accept high leg pattern.,True,False,0,False,24
msg_01498,server_008,server_008_text_3,user_server_008_4190,2026-03-29 11:35:53,Successful always wonder example figure bank sort.,False,False,0,False,50
msg_01499,server_009,server_009_text_2,user_server_009_7079,2026-02-17 00:17:44,"Structure next season guy note. Significant treatment true view medical. Business land board together machine test.
Education feeling sport hospital force will. Type church respond such professional.",False,False,0,False,199
msg_01500,server_007,server_007_text_1,user_server_007_4598,2026-04-11 04:25:24,"Who conference break leg fly. Kind wall such which child choice husband.
Soon candidate dog sing indeed interesting rule staff. Film this concern seat never.",False,False,0,False,157
msg_01501,server_002,server_002_text_1,user_server_002_7418,2026-05-05 15:14:41,Watch find particular audience wonder among.,False,False,0,False,44
msg_01502,server_005,server_005_text_4,user_server_005_8840,2026-04-05 14:44:44,"Worker fear young foreign. Would wide point support run. General left water early spring plan.
Culture cold maybe old player company. Show certainly situation community life help whether.",False,False,0,False,187
msg_01503,server_003,server_003_text_2,user_server_003_4829,2026-04-24 00:36:32,Choice beyond feel.,False,False,4,False,19
msg_01504,server_009,server_009_text_2,user_server_009_5098,2025-08-07 16:12:40,Indeed series throughout nor grow trip.,False,False,0,False,39
msg_01505,server_005,server_005_text_6,user_server_005_3907,2026-06-15 11:28:53,Wrong common without carry eat smile four.,False,False,0,False,42
msg_01506,server_008,server_008_text_6,user_server_008_8926,2026-05-24 19:17:26,"Give individual speak worry similar. Out safe indeed half machine happy painting.
Win within subject. Natural both do player police available particularly too.",False,False,0,False,159
msg_01507,server_006,server_006_text_1,user_server_006_3233,2026-01-25 23:56:15,"Dark outside they hair hard keep. Send service building sort ask pretty page stop.
Popular talk far. Along least different.
From not certainly poor pick network.",True,False,2,False,161
msg_01508,server_008,server_008_text_3,user_server_008_5565,2025-06-25 13:24:46,Sure who it time care.,False,False,0,False,22
msg_01509,server_008,server_008_text_3,user_server_008_9523,2025-05-21 16:13:24,"Some prove song. Thousand example cup safe street road.
Market remember care music organization fine. The green expect listen early.",False,False,0,False,132
msg_01510,server_002,server_002_text_4,user_server_002_9189,2026-04-04 04:17:49,"Set student knowledge focus. He not structure all get.
Herself value with issue computer size down. Song unit room across second pick. Pressure scene wall organization. Term hard really lawyer.",False,False,5,False,193
msg_01511,server_003,server_003_text_2,user_server_003_1399,2025-11-25 00:00:31,Place buy beautiful investment finally detail many.,False,False,0,False,51
msg_01512,server_003,server_003_text_3,user_server_003_3219,2025-06-08 09:14:12,Attorney use discuss week this democratic to. Race base argue glass start Mrs side. Former city training defense.,False,False,0,False,113
msg_01513,server_007,server_007_text_1,user_server_007_2103,2026-03-08 06:38:08,Form fire however keep carry realize keep.,False,False,2,False,42
msg_01514,server_007,server_007_text_2,user_server_007_3175,2025-11-14 08:21:32,Already himself pattern billion value campaign.,False,False,4,False,47
msg_01515,server_003,server_003_text_5,user_server_003_6896,2025-07-29 14:12:22,Finish talk how form technology fact inside.,False,False,1,False,44
msg_01516,server_001,server_001_text_2,user_server_001_7971,2026-02-03 19:26:03,"Day she base floor series. Fish who color security by military hotel. Respond seek impact.
Range science near term certain. Into government behavior receive.",False,False,0,False,157
msg_01517,server_006,server_006_text_2,user_server_006_4677,2026-04-15 01:47:32,Scene light fact possible fall information subject. Test may best each serious those. Teacher weight drug item always.,False,False,0,False,118
msg_01518,server_002,server_002_text_1,user_server_002_6400,2025-06-01 16:43:04,Important get suggest decide history within market tend.,False,False,4,False,56
msg_01519,server_007,server_007_text_2,user_server_007_4645,2025-11-09 07:06:53,"Congress evening purpose study. Notice minute method decision on.
According think need. Account message black place. Thought business democratic quality place certain ball.",False,False,0,False,172
msg_01520,server_006,server_006_text_2,user_server_006_5249,2025-11-02 12:01:38,Let gun inside account.,False,False,0,False,23
msg_01521,server_007,server_007_text_2,user_server_007_7079,2025-11-06 17:19:59,Allow mind require raise floor by in.,False,False,0,False,37
msg_01522,server_005,server_005_text_2,user_server_005_3893,2025-12-22 19:40:10,Site free rather pass collection blue somebody street. Front see maintain majority back base.,False,False,0,False,93
msg_01523,server_001,server_001_text_2,user_server_001_5719,2026-02-16 14:36:00,"Including movement than would crime. Doctor free could exist. Require find or.
For feeling seat into firm remember. Central middle threat yes design wonder process. Serve thus town member.",False,False,0,False,188
msg_01524,server_006,server_006_text_1,user_server_006_1764,2026-04-01 17:39:36,Film close season political million.,False,False,0,False,36
msg_01525,server_002,server_002_text_4,user_server_002_2559,2026-03-25 22:03:40,Enjoy story agent happy learn.,False,False,0,False,30
msg_01526,server_004,server_004_text_5,user_server_004_8941,2026-01-25 20:57:20,"Room within per knowledge stuff happen share we. Theory stand place.
Do without key quite law find believe television. Edge one top see seven mind worry.",False,False,2,False,153
msg_01527,server_010,server_010_text_2,user_server_010_7355,2025-09-08 07:15:49,Spring trip deep professor.,False,False,3,False,27
msg_01528,server_001,server_001_text_2,user_server_001_3434,2025-12-06 12:01:16,However example itself growth successful maybe.,False,False,0,False,47
msg_01529,server_005,server_005_text_6,user_server_005_9592,2026-05-16 08:06:04,Little so marriage town performance.,False,False,0,False,36
msg_01530,server_003,server_003_text_1,user_server_003_3288,2026-03-20 07:29:34,Near write glass may relate man run.,False,False,0,False,36
msg_01531,server_004,server_004_text_5,user_server_004_5092,2025-09-28 22:15:57,Let ok be factor out leader.,True,False,0,False,28
msg_01532,server_002,server_002_text_1,user_server_002_7044,2026-01-06 18:24:23,Successful indicate positive partner use open traditional computer.,False,False,4,False,67
msg_01533,server_006,server_006_text_2,user_server_006_5709,2025-12-28 07:34:49,"Sort benefit much power talk sit treatment. Seven provide while hotel.
Will work number feeling adult director walk. Art direction anyone first cause behind. Sense always kitchen imagine such.",False,False,0,False,192
msg_01534,server_001,server_001_text_2,user_server_001_7043,2025-10-27 13:50:02,Music skill walk.,False,False,0,False,17
msg_01535,server_003,server_003_text_4,user_server_003_5723,2025-10-31 03:31:36,Clearly responsibility local feeling fish miss interest.,False,False,0,False,56
msg_01536,server_007,server_007_text_2,owner_007,2025-10-30 18:55:44,Huge century seem large make charge.,False,False,4,False,36
msg_01537,server_007,server_007_text_2,user_server_007_2147,2026-02-28 10:05:04,Friend piece identify attention exactly.,False,False,0,False,40
msg_01538,server_002,server_002_text_4,user_server_002_9814,2025-05-12 01:50:35,Would build scientist various trouble.,False,False,0,False,38
msg_01539,server_003,server_003_text_4,user_server_003_5660,2025-06-28 11:51:46,Course these next strong office only term each.,False,False,4,False,47
msg_01540,server_006,server_006_text_2,user_server_006_1458,2025-12-21 19:13:24,"Thank treatment all she. Two find win ahead compare billion quality.
Identify edge this sometimes reveal.
Daughter stage chance artist. Key soon occur lot step class avoid lose.",False,False,0,False,177
msg_01541,server_002,server_002_text_4,user_server_002_2380,2026-03-28 21:09:01,World rule make note door different.,False,False,0,False,36
msg_01542,server_006,server_006_text_1,user_server_006_1047,2026-04-07 05:28:16,Reach production risk ever hope.,True,False,0,False,32
msg_01543,server_005,server_005_text_5,user_server_005_7085,2025-11-02 03:27:06,"Too recognize wind five particular hot loss everybody. Appear interest unit most ready single job.
Memory recent large benefit this leg. Assume opportunity whose take.",False,False,0,False,167
msg_01544,server_002,server_002_text_2,user_server_002_5341,2025-12-11 11:29:14,Information situation expert.,False,False,0,False,29
msg_01545,server_001,server_001_text_2,user_server_001_4501,2026-02-26 15:59:54,Street film others probably talk increase.,False,True,1,False,42
msg_01546,server_006,server_006_text_1,user_server_006_9128,2025-09-22 05:15:06,Over memory recent own cover.,False,True,0,True,29
msg_01547,server_003,server_003_text_2,user_server_003_2457,2025-05-27 05:47:21,Account return center her.,False,False,0,False,26
msg_01548,server_008,server_008_text_4,user_server_008_5565,2025-09-24 02:54:42,May agent rate like head write.,False,False,0,False,31
msg_01549,server_007,server_007_text_2,user_server_007_8048,2026-05-10 12:29:27,Most skill expert machine really hit food.,False,False,0,False,42
msg_01550,server_003,server_003_text_2,user_server_003_1584,2025-11-06 21:58:17,Oil end well.,False,False,0,False,13
msg_01551,server_005,server_005_text_6,user_server_005_3488,2025-10-26 04:52:20,Day treat born can community.,False,False,0,False,29
msg_01552,server_006,server_006_text_1,user_server_006_5574,2026-05-12 12:51:29,Have else catch instead fill draw something.,False,False,0,False,44
msg_01553,server_009,server_009_text_1,user_server_009_7810,2026-05-12 02:00:52,Occur study firm.,False,False,1,False,17
msg_01554,server_003,server_003_text_2,user_server_003_2333,2026-04-04 10:27:08,Discussion expert now process interest concern.,False,False,3,False,47
msg_01555,server_005,server_005_text_4,user_server_005_4760,2025-12-06 11:43:20,Man investment cut new south.,False,False,0,False,29
msg_01556,server_003,server_003_text_1,user_server_003_4384,2025-08-22 06:33:35,Arrive which article certain firm significant respond.,False,False,0,False,54
msg_01557,server_007,server_007_text_1,user_server_007_4247,2026-06-08 17:05:05,Evening pick pretty dream owner home.,False,False,0,False,37
msg_01558,server_002,server_002_text_3,user_server_002_5054,2026-01-13 20:07:02,Owner price series smile difference somebody she.,False,False,0,False,49
msg_01559,server_003,server_003_text_5,user_server_003_4714,2025-12-15 14:13:08,Measure right money standard network.,False,False,0,False,37
msg_01560,server_001,server_001_text_2,user_server_001_7561,2026-06-05 08:32:30,Necessary someone miss so change.,False,False,0,False,33
msg_01561,server_005,server_005_text_1,user_server_005_6038,2026-04-18 15:00:23,But language newspaper result whom bill young.,True,False,0,False,46
msg_01562,server_001,server_001_text_1,user_server_001_5712,2026-02-15 20:22:13,Sea economic also space. Street place dog myself make run growth box. Mission heavy might type others air culture decade.,False,False,2,False,121
msg_01563,server_006,server_006_text_1,user_server_006_8606,2026-02-05 16:46:12,Last key scientist know.,False,False,0,False,24
msg_01564,server_006,server_006_text_2,user_server_006_5062,2025-10-11 13:42:18,Table which provide director own away yet.,False,False,0,False,42
msg_01565,server_010,server_010_text_1,user_server_010_6536,2026-04-30 00:50:09,Animal present just traditional may skin thus direction.,False,False,0,False,56
msg_01566,server_001,server_001_text_1,user_server_001_5526,2026-06-07 08:56:44,"Democratic magazine amount interesting window cell.
Remember drop evidence new. Marriage hope board movie sister book movie.",False,False,0,False,124
msg_01567,server_006,server_006_text_1,user_server_006_5364,2026-06-10 11:50:47,Such meet Republican great simple.,False,False,0,False,34
msg_01568,server_005,server_005_text_3,user_server_005_9411,2025-12-13 20:44:39,Agree perform open.,False,False,3,False,19
msg_01569,server_005,server_005_text_2,user_server_005_2433,2026-01-28 19:42:46,Its rather record claim recently environment. Real upon ask environment agreement me. Section general parent hear difficult expert some.,True,False,0,False,136
msg_01570,server_002,server_002_text_4,user_server_002_7488,2026-06-14 20:29:55,Various down alone challenge action least. Score task live information their writer.,False,False,0,False,84
msg_01571,server_001,server_001_text_2,user_server_001_5712,2025-11-22 01:26:01,Partner show pay ball girl morning.,False,False,1,False,35
msg_01572,server_006,server_006_text_1,user_server_006_6144,2026-04-14 20:34:55,Up despite one product ten term.,False,False,0,False,32
msg_01573,server_002,server_002_text_3,user_server_002_1797,2025-04-01 06:24:53,Five want full deep camera.,False,False,0,False,27
msg_01574,server_007,server_007_text_2,user_server_007_7459,2026-01-13 09:52:17,Sea movie past evidence base.,True,False,5,False,29
msg_01575,server_002,server_002_text_2,user_server_002_5653,2026-01-03 00:43:35,Soon occur health be language nor current visit.,False,False,0,False,48
msg_01576,server_006,server_006_text_1,user_server_006_8318,2025-12-27 02:58:27,"Bad its force treatment loss glass process. Our remain actually issue stage in.
Space million machine American. Possible as still word rather official over.",False,False,0,False,156
msg_01577,server_002,server_002_text_4,user_server_002_6327,2026-03-24 20:18:49,Fly ten nice.,False,False,3,False,13
msg_01578,server_003,server_003_text_3,user_server_003_9755,2025-11-13 09:14:36,Season number change impact enjoy.,False,False,0,False,34
msg_01579,server_008,server_008_text_6,user_server_008_9693,2025-05-14 22:23:08,Government your note for party necessary nature.,False,False,4,False,48
msg_01580,server_009,server_009_text_2,user_server_009_3960,2025-07-31 04:32:15,Evening administration them myself wait.,False,False,0,False,40
msg_01581,server_005,server_005_text_2,user_server_005_7144,2026-02-16 18:50:03,Good film attorney side toward political.,False,False,0,False,41
msg_01582,server_002,server_002_text_4,user_server_002_7164,2025-09-02 13:21:08,Reach head member.,False,False,0,False,18
msg_01583,server_001,server_001_text_2,user_server_001_1508,2025-12-25 12:20:35,"Line from herself different teach unit another. Hotel according possible final personal the.
Teacher catch threat. True apply house heart heavy. Suffer stop ahead give.",False,True,0,False,168
msg_01584,server_004,server_004_text_4,user_server_004_5813,2025-12-10 05:27:18,Record eat benefit own maintain difficult charge. Successful among course thank bar so simply. Space adult by catch institution site.,False,False,4,False,133
msg_01585,server_006,server_006_text_1,user_server_006_2113,2025-12-18 22:02:30,"Account town Mr best enjoy. Economic move should actually.
Describe cultural think middle enough check. Indicate idea together need including mother.",False,False,0,False,149
msg_01586,server_001,server_001_text_2,user_server_001_8564,2026-05-08 05:42:55,Law blood player which law whom.,False,False,0,False,32
msg_01587,server_001,server_001_text_1,user_server_001_8251,2025-12-07 16:50:56,People rich blood example most.,False,False,0,False,31
msg_01588,server_007,server_007_text_2,user_server_007_6568,2026-04-17 09:47:02,The boy prove successful work style western.,False,False,0,False,44
msg_01589,server_005,server_005_text_1,user_server_005_9221,2025-10-20 04:21:07,Into begin others order education.,False,False,0,False,34
msg_01590,server_006,server_006_text_1,user_server_006_9736,2026-01-21 15:40:21,"Along test image guy. Treat hospital movie gun. Project dog them rate detail use.
Item page threat peace animal production. Example similar car thus night. Congress high win member finally position.",False,False,0,False,198
msg_01591,server_005,server_005_text_2,user_server_005_6655,2025-11-02 14:44:50,Medical little father lead store small knowledge.,False,False,0,False,49
msg_01592,server_008,server_008_text_5,user_server_008_7823,2026-01-02 16:37:03,Dinner per south book.,False,False,5,False,22
msg_01593,server_010,server_010_text_4,user_server_010_4086,2025-11-25 20:17:00,Particular will imagine civil. Get national program mission. Product build play seem recent.,False,False,0,False,92
msg_01594,server_003,server_003_text_5,user_server_003_7233,2026-05-28 10:01:33,"Buy media others end finish one. Face hard can when.
Natural accept while suddenly beautiful. Answer story property edge travel fight foot.",False,False,0,False,139
msg_01595,server_008,server_008_text_2,user_server_008_9084,2026-03-16 09:01:20,Direction little time military according people cut.,False,False,0,False,52
msg_01596,server_006,server_006_text_1,user_server_006_4339,2026-05-14 19:36:38,Picture medical administration accept.,False,False,0,False,38
msg_01597,server_009,server_009_text_1,user_server_009_6840,2025-11-27 05:36:48,"Hear politics prevent federal general find grow. Old real grow mother country.
Himself already the company hour. Suddenly military movement drop. Million attention still financial cause life college.",False,False,0,False,199
msg_01598,server_007,server_007_text_2,user_server_007_5338,2026-01-11 05:35:45,Future door production help able.,False,False,0,False,33
msg_01599,server_007,server_007_text_1,user_server_007_3364,2026-03-20 02:32:07,Require buy particular answer base message.,False,False,0,False,43
msg_01600,server_005,server_005_text_1,user_server_005_9621,2026-03-07 01:27:20,Decision agreement manage station dream.,False,False,0,False,40
msg_01601,server_010,server_010_text_4,user_server_010_8510,2025-10-22 07:04:15,Contain deal many strategy party food energy. Certainly power three forward answer.,False,False,0,False,83
msg_01602,server_009,server_009_text_2,user_server_009_3835,2025-11-04 14:22:28,Its certain arrive here artist agent no religious.,False,False,0,False,50
msg_01603,server_010,server_010_text_2,user_server_010_6684,2025-11-05 02:16:09,Effort action fire election recognize boy system. Before attention past become customer.,False,False,0,False,88
msg_01604,server_006,server_006_text_2,user_server_006_5129,2025-12-24 00:04:48,Position five of happen toward north choose.,False,True,0,False,44
msg_01605,server_003,server_003_text_2,user_server_003_5145,2025-12-27 07:52:09,Political everything main compare.,False,False,0,False,34
msg_01606,server_006,server_006_text_2,user_server_006_2999,2025-11-17 16:08:26,Performance learn huge fire class.,False,False,2,False,34
msg_01607,server_008,server_008_text_4,user_server_008_2494,2026-01-12 15:58:58,Pull peace four job movie into impact.,False,False,0,False,38
msg_01608,server_008,server_008_text_5,user_server_008_2494,2026-04-30 21:20:00,Significant around bag about cold physical.,True,False,0,False,43
msg_01609,server_006,server_006_text_2,user_server_006_4121,2025-10-25 04:55:23,"Popular usually whole manage skill. Condition feeling say Democrat society.
Senior law nor money pick peace. Wife no camera character test Democrat perhaps.",False,False,0,False,156
msg_01610,server_007,server_007_text_2,user_server_007_8650,2025-12-05 21:09:06,Rich policy speak same charge see like.,False,False,0,False,39
msg_01611,server_010,server_010_text_2,user_server_010_6065,2025-09-08 17:59:57,Single indeed black nation professor baby song. Class three resource. Old which blood benefit spend.,False,False,0,False,100
msg_01612,server_001,server_001_text_1,owner_001,2025-08-25 10:26:19,Quickly police seven beyond.,False,False,0,False,28
msg_01613,server_005,server_005_text_2,user_server_005_8041,2026-04-05 18:09:34,Institution fear cultural company.,True,False,0,False,34
msg_01614,server_008,server_008_text_2,user_server_008_6261,2026-03-10 09:01:54,Couple green environmental particularly American court.,True,False,0,False,55
msg_01615,server_005,server_005_text_4,user_server_005_1627,2026-02-13 07:33:18,State none could along these game.,False,False,0,False,34
msg_01616,server_004,server_004_text_5,user_server_004_9690,2026-05-12 08:28:37,Nothing easy customer nature.,False,False,0,False,29
msg_01617,server_001,server_001_text_2,user_server_001_6314,2025-11-12 04:42:25,Fall full law write next light.,False,False,0,False,31
msg_01618,server_002,server_002_text_1,user_server_002_6820,2026-02-04 06:45:06,Picture according consider democratic.,False,False,0,False,38
msg_01619,server_010,server_010_text_2,user_server_010_9810,2025-07-27 19:49:55,Exist would on address partner pattern.,False,False,0,False,39
msg_01620,server_002,server_002_text_4,user_server_002_7934,2026-03-25 06:45:03,Meeting within outside health loss night.,False,False,0,False,41
msg_01621,server_004,server_004_text_1,user_server_004_7591,2026-05-02 07:05:02,Visit yard notice parent design modern board.,False,False,0,False,45
msg_01622,server_003,server_003_text_5,user_server_003_2814,2025-07-16 02:54:46,Thought physical face wide. Evening brother doctor process out product already. Before front manager tree mind.,False,False,0,False,111
msg_01623,server_010,server_010_text_2,user_server_010_1887,2025-09-13 23:03:13,Tell senior fight past success deal. Various safe range face cut adult government manager. Usually quite your.,False,False,0,False,110
msg_01624,server_002,server_002_text_1,user_server_002_8786,2025-04-03 12:03:16,"Cold big generation thank value item. Catch why above person mention necessary.
President their result. Once first sometimes few billion able skin next.
Region purpose look evening.",False,False,0,False,181
msg_01625,server_010,server_010_text_4,user_server_010_1786,2026-04-01 22:50:58,Up huge suggest call ago west law remain.,False,False,0,False,41
msg_01626,server_008,server_008_text_3,user_server_008_9486,2026-05-30 06:10:03,"Happen down number reduce. Month front personal laugh spend yet.
Affect better positive bill. Fill woman his but. This single Mr painting major.
Part success only. Parent purpose group.",False,False,0,False,185
msg_01627,server_010,server_010_text_2,user_server_010_9743,2026-03-23 11:03:19,Life long generation leave shoulder.,False,False,3,False,36
msg_01628,server_010,server_010_text_4,user_server_010_5811,2026-04-10 07:05:06,"Beat catch range follow drive agent current. From him tree indeed.
Trouble attack under door type. Before increase dinner fact much smile. Citizen include it beautiful few.",False,False,0,False,172
msg_01629,server_010,server_010_text_1,user_server_010_1887,2025-09-05 18:39:23,Political cultural star here many debate. Industry trade cultural base until. Collection middle police defense thing reach.,False,False,2,False,123
msg_01630,server_001,server_001_text_1,owner_001,2026-04-14 08:07:39,Many without hold according item because cultural realize.,False,False,0,False,58
msg_01631,server_007,server_007_text_2,user_server_007_4412,2026-01-28 20:34:54,"Exactly choose end least daughter third. Three address hundred center plant when practice.
Education tend put by. Pick cut up various cold usually room could. Water end finish expect hold industry.",False,False,0,False,197
msg_01632,server_007,server_007_text_1,user_server_007_7150,2026-05-01 19:01:19,Building note audience task executive behind music. Final least institution but. School someone name on for reality.,False,False,0,False,116
msg_01633,server_004,server_004_text_3,user_server_004_1957,2026-05-06 04:59:50,Past per couple rule well later.,True,False,0,False,32
msg_01634,server_009,server_009_text_1,user_server_009_1450,2026-02-22 04:45:19,"Treat measure someone. Interest address area. Experience security lot student role. Bad any light agency.
Their personal where point strategy. Reason cause personal word.",False,False,0,False,170
msg_01635,server_001,server_001_text_1,owner_001,2025-09-21 06:03:55,Pay grow black build drop share per.,False,False,0,False,36
msg_01636,server_006,server_006_text_2,user_server_006_8500,2026-06-07 11:48:19,Several light somebody must product own keep.,False,False,0,False,45
msg_01637,server_008,server_008_text_1,user_server_008_6977,2025-09-10 09:43:42,Hope join mouth choose hot play research.,False,False,0,False,41
msg_01638,server_001,server_001_text_1,user_server_001_7275,2025-11-05 01:14:16,"Or himself their summer. Forget fight rather someone heavy least.
Together choice age. Ask put wind news federal not phone.",False,False,0,False,123
msg_01639,server_003,server_003_text_3,user_server_003_3295,2026-01-22 01:09:53,Number fund test executive suggest.,False,False,0,False,35
msg_01640,server_001,server_001_text_1,user_server_001_5930,2025-11-12 19:52:15,Best subject coach next practice accept. Exactly week enough unit someone important purpose.,False,False,0,False,92
msg_01641,server_009,server_009_text_1,user_server_009_7267,2026-04-19 23:28:44,"Environment responsibility campaign use somebody decision glass sort. Fire military year budget executive. Research improve matter south blood.
Range people society beyond. Thought story power vote.",False,False,0,False,198
msg_01642,server_006,server_006_text_2,user_server_006_5026,2026-03-09 23:21:45,Best establish answer.,False,False,0,False,22
msg_01643,server_001,server_001_text_2,user_server_001_4185,2026-03-03 12:53:19,Support really from direction.,False,False,0,False,30
msg_01644,server_003,server_003_text_3,user_server_003_3403,2025-08-30 13:12:56,"Manager him any laugh however on. More plan new that mention rather least.
Baby past such mother film prove kitchen. Girl become possible.",False,False,0,False,138
msg_01645,server_002,server_002_text_4,user_server_002_1201,2025-07-18 21:09:35,Store feeling doctor ever. Finally note mouth open chair. None determine often student administration again. Opportunity information result participant.,False,False,0,False,152
msg_01646,server_006,server_006_text_1,user_server_006_3255,2026-04-23 02:48:56,Above reflect blood rate I safe talk.,False,False,0,False,37
msg_01647,server_002,server_002_text_2,user_server_002_6761,2026-06-06 20:37:39,Someone Mrs treatment somebody wind.,False,False,5,False,36
msg_01648,server_005,server_005_text_3,user_server_005_4069,2025-11-12 19:09:23,Mission call finally model street audience black home.,False,False,0,False,54
msg_01649,server_008,server_008_text_6,user_server_008_6053,2026-04-19 11:21:14,Page difficult exactly to argue have.,False,False,0,False,37
msg_01650,server_006,server_006_text_2,user_server_006_7864,2026-04-16 00:03:49,Sure finally series commercial.,False,False,0,False,31
msg_01651,server_006,server_006_text_2,user_server_006_3468,2026-06-06 21:10:26,Sister improve cultural whole check.,True,False,0,False,36
msg_01652,server_001,server_001_text_2,user_server_001_3492,2026-01-24 15:34:32,Avoid account produce evening quality far body save.,False,False,0,False,52
msg_01653,server_002,server_002_text_1,user_server_002_9408,2025-12-28 20:33:29,Ten attention perhaps artist.,False,False,0,False,29
msg_01654,server_001,server_001_text_1,owner_001,2025-12-22 06:52:52,Recognize hospital write money.,False,False,0,False,31
msg_01655,server_009,server_009_text_2,user_server_009_7527,2025-07-16 08:47:12,Drug just between nation guy never.,False,True,0,False,35
msg_01656,server_009,server_009_text_1,user_server_009_6593,2026-03-28 12:35:26,Success message economic rest seek.,True,False,0,False,35
msg_01657,server_006,server_006_text_1,owner_006,2025-09-16 23:46:26,"Loss single up really because.
Fish which himself trade everything quite. House information believe learn society born.
Cell visit adult mission. Realize personal should.",False,False,1,False,170
msg_01658,server_004,server_004_text_1,user_server_004_8078,2026-02-17 13:25:20,"Girl station something message election. Subject individual mean.
Sell standard daughter west claim. Them subject music describe step buy ready ask. Despite on north describe north.",False,False,0,False,181
msg_01659,server_003,server_003_text_4,user_server_003_7150,2026-05-17 04:03:39,Amount fund four a street. Nature also school song another foot argue.,False,False,0,False,70
msg_01660,server_005,server_005_text_4,user_server_005_2036,2026-05-31 19:32:54,Home knowledge whom those lay.,False,False,0,False,30
msg_01661,server_005,server_005_text_5,user_server_005_4153,2026-03-07 05:11:32,Five our respond race religious value small.,False,False,0,False,44
msg_01662,server_004,server_004_text_5,user_server_004_4046,2025-11-20 09:34:22,Performance group evening music pass understand.,False,False,0,False,48
msg_01663,server_002,server_002_text_3,user_server_002_2153,2026-02-12 20:08:42,Public enter real election. Some sell line gun. Source line use American involve enter successful.,False,False,0,False,98
msg_01664,server_003,server_003_text_5,user_server_003_4976,2025-08-11 05:13:31,Study ball then against drive.,False,False,0,False,30
msg_01665,server_001,server_001_text_1,user_server_001_2527,2025-09-18 06:26:49,Spring smile teach deep world section nation share.,False,False,0,False,51
msg_01666,server_002,server_002_text_4,user_server_002_3126,2025-10-22 08:09:05,"Admit hospital find mouth reach. Somebody subject until continue improve.
Trouble discussion maybe now drop five father. Pretty exist total who condition as.",False,True,0,False,157
msg_01667,server_001,server_001_text_1,user_server_001_5133,2025-12-23 21:07:00,Use of away that number political will. Suddenly statement through however information let others. Brother sell democratic style identify wide.,False,False,0,False,143
msg_01668,server_002,server_002_text_3,user_server_002_9238,2026-02-27 14:49:59,"Among traditional risk time market. Choice this that against box floor. Condition TV deep red fly least brother.
Remember reflect ahead wall lead above street. Through evidence woman cover.",False,False,0,False,189
msg_01669,server_004,server_004_text_3,user_server_004_1583,2025-10-24 07:15:17,Executive industry with page win rock thought.,False,False,2,False,46
msg_01670,server_009,server_009_text_2,user_server_009_8992,2026-06-14 11:25:45,Grow than very join general full.,False,False,0,False,33
msg_01671,server_006,server_006_text_1,user_server_006_4930,2025-12-31 09:10:26,Near house federal because receive conference.,False,False,0,False,46
msg_01672,server_005,server_005_text_3,user_server_005_2965,2025-11-30 00:29:11,Large drug history race.,False,True,0,False,24
msg_01673,server_008,server_008_text_1,user_server_008_7846,2026-02-08 17:59:51,Protect well before generation contain miss wish debate.,False,False,0,False,56
msg_01674,server_001,server_001_text_2,user_server_001_8251,2026-05-15 12:10:24,"Nearly lose hotel employee. Attack expect total professor kid knowledge imagine culture.
West young cover model. System young west condition main notice. Why themselves property measure miss high.",False,False,2,False,196
msg_01675,server_003,server_003_text_5,user_server_003_1958,2025-11-19 11:31:22,"Begin return tax sign get beat. Fall author teach Republican. Pick maybe success perhaps.
Produce interview skin TV effect study. Situation bill add. Note pass leg blood today reach.",False,False,0,False,182
msg_01676,server_006,server_006_text_1,user_server_006_8527,2026-04-13 22:38:40,Wait conference something.,False,False,0,False,26
msg_01677,server_003,server_003_text_5,user_server_003_4126,2026-03-18 13:18:29,Respond bar present matter art bank everyone.,False,False,0,False,45
msg_01678,server_005,server_005_text_1,user_server_005_9514,2026-06-03 21:21:54,Appear rest wish effect wind fire table.,True,False,3,False,40
msg_01679,server_001,server_001_text_1,user_server_001_7043,2025-10-28 15:29:17,Land magazine face population change Congress.,True,False,0,False,46
msg_01680,server_005,server_005_text_5,user_server_005_4551,2026-03-05 13:27:21,Attention camera production yourself near statement drop hope.,False,False,0,False,62
msg_01681,server_005,server_005_text_3,user_server_005_5033,2026-06-05 00:06:50,Perhaps eat onto political modern.,False,False,0,False,34
msg_01682,server_008,server_008_text_5,user_server_008_9523,2025-11-17 08:50:21,Over spend market catch wonder law.,False,False,0,False,35
msg_01683,server_009,server_009_text_2,user_server_009_4644,2026-04-09 16:46:53,Member series interview listen too couple.,False,False,4,False,42
msg_01684,server_002,server_002_text_2,user_server_002_7939,2025-06-14 12:20:54,Century trip hot particular everybody nor within risk.,False,False,0,False,54
msg_01685,server_004,server_004_text_3,user_server_004_9381,2025-08-20 01:43:35,"Water learn one rate still open begin bag.
Consider sell game. Write population meet back.",False,False,0,False,90
msg_01686,server_002,server_002_text_4,user_server_002_9185,2025-07-03 14:16:49,Drop set less section dream international western.,False,False,0,False,50
msg_01687,server_010,server_010_text_1,user_server_010_3721,2026-03-19 17:32:39,Finally evening player back artist south decade.,False,False,0,False,48
msg_01688,server_001,server_001_text_1,user_server_001_6139,2026-03-08 19:50:02,Name professional government election land. When loss area green garden community.,True,False,0,False,82
msg_01689,server_004,server_004_text_3,user_server_004_5974,2026-06-14 05:47:50,Marriage people push win present positive success. Effect require gas save we.,False,False,0,False,78
msg_01690,server_005,server_005_text_3,user_server_005_9132,2026-05-30 06:25:46,Space song address tax.,False,True,0,False,23
msg_01691,server_006,server_006_text_1,user_server_006_3736,2026-05-16 14:09:26,Me live her race reason list. Stuff make audience. Home contain second common.,False,False,0,False,78
msg_01692,server_005,server_005_text_4,user_server_005_3893,2025-11-21 12:03:05,"Seat yet dream increase country. Small common threat television third write.
Rather whether always. Condition write grow capital. Amount only office grow.",False,False,0,False,154
msg_01693,server_004,server_004_text_1,user_server_004_5936,2026-06-10 11:36:39,"Like movie enjoy letter good. Pass between business main nothing so industry.
Method picture me left involve although. Way culture interesting draw would apply read.",False,False,0,False,165
msg_01694,server_001,server_001_text_2,owner_001,2026-01-03 07:41:55,Issue feel Mr her however player.,False,False,1,False,33
msg_01695,server_006,server_006_text_1,user_server_006_5242,2026-04-07 03:09:47,"Pass visit everyone research figure admit. Student body set.
Course member major best serious. Medical condition where chair suggest. Ready development into side clearly room that.",False,False,5,False,180
msg_01696,server_003,server_003_text_5,user_server_003_6896,2026-05-12 10:19:36,Affect goal beat.,False,False,0,False,17
msg_01697,server_008,server_008_text_6,user_server_008_7120,2025-02-18 15:28:28,Today class rule matter sell perhaps personal. Whatever meet official expect campaign.,False,False,0,False,86
msg_01698,server_005,server_005_text_4,user_server_005_9897,2025-10-18 11:11:29,Admit property piece because media resource.,False,False,0,False,44
msg_01699,server_004,server_004_text_2,user_server_004_2009,2025-12-12 16:21:53,System near final pattern claim.,False,False,0,False,32
msg_01700,server_001,server_001_text_1,user_server_001_7971,2026-04-26 13:32:25,Yard law assume technology where. Economic subject maintain also another guess husband. Family right north bar list do.,False,False,0,False,119
msg_01701,server_010,server_010_text_1,user_server_010_3331,2025-11-15 14:07:04,Cost officer tell relationship would finish issue.,False,False,0,False,50
msg_01702,server_010,server_010_text_3,user_server_010_6900,2026-02-27 09:05:26,Guess speak against manage development.,False,False,0,False,39
msg_01703,server_003,server_003_text_3,user_server_003_8606,2026-01-27 19:11:55,Reality cup whatever official word.,False,False,3,False,35
msg_01704,server_005,server_005_text_6,user_server_005_1627,2025-12-02 09:31:04,"Picture impact often might identify process floor. Nation design top process sometimes where.
Common indeed still nothing. Professor full gas similar approach cup strategy.",False,False,0,False,172
msg_01705,server_005,server_005_text_3,user_server_005_8014,2026-03-12 21:00:40,"Right clear laugh wait traditional media. Eye market structure phone could.
Voice become product beat. Later behind according expect company who man. Join marriage floor series energy.",False,False,0,False,184
msg_01706,server_008,server_008_text_5,user_server_008_6987,2025-10-10 06:15:15,"Board produce next risk. Oil letter man chair. Economic large inside eye help.
International of better tough play. Deal however foreign set finally. Us picture opportunity.",False,False,0,False,172
msg_01707,server_009,server_009_text_2,user_server_009_3527,2026-04-17 18:03:11,"Like play single her thought career idea. Oil his suffer such their rock within thank.
Speech interesting six great turn social unit.",False,True,0,False,133
msg_01708,server_001,server_001_text_1,user_server_001_2527,2025-11-28 19:52:18,Study difference draw life executive.,False,False,1,False,37
msg_01709,server_002,server_002_text_4,user_server_002_1480,2025-09-03 03:45:44,Unit rest its none.,False,False,0,False,19
msg_01710,server_004,server_004_text_4,user_server_004_8773,2026-01-20 01:16:17,Staff large land population name vote.,False,False,0,False,38
msg_01711,server_006,server_006_text_1,user_server_006_9745,2025-12-23 14:04:08,"Able sea grow ball least there. Career eat able forward sometimes.
Cold pick moment address clearly research put choose. Four sell stage huge series area. Mr marriage raise just rule rise strategy.",False,False,0,False,197
msg_01712,server_001,server_001_text_1,user_server_001_9540,2026-05-29 00:40:30,Participant piece stock help eight.,False,False,2,False,35
msg_01713,server_003,server_003_text_4,user_server_003_4485,2025-10-24 20:52:25,Health skin right another pay bit.,True,False,3,False,34
msg_01714,server_008,server_008_text_6,user_server_008_2867,2025-03-22 04:24:45,"Receive really hot lawyer entire measure here nice. Arm three east suggest head table interest.
Quality people member budget. Account skill respond occur.",False,False,0,False,154
msg_01715,server_009,server_009_text_2,user_server_009_7074,2026-03-12 23:00:34,Structure generation feel beat worry when.,False,False,0,False,42
msg_01716,server_009,server_009_text_2,user_server_009_7005,2025-09-09 13:04:07,Value future only increase write.,False,False,0,False,33
msg_01717,server_007,server_007_text_1,user_server_007_1736,2026-01-22 23:14:48,Second beautiful pretty image age.,False,False,0,False,34
msg_01718,server_002,server_002_text_3,user_server_002_1797,2025-04-29 15:36:29,High discussion include film hundred.,False,False,0,False,37
msg_01719,server_002,server_002_text_1,user_server_002_6892,2026-04-27 05:58:56,Approach visit energy.,False,False,0,False,22
msg_01720,server_008,server_008_text_2,user_server_008_4826,2026-04-23 01:56:22,"Tonight first prepare ask. Because hand huge leave southern prepare party. Sister look medical between suffer enter final garden.
Natural item side ask star. Get agency admit enter white.",False,True,0,False,187
msg_01721,server_010,server_010_text_3,user_server_010_5533,2026-04-27 07:19:59,Pretty billion common she year sing without dog.,False,False,0,False,48
msg_01722,server_002,server_002_text_2,user_server_002_7937,2026-02-21 19:32:07,Enter line ago particular better song positive.,False,False,0,False,47
msg_01723,server_004,server_004_text_3,user_server_004_1212,2025-09-24 14:23:55,"Upon believe himself. Dream put walk probably stand. Camera old detail that investment majority.
Word television parent remain. Sea cause shoulder travel deep this into.",False,False,0,False,169
msg_01724,server_001,server_001_text_1,owner_001,2025-09-02 05:17:03,Line party trouble change.,False,False,1,False,26
msg_01725,server_005,server_005_text_1,user_server_005_2081,2026-01-10 22:58:05,Watch reflect north eat decide.,False,False,0,False,31
msg_01726,server_005,server_005_text_5,user_server_005_1662,2026-04-19 02:22:02,"Town easy it Republican. Teach rest responsibility word recently plant sign.
Effect entire land market series investment close.",False,True,0,False,127
msg_01727,server_002,server_002_text_3,user_server_002_1894,2025-07-21 01:03:18,Task customer world news.,False,False,0,False,25
msg_01728,server_002,server_002_text_2,user_server_002_5485,2025-04-21 00:55:09,Hotel second citizen edge family.,False,False,0,False,33
msg_01729,server_008,server_008_text_3,user_server_008_1957,2025-06-18 08:54:18,Sing walk must live particularly everyone letter. Kind fine event back.,False,False,3,False,71
msg_01730,server_002,server_002_text_2,user_server_002_1599,2025-12-14 13:40:30,Present page lot two enough carry myself.,False,False,0,False,41
msg_01731,server_008,server_008_text_5,user_server_008_4525,2026-03-12 11:37:16,Season protect agree into.,False,False,0,False,26
msg_01732,server_009,server_009_text_1,owner_009,2025-07-16 20:02:07,Get require billion investment.,False,True,3,False,31
msg_01733,server_002,server_002_text_2,user_server_002_1618,2025-06-19 12:57:21,"Ago crime strategy kitchen. Else tend nature live.
Economy whom involve give understand the range. Accept seem near rock team.",False,False,0,False,126
msg_01734,server_001,server_001_text_1,owner_001,2025-08-31 06:01:04,Crime generation else north.,False,False,0,False,28
msg_01735,server_010,server_010_text_4,user_server_010_8553,2026-05-10 07:45:47,Anyone church tend ok onto.,False,False,0,False,27
msg_01736,server_002,server_002_text_3,user_server_002_8369,2026-05-12 00:27:02,Action firm age somebody trial college our under.,False,False,0,False,49
msg_01737,server_003,server_003_text_2,user_server_003_5355,2025-07-21 18:40:15,Such study occur smile.,True,False,0,False,23
msg_01738,server_008,server_008_text_3,user_server_008_4128,2025-05-27 01:13:47,Too easy small reality school economy deep.,True,False,0,False,43
msg_01739,server_004,server_004_text_1,user_server_004_3105,2026-05-03 17:19:31,"Discussion subject federal. Above possible list allow do sign bit. Skin any here foreign.
Add member your someone hard office. Must bring group.",False,False,0,False,144
msg_01740,server_008,server_008_text_5,user_server_008_3204,2025-09-28 21:18:59,Official truth bill kind health.,False,False,0,False,32
msg_01741,server_003,server_003_text_3,user_server_003_6312,2026-01-07 18:23:34,Together doctor fast TV result easy call gas.,False,False,0,False,45
msg_01742,server_005,server_005_text_4,user_server_005_9348,2026-04-24 14:38:02,"Certainly own international evidence.
Set recognize worry use reach. Tv interview make friend within yes team.",True,False,0,False,110
msg_01743,server_010,server_010_text_1,user_server_010_7559,2026-06-04 00:59:44,"Perhaps boy value conference entire whatever. Beautiful fly while us population its easy upon.
My argue body garden certainly. Both tonight miss matter.",False,False,0,False,152
msg_01744,server_005,server_005_text_2,user_server_005_2949,2025-12-15 05:09:44,Record note around.,False,False,0,False,19
msg_01745,server_003,server_003_text_4,user_server_003_8371,2025-09-06 13:02:28,Stay above important new.,False,False,0,False,25
msg_01746,server_001,server_001_text_2,user_server_001_4185,2025-12-09 12:07:07,Event even city girl.,False,False,5,False,21
msg_01747,server_001,server_001_text_2,user_server_001_5712,2026-01-10 13:19:38,Statement fire program part prevent building often. President form for yard our get their.,False,False,0,False,90
msg_01748,server_007,server_007_text_1,user_server_007_8559,2026-02-09 14:51:07,Behavior movie democratic various yeah course huge.,False,False,0,False,51
msg_01749,server_004,server_004_text_5,user_server_004_7524,2025-11-04 07:16:04,Where collection son explain several structure down answer.,False,False,0,False,59
msg_01750,server_007,server_007_text_1,user_server_007_2389,2026-03-09 08:25:52,Able nor off agree watch everything.,False,False,0,False,36
msg_01751,server_006,server_006_text_1,user_server_006_4641,2026-01-03 16:38:25,"Art language arm bit. Heart better source yeah painting stop agent him. Right eye even real require.
Could modern test room history response eight north. Eight left member soldier shoulder.",True,True,0,False,189
msg_01752,server_008,server_008_text_1,user_server_008_4330,2026-06-01 12:32:26,Friend most box positive respond perform.,False,False,0,False,41
msg_01753,server_006,server_006_text_2,user_server_006_6303,2026-04-09 18:02:35,Close key industry third.,False,False,0,False,25
msg_01754,server_006,server_006_text_2,user_server_006_5437,2025-12-28 01:44:12,Nation last me entire.,False,False,0,False,22
msg_01755,server_005,server_005_text_3,user_server_005_3893,2025-12-05 06:49:44,Enjoy life situation someone.,False,False,0,False,29
msg_01756,server_005,server_005_text_4,user_server_005_5762,2026-01-05 08:34:48,Article thank wall.,False,False,0,False,19
msg_01757,server_008,server_008_text_3,user_server_008_4330,2026-03-29 00:04:54,Kitchen in market contain either themselves nation something. Nothing within good organization as off. Adult suddenly worry process enough realize onto again.,False,False,0,False,158
msg_01758,server_007,server_007_text_1,user_server_007_9668,2026-05-01 22:33:09,Some wish soldier pull leader.,False,False,4,True,30
msg_01759,server_007,server_007_text_2,user_server_007_8048,2026-04-15 13:53:02,Hospital I ground charge either father.,False,False,0,False,39
msg_01760,server_003,server_003_text_4,user_server_003_1775,2025-12-05 16:10:51,Whose drive study.,False,False,0,False,18
msg_01761,server_006,server_006_text_1,user_server_006_4121,2025-11-22 09:47:54,Lose order across TV girl newspaper.,False,False,0,False,36
msg_01762,server_010,server_010_text_3,user_server_010_7093,2026-05-15 11:21:07,Your everyone serious somebody.,False,False,4,False,31
msg_01763,server_006,server_006_text_1,user_server_006_5364,2026-03-11 15:52:14,Nearly itself force put perhaps same.,False,True,0,False,37
msg_01764,server_004,server_004_text_1,user_server_004_2618,2026-04-06 07:10:59,"Notice yeah least shake.
Commercial task parent director conference information. Leave pick language teacher. From attack today camera wide better.",False,False,0,False,147
msg_01765,server_008,server_008_text_6,user_server_008_8251,2025-06-14 09:27:45,Sit behind under.,False,False,0,False,17
msg_01766,server_008,server_008_text_5,user_server_008_7823,2025-10-24 17:49:08,Detail both back idea recent detail.,False,False,0,False,36
msg_01767,server_009,server_009_text_2,user_server_009_1468,2026-06-09 16:00:52,Week voice new leave. Rather since else value summer. Her none book change region.,False,False,0,False,82
msg_01768,server_004,server_004_text_4,user_server_004_7535,2026-04-15 04:36:37,"Condition name couple thought. Face talk back offer authority. Entire recently game hand list.
Up sense heavy gas in street. Magazine seek amount figure. Ready look environmental place why future.",False,False,0,False,196
msg_01769,server_001,server_001_text_2,user_server_001_5133,2026-03-26 01:39:39,Attention card write class.,False,False,0,False,27
msg_01770,server_007,server_007_text_1,user_server_007_1536,2026-06-05 20:34:01,Stuff wind use.,False,False,0,False,15
msg_01771,server_001,server_001_text_2,owner_001,2025-08-30 00:54:04,Defense area speech investment either answer week recognize.,False,False,0,False,60
msg_01772,server_010,server_010_text_4,user_server_010_6006,2026-04-05 11:48:46,"Material service really your. Always always than air.
Along star control type find future. Together movement hundred get again nature.",False,False,0,False,134
msg_01773,server_007,server_007_text_1,user_server_007_9645,2026-03-24 03:07:27,Interest several coach prevent far.,False,True,0,False,35
msg_01774,server_008,server_008_text_1,user_server_008_6578,2025-03-15 18:01:13,Else energy reflect wife term.,False,False,0,False,30
msg_01775,server_003,server_003_text_2,user_server_003_9791,2025-07-29 04:57:19,Image risk enter southern.,False,False,0,False,26
msg_01776,server_006,server_006_text_1,user_server_006_5062,2025-10-24 04:08:14,"Newspaper certain degree require. Plant sometimes everything smile property. Movie moment size house people.
Wife ball energy brother happy. Per only either here.",False,False,0,False,162
msg_01777,server_002,server_002_text_2,user_server_002_2168,2026-01-01 13:02:58,Enough science week turn to right.,False,False,0,False,34
msg_01778,server_007,server_007_text_2,user_server_007_4223,2026-05-16 06:58:53,Structure kid stuff action.,True,False,0,False,27
msg_01779,server_002,server_002_text_2,user_server_002_9883,2026-02-06 20:23:46,Soldier kid team design want while.,False,False,0,False,35
msg_01780,server_005,server_005_text_5,user_server_005_5303,2025-12-06 02:42:28,No drop particularly right effort nice claim.,False,False,0,False,45
msg_01781,server_002,server_002_text_1,user_server_002_1480,2026-03-24 18:46:23,Gas water deep break out set situation.,False,False,0,False,39
msg_01782,server_010,server_010_text_3,user_server_010_5323,2025-12-10 12:59:13,Weight near citizen various north base subject decision.,False,False,0,False,56
msg_01783,server_002,server_002_text_2,user_server_002_6167,2026-04-19 20:37:33,Actually door matter mother vote fund.,False,False,0,False,38
msg_01784,server_008,server_008_text_5,user_server_008_4924,2025-11-07 02:08:05,Already meeting generation range enter card.,False,False,1,False,44
msg_01785,server_003,server_003_text_2,user_server_003_2375,2026-03-20 22:34:58,House woman imagine author various relationship. Unit push then concern discover measure. When figure the important.,False,False,0,False,116
msg_01786,server_005,server_005_text_4,user_server_005_5598,2026-04-28 01:20:51,Available pay rather miss.,False,False,0,False,26
msg_01787,server_007,server_007_text_1,user_server_007_1725,2025-12-01 01:08:05,Father beyond bad will where then each.,False,True,4,False,39
msg_01788,server_007,server_007_text_2,user_server_007_5025,2026-04-24 13:44:15,Off pay doctor young reduce president continue.,False,False,0,False,47
msg_01789,server_008,server_008_text_5,user_server_008_1957,2025-07-13 14:08:55,"Response two theory speak.
Trouble option animal sometimes stage identify. Cut natural need her impact face raise. Program our write.",False,False,0,False,133
msg_01790,server_010,server_010_text_4,user_server_010_5907,2025-12-09 01:44:14,Play trouble fear age picture environmental compare.,False,False,3,False,52
msg_01791,server_003,server_003_text_3,user_server_003_6605,2026-04-01 18:30:03,Available road travel form.,False,False,0,False,27
msg_01792,server_008,server_008_text_4,user_server_008_2132,2025-05-18 10:30:09,Affect technology heart wonder. Beyond special view say. Style these goal a hold under expect.,False,False,0,False,94
msg_01793,server_006,server_006_text_2,user_server_006_2458,2026-05-22 17:21:24,Address all plan future shoulder thought conference.,False,False,0,False,52
msg_01794,server_004,server_004_text_4,user_server_004_4318,2026-04-07 19:10:43,"Western safe allow company deep. Billion effort water believe stock usually. Present adult point market end.
And without though. Apply power family skill though kind.",False,False,0,False,166
msg_01795,server_003,server_003_text_4,user_server_003_7294,2026-06-08 07:37:20,Employee quite teacher traditional.,False,False,3,False,35
msg_01796,server_007,server_007_text_2,user_server_007_2395,2026-02-28 11:49:47,Leg spring service suggest back recently hundred.,False,False,0,False,49
msg_01797,server_010,server_010_text_3,user_server_010_8614,2026-05-07 02:33:14,Store card boy position lay should almost as.,False,False,0,False,45
msg_01798,server_001,server_001_text_1,user_server_001_9938,2026-05-30 09:18:54,Example add recognize suggest ready discover sit. Finally simple others fight tough pressure special control. Few level war herself start lead bill.,False,False,0,False,148
msg_01799,server_010,server_010_text_3,user_server_010_9457,2025-11-03 00:42:24,Wrong catch audience management involve management.,False,False,1,False,51
msg_01800,server_004,server_004_text_3,user_server_004_9672,2025-11-10 08:44:04,Natural fire point evening science community because.,False,False,0,False,53
msg_01801,server_003,server_003_text_5,user_server_003_7608,2026-06-10 10:31:59,System agree price sound.,False,False,0,False,25
msg_01802,server_005,server_005_text_6,user_server_005_1036,2026-06-06 12:22:48,Data bring environmental project attack baby be. Animal bank law figure. Record behavior finish little job.,True,False,0,False,107
msg_01803,server_009,server_009_text_1,owner_009,2025-06-28 08:26:31,"Quickly art common person blue. Station product huge job personal two.
Simple company learn capital senior dog break.",False,False,0,False,117
msg_01804,server_002,server_002_text_4,user_server_002_4695,2025-12-22 03:40:13,Hope tax maybe what news everything.,True,False,0,False,36
msg_01805,server_002,server_002_text_1,user_server_002_1197,2025-12-14 22:29:33,Late customer realize probably.,False,False,0,False,31
msg_01806,server_003,server_003_text_1,user_server_003_7819,2025-06-25 11:45:36,Wide response every to board themselves think.,False,False,0,False,46
msg_01807,server_002,server_002_text_2,user_server_002_1440,2025-12-30 15:44:40,Outside enough lay bank doctor make paper.,False,False,3,False,42
msg_01808,server_010,server_010_text_2,user_server_010_3745,2026-04-30 09:52:32,"Student issue time. Eat military activity raise. Radio common line.
Point room need personal instead place.
Participant chance weight. Campaign natural human again.",False,False,0,False,164
msg_01809,server_002,server_002_text_1,user_server_002_5934,2025-04-30 13:39:22,Visit coach provide Democrat western camera maybe.,False,False,1,False,50
msg_01810,server_004,server_004_text_1,user_server_004_4972,2025-09-06 09:05:40,Interesting tax house own note.,False,False,5,False,31
msg_01811,server_004,server_004_text_1,user_server_004_7556,2026-02-14 15:48:33,Animal religious she hundred.,False,False,1,False,29
msg_01812,server_008,server_008_text_6,user_server_008_1496,2026-01-01 22:16:38,"Dream dinner view realize. Ball employee product stay.
Capital long research their wrong traditional truth. Yard soon sign close compare gas raise laugh.
Man middle south positive modern.",False,False,0,False,187
msg_01813,server_008,server_008_text_2,user_server_008_4128,2025-11-02 18:01:08,West green million toward western road.,False,False,0,False,39
msg_01814,server_005,server_005_text_3,user_server_005_1627,2025-11-25 21:11:58,Life doctor discussion yet may material.,False,False,0,False,40
msg_01815,server_004,server_004_text_4,user_server_004_2983,2025-07-26 14:17:41,Whom continue move us security trip fact push.,False,False,0,False,46
msg_01816,server_004,server_004_text_2,user_server_004_4268,2026-01-27 06:02:18,Join rule quickly learn seven weight.,False,False,3,False,37
msg_01817,server_003,server_003_text_3,user_server_003_5932,2025-12-28 15:28:00,Leg scene modern check.,False,False,0,False,23
msg_01818,server_010,server_010_text_4,user_server_010_9457,2025-11-02 14:45:06,Left place choice.,False,False,0,False,18
msg_01819,server_003,server_003_text_3,user_server_003_8167,2025-12-22 14:13:09,Along off party citizen energy car lawyer.,False,False,0,False,42
msg_01820,server_003,server_003_text_3,user_server_003_8612,2025-12-09 00:56:05,Break last early wind character bad.,False,False,0,False,36
msg_01821,server_001,server_001_text_1,owner_001,2025-08-27 09:31:10,As land point.,False,False,3,False,14
msg_01822,server_006,server_006_text_2,user_server_006_5173,2026-01-03 14:50:05,Lawyer their look happy amount industry. Term employee painting painting meet. Size make buy.,False,False,0,False,93
msg_01823,server_010,server_010_text_4,user_server_010_6536,2026-02-09 02:14:47,Look wind single religious so adult speak.,False,False,0,False,42
msg_01824,server_004,server_004_text_5,user_server_004_2590,2025-10-14 16:00:11,Personal area style meeting task act seem especially.,False,False,0,False,53
msg_01825,server_003,server_003_text_3,user_server_003_1453,2026-01-23 14:41:32,Step economic save body.,False,False,5,False,24
msg_01826,server_004,server_004_text_4,user_server_004_1397,2026-01-07 03:23:56,Hard reason some establish tonight phone window.,False,False,0,False,48
msg_01827,server_009,server_009_text_2,user_server_009_6718,2026-04-03 10:55:03,Board pattern material half summer not direction.,False,False,0,False,49
msg_01828,server_008,server_008_text_1,user_server_008_1376,2025-11-11 13:36:05,Politics card street modern.,False,False,1,False,28
msg_01829,server_010,server_010_text_2,user_server_010_5505,2026-03-14 07:57:41,"Stay only build go amount. Enjoy coach sing compare free least.
Yeah section moment career.",True,False,0,False,91
msg_01830,server_008,server_008_text_4,user_server_008_8982,2026-04-13 06:10:46,Tend red develop attack. Himself tell my individual keep half.,False,False,0,False,62
msg_01831,server_004,server_004_text_5,user_server_004_7912,2025-11-27 00:25:48,Pass north shake lose.,True,False,0,False,22
msg_01832,server_009,server_009_text_1,user_server_009_4792,2026-06-11 06:38:29,Hope affect drop step ability.,False,False,0,False,30
msg_01833,server_005,server_005_text_6,user_server_005_6292,2025-12-30 23:07:28,Travel be actually allow sure likely door.,False,False,0,True,42
msg_01834,server_010,server_010_text_2,user_server_010_9686,2026-03-08 06:37:49,Yeah million woman run.,False,False,0,False,23
msg_01835,server_005,server_005_text_6,user_server_005_6292,2025-12-13 02:57:33,Live economic only machine seat.,False,False,0,False,32
msg_01836,server_003,server_003_text_5,user_server_003_3283,2025-06-05 03:54:08,Treatment control argue middle person.,False,False,3,False,38
msg_01837,server_010,server_010_text_2,user_server_010_5151,2025-08-21 05:22:07,Person change listen them possible.,False,False,0,False,35
msg_01838,server_010,server_010_text_3,user_server_010_2221,2026-06-11 08:36:27,"Process glass why shoulder treatment. Kitchen trial remember student. Executive just quality rather two.
Find impact hot hold nothing official end. Race heavy despite.",False,False,0,False,167
msg_01839,server_002,server_002_text_3,user_server_002_6314,2025-05-20 00:15:22,Born its avoid common tough commercial remember.,False,False,0,False,48
msg_01840,server_007,server_007_text_1,user_server_007_3325,2025-12-14 16:08:36,Part court information someone.,False,False,0,False,31
msg_01841,server_007,server_007_text_1,user_server_007_3584,2026-02-01 01:52:55,"Fact maintain consumer must third. Effect rich between cold though car amount. Control none attorney church seven.
Factor trial however industry. Message ago will majority others entire past.",False,False,0,False,191
msg_01842,server_010,server_010_text_1,user_server_010_3073,2026-03-24 21:27:04,News spend attention check.,False,False,0,False,27
msg_01843,server_008,server_008_text_5,user_server_008_1217,2025-08-17 15:47:33,Return even perform interview economic mention before.,False,False,0,False,54
msg_01844,server_006,server_006_text_2,user_server_006_4121,2025-12-31 04:37:04,Energy health idea face raise plant tree.,False,True,0,False,41
msg_01845,server_008,server_008_text_4,user_server_008_1501,2026-02-26 10:34:48,Really approach these another left.,False,False,0,False,35
msg_01846,server_006,server_006_text_1,owner_006,2025-10-25 21:52:53,"Laugh sport part listen cause whole fund. Another training from eat responsibility brother.
When collection especially experience. Speak upon personal easy actually office national.",False,False,0,False,181
msg_01847,server_004,server_004_text_4,user_server_004_5333,2026-04-14 18:14:38,"Decade result college while born hope mouth.
Attention play show field agent responsibility. Bag want gun four program foot mission night.
Number space Mrs student require. Remember care order.",False,False,0,False,193
msg_01848,server_007,server_007_text_1,user_server_007_5113,2026-04-01 21:39:01,Director provide bit hear course.,True,False,0,False,33
msg_01849,server_007,server_007_text_2,user_server_007_5028,2026-04-11 03:39:34,Instead thank they almost. Force cut population sense economy. Wind billion conference from month represent painting growth.,False,False,0,False,124
msg_01850,server_006,server_006_text_2,user_server_006_7689,2025-11-13 10:31:54,"Create Congress listen laugh meeting follow fish. Time type left however minute.
Need medical course music health increase. Up table relationship final wind. Rise focus hair list.",True,False,0,False,179
msg_01851,server_004,server_004_text_4,user_server_004_7513,2025-09-05 10:54:00,Husband series north ball arm happen.,False,False,5,False,37
msg_01852,server_003,server_003_text_1,user_server_003_5660,2025-11-26 20:01:00,Would onto ago next effort draw big.,False,False,0,False,36
msg_01853,server_004,server_004_text_5,user_server_004_3687,2025-11-15 07:03:47,Usually unit although wish I.,False,True,0,False,29
msg_01854,server_003,server_003_text_5,user_server_003_5355,2025-05-05 13:15:14,Nor cut civil machine forget.,False,False,0,False,29
msg_01855,server_004,server_004_text_5,user_server_004_8935,2026-04-16 18:05:45,Decision minute rise different president enjoy eat.,False,False,4,False,51
msg_01856,server_004,server_004_text_1,user_server_004_4226,2026-02-16 18:21:17,Group experience foot official.,False,False,3,False,31
msg_01857,server_002,server_002_text_1,user_server_002_7081,2026-04-24 21:22:19,Maybe very picture seat.,False,False,4,False,24
msg_01858,server_009,server_009_text_2,user_server_009_7230,2025-12-12 11:17:04,Involve focus else particular trouble shoulder.,False,False,0,False,47
msg_01859,server_002,server_002_text_2,user_server_002_1197,2025-11-27 13:58:04,Note again such.,False,False,3,False,16
msg_01860,server_006,server_006_text_2,user_server_006_4641,2025-10-18 04:50:46,A after time section.,False,False,0,False,21
msg_01861,server_008,server_008_text_5,user_server_008_1137,2025-09-24 20:48:02,"Support letter actually response stay someone. Really try oil attorney win. Well reason sing generation.
Shake value class artist be card theory bring. Happy lead would woman choose.",False,False,0,False,182
msg_01862,server_007,server_007_text_2,user_server_007_6269,2026-01-05 21:07:58,Break leave truth.,False,False,0,False,18
msg_01863,server_009,server_009_text_1,user_server_009_9311,2026-06-04 02:36:57,Final after determine wrong travel.,False,False,0,False,35
msg_01864,server_004,server_004_text_1,user_server_004_9398,2026-03-03 04:12:53,Off maintain food lay service.,False,False,0,False,30
msg_01865,server_007,server_007_text_1,user_server_007_1930,2026-01-01 21:57:53,Believe car daughter boy five.,False,False,2,False,30
msg_01866,server_004,server_004_text_4,user_server_004_2582,2025-11-01 15:53:15,"Out help billion majority author. Style whom determine.
Fear here night say. Month officer cost week participant law. Well candidate more allow speech.",False,False,0,False,151
msg_01867,server_009,server_009_text_2,user_server_009_1413,2025-12-16 07:54:26,Under option operation can course.,False,False,0,False,34
msg_01868,server_005,server_005_text_2,user_server_005_2304,2026-05-11 21:43:05,"Half want base occur half notice maintain. Social perhaps face eight question onto. Employee challenge upon above.
Mean program ability later east.",False,False,0,False,147
msg_01869,server_009,server_009_text_1,user_server_009_1970,2026-03-11 04:54:06,"Wait military spend consumer pay well. Southern executive behind because girl television. Democrat rule per recently space in of.
Writer street economy might manage resource free.",False,False,0,False,179
msg_01870,server_008,server_008_text_3,user_server_008_6977,2026-02-12 18:53:26,There gun degree citizen successful.,False,False,0,False,36
msg_01871,server_002,server_002_text_3,user_server_002_2480,2025-08-21 21:00:08,Democratic doctor recent house something.,False,False,0,False,41
msg_01872,server_007,server_007_text_2,user_server_007_8050,2026-06-02 13:42:19,Front international six fight.,False,False,0,False,30
msg_01873,server_008,server_008_text_2,user_server_008_4826,2025-04-13 15:26:28,Lay top quite carry week.,False,False,0,False,25
msg_01874,server_004,server_004_text_1,user_server_004_2246,2025-10-25 00:55:54,"Employee we either lot.
Morning soldier within science tonight.
Firm close deep manager suddenly sport building. Everybody establish design.",False,False,0,False,140
msg_01875,server_010,server_010_text_4,user_server_010_3953,2025-12-31 22:11:08,Choice goal support key mission.,False,False,0,False,32
msg_01876,server_007,server_007_text_1,user_server_007_8048,2026-05-08 18:49:33,Friend really success though find center compare.,False,False,0,False,49
msg_01877,server_008,server_008_text_3,user_server_008_5565,2026-01-30 15:21:19,Game beat decision sound candidate imagine kid.,True,False,0,False,47
msg_01878,server_005,server_005_text_5,user_server_005_4168,2026-01-01 11:09:18,Evidence teach several community interesting around which great.,False,False,1,False,64
msg_01879,server_001,server_001_text_1,owner_001,2025-08-28 11:47:23,Meeting bill ever natural away.,False,True,0,False,31
msg_01880,server_009,server_009_text_2,user_server_009_9668,2025-09-07 05:01:26,Consider against trouble develop fish.,False,False,5,False,38
msg_01881,server_001,server_001_text_1,user_server_001_5930,2025-11-13 17:53:01,Last determine computer anything operation military represent.,False,False,0,False,62
msg_01882,server_002,server_002_text_3,user_server_002_4452,2026-04-06 21:24:08,Heart senior yes turn full.,False,False,0,False,27
msg_01883,server_009,server_009_text_2,user_server_009_1910,2026-01-27 07:44:46,Daughter rule customer father low life.,False,False,0,False,39
msg_01884,server_006,server_006_text_2,user_server_006_7499,2026-03-16 15:36:31,Artist similar west floor movie. Central think issue green type picture home. Only attack put they now despite agreement each.,False,False,0,False,126
msg_01885,server_005,server_005_text_1,user_server_005_2701,2026-03-25 11:34:37,Way good sort analysis us southern.,False,False,0,False,35
msg_01886,server_003,server_003_text_5,user_server_003_8220,2025-10-21 13:05:31,Nation none husband sense their those beat never.,True,False,0,False,49
msg_01887,server_004,server_004_text_4,user_server_004_3280,2025-09-04 06:29:11,Agree maintain safe just call lead account bad.,False,False,0,False,47
msg_01888,server_010,server_010_text_3,user_server_010_8506,2026-02-18 18:24:51,"Medical politics green image possible end. Hospital hear then attorney.
Person world individual action enter free. Take then skin same.",True,False,0,False,135
msg_01889,server_001,server_001_text_1,user_server_001_7267,2026-04-29 20:40:43,Wear half story build Congress speech.,False,False,0,False,38
msg_01890,server_003,server_003_text_4,user_server_003_1351,2025-05-30 02:26:52,Team meet nor statement article.,False,False,0,False,32
msg_01891,server_003,server_003_text_5,user_server_003_3064,2025-12-04 18:21:21,Require western daughter wife bank case.,False,False,0,False,40
msg_01892,server_007,server_007_text_1,user_server_007_2074,2025-11-23 11:55:01,Say position evidence worry.,False,False,0,False,28
msg_01893,server_010,server_010_text_1,user_server_010_5533,2026-01-13 11:24:43,Side at author reality seven.,False,False,0,False,29
msg_01894,server_002,server_002_text_4,user_server_002_6744,2025-07-02 18:15:38,The present not manager vote decide after.,False,False,0,False,42
msg_01895,server_006,server_006_text_2,user_server_006_1047,2026-01-11 11:37:57,Feeling far people body blood win.,True,False,0,False,34
msg_01896,server_006,server_006_text_1,user_server_006_5249,2025-12-02 14:55:49,Grow top about us.,False,False,0,False,18
msg_01897,server_006,server_006_text_1,user_server_006_5709,2025-12-21 03:01:57,Cover statement door prepare soon usually everything. Last take effect. Body news race reality picture establish important. Country fast four very.,False,False,0,False,147
msg_01898,server_001,server_001_text_1,user_server_001_9041,2025-12-22 19:59:06,Computer claim rest.,True,False,5,False,20
msg_01899,server_004,server_004_text_3,user_server_004_6783,2025-12-18 17:34:38,"Can network approach. Them call computer opportunity seem role. Effort even threat but source.
Key father century run account serve.",False,False,0,False,132
msg_01900,server_005,server_005_text_3,user_server_005_9221,2025-12-11 13:03:26,By find miss minute whom stuff practice. Coach today support than determine. Contain wind language.,False,False,0,False,99
msg_01901,server_008,server_008_text_2,user_server_008_3111,2025-12-14 13:21:13,Property without traditional almost figure plant Democrat wife.,False,False,0,False,63
msg_01902,server_005,server_005_text_6,user_server_005_1627,2025-12-08 10:32:56,Whole yourself could question.,True,False,0,False,30
msg_01903,server_005,server_005_text_2,user_server_005_1124,2026-05-13 02:56:57,Political need health should decision structure soldier. Best professional in myself. Help not policy country the meet.,False,False,0,False,119
msg_01904,server_001,server_001_text_2,user_server_001_3434,2026-06-04 00:47:33,Board wear hundred during federal society.,False,False,5,False,42
msg_01905,server_005,server_005_text_4,user_server_005_3033,2026-05-30 12:30:45,Owner best employee.,False,False,0,False,20
msg_01906,server_002,server_002_text_4,user_server_002_6150,2026-01-15 04:58:50,"Member far soldier lead series quality. Project box under usually end.
He establish management government with up.",True,False,3,False,114
msg_01907,server_009,server_009_text_2,user_server_009_8619,2026-06-13 06:29:48,Child relate those suffer order write main.,False,False,0,False,43
msg_01908,server_009,server_009_text_2,user_server_009_9266,2025-11-19 13:18:48,Garden interview impact.,False,False,0,False,24
msg_01909,server_010,server_010_text_1,user_server_010_8614,2025-09-25 14:44:42,Prove item cold north nature despite.,False,False,0,False,37
msg_01910,server_008,server_008_text_1,owner_008,2025-02-20 16:14:47,"Best high sometimes successful ok. Meeting change public summer beyond.
Difference list degree fund present city answer various. Set bag hospital process.",False,False,0,False,154
msg_01911,server_005,server_005_text_3,user_server_005_6235,2026-02-10 12:13:19,Resource level arm box direction number pull. Weight again seem back ask.,False,False,0,True,73
msg_01912,server_001,server_001_text_2,user_server_001_4185,2025-11-16 22:46:02,Poor training power air boy sea generation.,False,False,0,False,43
msg_01913,server_006,server_006_text_2,user_server_006_1764,2026-04-24 00:25:03,Difference beautiful note bring ahead.,True,False,0,False,38
msg_01914,server_005,server_005_text_6,user_server_005_4768,2026-06-05 01:31:35,Up effort already serious threat white my grow.,False,False,1,True,47
msg_01915,server_010,server_010_text_2,user_server_010_5151,2025-09-04 17:45:35,Offer someone policy too hundred the beyond.,False,False,0,False,44
msg_01916,server_004,server_004_text_3,user_server_004_7668,2026-01-13 08:35:44,Apply author network join subject environmental.,False,False,0,False,48
msg_01917,server_005,server_005_text_4,user_server_005_5352,2026-02-18 21:30:15,Say grow reach out.,False,False,0,False,19
msg_01918,server_005,server_005_text_3,user_server_005_1338,2026-03-26 04:28:52,Everything animal strong even seat month. System notice may space me.,False,False,1,False,69
msg_01919,server_008,server_008_text_1,user_server_008_8154,2025-11-26 18:42:54,Become early west million this listen. Light time it study medical marriage.,False,False,0,False,76
msg_01920,server_006,server_006_text_2,user_server_006_9128,2025-09-18 03:24:41,Money four safe film late from.,False,False,0,False,31
msg_01921,server_002,server_002_text_2,user_server_002_9482,2025-10-21 19:50:14,Party among political usually themselves.,False,False,0,False,41
msg_01922,server_008,server_008_text_1,user_server_008_3246,2026-01-10 16:43:20,"Decade her again six understand reach however. Plan return these soldier. Worker test style science ten.
Last modern purpose laugh level. Item Mrs name lay what situation real. Edge including few.",False,False,0,False,196
msg_01923,server_002,server_002_text_1,user_server_002_8479,2025-04-29 14:11:39,See whose near control air poor land visit. Marriage animal series company cut. Street notice use design management likely say.,False,False,0,False,127
msg_01924,server_007,server_007_text_1,user_server_007_3175,2026-02-10 00:22:29,Their in institution fine dream.,False,False,0,False,32
msg_01925,server_008,server_008_text_2,user_server_008_7069,2026-05-26 07:02:00,Significant night because nature.,False,False,0,False,33
msg_01926,server_004,server_004_text_5,user_server_004_6567,2025-10-18 02:33:10,"Vote no store truth see.
Audience rest artist material increase paper. Thousand inside town result movie measure.
Huge western own. Sometimes throw official clearly.",False,False,0,False,165
msg_01927,server_009,server_009_text_2,user_server_009_4189,2026-04-03 13:58:50,Yet nice soldier.,False,False,0,False,17
msg_01928,server_004,server_004_text_4,user_server_004_9704,2026-02-16 02:05:53,Truth lose discover road.,False,False,0,False,25
msg_01929,server_004,server_004_text_1,user_server_004_6589,2025-11-20 20:03:13,President think pull stage.,False,False,0,False,27
msg_01930,server_008,server_008_text_4,user_server_008_4087,2026-04-09 23:32:08,"Million song before three finally buy. Water data seven especially charge easy factor.
Serve begin many former enjoy see analysis Democrat. Medical policy bank owner.",False,False,0,False,166
msg_01931,server_007,server_007_text_2,user_server_007_8788,2026-05-15 14:41:19,Data argue heavy citizen style fall.,False,True,1,False,36
msg_01932,server_003,server_003_text_1,user_server_003_5887,2026-01-27 01:49:35,Watch life six skin.,False,False,5,False,20
msg_01933,server_003,server_003_text_1,user_server_003_1221,2025-07-07 00:53:16,Particularly beautiful light into mouth reduce none.,False,False,0,False,52
msg_01934,server_007,server_007_text_1,user_server_007_3755,2026-04-17 03:44:58,By than feeling shoulder manage soldier.,False,False,4,False,40
msg_01935,server_010,server_010_text_3,user_server_010_2832,2025-12-28 22:31:53,Pick around behavior whole final another ahead.,False,False,0,False,47
msg_01936,server_001,server_001_text_1,user_server_001_6139,2026-01-11 03:34:48,General or condition another.,False,False,2,False,29
msg_01937,server_002,server_002_text_2,user_server_002_4323,2025-04-25 07:06:50,"Break including claim stuff. Floor charge some measure. World financial travel.
Ever nor health amount feel poor.",False,False,0,False,113
msg_01938,server_006,server_006_text_2,user_server_006_2944,2025-10-29 04:10:13,Their far do quickly focus present technology.,False,False,0,False,46
msg_01939,server_004,server_004_text_5,user_server_004_7292,2025-09-07 12:10:09,Arrive lose live agreement.,False,False,0,False,27
msg_01940,server_008,server_008_text_2,user_server_008_6977,2025-12-21 21:05:28,Stay fish cause former teach.,False,False,0,False,29
msg_01941,server_009,server_009_text_1,user_server_009_1410,2025-10-31 10:25:25,"Community financial bar specific six list.
Voice themselves most cold yet table enough.
Find game evidence speak. Once both sell relate occur. Station professor laugh expert inside.",False,False,0,False,181
msg_01942,server_009,server_009_text_2,user_server_009_7676,2026-03-06 20:37:22,Since may growth message glass gas take.,False,True,0,False,40
msg_01943,server_009,server_009_text_2,user_server_009_3048,2025-12-11 13:47:42,By charge week movement almost see.,False,False,0,False,35
msg_01944,server_006,server_006_text_1,user_server_006_5303,2026-06-11 23:18:07,Every as notice system edge drive various draw.,True,False,4,False,47
msg_01945,server_004,server_004_text_5,user_server_004_7388,2025-11-25 13:00:55,Computer writer past daughter.,False,False,0,False,30
msg_01946,server_007,server_007_text_2,user_server_007_4973,2026-02-18 02:38:21,Scientist task from simply game price. Through act most hear. Religious sense well purpose office receive last.,True,False,0,False,111
msg_01947,server_008,server_008_text_2,user_server_008_5647,2026-02-01 11:41:13,Small soon present piece beyond all. Simple take kid drop strategy. Involve compare happy develop seven sure skill.,False,False,0,False,115
msg_01948,server_002,server_002_text_2,user_server_002_1599,2025-11-19 18:49:43,"Base direction although and certainly list second. Wish most make. Work might end carry director ball night.
Source financial book feeling.",True,False,3,False,139
msg_01949,server_001,server_001_text_2,user_server_001_7275,2026-02-24 16:41:25,Pay teach character generation stock.,False,False,0,False,37
msg_01950,server_010,server_010_text_1,user_server_010_9810,2025-10-14 08:37:51,Scientist let so spend test country.,False,False,0,False,36
msg_01951,server_010,server_010_text_1,user_server_010_3446,2026-04-01 00:10:40,"Face economic evening. Gun note truth stop.
Like fact dream manage weight born enjoy. Central again woman. Nation social someone.",False,False,0,False,129
msg_01952,server_001,server_001_text_1,user_server_001_4185,2025-09-13 23:10:58,Doctor arrive degree unit use.,False,False,0,False,30
msg_01953,server_006,server_006_text_2,user_server_006_4677,2026-04-10 16:47:24,Win throughout again method time never month.,False,False,0,False,45
msg_01954,server_005,server_005_text_3,user_server_005_9247,2026-01-22 02:41:10,Next under bag way president ok force.,False,False,0,False,38
msg_01955,server_009,server_009_text_2,user_server_009_3845,2026-02-21 22:13:32,"Task ahead difficult store century machine film. Give family move itself mind. Democrat treatment research simply myself concern.
Current development choice camera. Fine end theory cell.",True,False,0,False,186
msg_01956,server_002,server_002_text_4,user_server_002_3500,2026-02-23 16:26:17,Positive result role stand second skin.,False,False,0,False,39
msg_01957,server_007,server_007_text_2,user_server_007_1394,2026-06-10 18:45:49,Dog might report listen maintain.,True,True,0,False,33
msg_01958,server_007,server_007_text_2,user_server_007_4641,2026-06-16 04:40:40,Tough animal of prevent market.,True,False,0,False,31
msg_01959,server_002,server_002_text_2,user_server_002_9116,2025-05-01 19:08:44,Move war political total.,False,True,0,False,25
msg_01960,server_002,server_002_text_2,user_server_002_5442,2026-02-28 11:13:03,Reveal step certain service.,False,False,0,False,28
msg_01961,server_003,server_003_text_3,user_server_003_4465,2025-06-22 08:03:40,Change author expect important discussion go.,False,False,0,False,45
msg_01962,server_010,server_010_text_4,user_server_010_4086,2026-02-16 08:35:14,"Someone easy arrive television focus. Sense seek hospital fact near top. Take position leg lawyer.
Argue late edge career seem population would. People investment guess mouth hand.",False,False,5,False,180
msg_01963,server_005,server_005_text_3,user_server_005_8825,2025-11-05 13:04:14,"Adult investment couple dinner story something. Eye similar health way many Congress.
During material power around would most. Either sign those.",False,True,0,False,145
msg_01964,server_004,server_004_text_1,user_server_004_8559,2026-04-29 14:49:21,Option source sister pay share rather data.,False,False,0,False,43
msg_01965,server_006,server_006_text_2,user_server_006_6551,2026-04-10 03:16:15,Reality read evidence source outside cultural despite represent.,False,False,0,False,64
msg_01966,server_001,server_001_text_1,user_server_001_6314,2026-04-11 12:21:43,Test clearly black foot change sort.,False,False,0,False,36
msg_01967,server_010,server_010_text_2,user_server_010_8502,2026-05-07 05:35:11,Story lawyer ball moment.,False,False,0,False,25
msg_01968,server_009,server_009_text_2,user_server_009_1504,2025-12-22 16:35:05,Still through upon same article decade assume begin.,True,False,0,False,52
msg_01969,server_001,server_001_text_2,user_server_001_9041,2026-01-15 00:30:54,Keep control central reduce poor power.,False,False,0,False,39
msg_01970,server_002,server_002_text_1,user_server_002_1684,2025-12-18 11:47:36,Write operation specific fear main say agency.,False,False,0,False,46
msg_01971,server_004,server_004_text_1,user_server_004_7912,2025-11-21 13:51:19,Game through window kind skill.,False,False,0,False,31
msg_01972,server_006,server_006_text_2,user_server_006_3736,2025-09-28 06:24:17,Six lead big itself least character spend each.,False,False,0,False,47
msg_01973,server_007,server_007_text_2,user_server_007_1930,2026-03-04 03:35:33,Probably anyone husband although would operation.,False,False,0,False,49
msg_01974,server_004,server_004_text_1,user_server_004_8802,2026-02-26 07:41:45,Debate democratic side road.,False,False,0,False,28
msg_01975,server_010,server_010_text_2,owner_010,2025-07-28 01:51:36,Themselves listen make daughter physical tell determine continue.,False,False,0,False,65
msg_01976,server_007,server_007_text_1,user_server_007_3147,2025-11-03 03:44:10,We never send score center poor team. Local detail science bring answer suddenly someone.,False,False,0,False,89
msg_01977,server_005,server_005_text_3,user_server_005_2535,2025-12-26 08:59:53,Run majority still discover heart discover.,False,False,5,False,43
msg_01978,server_003,server_003_text_4,user_server_003_8063,2026-04-03 20:43:31,Campaign draw activity so laugh happy.,False,False,5,False,38
msg_01979,server_002,server_002_text_2,user_server_002_9408,2025-08-30 13:58:17,"Prepare every remember. Discuss matter anything at fish chance name.
Specific throw light. World low political.",False,False,2,False,111
msg_01980,server_003,server_003_text_4,user_server_003_7156,2025-11-09 15:27:15,Huge year support great marriage appear.,False,True,0,False,40
msg_01981,server_004,server_004_text_2,user_server_004_6527,2026-04-27 04:39:21,Name morning culture number culture.,False,False,0,False,36
msg_01982,server_009,server_009_text_2,user_server_009_2189,2025-11-27 13:47:31,Enter performance Republican cost house out lawyer.,True,False,0,False,51
msg_01983,server_001,server_001_text_2,user_server_001_5526,2025-09-12 00:10:47,Office half know think cold.,False,False,0,False,28
msg_01984,server_009,server_009_text_2,user_server_009_3835,2025-08-12 01:23:36,Study nothing western week quickly.,False,False,0,False,35
msg_01985,server_005,server_005_text_6,user_server_005_3902,2026-01-08 09:58:58,Ago speech focus life answer per item.,False,False,0,False,38
msg_01986,server_009,server_009_text_1,user_server_009_5383,2026-03-01 22:53:51,Reach southern onto include response state.,False,False,0,False,43
msg_01987,server_002,server_002_text_1,user_server_002_2761,2025-10-18 09:22:34,Book page view reduce important analysis discussion.,False,False,0,False,52
msg_01988,server_005,server_005_text_4,user_server_005_7228,2026-01-27 22:08:43,Risk animal under truth.,False,False,0,False,24
msg_01989,server_002,server_002_text_1,user_server_002_1841,2025-04-09 22:02:24,Likely I walk another condition add possible.,False,False,0,False,45
msg_01990,server_007,server_007_text_2,user_server_007_1264,2026-04-11 08:26:17,"Final candidate memory carry gas Congress. Own big yeah.
Control personal challenge think age guess. Officer black this. Skin four give forget finish know hope.",False,False,0,False,160
msg_01991,server_007,server_007_text_2,user_server_007_4013,2026-01-20 10:20:42,Door concern matter hand more.,False,False,0,False,30
msg_01992,server_010,server_010_text_1,user_server_010_5323,2026-03-01 17:29:21,Laugh outside on your increase. Rock natural necessary campaign small line art. Official manager prevent difference instead. Music pass theory his mouth month.,False,False,0,False,159
msg_01993,server_009,server_009_text_2,user_server_009_3368,2025-08-06 19:01:59,"Nothing top rule size data.
Test education bed. Close traditional simple individual rate. Thought player but account enough card day cell.
Throw recent raise.",False,False,0,False,158
msg_01994,server_002,server_002_text_4,user_server_002_4515,2026-04-26 06:10:39,"Four information lead couple. Concern difficult break ok.
Education list receive huge. Leg any foreign Republican. Although forward himself.",False,False,0,False,140
msg_01995,server_006,server_006_text_1,user_server_006_5592,2026-04-13 17:03:41,Tree teach various.,False,False,0,False,19
msg_01996,server_004,server_004_text_2,user_server_004_7190,2025-08-13 15:39:34,Up treat necessary political official capital.,False,False,0,True,46
msg_01997,server_008,server_008_text_3,user_server_008_3897,2026-03-12 12:03:43,Dark opportunity certain share deal let education.,False,False,0,False,50
msg_01998,server_008,server_008_text_6,user_server_008_4525,2025-06-24 13:35:44,"Describe your important. Many people create. Cause leader sign friend catch hard.
Kid range certainly rule four himself person drop. Tough always war list interesting wide.",False,False,0,False,172
msg_01999,server_007,server_007_text_2,user_server_007_4410,2025-11-25 15:04:01,Third black recent others.,False,False,0,False,26
msg_02000,server_009,server_009_text_2,user_server_009_4659,2026-05-10 04:03:55,Deep huge body him hospital response.,False,False,0,False,37
msg_02001,server_008,server_008_text_1,user_server_008_2684,2025-10-06 08:06:58,Party senior decision authority young stop.,False,False,0,False,43
msg_02002,server_008,server_008_text_5,user_server_008_6578,2025-06-09 13:17:06,Challenge movie success attack establish surface nearly prove.,False,False,0,False,62
msg_02003,server_010,server_010_text_1,user_server_010_1633,2026-02-18 22:28:25,Congress late hundred read group whole amount may.,False,False,0,False,50
msg_02004,server_002,server_002_text_1,user_server_002_7284,2025-05-19 08:57:03,End military from method start wear.,False,False,0,False,36
msg_02005,server_003,server_003_text_1,user_server_003_5472,2025-12-10 07:49:51,Similar teacher hit anyone drive six little month.,False,False,0,False,50
msg_02006,server_001,server_001_text_2,user_server_001_5291,2025-09-18 15:07:01,Official eye policy name three should suddenly how.,True,False,0,False,51
msg_02007,server_007,server_007_text_1,user_server_007_2222,2026-02-01 21:25:30,Small often use number.,False,False,0,False,23
msg_02008,server_003,server_003_text_1,user_server_003_3219,2025-05-15 03:17:50,Other any quickly car wish money.,False,False,0,False,33
msg_02009,server_007,server_007_text_1,user_server_007_3017,2026-02-20 02:17:04,Adult trip somebody market material anything western me.,False,False,0,False,56
msg_02010,server_005,server_005_text_6,owner_005,2025-10-17 10:28:23,Form after wide determine.,False,False,0,False,26
msg_02011,server_010,server_010_text_4,user_server_010_7682,2025-07-14 03:14:35,Something let art cell manage carry. Must big sing view receive.,False,False,0,False,64
msg_02012,server_006,server_006_text_2,user_server_006_7043,2025-10-26 10:47:48,Financial turn sell address quality.,True,False,0,False,36
msg_02013,server_009,server_009_text_1,user_server_009_6875,2026-04-24 23:22:34,Recently adult reality home move they.,False,False,3,False,38
msg_02014,server_007,server_007_text_1,user_server_007_2702,2026-04-10 15:08:11,Bill three machine oil season discuss wait.,False,False,0,False,43
msg_02015,server_002,server_002_text_3,user_server_002_2761,2026-01-04 12:11:06,Friend believe field wear hour land tend commercial.,False,False,0,False,52
msg_02016,server_001,server_001_text_1,user_server_001_6139,2026-04-11 14:57:14,Always play wait small across.,True,False,0,False,30
msg_02017,server_006,server_006_text_1,owner_006,2025-09-18 05:07:04,"Bill away new. While year this day pretty financial.
Event half allow choose. Economy bar city. Movie interesting lead generation fall time.",True,False,0,False,140
msg_02018,server_002,server_002_text_1,user_server_002_2063,2025-04-19 06:33:56,Light white six relationship live start three.,False,False,3,False,46
msg_02019,server_007,server_007_text_1,user_server_007_5019,2026-01-27 22:29:10,Entire hope Mrs discuss.,False,False,0,False,24
msg_02020,server_007,server_007_text_1,user_server_007_6209,2026-03-01 21:02:30,"Exactly free agreement special safe down. Plan person strong it phone.
Question make we eat church ten option. Page power east catch.
Author idea pass eye after how.",False,False,0,False,165
msg_02021,server_010,server_010_text_3,user_server_010_9810,2025-07-30 13:34:07,Service push audience share night another floor hot.,False,False,3,False,52
msg_02022,server_006,server_006_text_1,user_server_006_9704,2025-12-27 00:14:53,"Kind little answer run around chair board chair. Fire choice audience house eight father.
Just figure tonight.",False,False,0,False,110
msg_02023,server_010,server_010_text_2,user_server_010_7159,2026-01-09 17:47:22,Figure seat thus collection.,False,False,0,False,28
msg_02024,server_010,server_010_text_4,user_server_010_9810,2026-02-25 00:30:46,Site authority suggest project policy. Card save certain window. Evidence research partner stuff.,False,False,0,False,97
msg_02025,server_010,server_010_text_4,user_server_010_1786,2026-02-15 00:35:42,Food miss hotel which. Author her civil least walk hit trouble.,False,True,0,False,63
msg_02026,server_004,server_004_text_4,user_server_004_9381,2025-08-28 02:35:25,"Man air he each. Authority speech music former hit case cut. Television half use class word.
Nation not indeed remain government owner. Case stage answer sure arm still.",False,False,0,False,169
msg_02027,server_007,server_007_text_2,user_server_007_6242,2026-03-18 15:47:38,Choose end often when mean front money.,True,False,0,False,39
msg_02028,server_005,server_005_text_4,user_server_005_7400,2025-12-20 22:54:09,Clear water step argue book. Myself hospital wife stand claim much. Modern system either media.,False,False,0,False,95
msg_02029,server_003,server_003_text_5,user_server_003_2375,2025-09-23 14:41:48,Seven summer figure opportunity executive red. Appear family center wall letter. Speech soon its whose ask.,False,False,0,False,107
msg_02030,server_010,server_010_text_3,user_server_010_3581,2025-11-12 20:35:07,Tend expect pick dinner.,False,False,0,False,24
msg_02031,server_005,server_005_text_3,user_server_005_9592,2026-04-21 10:27:38,Tv rest change out room. War total dark born. Today interview so once house health site check.,False,False,0,False,94
msg_02032,server_002,server_002_text_3,user_server_002_8479,2025-07-17 10:52:50,Water speech return some culture ten.,False,False,0,False,37
msg_02033,server_008,server_008_text_2,user_server_008_6578,2025-03-29 02:53:42,Response official other light capital ball. Base power by smile dinner claim. Their idea organization bed represent since exist.,True,False,0,False,128
msg_02034,server_009,server_009_text_2,user_server_009_3847,2026-01-05 12:54:20,Around anyone brother open though.,False,False,0,False,34
msg_02035,server_005,server_005_text_2,user_server_005_6518,2026-05-01 05:12:55,Item indeed which type.,False,False,0,False,23
msg_02036,server_008,server_008_text_5,owner_008,2025-09-24 00:12:01,Sign lawyer wrong recent.,False,False,0,False,25
msg_02037,server_004,server_004_text_2,user_server_004_8998,2026-02-17 21:20:47,Democrat special concern two window.,False,False,1,False,36
msg_02038,server_004,server_004_text_3,user_server_004_2924,2026-05-04 01:56:14,"North someone company cover. Matter author call animal issue news past citizen.
Yard whole once point. South address citizen step myself weight should. Rate fall there high hit.",True,False,2,False,177
msg_02039,server_007,server_007_text_2,user_server_007_8650,2025-11-04 07:26:44,Adult his some.,False,False,0,False,15
msg_02040,server_003,server_003_text_4,user_server_003_1014,2025-11-14 04:47:06,Position figure boy evening police bar probably. Decision expect century. Yourself us level two attack matter. Strong investment modern line social.,False,False,0,False,148
msg_02041,server_009,server_009_text_1,user_server_009_4935,2025-07-16 02:23:58,Group staff big different sometimes reflect. Seven check wonder student. Heavy as agree beyond tax remember guy.,False,True,0,False,112
msg_02042,server_004,server_004_text_3,user_server_004_5675,2026-02-25 17:37:37,Financial expect both wife state.,False,False,0,False,33
msg_02043,server_004,server_004_text_2,user_server_004_9963,2025-09-05 15:07:26,"Summer become while huge because color. On Congress health boy put. Low his always create sort hot surface maybe.
Least her live almost reason probably role.",False,False,0,False,157
msg_02044,server_003,server_003_text_2,user_server_003_4829,2026-03-13 10:45:58,Go in two control blue member.,False,False,2,False,30
msg_02045,server_004,server_004_text_1,user_server_004_2225,2026-01-15 01:18:18,Road record whether might by benefit.,True,False,0,False,37
msg_02046,server_009,server_009_text_2,user_server_009_3747,2026-05-28 18:55:30,Government they wrong pick cost consider one.,False,True,0,False,45
msg_02047,server_002,server_002_text_1,user_server_002_1440,2025-12-12 11:09:26,"Social enough response hundred unit. System off computer campaign.
Make his push standard hit necessary security night.",False,False,1,False,119
msg_02048,server_007,server_007_text_2,user_server_007_2465,2026-01-08 21:54:45,Manager book future which responsibility kind cultural.,False,False,1,False,55
msg_02049,server_010,server_010_text_2,user_server_010_8850,2026-04-11 23:05:21,"Town thousand real group. Section issue notice hear.
Long manage cost those success sea. Over record remain second.",False,False,0,False,115
msg_02050,server_004,server_004_text_2,user_server_004_6782,2025-09-21 00:07:51,Actually deal cost share who.,False,False,0,False,29
msg_02051,server_009,server_009_text_2,user_server_009_1413,2026-04-07 09:52:17,Beautiful remember PM student down space together successful.,False,False,1,False,61
msg_02052,server_006,server_006_text_2,user_server_006_1613,2026-03-02 18:29:24,"Writer quality religious might cold. Loss discuss discover. Central must line conference late leave decision.
Cell discussion light human to.",False,False,0,False,141
msg_02053,server_009,server_009_text_1,user_server_009_2335,2025-12-13 11:03:09,Pull friend recognize somebody grow example color.,False,False,0,False,50
msg_02054,server_010,server_010_text_2,user_server_010_4086,2025-12-11 03:00:57,Day eight compare response present.,False,False,0,False,35
msg_02055,server_010,server_010_text_4,user_server_010_3964,2025-11-01 16:08:43,"Trial act modern charge spring kitchen. Throughout professor event. During fund strong skill term other.
Recently next large care star economy. Wind former watch serve natural seat soldier.",False,False,0,False,189
msg_02056,server_001,server_001_text_1,owner_001,2025-09-06 18:18:56,Instead should cut industry realize. Question available explain boy pass management.,False,False,0,False,84
msg_02057,server_007,server_007_text_2,user_server_007_8209,2026-01-19 14:53:13,Stay maintain current oil side. Good future president nice class event decade. Until rich yourself trouble wish box course attorney.,False,False,0,False,132
msg_02058,server_010,server_010_text_4,user_server_010_7093,2026-03-03 16:10:44,Maybe nature event let.,False,False,0,False,23
msg_02059,server_009,server_009_text_2,user_server_009_9028,2026-05-17 16:53:19,Right international indicate upon grow design. Teach class end them want main very husband.,True,False,5,False,91
msg_02060,server_007,server_007_text_1,user_server_007_7923,2026-03-13 17:50:03,Rock turn along ahead government.,False,False,0,False,33
msg_02061,server_007,server_007_text_2,user_server_007_1927,2026-03-17 06:56:23,Phone game though clearly data investment.,True,False,0,False,42
msg_02062,server_001,server_001_text_1,owner_001,2025-11-11 07:33:15,Impact answer nation involve.,False,False,0,False,29
msg_02063,server_009,server_009_text_2,user_server_009_3844,2026-02-07 15:03:14,Blue system wall shoulder unit sense yard issue.,False,False,0,False,48
msg_02064,server_005,server_005_text_3,user_server_005_2081,2026-01-01 18:57:33,Wish real or watch allow.,False,False,0,False,25
msg_02065,server_002,server_002_text_3,user_server_002_9116,2025-07-22 10:43:57,Seat away standard another popular traditional.,False,False,1,False,47
msg_02066,server_001,server_001_text_1,user_server_001_3492,2026-06-13 13:38:55,Government dog building size few.,False,True,0,False,33
msg_02067,server_010,server_010_text_1,user_server_010_7868,2026-02-23 23:44:50,Story ask difference close money great tax.,False,False,0,False,43
msg_02068,server_001,server_001_text_2,user_server_001_9041,2026-03-28 13:56:09,"Institution stay thousand above spend. Development chair tonight skin.
Off card three brother newspaper when off easy. Avoid choice beat adult too minute. Least test offer property remain.",True,False,0,False,188
msg_02069,server_003,server_003_text_2,user_server_003_4120,2026-03-07 10:23:32,Whom summer debate detail act.,False,False,3,False,30
msg_02070,server_003,server_003_text_3,user_server_003_9846,2026-01-03 07:23:48,Rock evening between property speech.,False,False,2,False,37
msg_02071,server_007,server_007_text_2,user_server_007_2678,2025-11-01 03:34:14,Expect present hand seat story. Training plant space sound.,True,False,0,False,59
msg_02072,server_005,server_005_text_3,user_server_005_9583,2025-12-07 07:43:28,Score into close charge movement remember.,False,False,0,False,42
msg_02073,server_007,server_007_text_2,user_server_007_2361,2026-05-20 01:57:25,Several identify along particularly fill trade simply.,False,False,0,False,54
msg_02074,server_003,server_003_text_5,user_server_003_3219,2025-05-14 10:20:24,"Wear truth position herself paper health better.
Benefit skill he stay father. Financial meeting painting husband.
Need hit hard. Our finish help red not. Whatever guess into there at early admit.",False,False,3,False,196
msg_02075,server_005,server_005_text_5,user_server_005_8551,2025-12-15 14:32:56,"Among feel eight cost. Under father ten be out pressure leg.
Decision book resource whether chance always reflect. Firm between deep save may. Effect market travel or decade term radio.",False,True,3,False,185
msg_02076,server_001,server_001_text_2,user_server_001_7807,2026-04-16 15:00:52,Eye natural camera.,False,False,0,False,19
msg_02077,server_010,server_010_text_1,user_server_010_5907,2025-08-10 23:00:00,Dog world mention next identify.,False,False,0,False,32
msg_02078,server_006,server_006_text_1,user_server_006_9558,2025-12-05 02:47:52,International enjoy budget.,False,False,5,False,27
msg_02079,server_008,server_008_text_5,user_server_008_9228,2025-11-07 07:38:17,Feel child second those anyone.,False,False,1,False,31
msg_02080,server_002,server_002_text_2,user_server_002_3224,2025-11-19 10:58:01,"Court sit forward magazine raise beyond what whatever. Nation test dark fund explain even according. To produce Congress trial home dream.
Listen rise though part government.",True,False,0,False,174
msg_02081,server_007,server_007_text_2,user_server_007_1834,2026-06-07 12:19:43,"But especially fear number. Physical street single.
Ago growth trade play defense per. Term treatment culture owner indeed tend.",False,False,1,False,128
msg_02082,server_002,server_002_text_1,user_server_002_7790,2025-12-15 10:32:56,Describe major course.,False,False,0,False,22
msg_02083,server_005,server_005_text_2,user_server_005_5764,2025-12-14 22:53:24,Ago almost land material whatever over start.,False,False,0,False,45
msg_02084,server_010,server_010_text_1,user_server_010_7026,2026-05-31 16:02:30,Teach reality necessary type.,False,False,0,False,29
msg_02085,server_004,server_004_text_3,user_server_004_1000,2025-08-13 04:51:47,Really indicate history.,False,False,0,False,24
msg_02086,server_008,server_008_text_2,user_server_008_2867,2025-04-21 05:06:51,Meeting medical us state visit item.,False,False,0,False,36
msg_02087,server_005,server_005_text_2,user_server_005_3647,2026-02-17 18:51:53,"Myself different mother professional make small paper and.
Growth current other. Heavy perform over enter prevent.",False,False,2,False,114
msg_02088,server_005,server_005_text_6,user_server_005_2908,2026-05-01 06:58:21,Action tree part here.,False,False,0,False,22
msg_02089,server_004,server_004_text_3,user_server_004_3797,2026-04-17 04:25:52,Where television art book director great ready.,False,False,0,False,47
msg_02090,server_004,server_004_text_2,user_server_004_9755,2025-11-26 05:39:18,"Any believe name stay usually letter. Very begin city social catch figure. Manager several about either should bed.
American place condition term throw peace data.",False,True,0,False,163
msg_02091,server_007,server_007_text_1,user_server_007_5028,2026-02-16 01:40:12,Western course film network avoid. Agent story send under. Economy against so sound.,False,False,0,False,84
msg_02092,server_005,server_005_text_2,user_server_005_9897,2025-10-30 12:36:39,Eight process though work list rich support public.,False,False,3,False,51
msg_02093,server_001,server_001_text_2,user_server_001_7275,2025-10-04 07:28:21,"Look join piece modern far open. Pick too out away check their ready.
They final fill population smile about letter. Cultural animal two live develop.",False,True,2,False,150
msg_02094,server_005,server_005_text_1,user_server_005_4314,2025-11-23 07:55:26,Him loss notice surface nothing.,False,False,0,False,32
msg_02095,server_007,server_007_text_1,user_server_007_2416,2026-02-19 15:06:49,Better address we head study.,False,False,0,False,29
msg_02096,server_005,server_005_text_3,user_server_005_7677,2026-02-13 07:24:04,"Most go sense green music authority crime something. Money his meet need community challenge voice.
East one report common. Offer somebody gun affect bag.",False,False,0,False,154
msg_02097,server_007,server_007_text_2,user_server_007_8712,2026-04-30 23:46:42,Your kid water serious.,False,False,0,False,23
msg_02098,server_004,server_004_text_1,user_server_004_8941,2025-07-16 12:13:36,Above image recently energy meet.,False,False,0,False,33
msg_02099,server_009,server_009_text_1,user_server_009_3726,2025-08-19 10:28:24,Hard most when he nor inside.,True,False,0,False,29
msg_02100,server_002,server_002_text_4,user_server_002_8601,2026-05-27 11:11:11,"Player up so certain newspaper economy. Shoulder its three lose. Fight low subject they.
Parent world real exist. Watch nor relationship fish his.",False,False,4,False,146
msg_02101,server_005,server_005_text_3,user_server_005_9568,2026-04-11 03:39:19,Professor painting shoulder.,False,False,1,False,28
msg_02102,server_010,server_010_text_2,user_server_010_9980,2025-11-15 14:38:54,Sit then set.,False,False,1,False,13
msg_02103,server_008,server_008_text_3,user_server_008_5647,2026-04-27 18:13:14,Really receive option team past opportunity.,True,False,0,False,44
msg_02104,server_007,server_007_text_1,user_server_007_1737,2026-03-24 14:51:30,International school receive difficult black this against suffer.,False,False,0,False,65
msg_02105,server_006,server_006_text_1,user_server_006_1855,2026-03-11 10:16:18,Learn scientist four traditional really us build.,False,False,4,False,49
msg_02106,server_001,server_001_text_1,user_server_001_3492,2026-05-23 22:21:08,"Interest fly line push. Tonight involve speech national form rule nearly. Cut news use.
Pressure hand partner space. Thank front turn value. Project vote human size.",False,False,0,False,165
msg_02107,server_002,server_002_text_2,user_server_002_3636,2025-05-13 04:13:29,First agency court write wind set expert. Rather nice party single. Onto general believe detail today plant.,False,True,0,False,108
msg_02108,server_004,server_004_text_3,user_server_004_3969,2026-02-04 18:38:23,Scene institution toward which.,False,False,0,False,31
msg_02109,server_003,server_003_text_1,user_server_003_2594,2025-08-27 04:59:24,Glass we six represent.,False,True,0,False,23
msg_02110,server_009,server_009_text_1,user_server_009_3726,2025-08-25 08:41:52,"International budget accept not task current. Can soon something American however happy.
Positive hair officer degree admit lead program line. Hear small ready art media.",False,False,5,False,170
msg_02111,server_004,server_004_text_5,user_server_004_2819,2026-03-14 22:58:16,Investment water which later.,False,False,0,False,29
msg_02112,server_008,server_008_text_2,user_server_008_9486,2026-05-25 04:19:48,Mission vote along sense language ability realize most.,False,False,0,False,55
msg_02113,server_003,server_003_text_4,user_server_003_2531,2025-11-06 12:23:36,"Report writer official none tend major short. Live technology firm collection season rather. Exist beautiful type call of.
Against Democrat identify president. Stage along continue role statement.",False,False,3,False,196
msg_02114,server_007,server_007_text_1,user_server_007_3364,2026-03-03 20:11:12,Site politics thing usually section film agent.,False,False,0,False,47
msg_02115,server_004,server_004_text_4,user_server_004_6120,2025-07-23 20:07:29,"Under PM rate out. Million yourself best whether exactly necessary. Indicate keep national choose couple.
Wife effect staff across imagine where. Use you scene site. Catch gun stand nation song.",True,False,0,False,194
msg_02116,server_009,server_009_text_2,user_server_009_6006,2026-03-02 01:18:22,Special church PM.,False,False,0,False,18
msg_02117,server_001,server_001_text_1,user_server_001_5930,2025-10-29 23:48:14,Black real apply however science age visit. Particular tree clear safe begin night.,True,True,0,False,83
msg_02118,server_004,server_004_text_1,user_server_004_7678,2026-02-26 20:30:25,Speak seat remain man short social service.,False,False,0,False,43
msg_02119,server_002,server_002_text_4,user_server_002_1894,2026-02-16 12:49:08,Push attention technology notice also trial final. Center decision example explain government available.,False,False,0,False,104
msg_02120,server_005,server_005_text_3,user_server_005_5399,2026-05-24 13:42:01,Arm property father property card store fire. Sometimes service inside third anyone agreement.,False,False,0,False,94
msg_02121,server_010,server_010_text_1,user_server_010_2738,2025-09-14 09:34:57,"Pm partner local event life thus. Green exactly process many however kid eight. Research detail reflect billion true share six.
Defense few center. Institution reduce sea current.",False,False,0,False,179
msg_02122,server_002,server_002_text_1,user_server_002_3946,2026-01-25 06:39:00,Amount apply successful beyond peace night institution away.,False,False,0,False,60
msg_02123,server_005,server_005_text_5,user_server_005_2949,2025-11-06 05:56:01,Hundred arm other beat trade.,False,False,5,False,29
msg_02124,server_004,server_004_text_2,user_server_004_3070,2025-09-04 04:47:32,Include daughter leader seem already learn much.,False,True,0,False,48
msg_02125,server_005,server_005_text_1,user_server_005_2535,2025-11-13 07:57:03,"Admit anyone group why. Forward price when your evening while both treat.
Call recognize three. Why chance stand professor.",False,False,0,False,123
msg_02126,server_010,server_010_text_1,user_server_010_3205,2025-10-23 21:07:19,Follow soon here animal national body.,False,False,0,False,38
msg_02127,server_006,server_006_text_2,user_server_006_4121,2025-10-19 11:05:34,"Daughter nature provide. Really cut current audience. Environment step remember building often.
Full find teacher nation themselves between. Today impact material concern break.",False,False,0,False,177
msg_02128,server_005,server_005_text_4,user_server_005_1865,2026-04-01 01:56:34,Financial effort project here.,False,False,0,False,30
msg_02129,server_010,server_010_text_1,user_server_010_7682,2025-08-03 16:37:26,Campaign painting whether two south win.,False,False,0,False,40
msg_02130,server_009,server_009_text_2,user_server_009_5518,2026-04-24 00:40:14,Free or west election.,False,False,0,False,22
msg_02131,server_001,server_001_text_2,owner_001,2025-09-29 03:29:54,Able style fact road receive act.,False,False,0,False,33
msg_02132,server_010,server_010_text_2,user_server_010_2402,2025-12-13 03:46:09,Every newspaper election later detail customer traditional.,True,False,0,False,59
msg_02133,server_003,server_003_text_3,user_server_003_4077,2025-11-03 18:33:23,Look middle TV.,False,False,0,False,15
msg_02134,server_003,server_003_text_1,user_server_003_4465,2026-04-16 09:29:29,Hard decision really weight training.,False,False,0,False,37
msg_02135,server_005,server_005_text_5,user_server_005_7438,2026-04-14 14:21:52,As kitchen book ahead about.,False,False,0,False,28
msg_02136,server_004,server_004_text_5,user_server_004_6358,2026-06-07 08:07:39,Happen center when end scene media. Second training teach heart cell through quite. Main able full look day reflect others.,False,False,0,False,123
msg_02137,server_002,server_002_text_3,owner_002,2025-03-23 02:58:02,Protect consider explain summer.,False,False,0,False,32
msg_02138,server_009,server_009_text_1,user_server_009_3069,2025-08-30 23:57:53,Stay score time dinner employee together worry memory. Treat mouth memory shoulder. Happy person space add approach new.,False,False,0,False,120
msg_02139,server_002,server_002_text_2,user_server_002_3703,2025-11-02 00:41:32,Image military democratic. Easy son project staff something hope hot certain. Cultural region discover body case fast.,False,False,0,False,118
msg_02140,server_010,server_010_text_2,user_server_010_2832,2025-11-04 02:40:43,Computer political far wife expect strong throw leave.,False,False,0,False,54
msg_02141,server_001,server_001_text_1,user_server_001_1986,2026-06-15 04:12:14,Not risk page weight.,False,False,0,False,21
msg_02142,server_004,server_004_text_3,user_server_004_5970,2025-10-30 03:22:32,"See enjoy stock dinner father quickly likely official. My young television analysis.
Language recent news whose because. Skill book power good task card production election.",False,False,0,False,173
msg_02143,server_001,server_001_text_1,user_server_001_7267,2025-11-15 00:45:05,Unit term part head.,False,False,0,False,20
msg_02144,server_002,server_002_text_4,user_server_002_7518,2026-01-08 11:48:23,Body still yard total.,False,False,0,False,22
msg_02145,server_003,server_003_text_5,user_server_003_4116,2025-05-23 14:13:57,Specific upon when seek season.,False,False,0,False,31
msg_02146,server_002,server_002_text_1,user_server_002_1894,2026-04-14 21:56:33,Game system design since age learn.,False,False,0,False,35
msg_02147,server_005,server_005_text_3,user_server_005_4069,2025-11-05 06:57:45,Cover law but read.,False,False,0,False,19
msg_02148,server_002,server_002_text_4,user_server_002_7947,2025-09-02 02:12:37,Against skill continue run case until.,False,False,4,False,38
msg_02149,server_001,server_001_text_2,user_server_001_9042,2026-05-07 10:48:40,Without worker method sister wind.,False,False,0,False,34
msg_02150,server_004,server_004_text_5,user_server_004_2303,2025-08-10 04:08:34,"Probably worry people former performance tax too when. Reduce hear enough hand. Not community star guy as two write. Mention military fire us church college choose keep.
Half one necessary great.",False,False,0,False,195
msg_02151,server_009,server_009_text_1,user_server_009_5397,2025-11-21 01:19:51,Second certainly anything phone key part.,False,False,0,False,41
msg_02152,server_010,server_010_text_3,user_server_010_5151,2025-10-03 13:44:37,Whom green stop some country other.,False,False,0,False,35
msg_02153,server_005,server_005_text_1,user_server_005_4454,2026-04-19 14:30:02,Power budget table call then real.,False,False,1,False,34
msg_02154,server_006,server_006_text_2,user_server_006_4930,2026-02-14 18:12:56,Establish newspaper heavy market staff anything poor.,False,False,0,False,53
msg_02155,server_007,server_007_text_2,user_server_007_4644,2026-04-08 00:15:19,"Hotel what might property approach history. Lawyer bring lead various election white free.
Phone image national consumer medical police hope. Land left though around.",False,False,0,False,166
msg_02156,server_003,server_003_text_4,user_server_003_7608,2025-05-29 19:48:56,Election address who after live interview. Anyone whole list yes policy. Director explain individual best suffer forget.,False,False,0,False,120
msg_02157,server_010,server_010_text_3,user_server_010_3402,2025-09-24 08:51:35,Go born shoulder point follow reach speak good.,False,False,3,False,47
msg_02158,server_006,server_006_text_2,user_server_006_7689,2025-11-09 06:28:27,Chair sense term enjoy.,True,True,0,False,23
msg_02159,server_004,server_004_text_3,user_server_004_9963,2025-09-25 11:43:53,Story nearly institution reach.,False,False,0,False,31
msg_02160,server_009,server_009_text_1,user_server_009_6974,2025-12-07 07:47:25,Six tough teacher major weight himself space.,False,False,0,False,45
msg_02161,server_004,server_004_text_1,user_server_004_4226,2026-05-02 15:26:57,Price night article.,False,False,4,False,20
msg_02162,server_008,server_008_text_3,user_server_008_3643,2026-04-07 11:15:05,"Apply gas then represent face great.
Director necessary every still seat process rise. Lawyer after dark.
Thousand stage fly big couple chair fact. Go prove choose face. At use bad these.",False,False,0,False,187
msg_02163,server_004,server_004_text_5,user_server_004_3898,2025-10-07 17:01:11,Improve may food agree unit wide year environmental.,False,True,0,False,52
msg_02164,server_008,server_008_text_3,user_server_008_3268,2026-01-04 09:41:57,Member summer keep whether system there.,False,False,0,False,40
msg_02165,server_001,server_001_text_2,user_server_001_7275,2025-10-03 22:00:24,Man program investment north Congress place. Section that stand woman similar part pattern above. Final lawyer store energy other rest same. Speak doctor lose themselves.,False,False,2,False,170
msg_02166,server_008,server_008_text_6,user_server_008_6578,2025-03-12 20:19:24,Know strong yourself all authority.,False,True,0,False,35
msg_02167,server_008,server_008_text_5,user_server_008_9228,2026-05-25 08:59:52,"Music reason sense list area book expect about. Everyone skin effort tax discover. Give like become still.
Quite forward when beat nothing gun rather. I together moment very.",False,False,0,False,174
msg_02168,server_010,server_010_text_2,owner_010,2025-08-24 04:00:06,Present try politics fear skin final leader.,False,False,0,False,44
msg_02169,server_003,server_003_text_5,user_server_003_4562,2026-03-12 21:26:20,Close condition hard walk involve often.,False,False,3,False,40
msg_02170,server_008,server_008_text_4,user_server_008_7120,2025-04-04 12:33:40,Back sense nor great movie.,False,False,0,False,27
msg_02171,server_010,server_010_text_3,user_server_010_5151,2026-04-12 07:31:56,Reveal return man central.,False,False,0,False,26
msg_02172,server_005,server_005_text_6,user_server_005_2304,2026-05-12 10:51:16,Technology walk surface opportunity wonder reveal.,False,False,5,False,50
msg_02173,server_003,server_003_text_3,user_server_003_8679,2025-11-15 19:19:01,Language likely east best soldier.,False,False,0,False,34
msg_02174,server_009,server_009_text_2,user_server_009_1135,2026-05-06 13:28:08,Real cover lawyer process teach oil.,False,False,2,False,36
msg_02175,server_009,server_009_text_2,user_server_009_3960,2025-07-29 06:35:01,Form name box yeah project.,False,False,0,False,27
msg_02176,server_010,server_010_text_2,user_server_010_9810,2025-08-24 17:46:42,Fast ever professor manager type it sure care.,True,False,0,False,46
msg_02177,server_003,server_003_text_1,user_server_003_9222,2025-05-16 14:21:24,"Significant speech view miss win bit why. Benefit use seek keep. Food woman official. Throughout movement plant range yes and.
Development just life order young long. Capital health even hot air.",False,False,0,False,195
msg_02178,server_004,server_004_text_2,user_server_004_7030,2026-02-14 01:48:03,Enter model than president enter.,False,False,0,False,33
msg_02179,server_007,server_007_text_2,user_server_007_9627,2026-01-03 18:10:45,My scene fact hour able pressure.,False,False,0,False,33
msg_02180,server_003,server_003_text_4,user_server_003_9788,2025-10-14 01:23:48,Young money forward media painting situation.,False,False,5,False,45
msg_02181,server_004,server_004_text_3,user_server_004_7556,2025-11-10 10:08:43,Worker audience baby still scientist.,False,False,0,False,37
msg_02182,server_003,server_003_text_1,user_server_003_2497,2025-06-17 08:35:25,Safe TV father believe painting.,False,False,0,False,32
msg_02183,server_002,server_002_text_4,user_server_002_3125,2026-03-26 17:16:27,Federal reality single indicate thank.,False,False,0,False,38
msg_02184,server_001,server_001_text_1,user_server_001_8564,2026-04-03 05:27:39,Exist increase election.,False,False,0,False,24
msg_02185,server_009,server_009_text_2,user_server_009_2237,2026-05-22 07:23:43,Rate serious power young benefit.,False,False,0,False,33
msg_02186,server_002,server_002_text_2,user_server_002_1841,2025-04-13 02:28:09,Begin right respond seem should.,False,False,3,False,32
msg_02187,server_003,server_003_text_1,user_server_003_7819,2025-06-22 02:40:11,Successful main apply determine key.,False,False,0,False,36
msg_02188,server_010,server_010_text_3,user_server_010_5323,2026-04-10 21:43:28,Either structure key.,True,False,0,False,21
msg_02189,server_006,server_006_text_2,user_server_006_5461,2026-03-01 13:54:38,Bring security although sound.,True,False,0,False,30
msg_02190,server_008,server_008_text_4,owner_008,2025-11-28 13:56:01,Heart purpose may. Short industry understand sell right project benefit. Appear they maybe keep cell character artist.,False,False,0,False,118
msg_02191,server_009,server_009_text_1,user_server_009_8930,2026-02-03 18:06:05,Become foot along more.,False,False,1,False,23
msg_02192,server_002,server_002_text_4,user_server_002_4062,2025-09-05 12:01:17,Follow even attack fact home attack to.,False,True,0,False,39
msg_02193,server_001,server_001_text_1,user_server_001_9889,2026-05-11 15:03:21,"Where central assume owner. Center behavior but industry art one. Drive recognize second listen think your sign. Must theory wait leg east.
Network red relate decade never bed. Successful field why.",False,False,0,False,198
msg_02194,server_003,server_003_text_4,user_server_003_9810,2025-10-23 04:41:15,About two help agree as.,False,False,0,False,24
msg_02195,server_005,server_005_text_4,user_server_005_1446,2026-03-09 14:52:48,Why treat reflect of sea tax.,False,False,0,False,29
msg_02196,server_005,server_005_text_3,user_server_005_1395,2026-04-28 21:31:03,"More dark chance recent. Food young yard similar federal admit. Network no next themselves.
Feeling require his avoid fund expect serious. Themselves who turn white quality candidate.",False,False,0,False,183
msg_02197,server_001,server_001_text_2,user_server_001_6314,2026-02-28 18:09:14,Stage son operation own.,False,False,0,False,24
msg_02198,server_006,server_006_text_2,user_server_006_9704,2026-06-06 18:57:54,Water dinner sea left job score.,False,False,5,False,32
msg_02199,server_005,server_005_text_4,user_server_005_9765,2025-12-07 01:19:49,True poor against opportunity final case long why.,False,False,5,False,50
msg_02200,server_009,server_009_text_1,user_server_009_9578,2025-11-16 03:01:42,Participant evening according manager energy federal.,False,False,0,False,53
msg_02201,server_006,server_006_text_1,owner_006,2025-10-28 20:36:49,Cover door age order.,False,False,0,False,21
msg_02202,server_005,server_005_text_5,user_server_005_9583,2026-02-02 04:25:40,Rule guess research career hear.,False,False,0,False,32
msg_02203,server_004,server_004_text_4,user_server_004_1091,2026-02-26 12:51:09,When perform eight by meeting.,True,False,0,False,30
msg_02204,server_008,server_008_text_4,user_server_008_7120,2025-06-30 23:17:07,Else throughout sell say.,False,False,3,False,25
msg_02205,server_009,server_009_text_2,user_server_009_9334,2026-05-02 15:39:39,Go firm similar task.,False,False,0,False,21
msg_02206,server_006,server_006_text_1,user_server_006_8145,2026-06-10 09:39:55,Decision couple present action into.,False,False,0,False,36
msg_02207,server_003,server_003_text_4,user_server_003_2137,2025-06-22 15:57:09,Blue buy prevent each cause. Recent than inside response per. Congress week war scientist have place science. Baby bring billion one.,False,False,0,False,133
msg_02208,server_006,server_006_text_2,user_server_006_9704,2025-10-30 23:07:51,Imagine turn run player nation entire daughter. Type popular yet mind conference my. Measure night gun myself yard later.,False,False,1,False,121
msg_02209,server_003,server_003_text_4,user_server_003_6824,2026-05-24 07:24:14,Unit policy never need.,False,False,0,False,23
msg_02210,server_006,server_006_text_2,user_server_006_1613,2025-10-28 22:16:54,Feeling hit office simple.,False,False,0,False,26
msg_02211,server_006,server_006_text_1,user_server_006_6122,2026-04-25 01:00:14,Station couple pull senior from.,False,False,0,False,32
msg_02212,server_006,server_006_text_1,user_server_006_4052,2026-06-12 17:11:16,Ground meeting indicate modern water event. Strong much edge future everyone. Instead note this could sense. Couple end radio around prove author.,False,False,0,False,146
msg_02213,server_006,server_006_text_1,user_server_006_3083,2026-01-25 00:14:37,Coach degree policy thus.,False,False,0,False,25
msg_02214,server_004,server_004_text_1,user_server_004_1091,2025-11-14 20:00:37,Individual help go friend goal concern set sit.,False,True,0,False,47
msg_02215,server_008,server_008_text_1,user_server_008_9523,2025-05-19 11:17:20,"Other feeling Democrat. Soon even method. Move reflect quickly result at.
Exist keep first I weight it degree. Out quickly play treat ok live.
Determine great past. Let ever join.",True,False,5,False,179
msg_02216,server_009,server_009_text_1,user_server_009_2596,2025-07-18 01:39:55,Ten yourself second word like.,False,False,0,False,30
msg_02217,server_006,server_006_text_2,user_server_006_9558,2026-02-03 17:49:46,Window main eye walk.,False,False,0,False,21
msg_02218,server_004,server_004_text_1,user_server_004_8929,2026-03-07 04:05:15,"May media doctor either. Hospital buy question business.
Whose charge debate college turn animal. Summer phone from listen reach example cell. He face adult.",False,False,5,False,157
msg_02219,server_007,server_007_text_2,user_server_007_9372,2026-06-09 08:43:43,Reveal blue treat start read call.,False,False,0,False,34
msg_02220,server_007,server_007_text_2,user_server_007_6748,2026-05-15 10:20:34,"West social this simple seek operation. College Mrs share level recognize establish somebody.
Do land bit something south I. Service fish evidence whole study experience leave.",False,False,0,False,176
msg_02221,server_006,server_006_text_1,user_server_006_5437,2026-03-01 19:04:54,Establish something civil detail early raise.,False,False,1,False,45
msg_02222,server_005,server_005_text_5,user_server_005_2086,2026-03-16 00:29:38,Later reduce after question economy red true.,False,False,0,False,45
msg_02223,server_001,server_001_text_2,user_server_001_7971,2026-01-18 03:49:44,Mouth including describe establish character happy sell.,True,False,0,False,56
msg_02224,server_007,server_007_text_2,owner_007,2025-12-23 03:54:56,"Drug threat leader fly fund employee.
Also administration change source with. Officer opportunity mind free imagine above quickly image. Trial will reach occur state not.",False,False,0,False,170
msg_02225,server_010,server_010_text_4,user_server_010_1598,2026-02-11 19:27:41,"Spend matter toward office. Water record minute they blue. Identify candidate accept sea bank. So change whom her simple loss.
In those road style certain popular. Against figure high say ten stop.",False,False,0,False,197
msg_02226,server_004,server_004_text_2,user_server_004_5428,2025-08-15 13:05:26,Something determine laugh window why.,False,False,0,False,37
msg_02227,server_003,server_003_text_3,user_server_003_4898,2026-04-20 16:48:40,Surface expect put process.,False,False,0,False,27
msg_02228,server_002,server_002_text_2,user_server_002_8265,2025-07-02 13:48:39,"Early result tend concern. Parent movement term step site.
Parent information man more threat do. Fire vote compare character machine beat talk. Quickly plant answer his concern contain especially.",False,False,0,False,197
msg_02229,server_009,server_009_text_1,user_server_009_5963,2025-11-12 12:47:57,"Move thousand arrive Mr act reach everyone. Occur discuss western gun.
Keep only compare. Also remain morning. Soon feel race responsibility.",False,True,0,False,141
msg_02230,server_007,server_007_text_1,user_server_007_2552,2026-03-04 23:00:24,Hear board thousand meeting.,False,True,0,False,28
msg_02231,server_008,server_008_text_3,user_server_008_3581,2026-02-16 16:41:57,"Explain difference Republican close. Head back camera condition there citizen will.
Notice point career respond fire. Thus executive cost do already case require.",True,True,5,False,162
msg_02232,server_008,server_008_text_3,user_server_008_2867,2025-08-18 19:10:27,Positive reach business teach life paper Mr beautiful.,False,False,0,False,54
msg_02233,server_005,server_005_text_3,user_server_005_4551,2026-05-09 05:19:40,Drop professor organization pretty surface seem.,False,False,0,False,48
msg_02234,server_004,server_004_text_2,user_server_004_8941,2025-09-07 03:44:49,Girl soon decade box.,False,False,0,False,21
msg_02235,server_008,server_008_text_4,user_server_008_8238,2026-01-15 12:16:38,Yourself bad factor want ability understand feeling. Miss spring image professor herself certainly personal. Agent natural place relationship couple short certain ready.,False,False,0,False,169
msg_02236,server_007,server_007_text_2,user_server_007_6460,2026-02-11 20:59:35,Sound relate best against with.,False,False,1,False,31
msg_02237,server_003,server_003_text_2,owner_003,2025-06-30 15:08:52,Candidate something easy section finally picture lawyer.,False,False,0,False,56
msg_02238,server_010,server_010_text_2,user_server_010_3402,2025-09-15 07:06:39,"Property administration news term meeting who style.
Consumer use art public threat standard cell. Eye environmental center seek investment hope.",False,False,2,False,145
msg_02239,server_007,server_007_text_1,user_server_007_1834,2026-04-20 00:37:36,Myself relationship near executive listen along professional its.,False,False,0,False,65
msg_02240,server_003,server_003_text_3,user_server_003_3550,2025-12-18 15:58:38,Simply quality successful certainly buy hundred message finish.,False,False,0,False,63
msg_02241,server_010,server_010_text_1,user_server_010_3130,2025-12-29 00:58:34,"Establish your different name stand. Particularly catch over.
Prepare decide anyone Republican travel wall me. Analysis guy else pass. Word election appear.",False,False,0,False,156
msg_02242,server_009,server_009_text_2,user_server_009_3527,2026-05-17 21:29:54,"Head floor establish owner consumer money authority better.
Table upon on tough training contain message. Perhaps of project three. Choice wear trade three stay.",False,False,2,False,161
msg_02243,server_007,server_007_text_2,user_server_007_6967,2026-01-24 16:52:53,Rest nor claim bill bit that.,False,False,0,False,29
msg_02244,server_001,server_001_text_1,user_server_001_4824,2026-04-03 02:08:07,"Road executive city work which its throw hard. Hope through international development answer quite. Dark ok their bad how.
Learn time half. Responsibility note support enough hope road.",False,False,0,False,185
msg_02245,server_007,server_007_text_1,user_server_007_5166,2026-01-09 00:03:34,However during group.,False,True,5,False,21
msg_02246,server_003,server_003_text_3,user_server_003_1775,2026-02-25 14:12:12,Boy break argue now impact number. Different those contain through politics upon dinner exist. Over common training base indeed require.,False,False,0,False,136
msg_02247,server_003,server_003_text_5,user_server_003_2270,2026-06-04 13:34:58,"Happy executive your. Daughter us style. Into science production guy.
Return music treat area question board suffer high. Small management according mission whatever talk top.",False,False,0,False,175
msg_02248,server_005,server_005_text_4,user_server_005_8404,2026-05-23 15:46:36,Center lead improve security from itself lead yourself. Help quite subject use. Marriage manager clear skin. Including Republican include wall least.,False,False,0,False,149
msg_02249,server_002,server_002_text_4,user_server_002_5331,2026-05-24 18:27:13,Risk company ready organization beautiful involve.,False,False,0,False,50
msg_02250,server_006,server_006_text_1,user_server_006_5709,2026-02-24 18:26:02,"Institution feeling moment authority. Other turn truth long southern white each mind. Make actually place.
Hour individual low future station positive. Mouth foreign out.",False,True,0,False,170
msg_02251,server_009,server_009_text_1,user_server_009_1252,2025-12-28 05:14:04,Kid grow his new pretty agreement else southern.,False,True,0,False,48
msg_02252,server_001,server_001_text_1,user_server_001_5133,2026-01-10 03:17:08,"Use avoid image politics. Cut about cut exist.
Of information picture sell successful. Fact middle after. Truth fire present thus yet quite mission.",False,False,0,False,148
msg_02253,server_007,server_007_text_1,user_server_007_8869,2025-11-15 04:51:04,"Age teacher join speech present which option over. How short record soldier. Policy color far safe I direction.
Grow catch true. Crime just one direction become leave.",False,False,0,False,167
msg_02254,server_005,server_005_text_5,user_server_005_5411,2026-04-15 05:33:05,"Establish build support child concern.
Contain table energy create hard land. Admit world maintain pay. Despite movement able mean.",False,False,0,False,131
msg_02255,server_002,server_002_text_4,user_server_002_5442,2025-06-15 21:42:14,"Off let enough popular follow speak shoulder.
Well usually turn image pull vote. These poor international early affect quickly.
Seek pull such. Defense conference again three.",True,False,0,False,175
msg_02256,server_009,server_009_text_2,user_server_009_8930,2026-01-20 05:36:09,Second ever factor want form win between.,False,True,0,False,41
msg_02257,server_002,server_002_text_1,user_server_002_4515,2026-02-06 04:56:57,"Moment next development civil spend theory. Plan many get later create.
Her understand lot usually human campaign. Approach ago major line drive.",False,False,0,False,145
msg_02258,server_006,server_006_text_2,user_server_006_2944,2025-09-23 00:43:36,Commercial another entire tax and.,False,False,0,False,34
msg_02259,server_001,server_001_text_2,user_server_001_7274,2026-05-19 00:27:21,Success opportunity road seat operation discussion theory. Set international anyone movie sign light so.,False,False,0,False,104
msg_02260,server_010,server_010_text_3,user_server_010_7026,2026-05-23 21:12:04,Dream woman seek friend say talk there.,False,False,0,False,39
msg_02261,server_007,server_007_text_2,user_server_007_6524,2026-03-23 04:56:10,Three feel culture seem site method yard trip.,False,False,0,False,46
msg_02262,server_002,server_002_text_2,user_server_002_3636,2025-10-15 06:55:45,Describe today discuss kitchen trip bag.,False,True,0,False,40
msg_02263,server_002,server_002_text_4,user_server_002_6314,2025-08-24 18:32:01,"Me election spring value know professor work. General rate reflect economy. One have control energy.
National next else occur benefit. Of best Republican get threat home minute.",False,False,0,False,177
msg_02264,server_008,server_008_text_5,user_server_008_9256,2025-08-17 12:03:29,Traditional same point manage say front.,False,False,0,False,40
msg_02265,server_009,server_009_text_1,user_server_009_1787,2026-03-22 23:08:12,"Lose himself hospital top interview single. Tv tend book put coach.
Involve group ever particularly what tax fear. Ready big question at organization. Data city score walk smile truth story.",False,False,5,False,190
msg_02266,server_004,server_004_text_2,user_server_004_3898,2026-04-20 13:00:23,"Strong himself break firm will model order. Central save let seem they born. Section assume clearly discover resource significant wait.
Study its require. Property thought different.",True,False,3,False,182
msg_02267,server_008,server_008_text_4,user_server_008_2867,2026-04-06 13:10:11,Later dinner minute important might find.,False,True,0,False,41
msg_02268,server_006,server_006_text_1,user_server_006_9704,2026-05-07 09:14:59,Yourself defense option candidate fill beautiful.,False,False,5,False,49
msg_02269,server_010,server_010_text_2,user_server_010_3718,2026-04-30 00:06:30,Sea dark data sort white.,False,False,0,False,25
msg_02270,server_002,server_002_text_1,user_server_002_9537,2025-10-20 19:38:18,"Minute over federal. No which should certainly minute.
Do particular board west behavior live property. Stage either everybody most seem nor.",False,False,0,False,141
msg_02271,server_004,server_004_text_3,user_server_004_2983,2025-08-17 03:11:52,Good child fact leave.,False,False,0,False,22
msg_02272,server_009,server_009_text_2,user_server_009_5576,2025-12-31 20:10:17,Stuff weight rich truth.,False,False,0,False,24
msg_02273,server_009,server_009_text_1,user_server_009_8392,2026-04-20 03:04:06,Industry go happen increase poor PM.,False,False,0,False,36
msg_02274,server_009,server_009_text_2,user_server_009_2423,2025-10-15 03:36:20,"Two key answer. Attack anything town. Will these low wife do medical.
Work simple laugh effort. Learn wish little side successful. Go usually politics pay read responsibility line.",False,False,5,False,180
msg_02275,server_009,server_009_text_1,user_server_009_6322,2025-08-01 02:33:12,Hair bad teach would there seven act.,False,False,0,False,37
msg_02276,server_005,server_005_text_5,user_server_005_4760,2025-12-22 08:45:18,"Election maintain six.
And pretty time middle sound. Special create know. Thousand value yes.
Institution day bank center team. Community likely who create world.",False,False,0,False,162
msg_02277,server_002,server_002_text_4,user_server_002_9706,2026-03-13 07:53:20,"Can hold class doctor care world yeah discussion. Than edge meeting material.
Chair option hour. Yes body necessary dark.",False,False,0,False,121
msg_02278,server_004,server_004_text_1,user_server_004_6729,2025-12-17 15:15:24,Citizen several peace region successful floor begin.,False,False,0,False,52
msg_02279,server_010,server_010_text_1,owner_010,2025-10-10 08:47:24,Think line head five south.,False,False,5,False,27
msg_02280,server_006,server_006_text_1,user_server_006_2359,2026-02-26 11:00:26,Something friend father.,True,False,0,False,24
msg_02281,server_001,server_001_text_2,user_server_001_7971,2026-04-17 22:03:06,Goal consumer woman TV inside street.,False,False,0,False,37
msg_02282,server_003,server_003_text_1,user_server_003_7088,2025-08-08 06:15:01,Speech alone sure.,False,False,0,False,18
msg_02283,server_009,server_009_text_1,user_server_009_7671,2026-05-08 05:06:02,"Pass bring purpose actually like better stand learn. Inside seem science read trip a street.
Game parent cause technology discover. Lawyer coach how training offer. Cut chair fine notice live wear.",False,False,3,False,197
msg_02284,server_005,server_005_text_2,user_server_005_3289,2026-05-27 05:01:22,Yard responsibility memory dog.,False,False,5,False,31
msg_02285,server_008,server_008_text_6,user_server_008_8266,2025-10-18 06:17:45,Season anything own treat meet.,False,False,0,False,31
msg_02286,server_010,server_010_text_3,user_server_010_3964,2025-12-07 06:25:55,Great medical six participant against itself employee.,False,True,0,False,54
msg_02287,server_010,server_010_text_2,user_server_010_3581,2026-03-26 21:49:09,Day technology especially offer.,False,False,1,False,32
msg_02288,server_006,server_006_text_1,user_server_006_9745,2026-04-12 15:00:50,News candidate student toward herself call huge.,False,False,0,False,48
msg_02289,server_004,server_004_text_3,user_server_004_7912,2025-10-21 06:52:55,Former trouble picture.,False,False,0,False,23
msg_02290,server_004,server_004_text_5,user_server_004_3070,2025-11-04 09:13:33,Born traditional family feel machine.,False,False,0,False,37
msg_02291,server_003,server_003_text_2,user_server_003_4898,2026-04-06 19:30:42,Worry foreign something write foreign.,False,False,0,False,38
msg_02292,server_005,server_005_text_4,user_server_005_4890,2025-11-01 22:09:27,Four event actually seven.,False,False,4,False,26
msg_02293,server_009,server_009_text_2,user_server_009_4935,2025-08-01 14:37:16,Various information situation claim within.,True,False,0,False,43
msg_02294,server_001,server_001_text_2,user_server_001_7275,2025-11-19 11:17:32,"Adult gun around side. Magazine bit view pick. Kid new benefit lot second.
Past modern list kid prevent avoid quite.",True,False,0,False,116
msg_02295,server_008,server_008_text_3,user_server_008_8251,2025-10-11 09:06:35,Whom American lawyer summer sure need indeed.,False,False,0,False,45
msg_02296,server_005,server_005_text_1,user_server_005_6717,2026-05-07 20:57:33,Reach report unit room majority benefit purpose. National statement plant rate appear keep really.,True,False,0,False,98
msg_02297,server_004,server_004_text_2,user_server_004_4074,2025-08-06 13:32:28,Maintain pattern may indicate be phone.,False,False,0,False,39
msg_02298,server_004,server_004_text_5,user_server_004_1052,2026-06-03 19:24:17,"Consider me project. Others cut seem reach.
Find others pressure child there next. Avoid blue three college issue.",False,False,0,False,114
msg_02299,server_010,server_010_text_4,user_server_010_1887,2025-09-08 03:33:19,Play much blood continue.,False,False,0,False,25
msg_02300,server_007,server_007_text_2,user_server_007_6907,2026-02-16 06:59:49,True lose modern voice usually.,False,False,0,False,31
msg_02301,server_009,server_009_text_1,user_server_009_4289,2026-02-05 18:15:31,Various baby center beautiful.,False,False,0,False,30
msg_02302,server_007,server_007_text_2,user_server_007_2465,2026-03-03 13:17:26,Personal second serious social indeed.,False,False,0,False,38
msg_02303,server_005,server_005_text_4,user_server_005_7742,2026-05-02 18:39:28,Wear believe back kitchen.,False,False,0,False,26
msg_02304,server_001,server_001_text_1,user_server_001_7561,2026-03-10 03:38:22,"Condition tell rise region alone truth. At pick left focus.
Sound physical bar really student system there.
Blue step rise gas stuff.
Town lay share former. Consider level among not open east across.",False,False,0,False,199
msg_02305,server_002,server_002_text_4,user_server_002_9524,2026-05-27 09:09:34,Seat feeling test pass pay argue.,False,False,0,False,33
msg_02306,server_007,server_007_text_2,user_server_007_1746,2026-04-01 15:09:09,Share radio walk produce.,False,False,0,False,25
msg_02307,server_003,server_003_text_4,user_server_003_2841,2026-04-19 22:48:46,Live add similar sport sure.,False,False,0,False,28
msg_02308,server_007,server_007_text_2,user_server_007_5028,2026-03-13 23:01:05,Nearly green instead try help subject such.,False,False,0,False,43
msg_02309,server_010,server_010_text_4,user_server_010_4609,2026-01-02 15:02:42,Very prove month form need beyond he late.,False,False,0,False,42
msg_02310,server_004,server_004_text_5,user_server_004_4215,2026-04-09 08:27:29,"Word kind later line young item capital. Author surface report billion almost common seven.
List TV safe. No more teacher assume performance.",False,False,0,False,141
msg_02311,server_003,server_003_text_2,user_server_003_8760,2025-09-25 18:56:04,Down opportunity exactly seat collection.,False,False,0,False,41
msg_02312,server_005,server_005_text_6,user_server_005_6160,2025-11-19 21:15:45,Company sign others gas one recent.,False,False,0,False,35
msg_02313,server_001,server_001_text_1,user_server_001_9821,2026-02-13 05:45:25,Research direction they do.,False,False,0,False,27
msg_02314,server_006,server_006_text_1,user_server_006_2944,2025-11-16 07:45:30,Trial them population we five.,False,False,1,False,30
msg_02315,server_006,server_006_text_2,user_server_006_8202,2026-04-04 13:38:40,Top off such pay left likely.,False,False,0,False,29
msg_02316,server_003,server_003_text_5,user_server_003_7819,2025-08-29 01:09:22,Become hard pay white positive bring special.,False,False,0,False,45
msg_02317,server_010,server_010_text_2,user_server_010_6361,2026-05-01 17:30:15,"Ball bit drug why.
Maybe attack want likely paper leave remain. Close take around arm single weight cell floor. Any social paper accept increase. Plant ago young evening.",False,False,0,False,170
msg_02318,server_010,server_010_text_1,user_server_010_1887,2026-04-22 03:28:09,Ok community environmental building.,False,False,1,False,36
msg_02319,server_002,server_002_text_3,user_server_002_1341,2025-12-06 21:43:58,"Language carry war now key director nothing. Forget difference subject.
Push civil buy suddenly. Executive affect month scientist fish color.",False,False,0,False,141
msg_02320,server_008,server_008_text_6,user_server_008_9693,2025-02-14 06:21:20,Action either method.,False,False,0,False,21
msg_02321,server_008,server_008_text_3,user_server_008_4974,2025-06-14 21:24:46,Chance Mrs step bank alone response small.,False,False,0,False,42
msg_02322,server_007,server_007_text_1,user_server_007_9779,2026-03-21 04:07:07,Travel southern identify task.,False,False,5,False,30
msg_02323,server_007,server_007_text_1,user_server_007_5690,2026-04-21 19:42:20,"Process quickly international line half specific fine.
Role measure those size. Cell administration agree support letter interest visit. Large response remain end recent surface probably.",False,False,0,False,187
msg_02324,server_002,server_002_text_2,user_server_002_1341,2025-09-20 20:27:18,Interesting book world guess with beat.,False,False,0,False,39
msg_02325,server_010,server_010_text_4,user_server_010_7682,2025-08-10 15:40:30,Sound street within inside practice. Back weight game area late must off. Bring prove what city student industry wear six.,False,False,0,False,122
msg_02326,server_010,server_010_text_1,user_server_010_1887,2025-09-11 12:39:49,Finish join road east majority a crime.,True,False,0,False,39
msg_02327,server_001,server_001_text_1,user_server_001_9041,2025-10-20 22:22:42,Much set dark article. Which data safe hotel thousand do about. Car hour organization condition.,False,False,0,False,96
msg_02328,server_001,server_001_text_2,owner_001,2025-11-05 20:04:58,Friend Congress lay reality I employee.,False,False,0,False,39
msg_02329,server_008,server_008_text_1,user_server_008_1957,2025-08-30 07:51:33,Ground individual my allow contain research. Base artist stay environment walk cover federal increase. City bad class part.,False,False,0,False,123
msg_02330,server_003,server_003_text_2,user_server_003_2814,2025-11-07 15:36:37,Civil later magazine computer similar manager well.,False,False,0,False,51
msg_02331,server_005,server_005_text_1,user_server_005_9247,2026-06-12 07:19:31,Democratic hand spend Republican.,False,False,0,False,33
msg_02332,server_004,server_004_text_4,user_server_004_7484,2026-01-29 16:56:09,Imagine mind teach explain part.,False,False,2,False,32
msg_02333,server_006,server_006_text_2,user_server_006_2212,2025-11-25 14:58:37,Cell night interview loss fast could whatever forward.,True,False,2,False,54
msg_02334,server_005,server_005_text_1,user_server_005_6447,2026-04-11 16:25:45,Week occur form teacher.,False,False,0,False,24
msg_02335,server_008,server_008_text_5,user_server_008_8251,2026-02-23 22:48:05,Not voice music little yard.,False,False,2,False,28
msg_02336,server_005,server_005_text_4,user_server_005_5530,2026-05-15 06:54:56,"Employee turn company. Behavior matter magazine history one win street. Finally position night old degree.
Manage total financial once price. Why vote rich even within wear.",False,False,0,False,173
msg_02337,server_001,server_001_text_1,user_server_001_7561,2026-04-02 09:22:09,Listen just really whose cup vote nothing movie.,False,False,0,False,48
msg_02338,server_005,server_005_text_4,user_server_005_7978,2025-10-29 21:23:48,Big lose woman parent anything maybe feel.,False,False,0,False,42
msg_02339,server_006,server_006_text_1,user_server_006_3736,2025-10-25 03:42:12,Seven serious finally contain individual far trip side. Test miss subject rise.,False,True,0,False,79
msg_02340,server_002,server_002_text_4,user_server_002_6314,2025-07-25 16:05:32,Particularly win wrong pass sense.,False,False,0,False,34
msg_02341,server_009,server_009_text_2,user_server_009_7074,2025-10-09 02:17:33,Girl color finally recognize account lawyer gun.,False,False,0,False,48
msg_02342,server_001,server_001_text_1,user_server_001_7561,2026-01-11 11:14:10,Option draw last boy behavior.,True,False,0,False,30
msg_02343,server_003,server_003_text_4,user_server_003_6605,2025-11-04 23:19:09,Agency style run dream where minute our. Product draw only order. Statement maybe buy too.,False,False,0,False,90
msg_02344,server_008,server_008_text_1,user_server_008_1957,2025-05-15 21:15:20,Church interest usually chance.,False,False,0,False,31
msg_02345,server_002,server_002_text_2,user_server_002_3906,2025-06-30 01:23:52,Despite second citizen her significant. Conference change knowledge heart material.,True,False,0,False,83
msg_02346,server_009,server_009_text_1,user_server_009_3368,2025-09-18 08:15:33,Join difficult specific manage claim mention meet chance. Detail majority energy natural stage start paper particularly.,False,False,3,False,120
msg_02347,server_010,server_010_text_1,user_server_010_7576,2025-12-28 11:57:10,Pull head ready point support tend manage.,False,False,1,False,42
msg_02348,server_006,server_006_text_1,user_server_006_5577,2026-04-24 09:25:03,Discussion organization within baby. Form box team information get high. Her travel stuff alone local start long gun.,False,False,0,False,117
msg_02349,server_007,server_007_text_2,user_server_007_5019,2025-12-31 03:12:57,Rock bar time kid start.,False,False,0,False,24
msg_02350,server_005,server_005_text_5,user_server_005_9583,2025-10-25 12:41:15,"Various play campaign. Bar wall direction.
Sure piece simple always. Much picture that news seat including. A lose person will southern.",False,False,0,False,136
msg_02351,server_007,server_007_text_1,user_server_007_8650,2026-05-28 21:25:55,Power moment couple add notice chair kitchen couple.,False,False,0,False,52
msg_02352,server_005,server_005_text_5,user_server_005_7438,2026-03-13 14:38:11,Parent summer season course reach by. Such rise sense suggest. Sister cut down reality hot study. Audience best newspaper herself this share wonder fund.,False,False,0,False,153
msg_02353,server_001,server_001_text_2,user_server_001_6862,2025-11-14 01:02:53,Cost indicate sea still mean.,False,False,0,False,29
msg_02354,server_008,server_008_text_2,user_server_008_6870,2025-08-10 01:48:03,Fill very couple none cut world people.,False,False,0,False,39
msg_02355,server_007,server_007_text_2,user_server_007_4973,2026-01-12 17:02:47,Brother those again half no.,False,False,0,False,28
msg_02356,server_006,server_006_text_1,user_server_006_3736,2025-12-23 14:12:18,Develop several perhaps account them save claim theory. Draw inside issue shake. Professional perform man.,False,False,0,False,106
msg_02357,server_009,server_009_text_2,user_server_009_2258,2025-10-14 20:32:38,Street if training provide drop will anyone.,True,False,0,False,44
msg_02358,server_007,server_007_text_1,user_server_007_4375,2026-02-25 07:08:48,"Cut others teach town place cause. Himself sea draw list else.
Popular get loss her. Cultural standard wish learn. Always product traditional stand turn method.",True,False,0,False,160
msg_02359,server_001,server_001_text_2,user_server_001_9041,2026-01-20 22:04:54,"Save unit customer class subject. Loss nation most idea outside know. Bill deep message.
Big century fly kid mind community public. Quality take talk wrong morning. Democrat word center capital.",False,False,0,False,194
msg_02360,server_005,server_005_text_6,user_server_005_4270,2026-01-26 23:01:49,Sense later actually share blue point.,False,False,4,False,38
msg_02361,server_001,server_001_text_2,user_server_001_8564,2026-06-12 08:44:29,Work magazine draw common agreement find.,False,False,4,False,41
msg_02362,server_006,server_006_text_2,user_server_006_1595,2026-06-03 16:56:45,Strategy use third recently note eat beyond. In hope water action weight stay hotel ten. Little sea generation picture bill step interest. Boy exactly what something heart politics.,False,False,0,True,181
msg_02363,server_007,server_007_text_1,user_server_007_6953,2026-01-02 08:31:55,"Here family specific property young American board. Production memory gun tonight city role purpose. Doctor can enough theory.
Information happen western fine at.",False,False,0,False,162
msg_02364,server_010,server_010_text_3,user_server_010_6571,2026-06-13 04:09:44,Less style reveal PM candidate become growth.,False,False,0,False,45
msg_02365,server_007,server_007_text_2,user_server_007_7726,2025-12-11 13:17:27,"Early myself artist now. Have act soon street magazine newspaper.
Customer other hand every myself it.",False,False,0,False,102
msg_02366,server_006,server_006_text_1,user_server_006_1047,2026-03-01 00:18:33,Never just soon more something.,False,False,1,False,31
msg_02367,server_008,server_008_text_1,user_server_008_3282,2026-03-08 23:39:45,According morning even.,False,False,0,False,23
msg_02368,server_003,server_003_text_2,user_server_003_5440,2026-01-31 09:15:47,Argue PM day future little drive.,True,False,0,False,33
msg_02369,server_004,server_004_text_3,user_server_004_6074,2026-03-18 08:25:02,Middle pressure control thought story.,False,False,1,False,38
msg_02370,server_010,server_010_text_1,user_server_010_2738,2025-08-31 15:44:17,"Involve white choice deal with. Can sort picture allow.
Down how still analysis bed strong poor. Administration research add to popular against.",True,True,0,False,144
msg_02371,server_008,server_008_text_5,user_server_008_9228,2026-05-22 03:06:27,Try knowledge fight sing people end.,False,False,0,False,36
msg_02372,server_010,server_010_text_2,user_server_010_2221,2026-05-29 13:19:56,Young whatever analysis plant partner its.,False,False,0,False,42
msg_02373,server_003,server_003_text_1,user_server_003_7652,2026-03-30 11:29:28,"Indeed enter old because sense.
Not but upon tend eat customer. Soldier common all program country scientist.",False,False,0,False,109
msg_02374,server_008,server_008_text_6,user_server_008_4191,2026-02-14 18:07:26,Edge believe president those within ahead administration safe. Within between general talk hotel choice pattern. Week enter nearly throughout.,False,False,0,False,142
msg_02375,server_001,server_001_text_2,user_server_001_4878,2026-01-18 05:34:32,"Someone knowledge prepare ready important. Bank game attorney. Job care include old ask.
Instead soon career right. Company trade skill. Condition charge moment which factor.",False,False,0,False,174
msg_02376,server_010,server_010_text_2,user_server_010_4086,2025-12-02 06:29:15,Rate which stand seat power usually.,True,False,0,False,36
msg_02377,server_003,server_003_text_5,user_server_003_7047,2025-08-16 12:20:59,West case behavior big buy care wife.,False,True,0,False,37
msg_02378,server_008,server_008_text_5,user_server_008_6924,2025-09-24 22:52:01,Within get maybe. Fact on cultural hospital plan unit heart. Before develop reach one interest. Mention rest civil front thus campaign whatever.,False,False,4,False,144
msg_02379,server_004,server_004_text_3,user_server_004_8722,2025-12-19 05:42:58,Picture that across the rule rather should.,False,False,0,False,43
msg_02380,server_010,server_010_text_1,user_server_010_5563,2026-03-30 07:47:04,Wait yeah back technology usually admit produce.,False,False,0,False,48
msg_02381,server_004,server_004_text_2,user_server_004_1722,2025-10-27 03:44:40,Stay old the finally serious cold.,False,False,0,False,34
msg_02382,server_007,server_007_text_1,user_server_007_2175,2026-05-05 10:42:57,Everybody success baby candidate our serve decade.,False,False,0,False,50
msg_02383,server_010,server_010_text_3,user_server_010_4609,2026-04-05 19:41:15,Recent TV establish baby just occur bag.,False,False,0,False,40
msg_02384,server_002,server_002_text_3,user_server_002_6188,2026-06-08 00:04:03,Later strategy condition describe theory once appear.,False,False,0,False,53
msg_02385,server_002,server_002_text_2,user_server_002_5485,2025-04-18 21:22:35,Mouth there article sing.,False,False,0,False,25
msg_02386,server_002,server_002_text_2,user_server_002_7319,2026-03-13 12:56:36,Name challenge number sport argue boy common meeting. Because indeed some. Drop commercial million spring less happen population. Lawyer change me.,True,False,0,False,147
msg_02387,server_009,server_009_text_2,user_server_009_1922,2026-04-04 07:33:13,Else decide behavior physical present behind.,False,False,0,False,45
msg_02388,server_004,server_004_text_4,user_server_004_3430,2026-02-10 03:19:49,"Imagine military this since too present break. Office note drop various these put.
Certain toward entire something necessary life pick imagine. Simply bring head already anyone store.",False,False,0,False,183
msg_02389,server_009,server_009_text_2,user_server_009_4740,2026-04-19 03:59:09,Author his market question television watch.,False,False,0,False,44
msg_02390,server_007,server_007_text_2,user_server_007_7459,2026-03-02 08:50:08,Chance machine general operation research huge course. Really building sign recently avoid upon air out.,False,False,0,False,104
msg_02391,server_002,server_002_text_2,user_server_002_7081,2025-10-15 17:04:16,Director little growth treatment heavy miss few economic. Technology national box individual common. Through reveal another couple kitchen.,False,False,5,True,139
msg_02392,server_002,server_002_text_1,user_server_002_3365,2026-05-27 13:58:05,Difficult side money improve fact study field.,False,True,0,False,46
msg_02393,server_003,server_003_text_3,user_server_003_2326,2025-11-28 03:20:56,While large throughout at three value. Term western participant kitchen summer consumer.,False,False,0,False,88
msg_02394,server_006,server_006_text_1,user_server_006_4695,2025-10-18 03:36:43,Know civil eight summer.,False,False,0,False,24
msg_02395,server_008,server_008_text_1,user_server_008_9127,2026-05-22 11:06:47,The country speech tell.,False,False,0,False,24
msg_02396,server_004,server_004_text_3,user_server_004_3898,2025-10-27 09:45:27,Ever spend catch allow.,False,False,0,False,23
msg_02397,server_005,server_005_text_3,user_server_005_2701,2026-06-11 06:20:19,"Toward return carry thing second example past black. Work blood chance though east fear. Production pull operation article nothing.
Kind lot road perhaps.",True,False,0,False,154
msg_02398,server_006,server_006_text_1,user_server_006_3635,2026-02-19 14:17:01,Available increase television development.,False,False,0,False,42
msg_02399,server_002,server_002_text_4,user_server_002_3140,2026-01-16 02:50:22,Return poor should leg central.,False,False,0,False,31
msg_02400,server_004,server_004_text_1,user_server_004_6401,2026-04-15 11:15:16,Event trip kid decade ability three chair.,True,False,0,False,42
msg_02401,server_007,server_007_text_1,user_server_007_1930,2026-02-12 01:20:29,Successful compare possible red wall low size.,True,False,0,False,46
msg_02402,server_007,server_007_text_1,user_server_007_2940,2026-03-19 13:35:25,Scientist practice wear hour concern matter. Feeling product usually course wonder.,False,False,0,False,83
msg_02403,server_006,server_006_text_2,user_server_006_5249,2025-12-09 12:28:48,"Represent remain wonder about military fall raise provide. Almost card spend more term.
Message perhaps painting bill.",False,False,0,False,118
msg_02404,server_004,server_004_text_5,user_server_004_9722,2025-08-16 16:56:08,Arm that huge economic clear.,False,False,0,False,29
msg_02405,server_010,server_010_text_3,user_server_010_5907,2025-10-15 08:11:43,Create commercial media believe.,False,False,3,False,32
msg_02406,server_009,server_009_text_1,user_server_009_9072,2026-04-08 09:10:24,None very bag bit bank ago director. Hold something simple region leader body. Operation which skin order modern herself. Here behind establish item nation imagine.,False,False,0,False,164
msg_02407,server_004,server_004_text_1,user_server_004_9722,2025-09-20 22:42:55,"Somebody little story white. Change stuff certain major increase begin language such.
Feel give wonder both admit black.",False,False,0,False,120
msg_02408,server_009,server_009_text_2,user_server_009_7527,2025-08-13 22:24:06,Win certainly group media.,False,False,2,False,26
msg_02409,server_009,server_009_text_1,user_server_009_1450,2025-08-11 07:59:44,Responsibility nor none opportunity thought.,False,False,5,False,44
msg_02410,server_007,server_007_text_2,user_server_007_1162,2025-12-04 07:27:25,Degree may town entire brother attack travel card.,False,False,0,False,50
msg_02411,server_003,server_003_text_4,user_server_003_2333,2025-11-20 00:38:59,At according rule rich month character.,False,False,2,False,39
msg_02412,server_003,server_003_text_5,user_server_003_9108,2026-01-22 16:21:46,Firm probably goal parent something reflect with.,False,False,2,False,49
msg_02413,server_006,server_006_text_2,user_server_006_4930,2026-04-16 15:35:18,Resource physical direction soon instead suffer.,False,False,0,False,48
msg_02414,server_007,server_007_text_2,user_server_007_4396,2025-11-20 19:42:32,Yet class produce side kind.,False,True,0,False,28
msg_02415,server_005,server_005_text_6,user_server_005_2908,2025-10-25 12:46:13,Beautiful under star.,False,False,0,False,21
msg_02416,server_010,server_010_text_2,user_server_010_4989,2025-12-23 02:04:40,Probably magazine party environment executive young.,False,False,2,False,52
msg_02417,server_010,server_010_text_2,user_server_010_6684,2026-01-05 06:44:02,Authority score security center rise husband else.,False,False,0,False,50
msg_02418,server_007,server_007_text_2,user_server_007_8209,2026-03-27 15:54:56,Research recent miss agreement firm economy wife.,False,False,0,False,49
msg_02419,server_004,server_004_text_3,user_server_004_9722,2025-08-23 23:10:04,Bag age I treatment and.,False,True,0,False,24
msg_02420,server_009,server_009_text_1,user_server_009_5098,2025-07-23 14:04:11,Party team century field.,False,False,0,False,25
msg_02421,server_004,server_004_text_2,user_server_004_7493,2025-12-30 19:31:13,Dark road that according.,False,False,0,False,25
msg_02422,server_002,server_002_text_2,user_server_002_9747,2026-05-29 03:13:16,Appear price somebody add never around investment full.,False,False,0,False,55
msg_02423,server_010,server_010_text_2,user_server_010_4086,2026-03-19 19:56:15,Strategy hair ability daughter human design sit involve.,False,True,0,False,56
msg_02424,server_008,server_008_text_4,user_server_008_7120,2025-06-26 13:52:13,Little against young stuff family.,False,False,0,False,34
msg_02425,server_007,server_007_text_1,user_server_007_2940,2025-12-04 08:16:21,Western result act citizen.,False,False,0,False,27
msg_02426,server_001,server_001_text_1,owner_001,2025-09-24 16:08:46,"Today want two exist argue. Daughter later from see else ground low. Something degree adult.
See help among. Include walk black.",False,False,0,False,128
msg_02427,server_001,server_001_text_2,user_server_001_4185,2025-10-27 05:34:46,Official personal tend occur benefit.,False,True,0,False,37
msg_02428,server_007,server_007_text_2,user_server_007_8110,2026-04-27 23:49:51,"Now financial summer respond. Tax short hundred fact. Bad yourself Republican such anyone policy.
Interview without former Republican. Theory peace information care director everyone response.",False,False,0,False,192
msg_02429,server_006,server_006_text_1,user_server_006_6144,2025-12-11 10:31:53,"Summer develop quite Mrs. Look worry color community meet investment.
Environment until sort much north.
Time appear already appear trouble. Require minute sort discuss.",True,False,0,False,169
msg_02430,server_007,server_007_text_2,user_server_007_8050,2026-01-04 01:41:47,What and no force.,False,False,0,False,18
msg_02431,server_004,server_004_text_4,user_server_004_7190,2025-10-14 23:48:53,"Successful sell about. Middle former field attorney. Resource player agreement grow.
There technology friend their effect character. Provide before event throw find group them.",False,False,0,False,176
msg_02432,server_010,server_010_text_3,user_server_010_4989,2025-12-20 01:10:54,Everybody behind dark certainly short blue.,False,False,0,False,43
msg_02433,server_010,server_010_text_1,user_server_010_1887,2025-10-01 03:44:44,"Decade field next image. Indeed mean compare fish environmental.
Sense while region sea shoulder under. Forget speak contain include themselves several also. Get cause record exist.",False,False,0,False,181
msg_02434,server_009,server_009_text_2,owner_009,2025-07-16 01:39:51,North force situation security its. Him food bill total account. Election play occur chance sometimes yet people. Understand single already really many such foreign understand.,False,False,5,False,176
msg_02435,server_006,server_006_text_2,user_server_006_7071,2026-01-25 13:00:12,Type ahead fine people writer group adult. Start hope tend image station. Run area best table agent life. Draw a we.,False,False,0,False,116
msg_02436,server_006,server_006_text_1,user_server_006_4121,2025-10-25 23:18:33,Like choose none. Many compare show money goal game.,False,False,0,False,52
msg_02437,server_002,server_002_text_1,user_server_002_3140,2026-03-12 17:27:11,Nor teacher read contain human.,False,False,0,False,31
msg_02438,server_008,server_008_text_6,user_server_008_4525,2026-01-17 07:14:00,Heart old range understand edge.,False,False,1,False,32
msg_02439,server_002,server_002_text_4,user_server_002_3406,2025-05-31 20:51:22,"Space carry industry so. Government any we father relationship story.
Far seem identify international beyond memory.",False,False,0,False,116
msg_02440,server_008,server_008_text_1,user_server_008_3359,2025-09-08 08:36:23,Vote drug remain soldier watch size.,False,False,0,False,36
msg_02441,server_010,server_010_text_2,user_server_010_8728,2026-04-17 22:47:51,"Car she society oil personal standard. Those information official manager like tend per hair.
Age drive support Mrs. Minute show create organization beyond different provide.",True,False,1,False,174
msg_02442,server_008,server_008_text_4,user_server_008_4826,2025-04-24 00:16:38,Your feel car court type find subject arm.,False,False,0,False,42
msg_02443,server_006,server_006_text_2,user_server_006_4121,2025-10-19 18:34:57,Local even garden item.,False,False,1,False,23
msg_02444,server_010,server_010_text_4,user_server_010_8087,2025-09-12 16:34:18,Choice have cause carry.,True,False,0,False,24
msg_02445,server_004,server_004_text_1,user_server_004_1587,2026-04-22 09:20:46,Too consumer picture like.,False,False,5,False,26
msg_02446,server_002,server_002_text_4,user_server_002_9116,2025-05-24 21:20:58,Back black purpose his part.,False,False,0,False,28
msg_02447,server_001,server_001_text_1,user_server_001_6383,2026-04-18 15:05:00,Student worker point though follow minute serious. School town its southern teach recent today. Scene newspaper traditional.,False,False,2,False,124
msg_02448,server_001,server_001_text_2,user_server_001_7275,2025-12-22 15:34:49,Federal why develop kind father final.,False,False,0,False,38
msg_02449,server_001,server_001_text_2,user_server_001_5526,2025-11-09 12:01:05,"These develop official. Fight interesting evidence perform fly. Character five road little fast.
Policy serve as explain. Drop general expert treat risk.",False,False,0,False,153
msg_02450,server_009,server_009_text_1,user_server_009_2536,2025-09-25 10:20:44,Officer size why free region serve spring buy.,True,False,0,False,46
msg_02451,server_009,server_009_text_1,user_server_009_2189,2026-01-25 06:14:36,Development area mouth debate.,False,False,0,False,30
msg_02452,server_008,server_008_text_4,user_server_008_4087,2026-02-14 08:59:53,Tonight bit strong interview.,False,False,0,False,29
msg_02453,server_010,server_010_text_3,user_server_010_6065,2025-08-19 17:41:18,Information ground before so lay style beyond.,False,False,0,False,46
msg_02454,server_004,server_004_text_4,user_server_004_9322,2025-10-23 07:26:10,"Soldier production military spring.
Century for southern president. Ability area know soon.",False,False,0,False,91
msg_02455,server_007,server_007_text_2,user_server_007_9398,2025-11-09 06:51:24,Similar of environment quite issue.,False,False,1,False,35
msg_02456,server_004,server_004_text_3,user_server_004_3961,2026-03-21 08:10:58,Receive top toward century guy mission.,False,False,0,False,39
msg_02457,server_005,server_005_text_3,user_server_005_2755,2026-05-10 17:57:42,Gun level defense happy over impact product.,False,False,0,False,44
msg_02458,server_005,server_005_text_3,user_server_005_2357,2026-02-08 14:49:22,Than tonight close paper. Cost two always party if chair. Future almost action career. Actually near animal.,False,False,0,False,108
msg_02459,server_010,server_010_text_3,owner_010,2025-08-17 00:47:27,Put themselves threat. Kind stage view state new. Data kitchen business.,False,False,0,False,72
msg_02460,server_002,server_002_text_2,user_server_002_7870,2025-10-08 21:25:34,Even take some key.,False,False,0,False,19
msg_02461,server_003,server_003_text_5,user_server_003_8928,2025-10-10 20:57:10,Full run every may dinner.,False,False,0,False,26
msg_02462,server_006,server_006_text_1,user_server_006_4709,2026-04-26 18:15:18,Serious accept oil moment without trial security.,False,False,3,False,49
msg_02463,server_008,server_008_text_1,user_server_008_4182,2025-07-31 00:25:22,Set coach keep hope factor money test live.,False,False,4,False,43
msg_02464,server_004,server_004_text_4,user_server_004_6108,2025-10-21 19:37:12,Week great can friend remember over.,False,False,0,False,36
msg_02465,server_004,server_004_text_1,user_server_004_7577,2026-02-18 08:53:06,Phone shake wall focus.,True,False,0,False,23
msg_02466,server_009,server_009_text_1,user_server_009_1274,2025-08-28 12:14:10,Agreement agree test anything office somebody.,False,False,0,False,46
msg_02467,server_004,server_004_text_5,user_server_004_8998,2026-03-13 09:03:16,Whose little important product like.,False,False,0,False,36
msg_02468,server_002,server_002_text_1,user_server_002_4062,2025-12-06 20:18:55,Listen west which economic third box popular.,False,False,0,False,45
msg_02469,server_007,server_007_text_1,owner_007,2025-12-28 14:21:46,Significant picture decade culture term by station.,False,False,0,False,51
msg_02470,server_003,server_003_text_2,user_server_003_2478,2025-12-26 03:31:42,Same investment within difference pick against mean.,False,False,0,False,52
msg_02471,server_007,server_007_text_1,user_server_007_4375,2026-03-12 08:03:15,Most doctor hot save rather box yeah run.,False,False,0,False,41
msg_02472,server_001,server_001_text_2,user_server_001_8102,2025-09-19 19:14:10,"Item talk reach. Research let week move memory. Purpose hope person.
Suffer discussion one though. Clear image young single land. Song nature home daughter window fast.",False,False,0,False,168
msg_02473,server_006,server_006_text_1,owner_006,2025-09-18 06:01:01,Surface floor mention particular meeting detail. Assume response lot family beyond western budget various. Indicate campaign down deal success purpose.,False,False,0,False,151
msg_02474,server_009,server_009_text_2,user_server_009_6530,2026-03-06 08:35:48,Appear father happen visit alone.,False,False,2,False,33
msg_02475,server_004,server_004_text_5,user_server_004_7190,2025-08-05 08:57:14,Cup pass college.,False,False,0,False,17
msg_02476,server_003,server_003_text_1,user_server_003_9573,2025-08-25 06:01:32,"Training position their table cultural radio.
Drug risk vote day market talk. Phone at politics skill challenge.",False,False,3,False,112
msg_02477,server_010,server_010_text_1,user_server_010_8614,2025-12-29 06:10:35,Glass year year south.,False,False,0,False,22
msg_02478,server_009,server_009_text_1,user_server_009_3960,2025-08-28 18:47:26,Area learn include level major.,False,False,0,False,31
msg_02479,server_001,server_001_text_2,user_server_001_2070,2026-04-13 02:35:03,Collection real mention economic.,False,False,0,False,33
msg_02480,server_006,server_006_text_2,user_server_006_9558,2026-06-02 12:17:44,Despite visit either product.,False,False,0,False,29
msg_02481,server_004,server_004_text_1,user_server_004_7292,2025-08-03 18:34:52,"Security quite might understand. Son rock well little.
Full story local character ready think. Despite fine question ask cost trade. Prepare business enjoy attorney another year.",False,False,5,False,178
msg_02482,server_007,server_007_text_1,user_server_007_1058,2026-06-09 21:12:16,Film imagine easy let person design memory likely.,False,False,0,False,50
msg_02483,server_001,server_001_text_1,user_server_001_9056,2025-11-13 11:57:51,Sound consumer development send style. Window keep agency necessary star data. Worry government similar many business.,False,False,0,False,118
msg_02484,server_006,server_006_text_2,user_server_006_4339,2026-06-14 23:45:00,"Final wall stop. Reflect consider tend produce. But opportunity recognize above ready any.
Since hope environment industry relate like memory. Exist site bit sometimes return.",False,False,0,False,175
msg_02485,server_002,server_002_text_3,user_server_002_2311,2026-01-15 09:43:25,Offer heavy dog character energy hot hit.,False,True,0,False,41
msg_02486,server_005,server_005_text_1,user_server_005_9583,2026-03-06 07:37:01,Special vote beyond turn.,False,False,0,False,25
msg_02487,server_003,server_003_text_3,user_server_003_2073,2026-05-25 03:46:00,Party ability pattern reflect population city dark cultural.,False,False,0,False,60
msg_02488,server_009,server_009_text_2,user_server_009_2603,2026-03-01 09:29:28,Change church spend mention edge born treat certainly.,False,False,3,False,54
msg_02489,server_006,server_006_text_2,user_server_006_5242,2025-11-25 21:11:11,Music anything probably star wish. Score reason consumer smile better. Game we write one.,False,False,0,False,89
msg_02490,server_007,server_007_text_2,user_server_007_3325,2025-12-06 03:25:40,Remain fund near organization article worker.,False,False,0,False,45
msg_02491,server_008,server_008_text_4,user_server_008_5496,2025-02-25 18:24:43,Under threat card product manage.,False,False,0,False,33
msg_02492,server_006,server_006_text_1,user_server_006_7814,2025-10-07 12:42:15,Whether reveal happy little theory speak church though.,False,False,0,False,55
msg_02493,server_010,server_010_text_4,user_server_010_3205,2025-10-07 23:21:19,Result reason increase.,False,False,2,False,23
msg_02494,server_010,server_010_text_3,user_server_010_6684,2025-08-19 20:20:55,Special result other network it determine tree.,True,False,0,False,47
msg_02495,server_005,server_005_text_4,user_server_005_2028,2026-05-18 14:48:51,Success computer bill light including.,False,False,0,False,38
msg_02496,server_002,server_002_text_1,user_server_002_8786,2025-10-01 11:34:09,Clear size especially present.,False,False,0,False,30
msg_02497,server_010,server_010_text_3,user_server_010_5640,2026-05-02 19:35:54,Role through have place whose.,True,False,0,False,30
msg_02498,server_003,server_003_text_5,user_server_003_1775,2025-08-11 11:23:09,"Reflect rise source cover. Hundred appear whole population should character.
Whatever everything use stay ok. Like half law it do choice.",False,False,0,False,137
msg_02499,server_002,server_002_text_3,user_server_002_9419,2026-01-16 10:14:52,Generation during see edge lot rest.,False,False,0,False,36
msg_02500,server_001,server_001_text_2,user_server_001_4824,2026-04-22 17:16:25,Phone other most citizen product.,False,False,2,False,33
msg_02501,server_010,server_010_text_3,user_server_010_8502,2025-09-22 02:52:58,"President guess response dinner people spend experience.
Federal never would east character operation best. Artist however main wait ready well nation.",False,False,0,False,151
msg_02502,server_005,server_005_text_4,user_server_005_2305,2025-11-23 10:21:03,Situation edge party which begin cup box.,False,False,0,False,41
msg_02503,server_008,server_008_text_3,user_server_008_5496,2026-04-19 14:31:19,Despite do court big trouble appear increase.,False,False,0,False,45
msg_02504,server_002,server_002_text_1,user_server_002_6327,2025-06-09 12:03:07,Country east event push.,False,False,0,False,24
msg_02505,server_003,server_003_text_1,user_server_003_2052,2025-12-26 21:14:09,Set see protect want need past doctor.,False,False,0,False,38
msg_02506,server_006,server_006_text_1,user_server_006_3621,2026-02-21 22:35:48,"Knowledge miss daughter probably force. Arrive strategy near partner story one most.
Security attack west movie food past at. Improve ever feeling suffer these leg. Also dream fall.",False,False,0,False,181
msg_02507,server_001,server_001_text_1,user_server_001_5526,2025-10-27 00:32:31,Why until must.,False,False,0,False,15
msg_02508,server_001,server_001_text_1,owner_001,2025-09-25 16:25:54,Board cell factor picture kitchen Democrat player lay.,True,False,0,False,54
msg_02509,server_005,server_005_text_1,user_server_005_7978,2026-05-20 03:48:21,Occur dream affect effect large American during across.,False,False,4,False,55
msg_02510,server_005,server_005_text_2,user_server_005_5067,2025-12-03 21:57:15,Involve action establish board to say organization.,True,False,2,False,51
msg_02511,server_009,server_009_text_2,user_server_009_4657,2025-08-26 22:07:53,Again forward often suddenly language between mean.,False,True,0,False,51
msg_02512,server_001,server_001_text_1,user_server_001_5930,2026-04-07 19:08:57,Maintain attorney direction instead.,False,False,0,False,36
msg_02513,server_005,server_005_text_3,user_server_005_3585,2025-12-17 04:01:31,"Happen minute author nor eat campaign. Bring station medical interview.
If tend thing address some bag send. Worker many shoulder become in future.",False,False,1,False,147
msg_02514,server_002,server_002_text_3,user_server_002_9011,2025-11-15 15:08:38,Among music shoulder likely performance.,False,False,0,True,40
msg_02515,server_003,server_003_text_2,user_server_003_2457,2026-04-21 03:38:11,"Government group than operation ago. Who collection lawyer feel professional follow eat.
Heart first off north key nearly ahead research. Lose fish the laugh.",False,False,4,False,158
msg_02516,server_001,server_001_text_2,user_server_001_6383,2026-03-09 07:47:35,Fear word actually finish.,False,False,0,False,26
msg_02517,server_006,server_006_text_2,user_server_006_8123,2025-12-15 12:24:05,Deep financial author bring relate customer whether.,False,True,5,False,52
msg_02518,server_004,server_004_text_3,user_server_004_4430,2026-01-30 02:52:28,Full peace house finally energy age forget once.,False,False,0,False,48
msg_02519,server_005,server_005_text_2,user_server_005_6160,2025-10-15 09:15:58,Painting field bar game class represent perform.,False,False,0,False,48
msg_02520,server_005,server_005_text_3,user_server_005_6655,2026-06-11 15:00:38,"Question figure go. Image shake door.
Agent Mr if. Prepare country anyone career against eye.
Let stay energy miss wonder. May first yeah cut lot.",False,False,0,False,146
msg_02521,server_001,server_001_text_2,user_server_001_6139,2025-12-04 06:05:56,Product fill between call break.,True,False,0,False,32
msg_02522,server_007,server_007_text_2,user_server_007_2805,2025-11-03 00:09:32,"Nor job game. Degree grow box reduce who like minute.
Actually scientist common often. Pattern economy defense now mind manage cell. Person budget goal believe local everyone suffer.",False,False,5,False,182
msg_02523,server_001,server_001_text_1,user_server_001_4185,2026-05-15 23:42:35,Group course into risk. Scene nice break ago decision again tell practice. Reduce leave arm film.,False,False,0,False,97
msg_02524,server_008,server_008_text_2,user_server_008_9271,2026-04-16 20:28:42,Show admit represent information argue sit material system.,False,False,0,False,59
msg_02525,server_003,server_003_text_2,user_server_003_1775,2025-09-17 02:55:32,"Catch between share discover window. Word thing main sure central.
State medical garden example. Trip region smile parent green. Space government down success director all.",False,False,0,False,172
msg_02526,server_006,server_006_text_1,user_server_006_1807,2026-04-13 08:02:50,But certain question laugh.,False,False,1,False,27
msg_02527,server_004,server_004_text_3,user_server_004_6567,2025-11-10 02:19:35,"Choose spring really moment wind.
Somebody question yet say air play catch. Suggest boy senior modern body agency. Set travel reality listen poor front. Drug hotel professor machine.",True,False,0,False,182
msg_02528,server_004,server_004_text_5,user_server_004_9305,2026-02-15 15:55:20,Own keep scientist western cost deep.,False,False,0,False,37
msg_02529,server_005,server_005_text_6,user_server_005_1338,2026-05-13 02:35:31,"Job third ok bar approach these billion.
Five reduce research sign point. Team threat edge book almost same despite. Significant no expert bad hot page.",False,False,0,False,152
msg_02530,server_009,server_009_text_2,user_server_009_1624,2026-04-06 12:29:59,Give good action serious send expert magazine.,False,False,0,False,46
msg_02531,server_002,server_002_text_1,user_server_002_9814,2025-04-17 13:54:43,Thing time beat.,False,False,0,False,16
msg_02532,server_004,server_004_text_3,user_server_004_6783,2026-01-03 21:41:14,Best staff low over training someone show.,False,False,0,False,42
msg_02533,server_006,server_006_text_2,user_server_006_5987,2026-01-12 05:19:53,Consumer central have doctor low however current realize.,False,True,2,False,57
msg_02534,server_010,server_010_text_4,user_server_010_2018,2026-04-02 11:47:55,Husband unit something anyone suffer coach.,False,False,2,False,43
msg_02535,server_008,server_008_text_1,user_server_008_4128,2025-07-17 17:39:15,Drug they response son similar community reflect big. Itself hard own up degree enough quickly. Example card data factor arm strategy television.,False,False,0,False,145
msg_02536,server_004,server_004_text_4,user_server_004_9413,2026-05-14 20:35:36,You front tend travel particularly action.,False,False,0,False,42
msg_02537,server_001,server_001_text_1,user_server_001_4728,2026-05-02 10:32:45,"Pm make then necessary write. Politics its science yourself smile crime. Recent seat learn buy less leader. Impact goal suffer.
Field care cut end include fall. Animal actually land group.",False,False,0,False,188
msg_02538,server_007,server_007_text_2,user_server_007_6190,2026-05-02 15:06:37,Consider west style when.,False,False,0,False,25
msg_02539,server_006,server_006_text_1,user_server_006_7499,2026-03-17 15:30:39,"Market improve summer politics skill arm people. How wall politics. Give be walk visit. Beautiful produce investment wife.
Team lawyer new picture if election nature sign. Item light part top news.",False,False,0,False,197
msg_02540,server_010,server_010_text_2,owner_010,2025-07-26 08:54:54,His we discover. Name company dog use politics financial. Indeed break garden safe once project local. Medical field about book stock.,False,False,0,False,134
msg_02541,server_001,server_001_text_2,user_server_001_1508,2025-12-28 13:05:11,State still just agent cover always.,False,False,0,False,36
msg_02542,server_010,server_010_text_4,user_server_010_1887,2025-09-15 10:32:14,Leader population east official enough establish.,False,False,0,False,49
msg_02543,server_008,server_008_text_6,user_server_008_3246,2026-05-28 06:40:19,Bed lose several look strategy.,False,True,0,False,31
msg_02544,server_003,server_003_text_3,user_server_003_8904,2025-08-31 17:50:17,Need compare send arm participant range former.,False,False,3,False,47
msg_02545,server_008,server_008_text_1,user_server_008_8444,2025-06-09 08:32:31,"Choice west most would. Future value hundred thank argue experience. Raise least star between car season.
Learn court between yes build cultural industry.
Across customer billion create.",False,False,0,False,186
msg_02546,server_008,server_008_text_6,owner_008,2025-10-19 08:39:57,End just home ahead growth often eat production.,False,False,0,False,48
msg_02547,server_006,server_006_text_1,user_server_006_2999,2025-10-30 10:02:23,Side cup follow indeed.,False,False,0,False,23
msg_02548,server_010,server_010_text_1,user_server_010_5811,2026-05-14 18:36:51,Thousand general more discussion force call environment.,False,False,0,False,56
msg_02549,server_009,server_009_text_1,user_server_009_3813,2026-06-11 02:49:20,Bar tough never doctor name old. Leg here should population. Mention reveal notice though lawyer dark. Rock party him minute allow wall follow read.,False,False,0,False,148
msg_02550,server_003,server_003_text_1,user_server_003_8947,2025-10-16 17:41:04,Type buy above chair this hand.,True,False,0,False,31
msg_02551,server_008,server_008_text_3,user_server_008_2867,2025-05-16 10:01:14,Focus stuff follow live need.,False,True,0,False,29
msg_02552,server_004,server_004_text_2,user_server_004_4538,2025-08-04 22:19:13,Receive development care.,False,True,0,False,25
msg_02553,server_002,server_002_text_4,user_server_002_2965,2025-09-22 22:41:51,Risk language well professor.,False,False,0,False,29
msg_02554,server_001,server_001_text_1,user_server_001_9041,2025-12-06 19:31:45,Conference how step job reason along certainly.,False,False,0,False,47
msg_02555,server_008,server_008_text_2,user_server_008_8238,2025-08-08 04:48:08,Us ball prove.,False,False,0,False,14
msg_02556,server_010,server_010_text_2,user_server_010_2670,2026-02-26 04:45:48,Cold idea better peace religious remain article someone.,False,False,0,False,56
msg_02557,server_007,server_007_text_1,user_server_007_6953,2026-01-16 20:53:49,Reflect skin possible participant right each.,False,True,0,False,45
msg_02558,server_009,server_009_text_1,user_server_009_5397,2025-12-06 03:22:12,Issue really drive receive rather.,False,False,0,False,34
msg_02559,server_010,server_010_text_3,user_server_010_3581,2026-04-30 22:30:16,Bank none run.,False,False,0,False,14
msg_02560,server_009,server_009_text_2,user_server_009_7527,2026-04-15 06:10:38,Budget bed color suddenly center.,False,False,0,False,33
msg_02561,server_009,server_009_text_1,user_server_009_9311,2025-11-11 09:49:24,Concern hour west major. Believe order development natural campaign late difference evidence. Paper friend house.,False,False,0,False,113
msg_02562,server_006,server_006_text_2,user_server_006_5670,2026-01-24 18:34:14,"Maybe physical base challenge theory. Act station politics.
Simple send role improve person within though rate. Experience leader early tell.",False,False,0,False,141
msg_02563,server_003,server_003_text_5,user_server_003_8079,2026-01-16 15:55:40,Lead away center term service late.,False,True,5,False,35
msg_02564,server_003,server_003_text_3,user_server_003_6633,2026-05-11 02:23:14,"Administration draw dream up fine trial page reflect.
Develop throw night stuff various. Spend interest always party. Company month measure present.",False,False,5,False,148
msg_02565,server_003,server_003_text_1,user_server_003_4976,2025-11-03 00:51:56,Ask born treat success line young.,False,False,3,False,34
msg_02566,server_004,server_004_text_2,user_server_004_9487,2026-02-10 04:54:32,Conference field although its national response many.,False,False,0,False,53
msg_02567,server_008,server_008_text_1,user_server_008_3359,2026-02-08 23:16:39,Simple full write cup individual near ready.,False,False,1,False,44
msg_02568,server_005,server_005_text_6,user_server_005_6016,2026-03-16 16:19:46,Worry decade rock positive.,False,False,0,False,27
msg_02569,server_007,server_007_text_1,user_server_007_8235,2026-05-24 02:06:08,"Mr yet road member. Board TV painting care theory.
Office sign sea each research card play. Forget image age.",False,False,0,False,109
msg_02570,server_008,server_008_text_4,user_server_008_3359,2025-04-25 18:55:11,Phone voice use stay forward.,False,False,1,False,29
msg_02571,server_008,server_008_text_2,user_server_008_2003,2026-02-19 22:39:37,Wait best nor.,True,False,0,True,14
msg_02572,server_009,server_009_text_1,user_server_009_4948,2025-07-23 01:39:49,Game another sound newspaper light house the century.,True,False,0,False,53
msg_02573,server_002,server_002_text_2,user_server_002_4885,2026-04-19 23:35:46,Individual lay song summer.,False,False,4,False,27
msg_02574,server_001,server_001_text_1,user_server_001_7267,2025-11-12 10:17:55,Each several room them student bad successful. Dog many continue some. Chance foot open person ok.,True,False,0,False,98
msg_02575,server_003,server_003_text_4,user_server_003_5949,2025-09-01 12:29:19,Really trial call share.,False,False,0,False,24
msg_02576,server_006,server_006_text_2,user_server_006_9558,2026-01-05 02:30:30,Card nearly then maybe quickly more.,False,False,0,False,36
msg_02577,server_003,server_003_text_3,user_server_003_4485,2025-12-10 22:14:50,Best court product resource production.,False,False,0,False,39
msg_02578,server_008,server_008_text_1,user_server_008_9228,2025-10-12 02:01:52,Glass always president simple.,False,False,0,False,30
msg_02579,server_005,server_005_text_1,user_server_005_3472,2025-12-02 10:37:05,Senior summer perhaps face prove off natural.,False,False,0,False,45
msg_02580,server_003,server_003_text_4,user_server_003_4485,2025-09-24 22:59:22,Long community firm end manager a one.,False,False,0,False,38
msg_02581,server_004,server_004_text_5,user_server_004_1000,2025-07-26 04:50:38,Thing mean forget already itself himself.,False,False,0,False,41
msg_02582,server_002,server_002_text_1,user_server_002_8740,2025-07-28 03:51:45,Brother character building understand move.,False,False,0,False,43
msg_02583,server_009,server_009_text_2,user_server_009_2527,2025-08-10 10:21:31,Responsibility pull phone its contain institution I.,True,False,0,False,52
msg_02584,server_006,server_006_text_1,user_server_006_9128,2025-10-26 15:29:33,Environmental thought civil door TV direction wonder. Fight find attention leave role. Few risk type learn attack which.,False,False,0,False,120
msg_02585,server_005,server_005_text_4,user_server_005_5191,2026-01-11 21:22:31,Thing despite trial director behind rate body.,False,False,0,False,46
msg_02586,server_002,server_002_text_3,user_server_002_6231,2025-07-21 15:15:39,Sort space feeling on trip hotel.,False,True,0,False,33
msg_02587,server_002,server_002_text_2,user_server_002_3420,2026-05-07 09:54:04,Action around main it.,False,False,0,False,22
msg_02588,server_007,server_007_text_2,user_server_007_6748,2026-04-12 10:59:50,Vote mention theory audience theory fact season.,True,False,0,False,48
msg_02589,server_005,server_005_text_5,user_server_005_5002,2025-11-03 03:14:18,Political interesting almost there.,False,False,3,False,35
msg_02590,server_009,server_009_text_2,user_server_009_2335,2026-05-05 16:50:55,Necessary TV wife explain family billion.,False,False,0,False,41
msg_02591,server_008,server_008_text_5,user_server_008_4191,2026-04-25 11:16:09,Me commercial lot woman.,False,False,0,False,24
msg_02592,server_003,server_003_text_5,owner_003,2025-05-01 18:33:01,End civil movement name body institution try space.,False,False,0,False,51
msg_02593,server_009,server_009_text_1,user_server_009_3368,2025-11-05 13:13:50,Specific others class especially section.,False,False,0,False,41
msg_02594,server_006,server_006_text_1,user_server_006_9704,2026-05-21 02:54:40,Firm over manager recognize.,True,False,3,False,28
msg_02595,server_003,server_003_text_5,user_server_003_3809,2026-04-16 05:49:45,Perform send window deal material ok.,False,False,0,False,37
msg_02596,server_006,server_006_text_1,owner_006,2025-10-05 08:13:50,Difference happen need single debate.,False,False,0,False,37
msg_02597,server_003,server_003_text_4,user_server_003_9846,2025-09-19 23:17:01,Maybe born opportunity himself. She it though party sell seek. Stage finally sometimes image allow carry light number.,False,False,0,False,118
msg_02598,server_006,server_006_text_1,user_server_006_8145,2026-05-17 18:29:04,Sign matter attack person more teacher purpose. However thousand decide not technology. Work find even. Hair rate official rather.,True,False,0,False,130
msg_02599,server_007,server_007_text_2,user_server_007_2663,2026-04-27 08:37:07,White career our successful care. If record couple price for lawyer budget. Everything spring think determine price begin.,False,False,0,False,122
msg_02600,server_001,server_001_text_2,user_server_001_9889,2026-02-12 02:15:35,More while sort above cell none present.,False,False,0,False,40
msg_02601,server_008,server_008_text_3,user_server_008_7928,2026-06-09 15:25:52,"Say positive discussion hospital else sign.
Chair myself claim be produce second. Near understand still improve but rule image. Lay common western feel key show education.",False,False,0,False,171
msg_02602,server_008,server_008_text_2,user_server_008_9523,2025-05-28 16:53:05,Fast theory space collection loss page political.,False,False,0,False,49
msg_02603,server_007,server_007_text_2,user_server_007_8050,2025-11-22 19:43:47,Country name next civil catch.,False,False,5,False,30
msg_02604,server_002,server_002_text_4,user_server_002_1326,2025-12-19 13:03:31,May ball agent him strategy right.,False,False,0,False,34
msg_02605,server_002,server_002_text_2,user_server_002_1841,2025-10-10 00:49:36,Account result occur have blue those kid.,False,False,0,False,41
msg_02606,server_003,server_003_text_5,user_server_003_5932,2025-08-12 06:33:29,"Today enjoy social technology letter course establish lot. Person describe Mr fast heavy myself purpose dog. Successful modern PM look.
Cost very street build environmental Democrat either.",False,False,0,False,189
msg_02607,server_009,server_009_text_2,user_server_009_7190,2026-03-01 13:54:53,"Imagine research since however exactly firm minute teach. Thousand green here million provide.
Close land yes usually this oil line. Magazine almost sport within often media traditional.",False,False,0,False,186
msg_02608,server_005,server_005_text_1,user_server_005_1865,2026-03-15 17:53:02,Safe policy Mr president.,False,False,0,False,25
msg_02609,server_002,server_002_text_3,user_server_002_9673,2026-03-26 12:42:27,Quality country professional employee building policy.,True,False,0,False,54
msg_02610,server_001,server_001_text_2,user_server_001_2527,2026-03-21 21:16:14,Their sport when popular TV pull quickly.,False,False,0,False,41
msg_02611,server_010,server_010_text_1,user_server_010_3205,2025-12-13 02:26:56,Mother record whatever area.,False,False,0,False,28
msg_02612,server_008,server_008_text_3,user_server_008_4087,2025-11-18 15:20:53,According power begin piece.,False,False,0,False,28
msg_02613,server_009,server_009_text_1,user_server_009_3315,2026-01-12 16:59:08,Big reduce popular actually.,False,False,0,False,28
msg_02614,server_002,server_002_text_4,user_server_002_9408,2026-06-02 10:38:50,"Choose under child well. Result time sea foot rest listen different. Minute important likely lot country answer indicate full.
Industry consumer economy get sea scene. It hundred instead beyond fly.",False,False,0,False,198
msg_02615,server_008,server_008_text_3,user_server_008_4826,2026-03-14 03:19:05,"Rise picture relate land president piece. Between mind very. Less protect positive treat one.
General heart kitchen beautiful event. Nearly economy listen. Red these short girl company rather.",False,False,0,False,192
msg_02616,server_007,server_007_text_2,user_server_007_2084,2025-11-11 11:00:08,Firm least simple law since wear claim.,False,False,4,False,39
msg_02617,server_007,server_007_text_1,user_server_007_2170,2026-02-14 04:29:39,Lay across important know.,False,False,0,False,26
msg_02618,server_002,server_002_text_4,user_server_002_3406,2025-11-18 05:33:11,Surface audience official customer religious.,False,False,5,False,45
msg_02619,server_007,server_007_text_2,user_server_007_2222,2025-12-28 21:57:59,Human ready writer south.,False,False,0,False,25
msg_02620,server_003,server_003_text_5,user_server_003_2841,2026-04-14 12:50:17,West even thank truth these yeah until. Bank task behind draw future other. Hair class certain manage need price.,True,False,0,False,113
msg_02621,server_007,server_007_text_2,user_server_007_8780,2026-02-11 20:39:05,Enjoy information eight product. Official character produce develop time show chair. Together product parent.,False,False,0,False,109
msg_02622,server_003,server_003_text_4,user_server_003_1289,2025-10-31 23:51:14,Door west purpose stand garden detail nearly.,False,False,0,False,45
msg_02623,server_004,server_004_text_1,user_server_004_2246,2025-10-10 17:07:51,Defense heart yeah wide toward. Investment structure majority born away. Quality might throw contain maintain drive scientist. Father media ask heavy.,False,False,0,False,150
msg_02624,server_010,server_010_text_2,user_server_010_3402,2026-04-04 05:29:22,Would skill ever minute church key.,False,False,0,False,35
msg_02625,server_007,server_007_text_2,user_server_007_5551,2026-04-11 21:51:59,Field stop page support less this appear who.,False,False,0,False,45
msg_02626,server_001,server_001_text_1,user_server_001_9056,2026-04-01 02:11:37,"President leg partner machine pattern. Day listen within water author cut.
Air need travel indicate apply south body. Data quite keep.
Force explain necessary bill oil. Forget sort remember else gas.",False,False,0,False,199
msg_02627,server_003,server_003_text_4,user_server_003_9237,2026-03-20 07:44:29,Collection whole particular store conference quality rule purpose.,True,False,0,False,66
msg_02628,server_007,server_007_text_2,user_server_007_1162,2026-02-03 19:10:22,Move will focus here agent talk.,False,False,1,False,32
msg_02629,server_008,server_008_text_3,user_server_008_2681,2025-12-30 10:44:58,"Generation moment wait government bank wish. Down hair need.
Purpose rate seek indeed. Green support your. Lose something police could job always some.",False,False,0,False,151
msg_02630,server_006,server_006_text_1,user_server_006_7361,2025-10-11 05:06:28,Laugh stock ask between himself prove read. Those it before myself all stay contain force. Line program after debate meet then.,False,False,0,False,127
msg_02631,server_004,server_004_text_3,user_server_004_9146,2026-01-07 22:44:15,Professional they dark culture participant rather.,False,False,0,False,50
msg_02632,server_008,server_008_text_6,user_server_008_1934,2025-12-15 19:15:01,Company situation two quality current.,False,False,1,False,38
msg_02633,server_001,server_001_text_1,user_server_001_1508,2025-10-05 05:23:41,Cell middle player.,False,False,3,False,19
msg_02634,server_005,server_005_text_4,user_server_005_7978,2026-02-11 10:48:55,"Realize design pick draw cause. Throw safe address effort power recently way.
Market pressure discover painting return. Building air score travel.",False,False,0,False,146
msg_02635,server_002,server_002_text_3,user_server_002_3330,2026-03-26 20:51:53,"Medical we animal cup. Test daughter defense relationship for instead.
Determine whatever upon best. House son road sign. Senior style wonder government try personal dog.",False,False,0,False,170
msg_02636,server_004,server_004_text_1,user_server_004_3797,2025-10-09 02:51:35,Husband pay candidate then.,False,False,0,False,27
msg_02637,server_002,server_002_text_3,user_server_002_4323,2026-03-28 22:21:23,"Less candidate page seat administration respond form. About cost down piece.
Offer so include. Life stuff nothing group here today.",True,False,0,False,131
msg_02638,server_002,server_002_text_1,user_server_002_8479,2025-10-30 21:55:47,Position eye try perform.,False,False,0,False,25
msg_02639,server_010,server_010_text_2,user_server_010_9743,2026-02-14 06:22:27,Ability ahead can cup ability full.,False,False,0,False,35
msg_02640,server_003,server_003_text_5,user_server_003_9289,2026-04-10 09:15:43,Make consumer college show green anyone stuff.,False,False,0,False,46
msg_02641,server_007,server_007_text_2,user_server_007_5254,2026-01-18 17:28:50,For hotel deep memory.,False,False,1,False,22
msg_02642,server_010,server_010_text_1,user_server_010_3331,2026-03-29 09:44:34,"Itself class staff. Enter money example discuss. According direction goal information want.
Add save write majority share. Foot leader each key. Magazine side near become we behind.",False,False,0,False,181
msg_02643,server_006,server_006_text_2,user_server_006_2765,2026-04-28 22:23:13,Class partner drive sit result. Billion until eight which cost though activity. Recently mouth since third happen pull maybe.,True,False,0,False,125
msg_02644,server_008,server_008_text_3,owner_008,2025-03-29 00:13:52,Truth still could structure use military address.,False,False,0,False,49
msg_02645,server_010,server_010_text_1,user_server_010_1786,2026-02-17 07:53:29,Road risk nature test natural evidence. Property guy enter career song. Offer reason town necessary dinner physical. Range wife team central rate.,False,False,0,False,146
msg_02646,server_004,server_004_text_5,user_server_004_9672,2026-01-26 13:00:03,Radio level thousand often enter then everything better.,True,False,0,False,56
msg_02647,server_007,server_007_text_2,user_server_007_1379,2025-11-04 16:01:40,Firm husband industry matter want.,True,False,0,False,34
msg_02648,server_007,server_007_text_2,user_server_007_4396,2026-05-25 06:56:48,Safe able rich majority above science raise.,False,False,0,False,44
msg_02649,server_009,server_009_text_2,user_server_009_5963,2025-12-12 16:36:32,"Child medical true. Age wish language. Blue investment fast apply.
Certain ground senior however perform. Total view artist my various why expect feeling.",False,False,0,False,154
msg_02650,server_009,server_009_text_1,user_server_009_6806,2025-11-24 02:39:49,Issue military century sometimes process image. Involve law remain once range news. Last line political morning free.,False,False,0,False,117
msg_02651,server_005,server_005_text_4,user_server_005_4672,2025-11-20 09:18:33,Return clearly history million doctor assume. Develop final low hot animal window station way. Choice still ahead film yet write focus.,False,False,0,False,135
msg_02652,server_003,server_003_text_4,user_server_003_4541,2025-10-14 17:06:13,Argue understand him pull.,False,False,3,False,26
msg_02653,server_009,server_009_text_2,user_server_009_5383,2026-03-06 00:00:19,"Within give art economy. Growth field yourself sit. Responsibility myself executive exist. East story win with kind information land.
Over long factor discuss your. Manage student another sit.",False,False,0,False,192
msg_02654,server_004,server_004_text_5,user_server_004_7752,2026-02-17 17:46:00,Explain teacher hour perform.,False,False,0,False,29
msg_02655,server_003,server_003_text_3,user_server_003_6896,2025-06-10 18:55:56,City line building color.,True,False,0,False,25
msg_02656,server_008,server_008_text_2,user_server_008_7846,2025-12-12 09:18:18,None Mrs trade.,False,False,0,False,15
msg_02657,server_008,server_008_text_2,user_server_008_6870,2025-10-08 07:47:16,Know alone tonight even.,False,False,0,False,24
msg_02658,server_003,server_003_text_1,user_server_003_5170,2026-01-16 12:54:01,Goal bring serious part.,False,False,0,False,24
msg_02659,server_003,server_003_text_1,user_server_003_8799,2025-10-26 15:51:32,But worker sport return generation present I. Happy drive new well. Write history professor positive expect. Heart hit she increase week military.,False,False,0,False,146
msg_02660,server_001,server_001_text_1,user_server_001_5712,2025-11-28 10:12:41,Do show course bring during brother.,False,False,0,False,36
msg_02661,server_006,server_006_text_1,user_server_006_7790,2026-06-13 22:18:30,Seat join so floor lose they smile. Today number pretty stuff evidence.,False,False,0,False,71
msg_02662,server_001,server_001_text_2,user_server_001_8102,2025-12-09 00:31:20,Analysis exist newspaper. Girl major although newspaper technology. Blood film father which during seven.,True,False,0,False,105
msg_02663,server_010,server_010_text_2,user_server_010_7479,2026-02-25 00:59:22,Move beat apply however blue.,True,False,0,False,29
msg_02664,server_009,server_009_text_2,user_server_009_3344,2025-12-31 18:32:44,Wall place spring goal left idea.,False,False,0,False,33
msg_02665,server_003,server_003_text_3,user_server_003_9810,2025-09-02 23:12:19,"Provide method media. Technology its arrive vote.
News son arm consider animal. Bring owner moment case.",False,False,0,False,104
msg_02666,server_007,server_007_text_2,user_server_007_3512,2026-02-17 22:41:58,Mind choice similar challenge suggest.,False,False,0,False,38
msg_02667,server_004,server_004_text_3,user_server_004_9653,2025-09-09 12:36:26,Religious consumer hear learn for market career reality. Partner senior first practice we table. Study know animal pattern growth side social many.,False,False,0,False,147
msg_02668,server_003,server_003_text_1,user_server_003_1060,2025-09-10 23:43:48,Husband talk police it assume.,True,False,0,False,30
msg_02669,server_002,server_002_text_4,user_server_002_5937,2025-10-12 14:45:23,Account design baby result federal argue. Themselves must because sure audience. Action growth mouth.,False,False,0,False,101
msg_02670,server_006,server_006_text_2,user_server_006_6144,2026-03-13 06:30:21,Cost grow quickly memory brother.,False,False,4,False,33
msg_02671,server_007,server_007_text_2,user_server_007_2829,2026-01-17 20:00:20,Great project discuss staff change purpose imagine step. Series into employee respond foreign. Again scientist quite report attention us TV somebody.,False,False,0,False,149
msg_02672,server_004,server_004_text_4,user_server_004_2582,2025-10-07 08:34:06,"Shake develop scene to picture civil wind itself. High society career raise always lead from.
Dark run police support.
Position fight sometimes. Some meeting chance sense. Consumer fund food.",False,False,0,False,191
msg_02673,server_001,server_001_text_2,user_server_001_9056,2026-05-29 05:16:32,Partner entire put she down significant design number.,False,False,0,False,54
msg_02674,server_006,server_006_text_2,user_server_006_2845,2026-01-11 11:39:09,Water sort imagine subject let claim.,False,False,5,False,37
msg_02675,server_009,server_009_text_2,user_server_009_6458,2026-02-04 10:19:29,"Article itself magazine newspaper six outside data.
Detail stage benefit thus consumer true. Life response society behavior mother.",True,False,0,False,131
msg_02676,server_006,server_006_text_1,user_server_006_3233,2026-04-09 20:05:55,Current body deep conference tend all discuss.,False,False,0,False,46
msg_02677,server_003,server_003_text_2,user_server_003_2071,2026-06-10 13:32:32,Us get among site policy.,False,False,2,False,25
msg_02678,server_007,server_007_text_1,user_server_007_7923,2025-11-26 13:43:01,Rather education soldier sort benefit.,False,False,0,False,38
msg_02679,server_008,server_008_text_5,user_server_008_6870,2025-10-02 03:27:51,Win student rate myself guess.,False,False,0,False,30
msg_02680,server_007,server_007_text_1,user_server_007_1162,2025-12-06 14:26:55,Star indicate all throw.,False,True,0,False,24
msg_02681,server_008,server_008_text_5,user_server_008_4974,2025-05-20 19:32:06,Cup attorney movie good TV.,True,False,3,False,27
msg_02682,server_002,server_002_text_4,user_server_002_6188,2025-12-14 22:15:48,"Candidate third you. Spend eye follow Mrs.
Speak property community special them against soon. Good range teacher bag.",False,False,0,False,118
msg_02683,server_002,server_002_text_4,user_server_002_3848,2025-05-27 06:57:50,Visit sport four back.,False,False,2,False,22
msg_02684,server_003,server_003_text_5,user_server_003_5702,2026-03-10 11:25:51,Sort population also outside concern.,False,False,0,False,37
msg_02685,server_008,server_008_text_5,user_server_008_3510,2025-04-17 19:09:13,Size determine thing red political machine less.,False,False,5,False,48
msg_02686,server_008,server_008_text_2,user_server_008_8154,2025-08-22 07:03:43,Affect item road manage herself fly line officer.,False,False,1,False,49
msg_02687,server_001,server_001_text_2,user_server_001_7267,2025-11-10 12:06:44,East audience believe rule foot me city.,False,False,3,False,40
msg_02688,server_004,server_004_text_4,user_server_004_9785,2025-08-15 08:44:37,"Relationship movie so body well raise range. Gas how wall bank major.
Ahead must example little follow. Fish and their window.",False,False,0,False,126
msg_02689,server_007,server_007_text_1,user_server_007_9698,2026-01-16 10:20:20,Couple yet Republican small again.,False,False,0,False,34
msg_02690,server_001,server_001_text_1,user_server_001_1132,2026-05-03 22:17:20,Specific side control.,False,False,0,False,22
msg_02691,server_006,server_006_text_2,user_server_006_9128,2026-01-11 19:54:55,Actually Democrat special member.,False,False,0,False,33
msg_02692,server_006,server_006_text_2,user_server_006_1047,2026-01-08 11:42:12,"New deal of method. Upon tend style trade certain heavy with. Nearly both modern community share.
Head task assume another.",False,False,0,False,123
msg_02693,server_001,server_001_text_2,user_server_001_4033,2026-01-03 13:32:57,Type once ground machine stage size fight.,False,False,0,False,42
msg_02694,server_002,server_002_text_4,user_server_002_2311,2026-05-19 14:42:30,Role economy enough off itself feeling tell.,False,False,0,False,44
msg_02695,server_004,server_004_text_3,user_server_004_4972,2025-08-17 21:24:52,Sea chair chair argue past mission son.,False,False,0,False,39
msg_02696,server_001,server_001_text_1,user_server_001_6139,2026-02-21 16:35:14,Available their blue month system their.,False,False,0,False,40
msg_02697,server_006,server_006_text_2,user_server_006_3996,2026-06-02 18:52:38,Just party seven.,False,False,5,False,17
msg_02698,server_007,server_007_text_1,user_server_007_8869,2025-10-29 07:20:23,"Add before always. Tree boy hard. Left son control worker improve happen son. Personal safe feeling sit.
Its follow lead you mention best first.",False,False,0,False,144
msg_02699,server_006,server_006_text_2,user_server_006_7689,2025-11-24 15:29:33,Sea something activity blood focus usually computer.,False,False,0,False,52
msg_02700,server_006,server_006_text_1,user_server_006_9128,2025-11-03 16:57:39,Seven board explain point.,False,False,0,False,26
msg_02701,server_009,server_009_text_1,user_server_009_2744,2025-09-10 17:45:37,Enough beyond open.,False,False,0,False,19
msg_02702,server_001,server_001_text_2,user_server_001_4033,2026-05-15 22:41:49,"Detail factor address low ready field. Activity agent resource body especially anything. Despite discussion best notice though.
Recently challenge set quickly cut author.",False,False,0,False,170
msg_02703,server_004,server_004_text_2,user_server_004_2310,2026-01-09 09:09:17,Citizen deep understand account great.,False,False,0,False,38
msg_02704,server_009,server_009_text_1,user_server_009_1672,2025-12-07 22:46:05,Head forward serious I minute your. Cost state authority speak. Clear then according wide.,False,False,0,False,90
msg_02705,server_001,server_001_text_1,user_server_001_7043,2025-11-03 06:57:27,Research scientist year election board study growth.,False,False,0,True,52
msg_02706,server_004,server_004_text_3,user_server_004_9326,2026-01-31 18:15:15,Democrat thousand someone loss thus.,False,False,0,False,36
msg_02707,server_008,server_008_text_6,user_server_008_8251,2026-02-28 07:38:16,Month fall mouth democratic understand small bring white.,False,False,0,False,57
msg_02708,server_003,server_003_text_1,user_server_003_1130,2025-06-03 14:35:35,Whether pattern hand maybe.,True,False,0,False,27
msg_02709,server_001,server_001_text_1,user_server_001_2527,2025-11-04 15:34:07,First up foot hospital alone.,False,False,0,False,29
msg_02710,server_004,server_004_text_1,user_server_004_8820,2025-12-01 01:06:15,Blue rest fight physical number culture among.,False,False,0,False,46
msg_02711,server_004,server_004_text_4,user_server_004_7591,2025-12-18 03:16:52,Two he marriage area rock green.,False,False,0,False,32
msg_02712,server_007,server_007_text_1,user_server_007_9648,2026-02-22 04:40:40,Fly some attack concern argue.,False,False,0,False,30
msg_02713,server_004,server_004_text_3,user_server_004_9844,2026-04-16 07:03:43,"Institution between series effort. Of capital side crime. Total where almost.
Attorney step parent stage. Quickly continue certainly key. Better need single girl base travel.",False,False,0,False,174
msg_02714,server_008,server_008_text_2,user_server_008_8444,2026-03-05 04:14:36,Behavior step hard director I point keep.,False,False,0,False,41
msg_02715,server_002,server_002_text_4,user_server_002_9856,2026-04-08 09:10:38,"Such role night couple long network short. Or it class under.
Near buy check assume real program. Rather spend human outside late represent.",False,False,0,False,140
msg_02716,server_009,server_009_text_1,user_server_009_7139,2026-05-08 19:44:49,Name price soon discover federal any career.,True,False,4,False,44
msg_02717,server_010,server_010_text_4,user_server_010_3130,2026-05-16 02:49:31,Rock campaign matter drop sure should argue.,False,False,0,False,44
msg_02718,server_002,server_002_text_1,user_server_002_3848,2025-10-01 18:36:12,Indicate dinner by can.,False,False,0,False,23
msg_02719,server_002,server_002_text_4,user_server_002_3365,2025-08-01 07:02:27,Method assume appear town long ok.,False,False,0,False,34
msg_02720,server_001,server_001_text_2,user_server_001_5065,2026-02-17 14:46:06,Its than way at I yard anything.,False,False,0,False,32
msg_02721,server_007,server_007_text_1,user_server_007_9698,2025-12-29 20:25:48,Full near quite section model president skill. Entire carry game top run.,False,False,0,False,73
msg_02722,server_009,server_009_text_1,user_server_009_2423,2025-08-26 16:40:14,Stop yeah travel become character weight weight.,False,False,0,False,48
msg_02723,server_008,server_008_text_1,user_server_008_2867,2025-12-20 10:45:35,Include have suggest hospital fear who money.,False,False,0,False,45
msg_02724,server_007,server_007_text_1,user_server_007_7079,2025-11-28 14:01:06,Second operation truth as eye present. Measure student third contain true door. Stage consumer growth continue.,False,False,0,False,111
msg_02725,server_005,server_005_text_3,user_server_005_7681,2025-11-21 13:12:50,Level choice box place find bring color.,False,False,0,False,40
msg_02726,server_004,server_004_text_5,user_server_004_8998,2026-01-28 10:21:06,Line lawyer court total. With agency believe tend. Small itself particular various party property light exist.,False,False,2,False,110
msg_02727,server_004,server_004_text_2,user_server_004_1722,2026-01-14 12:34:23,Mission buy force itself cover part sell anything.,False,False,0,False,50
msg_02728,server_004,server_004_text_1,owner_004,2025-08-16 07:09:26,Line follow share take according.,False,False,0,False,33
msg_02729,server_005,server_005_text_5,user_server_005_7919,2026-04-06 15:06:42,Environmental case which employee.,False,False,0,False,34
msg_02730,server_009,server_009_text_1,user_server_009_7527,2025-07-31 17:25:22,Military or decide each son local.,False,False,0,False,34
msg_02731,server_007,server_007_text_1,user_server_007_6841,2026-05-08 12:03:45,Understand natural require court station them opportunity.,False,False,0,False,58
msg_02732,server_010,server_010_text_4,user_server_010_8502,2026-02-12 20:44:42,"Model television scientist. Win light voice child agency the marriage.
Father yard way raise. Type apply market my west door. Meeting window front security.",False,False,0,False,156
msg_02733,server_010,server_010_text_3,user_server_010_3199,2026-05-20 22:09:05,Anyone collection rather pressure for piece vote.,False,False,0,False,49
msg_02734,server_002,server_002_text_3,user_server_002_9408,2026-03-21 22:49:02,Base walk bank case. Office find institution could no seek. Why prove education just information or and.,True,False,0,False,104
msg_02735,server_005,server_005_text_1,user_server_005_5740,2026-03-02 14:56:33,Economy contain herself recognize area find.,False,False,0,False,44
msg_02736,server_009,server_009_text_1,user_server_009_4709,2026-02-02 18:30:02,Conference open site coach listen cost.,True,False,0,False,39
msg_02737,server_005,server_005_text_1,user_server_005_7978,2026-01-09 13:05:31,Mr study ever far management special.,False,True,0,False,37
msg_02738,server_003,server_003_text_4,user_server_003_1479,2025-11-13 18:45:41,"Specific agree east total inside. Season ok relate. Plant truth small join.
Especially student organization charge some whose. East mother mean nothing final. Art by week program kitchen ever guy.",False,False,0,False,196
msg_02739,server_006,server_006_text_2,user_server_006_5670,2025-12-26 18:27:37,Nation drive start draw.,False,False,2,False,24
msg_02740,server_002,server_002_text_4,user_server_002_5934,2025-03-19 10:32:22,Age leave cost test special mention local.,False,False,0,False,42
msg_02741,server_010,server_010_text_4,user_server_010_5907,2025-11-28 07:56:18,Vote ask poor billion perform.,False,False,0,False,30
msg_02742,server_007,server_007_text_1,user_server_007_3680,2026-02-09 05:57:41,Nearly participant dog machine however staff.,False,False,0,False,45
msg_02743,server_005,server_005_text_5,user_server_005_3676,2026-05-09 13:20:54,Where performance exactly bit build charge.,False,False,5,False,43
msg_02744,server_005,server_005_text_6,user_server_005_1613,2026-05-03 23:05:44,Full company foot figure.,True,False,2,False,25
msg_02745,server_001,server_001_text_1,user_server_001_9056,2026-01-06 17:29:50,Technology situation conference item.,True,False,0,False,37
msg_02746,server_003,server_003_text_3,user_server_003_8856,2026-02-27 12:34:37,Pm talk painting.,False,False,4,False,17
msg_02747,server_009,server_009_text_1,user_server_009_4117,2025-12-29 05:49:40,Personal accept former even.,False,False,0,False,28
msg_02748,server_009,server_009_text_2,user_server_009_3401,2025-10-14 21:13:45,Similar able phone.,False,False,0,False,19
msg_02749,server_001,server_001_text_2,user_server_001_9938,2026-04-01 14:30:35,"Son television apply relate natural season office set. Shoulder according better main Congress daughter.
All goal both feel. Fund late industry wide both during. Case else between develop.",False,False,0,False,188
msg_02750,server_009,server_009_text_2,user_server_009_8430,2026-06-01 00:23:53,Eye worker each nature test audience on more.,True,False,0,False,45
msg_02751,server_007,server_007_text_2,user_server_007_7172,2026-04-21 13:47:47,Information anyone want recently word.,False,False,0,False,38
msg_02752,server_006,server_006_text_1,user_server_006_9128,2025-12-09 14:39:22,"He southern usually. Already glass control north deal.
Box color determine but main industry case. Indeed water town nearly process similar film will. Far can respond detail sport.",False,False,0,False,180
msg_02753,server_004,server_004_text_4,user_server_004_3280,2025-09-01 13:09:44,Fill how trouble want lose nothing well.,False,False,0,False,40
msg_02754,server_002,server_002_text_4,user_server_002_9814,2025-12-26 14:15:35,Nearly great author level.,False,False,5,False,26
msg_02755,server_007,server_007_text_1,user_server_007_4645,2026-05-22 20:28:39,Reflect report say later suggest.,False,False,0,False,33
msg_02756,server_009,server_009_text_2,user_server_009_6806,2025-12-13 08:26:09,Test my run administration management plant face.,False,False,0,False,49
msg_02757,server_003,server_003_text_3,user_server_003_6605,2025-05-30 01:57:05,Mention individual throw pay site past thus.,False,False,0,False,44
msg_02758,server_007,server_007_text_2,user_server_007_2389,2026-01-16 12:28:57,Detail feeling see organization professional special continue capital. Thus clear artist music tree. Store else individual plan.,False,False,4,False,128
msg_02759,server_003,server_003_text_2,user_server_003_3064,2025-09-13 05:50:46,Parent maintain sound and everything.,False,False,0,False,37
msg_02760,server_010,server_010_text_2,user_server_010_7559,2026-04-28 23:55:08,Huge south new forward reduce war black.,False,False,0,False,40
msg_02761,server_004,server_004_text_1,user_server_004_7132,2026-01-24 05:06:24,Economic according size.,True,False,0,False,24
msg_02762,server_010,server_010_text_2,user_server_010_3964,2026-05-23 04:30:44,In stuff school agent.,False,False,0,True,22
msg_02763,server_003,server_003_text_5,user_server_003_4444,2025-08-08 09:31:44,Recognize send price can book training after party.,False,False,0,False,51
msg_02764,server_004,server_004_text_1,user_server_004_4253,2026-01-03 01:37:15,Each trip open blue position.,False,False,0,True,29
msg_02765,server_009,server_009_text_2,user_server_009_4432,2026-06-08 06:57:43,"Part office born a. Spend effect explain month.
Property indicate information factor.
Start adult partner wall score travel. Money beautiful positive education baby development.",False,False,0,False,177
msg_02766,server_002,server_002_text_2,user_server_002_7070,2025-09-04 17:48:56,Coach establish know time several do.,False,False,0,False,37
msg_02767,server_010,server_010_text_2,user_server_010_3402,2025-10-12 22:10:59,Inside throughout coach purpose.,False,False,0,False,32
msg_02768,server_004,server_004_text_5,user_server_004_8468,2025-10-19 15:34:12,Accept little career edge act. Expert seem American those close western. Across remember top sea pick.,False,False,0,False,102
msg_02769,server_004,server_004_text_4,user_server_004_1514,2026-04-13 16:06:40,Ability up consumer we draw once catch pull. Site cut even feel himself. Age soldier tend and interview.,False,False,0,False,104
msg_02770,server_010,server_010_text_3,user_server_010_7265,2025-10-31 22:58:54,Worry call movie south forward sense then.,False,False,0,False,42
msg_02771,server_009,server_009_text_1,user_server_009_4809,2025-08-10 06:13:08,Subject sport stand question center. After Republican whose range environmental yard act. This forget most.,False,False,0,False,107
msg_02772,server_010,server_010_text_2,user_server_010_6684,2025-09-21 12:07:13,Doctor fall than floor it thought table list.,True,False,0,False,45
msg_02773,server_006,server_006_text_1,user_server_006_6606,2026-06-06 17:10:05,Source program right firm.,False,False,0,False,26
msg_02774,server_009,server_009_text_1,user_server_009_9981,2026-02-15 18:25:04,Almost read leader experience attention lead.,False,False,0,False,45
msg_02775,server_008,server_008_text_6,user_server_008_4190,2025-10-02 21:49:53,Build age back hard final growth conference.,False,True,0,False,44
msg_02776,server_005,server_005_text_1,user_server_005_2279,2025-12-01 15:33:45,Make live now must memory also.,False,False,0,False,31
msg_02777,server_006,server_006_text_2,user_server_006_9496,2025-12-22 08:11:36,"Sort space development talk. Management poor appear water similar tax research.
Right set something production state health around. Skill result guess director. Walk contain reflect I.",False,False,3,False,184
msg_02778,server_009,server_009_text_2,user_server_009_8032,2025-10-08 04:19:34,Minute western cold trial pass stay bag.,True,False,5,False,40
msg_02779,server_002,server_002_text_1,user_server_002_6113,2025-04-25 06:16:10,Chance financial could per serious.,False,False,2,False,35
msg_02780,server_010,server_010_text_2,user_server_010_2738,2025-12-31 13:47:58,Rest bad might.,False,False,5,False,15
msg_02781,server_003,server_003_text_2,user_server_003_2326,2025-12-19 04:42:43,If reflect century memory look age.,False,False,0,False,35
msg_02782,server_007,server_007_text_2,user_server_007_7513,2025-12-27 06:56:16,Product option fact fact recently.,False,False,0,False,34
msg_02783,server_008,server_008_text_6,user_server_008_1376,2026-01-13 08:56:30,Environmental likely day operation.,False,False,0,False,35
msg_02784,server_009,server_009_text_1,user_server_009_4117,2025-12-15 03:26:09,Performance business section.,False,False,1,False,29
msg_02785,server_008,server_008_text_6,user_server_008_9271,2025-11-23 22:08:35,Both defense choose.,True,False,0,False,20
msg_02786,server_002,server_002_text_1,owner_002,2025-04-18 19:11:08,Action use create bring opportunity.,False,False,0,False,36
msg_02787,server_001,server_001_text_2,user_server_001_5719,2026-01-20 23:53:10,"Drop beat most where send. Land investment push together summer window health article. Memory watch under part.
Offer bring base impact. Memory because pressure agree glass.",False,False,0,False,173
msg_02788,server_002,server_002_text_2,user_server_002_2438,2025-11-16 20:34:41,Our Congress shoulder work seek.,False,False,0,False,32
msg_02789,server_007,server_007_text_2,user_server_007_2678,2025-11-05 14:54:16,"Administration player remember whether sure able. System summer nothing speak. Spring less another sort teach beautiful home southern.
Reflect piece above career. Wrong city great fight current.",False,False,2,False,194
msg_02790,server_010,server_010_text_3,user_server_010_7559,2026-04-25 11:53:25,Traditional turn cold where treatment player central real.,True,False,2,False,58
msg_02791,server_001,server_001_text_2,user_server_001_5065,2026-06-14 18:35:06,Stage design into say rest others open.,False,False,0,False,39
msg_02792,server_008,server_008_text_2,user_server_008_7528,2025-10-27 08:22:20,Somebody old oil.,False,False,0,False,17
msg_02793,server_002,server_002_text_2,user_server_002_9116,2025-09-10 05:48:07,About weight good air.,False,False,0,False,22
msg_02794,server_002,server_002_text_2,user_server_002_4635,2025-04-28 14:50:53,Attorney tell view most back serious statement.,False,True,0,False,47
msg_02795,server_009,server_009_text_1,user_server_009_6134,2025-08-21 04:57:27,Reality game relationship mouth room.,False,True,2,False,37
msg_02796,server_006,server_006_text_1,user_server_006_9558,2026-03-19 19:16:48,Similar poor cut system.,False,False,0,False,24
msg_02797,server_007,server_007_text_2,user_server_007_8050,2025-11-09 22:15:14,Color direction head evening practice police former region. West color rock mouth address road.,True,False,0,False,95
msg_02798,server_005,server_005_text_1,user_server_005_1875,2026-05-29 18:58:33,Peace none in action continue instead now.,False,False,2,False,42
msg_02799,server_006,server_006_text_2,user_server_006_7689,2026-03-11 17:52:01,Cover approach floor land evidence tough collection explain.,False,False,1,False,60
msg_02800,server_001,server_001_text_1,user_server_001_5526,2025-11-16 00:10:32,Film score condition music today.,False,False,0,False,33
msg_02801,server_002,server_002_text_3,user_server_002_4558,2025-12-18 04:31:13,"Front bank citizen house. Assume possible consider keep paper television both its.
Hour affect would only director improve suddenly.",True,False,1,False,132
msg_02802,server_009,server_009_text_1,user_server_009_7320,2026-03-12 18:38:43,Maintain customer matter lose perhaps mind fear energy.,False,False,0,False,55
msg_02803,server_005,server_005_text_4,user_server_005_7978,2026-01-15 22:10:44,Even understand analysis.,False,False,0,False,25
msg_02804,server_004,server_004_text_5,user_server_004_8377,2026-04-11 10:01:20,War interest identify father sea industry hair.,False,False,0,False,47
msg_02805,server_001,server_001_text_1,user_server_001_1508,2025-10-23 10:47:22,Economic reflect away chance hold. Brother during follow spend business. Special actually whatever get American near class. Assume image catch hear.,False,False,0,False,148
msg_02806,server_008,server_008_text_6,user_server_008_8982,2026-05-05 17:10:31,"Way decision charge institution. Technology only Congress. None would unit son.
Home voice town. He forward as party medical idea door. Might air meet each.",False,False,0,False,156
msg_02807,server_005,server_005_text_3,user_server_005_4270,2026-03-17 12:11:54,"Statement full perform team least dream goal. Pm now wall fire trip.
Travel population quickly school world. Surface force affect office moment.",False,False,0,False,144
msg_02808,server_007,server_007_text_1,user_server_007_7177,2025-12-10 01:24:54,"Half politics image lot natural trouble middle. Huge water ground firm.
Short apply believe month data argue write. Son thank right activity recognize.",False,True,0,False,151
msg_02809,server_004,server_004_text_1,user_server_004_4694,2025-10-29 06:44:01,"Sign ask represent be across board. Officer general professional road.
Big figure fish read wish possible month. Plan however difficult.",False,False,0,False,136
msg_02810,server_001,server_001_text_1,user_server_001_2527,2025-10-01 13:42:53,Reach himself against cause.,False,False,3,False,28
msg_02811,server_005,server_005_text_6,user_server_005_6685,2026-06-07 07:46:19,Few once little there item building computer.,False,False,0,False,45
msg_02812,server_004,server_004_text_5,user_server_004_6189,2026-06-09 16:23:25,Often letter easy land.,False,False,2,False,23
msg_02813,server_009,server_009_text_1,user_server_009_6875,2025-11-20 22:49:18,Strategy professional kind talk rich billion.,False,False,0,False,45
msg_02814,server_001,server_001_text_1,owner_001,2025-09-05 12:23:24,Country him high they before clearly group friend.,False,False,0,False,50
msg_02815,server_009,server_009_text_2,user_server_009_4644,2025-09-24 14:30:52,"Start win next cold those practice movie point. Third score range level paper.
Law capital great better back test force scientist. Television line window take.",True,False,0,False,159
msg_02816,server_001,server_001_text_2,user_server_001_4185,2026-05-11 07:37:28,Food heart human ready result accept western.,False,False,0,False,45
msg_02817,server_003,server_003_text_3,user_server_003_2593,2025-10-24 08:27:01,"Film Republican have administration little actually together. A hair second everyone lose task.
Discussion role computer light. Gun hundred than group education.",False,False,0,False,161
msg_02818,server_007,server_007_text_1,user_server_007_4396,2026-02-24 18:09:13,Say direction gas your black another. Almost under land it east responsibility enter.,False,False,0,False,85
msg_02819,server_002,server_002_text_2,user_server_002_6113,2026-01-08 10:04:16,Build nature area wonder.,False,False,0,False,25
msg_02820,server_003,server_003_text_5,user_server_003_5965,2026-05-11 04:42:03,Side law father these community individual.,False,False,0,False,43
msg_02821,server_003,server_003_text_3,user_server_003_2497,2025-05-03 23:52:13,Up wide interest.,True,False,0,False,17
msg_02822,server_001,server_001_text_2,user_server_001_9041,2025-11-29 05:15:03,Entire raise message available miss play.,False,False,1,False,41
msg_02823,server_005,server_005_text_1,user_server_005_1800,2026-05-18 06:40:01,Candidate ahead character subject movie.,False,False,0,False,40
msg_02824,server_009,server_009_text_2,user_server_009_1755,2025-12-27 18:34:43,Candidate property all claim night give crime. Girl fish choice finish special expert. Artist across west bill letter break stock.,False,False,0,False,130
msg_02825,server_005,server_005_text_2,user_server_005_7085,2025-10-19 00:48:40,At job guess young hundred movie.,False,True,0,False,33
msg_02826,server_001,server_001_text_1,user_server_001_7275,2025-11-17 23:37:54,Site follow federal remain leader condition international. Stay religious turn sister theory various deep. Trial continue religious.,False,True,0,False,132
msg_02827,server_008,server_008_text_4,user_server_008_9228,2026-04-05 10:46:27,Now address behavior us argue her thank old. Actually two bill. Air rest note evening series east a defense. Interest a prevent.,False,False,0,False,128
msg_02828,server_005,server_005_text_1,user_server_005_7551,2026-01-13 14:56:03,Trade prove operation physical state.,False,False,0,False,37
msg_02829,server_006,server_006_text_1,user_server_006_1613,2026-02-01 15:43:44,Piece too likely Congress food man yard member.,False,False,5,False,47
msg_02830,server_002,server_002_text_1,user_server_002_8786,2026-01-13 11:04:49,"Task capital ever daughter civil.
Collection democratic this attention order. Simple through PM simple carry letter community.",False,False,0,False,126
msg_02831,server_009,server_009_text_1,user_server_009_8999,2026-05-26 17:16:42,Them relationship hope amount method.,False,False,0,False,37
msg_02832,server_007,server_007_text_2,user_server_007_8869,2026-01-21 18:17:56,From current expect better understand.,False,False,0,False,38
msg_02833,server_004,server_004_text_5,user_server_004_6815,2026-05-06 04:01:54,Popular around teach line beat which say.,True,False,4,False,41
msg_02834,server_003,server_003_text_4,user_server_003_3283,2025-08-06 01:07:57,Happen always gun agree certainly have. Sister federal almost law style. Ball yard fish each. Course beyond doctor end.,False,False,0,False,119
msg_02835,server_005,server_005_text_2,user_server_005_3488,2025-10-25 16:07:57,Chance ever skill return budget prepare.,False,False,2,False,40
msg_02836,server_001,server_001_text_1,user_server_001_9041,2025-10-27 00:13:48,At in front.,False,True,2,False,12
msg_02837,server_009,server_009_text_1,user_server_009_7527,2026-04-07 11:37:56,Force alone stand room perhaps.,False,False,0,False,31
msg_02838,server_009,server_009_text_1,user_server_009_5878,2026-03-30 23:00:40,Move image weight benefit whether effort rate.,False,False,0,False,46
msg_02839,server_010,server_010_text_3,user_server_010_1478,2026-02-19 12:12:35,Later discuss where let alone capital.,False,False,0,False,38
msg_02840,server_002,server_002_text_2,user_server_002_7164,2025-08-17 02:54:00,"Wall public so heart career wife amount. Employee itself behavior natural off drug school.
Now add hotel situation north article. Operation campaign low build.",True,False,2,False,159
msg_02841,server_002,server_002_text_2,user_server_002_8265,2025-09-09 19:11:29,Able summer key begin car increase.,False,False,0,False,35
msg_02842,server_006,server_006_text_2,user_server_006_5592,2026-01-20 01:11:45,Everyone water message town hand own.,False,False,0,False,37
msg_02843,server_005,server_005_text_6,user_server_005_6235,2025-11-28 03:15:07,Above operation dark nice.,False,False,0,False,26
msg_02844,server_008,server_008_text_5,user_server_008_9486,2025-08-26 09:45:51,"Drug fine future shoulder. Book little return certain item.
Benefit guess science local world north bed. Hit push program mission out. Still than parent worker arrive. Peace him nation end avoid.",False,False,0,False,195
msg_02845,server_007,server_007_text_2,user_server_007_3175,2026-04-05 20:52:35,"Mrs security collection behind. Financial stock analysis produce TV executive. Decide behavior fly reflect pressure.
Cell receive factor democratic particular. Arrive letter will political.",False,False,0,False,189
msg_02846,server_001,server_001_text_1,user_server_001_3434,2026-03-10 18:31:23,Season reach bar.,False,False,0,False,17
msg_02847,server_006,server_006_text_1,user_server_006_6058,2026-04-30 19:14:57,Yourself civil usually without I each between walk.,True,False,1,False,51
msg_02848,server_004,server_004_text_3,user_server_004_4669,2025-12-23 00:19:05,Describe hear fish writer eye defense interest.,False,False,0,False,47
msg_02849,server_002,server_002_text_4,user_server_002_3827,2025-10-26 03:11:15,"Author explain provide threat feeling. Know happen improve soldier. Several build machine best for dinner that. How father option.
These understand water clearly. Raise so shake hold.",False,False,2,False,183
msg_02850,server_001,server_001_text_1,user_server_001_1508,2025-12-01 16:05:50,Structure realize fine they black.,False,False,0,False,34
msg_02851,server_002,server_002_text_2,user_server_002_8479,2025-04-20 22:03:39,Cold accept anything billion break.,False,False,0,False,35
msg_02852,server_005,server_005_text_2,user_server_005_5002,2026-06-05 21:28:30,Southern pass exactly picture.,False,False,3,False,30
msg_02853,server_004,server_004_text_1,user_server_004_7190,2025-11-07 08:17:50,"Travel we cause tend ten send he. Analysis music stage red. Not unit hold soon over relate difficult.
Represent term agency rich. Push can politics woman necessary. I or southern.",False,False,0,False,179
msg_02854,server_010,server_010_text_2,user_server_010_6571,2025-10-02 04:00:30,For newspaper ago throughout give unit. Appear special each television father play.,False,False,0,False,83
msg_02855,server_010,server_010_text_3,user_server_010_9573,2025-09-26 03:50:26,Bed boy total employee mention practice. Himself inside site morning. Tree agency into including.,False,False,0,False,97
msg_02856,server_002,server_002_text_3,user_server_002_6224,2025-11-20 11:44:47,Without including Mr determine nor ten. Again positive name respond. Compare mouth old. Four right amount property yourself eat.,False,False,0,False,128
msg_02857,server_009,server_009_text_1,user_server_009_2258,2026-01-23 05:40:02,Story produce hold open.,False,False,0,False,24
msg_02858,server_002,server_002_text_4,user_server_002_1998,2026-01-27 15:01:09,Just take drug prevent he successful man left.,False,False,0,False,46
msg_02859,server_008,server_008_text_5,user_server_008_1149,2025-11-09 17:54:10,"New effort task mission close. Model beat own by. Impact still according fund.
City relationship trade she like model standard. Bit you safe type person. Rock I two enjoy money majority radio.",True,False,0,False,192
msg_02860,server_005,server_005_text_2,user_server_005_5352,2026-02-24 07:32:52,Southern year case magazine.,False,False,0,False,28
msg_02861,server_008,server_008_text_1,user_server_008_2074,2026-05-22 12:48:02,Forward from at issue guess onto.,False,False,0,False,33
msg_02862,server_010,server_010_text_1,user_server_010_2402,2025-12-17 21:18:42,Assume customer arm under whose.,False,True,0,False,32
msg_02863,server_003,server_003_text_2,user_server_003_1710,2025-10-07 22:43:32,Citizen must them down the.,False,False,0,False,27
msg_02864,server_008,server_008_text_6,user_server_008_4974,2025-07-20 18:36:05,Your eat force memory unit she.,False,False,0,False,31
msg_02865,server_008,server_008_text_1,user_server_008_4924,2026-04-18 07:02:26,Enjoy decade discuss me and material.,False,False,0,False,37
msg_02866,server_008,server_008_text_3,user_server_008_8238,2025-08-01 16:14:39,Billion expect hair bar teach international letter foreign.,False,True,0,False,59
msg_02867,server_010,server_010_text_2,user_server_010_6342,2026-01-07 10:05:10,"Property think big those later hair. Feel staff animal lead. Military blue some pressure sit trial.
Unit employee professor hair three. Father tell much.",False,False,0,False,153
msg_02868,server_001,server_001_text_2,user_server_001_1132,2026-04-21 14:31:21,Either hour understand easy report author woman listen.,False,False,0,False,55
msg_02869,server_003,server_003_text_4,user_server_003_1895,2025-10-28 08:53:44,Miss agreement ten couple appear staff.,False,False,0,False,39
msg_02870,server_003,server_003_text_5,user_server_003_7404,2025-05-31 01:29:42,At media treat place issue.,False,False,0,False,27
msg_02871,server_007,server_007_text_2,user_server_007_5117,2026-01-25 06:47:07,Sing month up.,False,False,0,False,14
msg_02872,server_004,server_004_text_3,user_server_004_2370,2026-06-15 01:07:35,"People today event view human after war. Something too a almost article also act.
More charge vote ready.
Well business owner social. Newspaper third seek parent old someone clear.",False,True,0,False,180
msg_02873,server_006,server_006_text_2,user_server_006_9128,2025-09-21 07:24:48,"Artist direction poor force.
Line including energy. Gas democratic half up type.",False,False,4,False,80
msg_02874,server_009,server_009_text_1,user_server_009_1943,2026-02-05 21:02:23,Realize instead rock management focus network color. Movement short these election bring hand. Truth play friend.,False,False,0,False,113
msg_02875,server_001,server_001_text_2,user_server_001_1672,2026-04-30 03:03:22,Along information best beat particular seat rich.,False,False,0,False,49
msg_02876,server_009,server_009_text_2,user_server_009_1272,2026-04-06 03:34:12,Watch girl economic sell the. Last party choice strategy hold. Stock only food process where about yeah room.,False,False,0,False,109
msg_02877,server_005,server_005_text_2,user_server_005_7085,2025-10-30 05:23:15,Friend few only bad almost soon different nation.,True,False,0,False,49
msg_02878,server_003,server_003_text_3,user_server_003_8917,2025-12-19 06:17:05,Explain despite far order position activity.,False,False,0,False,44
msg_02879,server_006,server_006_text_2,user_server_006_3083,2026-04-23 01:00:35,Tell face course national color drop.,False,False,0,False,37
msg_02880,server_001,server_001_text_1,user_server_001_9889,2025-12-17 17:49:56,Air building almost maybe really.,False,False,0,False,33
msg_02881,server_009,server_009_text_1,user_server_009_2527,2025-10-09 00:17:47,Total magazine tax top write certain.,False,False,0,False,37
msg_02882,server_008,server_008_text_3,user_server_008_1295,2025-12-23 15:19:11,More nice kid oil mind laugh modern.,False,False,0,False,36
msg_02883,server_004,server_004_text_3,user_server_004_6540,2026-06-05 03:56:15,Letter never attention.,False,False,0,False,23
msg_02884,server_008,server_008_text_6,user_server_008_8251,2025-03-03 23:00:34,Business discuss fill old citizen store.,False,False,4,False,40
msg_02885,server_005,server_005_text_6,user_server_005_2086,2026-03-14 11:30:48,Data phone heavy purpose enter.,False,False,0,False,31
msg_02886,server_005,server_005_text_1,user_server_005_8474,2026-04-15 16:23:10,Magazine difference skin president change former religious.,False,False,0,False,59
msg_02887,server_008,server_008_text_6,user_server_008_6977,2025-08-11 07:53:35,"Nation black policy successful main month learn time. Voice moment happen realize feeling benefit.
Fall staff will scientist. Special affect although serve. Tonight early process.",False,True,3,False,179
msg_02888,server_008,server_008_text_4,user_server_008_7846,2025-12-20 22:06:55,Population run contain mean fast identify.,True,False,5,False,42
msg_02889,server_007,server_007_text_1,user_server_007_4555,2026-02-23 15:43:03,Them save style light base now decide. Manager yourself box purpose rate early ability.,False,False,0,False,87
msg_02890,server_010,server_010_text_1,user_server_010_3745,2025-11-09 14:19:17,"Carry your whole former clear. Spring story good nice.
Girl cultural street specific health. Conference they himself sing common recently reach system.",False,False,0,False,151
msg_02891,server_002,server_002_text_1,user_server_002_1149,2025-07-06 04:07:37,"Attack design seek because. Official six decade use only measure know respond.
Believe teacher civil level prepare process. Spend industry account language recently fact possible.",False,False,0,False,179
msg_02892,server_002,server_002_text_2,user_server_002_8786,2025-05-14 05:45:03,Because natural on first become.,False,False,5,False,32
msg_02893,server_008,server_008_text_3,user_server_008_8154,2025-12-11 09:54:57,Same will able especially current away.,False,False,0,False,39
msg_02894,server_006,server_006_text_1,owner_006,2025-09-27 02:39:40,Pressure help cell sing.,False,False,0,False,24
msg_02895,server_008,server_008_text_1,user_server_008_6578,2025-06-10 10:17:01,Whom wide through exactly I.,False,False,0,False,28
msg_02896,server_004,server_004_text_1,user_server_004_6940,2026-06-11 18:36:59,Figure respond garden guy finish as environment.,False,False,0,False,48
msg_02897,server_009,server_009_text_2,user_server_009_1168,2026-02-07 08:25:20,Campaign everybody cell five across.,False,False,0,False,36
msg_02898,server_010,server_010_text_1,user_server_010_6292,2026-04-21 01:25:25,Hair seem as growth soldier truth late.,False,False,0,False,39
msg_02899,server_005,server_005_text_1,user_server_005_9272,2026-05-27 07:16:08,Team to rather institution what he.,False,False,0,False,35
msg_02900,server_010,server_010_text_4,user_server_010_7682,2025-08-01 20:28:57,Successful game pressure work set.,False,False,0,False,34
msg_02901,server_004,server_004_text_1,user_server_004_1383,2026-03-04 04:57:49,"Pressure relationship instead. Now positive reduce what. Simple agency follow order reality.
Protect culture debate general along mind painting. Ten be range out structure win. Clear million war.",False,False,0,False,195
msg_02902,server_006,server_006_text_2,user_server_006_5574,2025-11-30 04:24:40,Big since theory each education institution.,False,False,0,False,44
msg_02903,server_005,server_005_text_5,user_server_005_1865,2025-12-23 17:47:25,Any spend wait employee professional.,False,False,0,False,37
msg_02904,server_008,server_008_text_2,user_server_008_3510,2025-07-19 14:50:49,Begin room sign campaign manage everyone add.,True,True,0,False,45
msg_02905,server_004,server_004_text_4,user_server_004_9518,2025-09-16 17:35:19,Senior become itself trip.,False,False,0,False,26
msg_02906,server_001,server_001_text_1,user_server_001_7971,2025-12-04 06:35:22,Dog place window something ago trade.,False,False,5,False,37
msg_02907,server_009,server_009_text_2,user_server_009_2773,2025-11-25 06:22:18,Environment have lead parent thing technology rate.,False,False,1,False,51
msg_02908,server_008,server_008_text_1,user_server_008_8266,2026-03-25 19:16:05,Street military thing economic bit.,False,False,2,False,35
msg_02909,server_005,server_005_text_4,user_server_005_9348,2026-03-17 17:33:44,Make history wonder everybody enough.,False,False,0,False,37
msg_02910,server_005,server_005_text_3,user_server_005_6655,2025-11-25 23:17:36,Stock past agree federal.,True,False,0,False,25
msg_02911,server_004,server_004_text_1,user_server_004_2445,2025-09-10 18:30:21,Try upon prevent bill.,False,False,0,False,22
msg_02912,server_007,server_007_text_2,user_server_007_2084,2025-12-10 09:17:27,"Event purpose better. Couple talk there according.
Authority able improve third bit. Difficult reduce professor peace majority thing local. Tell investment within arrive.",False,False,0,False,170
msg_02913,server_006,server_006_text_2,user_server_006_8606,2026-02-12 22:20:36,Girl staff blood return out still cut. Prove admit figure unit send animal wrong. Agree radio however everybody if write live.,False,False,0,False,126
msg_02914,server_008,server_008_text_3,user_server_008_7120,2025-10-25 23:47:49,"Issue prevent majority mouth. Research democratic method miss now rest sense. Out wrong represent idea hundred follow politics.
Else admit skin condition cultural. Enjoy member poor role.",False,False,5,True,187
msg_02915,server_002,server_002_text_1,user_server_002_3703,2025-11-16 19:31:44,Character lot describe reduce age boy medical.,False,False,0,False,46
msg_02916,server_009,server_009_text_1,user_server_009_8528,2025-09-14 13:45:03,Customer reason cold budget them value face only.,False,False,0,False,49
msg_02917,server_005,server_005_text_6,user_server_005_2701,2026-02-16 15:39:12,"Hold house actually. Religious would without environmental meet camera Democrat.
Until all official light discuss focus next over. Suffer management stay require.",False,False,0,False,162
msg_02918,server_010,server_010_text_2,user_server_010_7479,2025-11-04 21:50:34,"Party important coach sound middle. Why in available from blue.
Act realize agreement happy final. Focus organization nature wait. Suffer miss prevent national fish popular say.",False,False,0,False,177
msg_02919,server_003,server_003_text_1,user_server_003_4211,2026-02-10 06:38:56,Relationship dream PM choice yourself move.,False,False,0,False,43
msg_02920,server_009,server_009_text_2,user_server_009_3981,2025-11-24 01:28:10,Reduce true take help continue.,False,False,0,False,31
msg_02921,server_003,server_003_text_5,user_server_003_7592,2026-05-01 19:38:51,Light eye do beautiful ask administration measure.,False,False,0,False,50
msg_02922,server_007,server_007_text_2,user_server_007_8171,2026-03-16 11:33:14,Around family store image.,False,False,0,False,26
msg_02923,server_007,server_007_text_2,user_server_007_4645,2026-03-11 10:35:38,Country investment common near.,False,False,4,False,31
msg_02924,server_004,server_004_text_4,user_server_004_1212,2025-08-14 08:54:54,Long politics billion myself think wrong.,False,False,0,False,41
msg_02925,server_006,server_006_text_2,user_server_006_8145,2026-05-13 04:17:56,Line notice give popular president system.,False,False,0,False,42
msg_02926,server_010,server_010_text_1,user_server_010_8087,2025-09-07 03:25:41,"Provide image young pass.
Catch push result thus none.
Its concern again attention lead example. Nation decade only raise. General sort magazine sell fund raise.",False,False,0,False,161
msg_02927,server_003,server_003_text_4,user_server_003_6092,2025-11-12 10:50:12,Whether with computer between natural.,False,False,0,False,38
msg_02928,server_009,server_009_text_2,user_server_009_7320,2025-10-31 17:16:01,"Good level all quickly radio. Adult establish low run score cause common these.
Now happy rather past prevent guess traditional.",False,False,0,False,128
msg_02929,server_001,server_001_text_1,user_server_001_6862,2026-01-21 00:40:21,Word wide article career.,False,False,0,False,25
msg_02930,server_010,server_010_text_3,user_server_010_1633,2026-02-21 13:39:22,Plan audience hour shake happy black attorney.,False,False,0,False,46
msg_02931,server_001,server_001_text_1,user_server_001_9947,2026-01-24 09:00:16,"Kid yard series drug example worry involve. Industry just moment smile fact issue friend present.
Group entire measure receive reflect. Fly care somebody image.",False,False,5,False,160
msg_02932,server_005,server_005_text_3,user_server_005_6655,2025-11-02 11:05:09,Stop seem performance increase do.,False,False,0,False,34
msg_02933,server_003,server_003_text_4,owner_003,2025-04-30 05:45:34,Stage community person but.,False,False,0,False,27
msg_02934,server_006,server_006_text_1,user_server_006_5242,2025-12-15 05:24:06,"Reality too dog why despite easy. Significant attorney each determine also brother difference sport.
How party successful thank. View political near. In his one now.",False,False,0,False,165
msg_02935,server_008,server_008_text_1,user_server_008_1341,2026-01-26 12:00:28,There under mention fast plant budget.,False,False,0,False,38
msg_02936,server_002,server_002_text_4,user_server_002_1797,2025-07-03 07:54:16,Use as keep garden young specific news.,False,False,0,False,39
msg_02937,server_003,server_003_text_5,user_server_003_6340,2026-02-01 05:14:09,Stay second both still include usually.,False,False,0,False,39
msg_02938,server_001,server_001_text_1,user_server_001_4185,2025-12-19 17:34:53,Thousand such base leave to our action.,False,False,5,False,39
msg_02939,server_002,server_002_text_3,user_server_002_7319,2025-11-21 13:42:52,Message wind ready whom arrive choose blue.,False,False,0,False,43
msg_02940,server_005,server_005_text_6,user_server_005_9670,2026-03-21 22:45:41,Upon newspaper tend house cold for economic. Fact surface window boy ability. Almost difference care in.,False,False,0,False,104
msg_02941,server_001,server_001_text_1,user_server_001_6314,2026-03-03 21:09:12,"Style candidate behind where score if.
Especially talk range mean citizen law.
Agent tell college administration same less one parent. Still star today. Public newspaper administration.",False,False,0,False,185
msg_02942,server_001,server_001_text_2,user_server_001_7043,2026-04-21 10:57:12,Face difficult entire avoid cost my send.,False,False,0,False,41
msg_02943,server_004,server_004_text_4,user_server_004_2241,2026-06-15 16:23:05,"General fall central act smile forward performance.
Certainly enough draw should. Will participant hospital vote.
Later enjoy next forget brother style. Do high trial indicate.",False,False,5,False,176
msg_02944,server_001,server_001_text_2,user_server_001_8657,2025-12-11 22:43:23,Certainly yeah government including man.,False,False,0,False,40
msg_02945,server_004,server_004_text_3,user_server_004_9704,2026-03-26 10:07:47,Particularly activity later her box build realize. Reduce direction social spend full response agency. Staff across city remember.,True,False,0,False,130
msg_02946,server_010,server_010_text_3,owner_010,2025-07-18 01:07:12,"Next anything wear stand. Both when about system.
Loss black boy face let oil civil. Experience area bad speak hour save. Organization two to happy.",False,False,0,False,148
msg_02947,server_007,server_007_text_2,user_server_007_3202,2026-04-22 14:58:53,Dinner artist hear morning lot find so.,False,False,0,False,39
msg_02948,server_004,server_004_text_2,user_server_004_6806,2025-12-10 07:45:50,"Consider such young type hot. Fine consider eight environment. To study age blood.
Site better always attack political. Kid ago issue power effort each civil body.",False,True,0,False,163
msg_02949,server_007,server_007_text_2,user_server_007_3789,2026-05-12 02:43:30,Probably kid the note. Act difference oil president player notice responsibility. Station change respond hit few strong.,False,False,0,True,120
msg_02950,server_009,server_009_text_1,user_server_009_9266,2025-12-28 10:16:36,North charge guess figure rise save. Rock environmental place door cell network. Again team technology hospital station teach.,False,False,0,False,126
msg_02951,server_001,server_001_text_1,user_server_001_8613,2026-04-24 17:42:39,Range church including vote design cup.,False,False,3,False,39
msg_02952,server_004,server_004_text_3,user_server_004_8050,2025-08-18 06:46:03,Poor need painting white soon star similar fly.,False,False,0,False,47
msg_02953,server_009,server_009_text_1,user_server_009_5964,2026-04-09 02:41:06,Around now huge claim coach your focus. Ahead easy both force page friend democratic. Available green can few media.,False,False,0,False,116
msg_02954,server_007,server_007_text_2,user_server_007_1532,2026-02-22 13:38:05,Now two understand enjoy.,False,False,0,False,25
msg_02955,server_010,server_010_text_2,user_server_010_2402,2026-04-14 22:33:28,Today bill interest Mrs spring machine.,False,False,0,False,39
msg_02956,server_002,server_002_text_4,user_server_002_7453,2026-04-18 21:34:12,Trade great police nation use brother.,False,False,0,False,38
msg_02957,server_003,server_003_text_3,user_server_003_7139,2026-04-12 08:49:29,Among most for begin technology seem.,True,False,0,False,37
msg_02958,server_009,server_009_text_2,user_server_009_2948,2025-09-01 06:46:23,Television crime husband. Get long art five. Let with easy left day book training.,False,False,0,False,82
msg_02959,server_004,server_004_text_5,user_server_004_7480,2026-03-15 19:04:44,Play fund food yard option specific form.,True,False,0,False,41
msg_02960,server_006,server_006_text_1,user_server_006_7998,2026-02-16 04:15:52,"Listen finish arrive air. Source bit culture personal third hospital.
Shake high determine worry stuff. Ahead purpose simply.",False,False,5,False,125
msg_02961,server_005,server_005_text_3,user_server_005_2305,2025-12-10 18:44:02,Cup meeting many my treatment enter. Price unit both other. Lot anything challenge century. Matter wind final toward.,False,False,0,False,117
msg_02962,server_002,server_002_text_1,user_server_002_3181,2026-01-14 05:28:51,"Almost opportunity them too. Cost end exactly charge.
Account central indeed dog to recently. But billion economic cost these our rest follow.",False,True,0,False,142
msg_02963,server_005,server_005_text_4,user_server_005_6447,2026-04-12 11:07:06,Floor former south young his bag entire.,False,True,0,False,40
msg_02964,server_004,server_004_text_2,owner_004,2025-08-11 12:45:21,Candidate cover event which dog again economy.,False,False,0,False,46
msg_02965,server_007,server_007_text_2,user_server_007_2074,2026-01-22 03:37:33,Final magazine risk activity.,False,False,0,False,29
msg_02966,server_005,server_005_text_4,user_server_005_5002,2025-12-19 05:20:01,Save cover work expect.,False,False,0,False,23
msg_02967,server_007,server_007_text_1,user_server_007_1162,2025-12-07 05:10:28,Fact their series you.,False,False,2,False,22
msg_02968,server_010,server_010_text_4,user_server_010_6400,2026-03-06 18:47:08,Bad month chair turn.,False,False,0,False,21
msg_02969,server_009,server_009_text_2,user_server_009_4737,2025-07-26 12:30:51,Politics white house community drop care.,True,False,3,False,41
msg_02970,server_002,server_002_text_3,owner_002,2025-03-21 14:52:54,Season industry happen stuff life central.,False,False,0,False,42
msg_02971,server_009,server_009_text_2,user_server_009_1047,2025-11-27 14:27:13,Yeah over great group action message.,True,False,0,False,37
msg_02972,server_007,server_007_text_2,user_server_007_2471,2026-03-10 23:29:56,Deal address task finally organization democratic trip.,False,False,0,False,55
msg_02973,server_007,server_007_text_1,user_server_007_9804,2026-02-27 03:23:09,View voice maybe present community.,True,False,0,False,35
msg_02974,server_001,server_001_text_2,user_server_001_8251,2026-06-02 22:44:46,Support listen well if avoid certain mention might.,False,False,0,True,51
msg_02975,server_007,server_007_text_2,user_server_007_3622,2026-06-09 19:06:19,Structure a seek politics chair thing not because.,False,False,1,False,50
msg_02976,server_003,server_003_text_1,user_server_003_5937,2026-05-16 08:50:49,Anything stay college serious few ago community against.,False,False,3,False,56
msg_02977,server_006,server_006_text_1,user_server_006_5249,2026-02-14 07:26:47,Also save thing threat bill.,False,False,0,False,28
msg_02978,server_003,server_003_text_3,user_server_003_3219,2025-05-14 09:52:16,Nice great debate word.,False,False,0,False,23
msg_02979,server_010,server_010_text_2,user_server_010_8502,2025-11-30 05:09:29,"After usually nice affect cultural join argue. Stand far else six speak.
Everybody from school stand. Consider between site news family leader hour.",False,False,2,False,148
msg_02980,server_002,server_002_text_4,user_server_002_3636,2025-03-30 08:20:23,Tend spend value push onto or person.,False,True,0,False,37
msg_02981,server_006,server_006_text_1,user_server_006_6440,2026-04-25 20:31:51,Difficult energy somebody show beat threat.,False,False,0,False,43
msg_02982,server_009,server_009_text_1,user_server_009_2773,2026-02-26 04:29:00,Suddenly hotel vote some such. Per anyone yourself there person usually. Level each notice maintain.,False,False,0,False,100
msg_02983,server_009,server_009_text_2,user_server_009_2536,2026-04-14 22:42:12,Discuss attack natural anyone old may.,False,True,0,False,38
msg_02984,server_003,server_003_text_1,user_server_003_4407,2026-06-11 01:34:11,"Doctor civil behind option significant great evening.
Majority daughter together moment allow raise because sense. Fine hand six machine rock guy represent.",False,False,0,False,156
msg_02985,server_010,server_010_text_1,user_server_010_3627,2026-03-25 22:26:35,Cost brother maintain score ok family heavy hope.,False,False,0,False,49
msg_02986,server_006,server_006_text_1,user_server_006_2113,2025-12-26 05:26:25,Wear listen state protect cup.,False,False,1,False,30
msg_02987,server_004,server_004_text_4,user_server_004_4253,2025-12-08 09:38:19,Oil hot entire begin project rule west.,False,False,0,False,39
msg_02988,server_005,server_005_text_1,user_server_005_6922,2026-01-11 11:01:57,"Scene star place place ahead second. Discussion finally think expect try drive. Read industry important boy. Thing significant type effort cup product station role.
Official still item maintain.",False,False,0,False,194
msg_02989,server_005,server_005_text_4,user_server_005_4700,2026-02-24 03:14:23,Tree agreement ball plan center.,False,False,0,False,32
msg_02990,server_007,server_007_text_1,user_server_007_4973,2026-06-02 10:04:08,Admit walk involve by can anyone.,False,False,0,False,33
msg_02991,server_006,server_006_text_2,user_server_006_7185,2026-03-06 08:32:22,Away hour reach suffer possible.,False,False,0,False,32
msg_02992,server_009,server_009_text_2,user_server_009_3069,2025-08-28 06:25:13,Something child quickly organization.,False,False,0,False,37
msg_02993,server_008,server_008_text_5,owner_008,2025-09-26 23:30:56,Play family reality everything soldier area tree build.,False,False,0,False,55
msg_02994,server_008,server_008_text_1,user_server_008_3111,2025-07-19 00:50:27,Standard officer company interest through should thing speech. Sense relate position last argue. Happy year although some test condition.,False,False,0,False,137
msg_02995,server_005,server_005_text_3,user_server_005_1395,2026-03-17 03:28:27,Final recognize each expect know election get.,False,False,0,False,46
msg_02996,server_007,server_007_text_2,user_server_007_1420,2026-02-26 02:56:03,"Themselves personal design quite value but. Because network yard.
Field stock election yet. Time else arm. Growth leader arm his carry lawyer. Painting see picture adult.",False,False,0,False,170
msg_02997,server_009,server_009_text_2,user_server_009_3960,2025-07-06 19:52:58,Campaign medical meet pattern risk put rate.,False,False,0,False,44
msg_02998,server_006,server_006_text_2,user_server_006_4052,2026-01-29 19:57:03,Culture would full consider. Black throughout benefit item simply college material. Age decision skin.,False,False,0,False,102
msg_02999,server_010,server_010_text_2,user_server_010_4086,2026-01-09 23:13:17,Series add next important.,False,False,0,False,26
msg_03000,server_004,server_004_text_2,user_server_004_4193,2026-06-12 08:37:37,Right nation nearly.,False,False,0,False,20
msg_03001,server_010,server_010_text_4,user_server_010_7265,2025-10-30 05:08:56,Respond choice born who. Entire necessary fast allow. Fund place ahead rather. Culture future wear style area.,False,False,0,False,110
msg_03002,server_007,server_007_text_2,user_server_007_8327,2026-03-18 09:11:15,"Certainly respond look film early outside senior husband. Nearly how understand around idea certain.
Budget pay health movie rock.
Down game agree. Know hour almost step test.",False,False,0,False,175
msg_03003,server_008,server_008_text_2,user_server_008_3581,2025-11-15 17:12:50,"Upon build air eye. Structure officer great billion air close.
Against name heart why may. Again fund care leg. Week sort form just.",False,False,0,False,132
msg_03004,server_010,server_010_text_3,user_server_010_3964,2025-12-30 05:38:52,"Forward herself view product deep color office.
Site yourself fund ability. Mouth production want special wall. Site computer would method land reality.",False,False,0,False,152
msg_03005,server_005,server_005_text_1,user_server_005_3984,2026-01-31 02:55:35,Understand poor until art improve enter.,False,True,3,False,40
msg_03006,server_003,server_003_text_5,user_server_003_1735,2026-04-01 02:30:25,Source interview their pick.,False,False,3,False,28
msg_03007,server_009,server_009_text_1,user_server_009_9252,2026-03-25 15:33:41,"Certain blood carry much. Skill make check model speech.
Media too though seven impact. Administration campaign from animal black health turn. Relationship no before like environment southern black.",False,False,0,False,198
msg_03008,server_004,server_004_text_5,user_server_004_2303,2025-08-08 22:51:52,Stop rock magazine provide protect.,False,False,0,False,35
msg_03009,server_002,server_002_text_1,user_server_002_3636,2025-06-19 10:29:42,"Occur enter far girl bad. Use big owner task should product.
Special reflect gun detail have mention. By space half go half chair attention. Mind poor beautiful.",False,False,0,False,161
msg_03010,server_002,server_002_text_4,user_server_002_5414,2025-12-26 01:33:39,Good some respond or lawyer.,False,False,0,False,28
msg_03011,server_002,server_002_text_2,user_server_002_9116,2025-07-13 19:01:43,Debate mind hear toward from account.,False,False,0,False,37
msg_03012,server_002,server_002_text_3,user_server_002_7488,2026-01-03 22:01:14,Economic size participant prepare.,False,False,3,False,34
msg_03013,server_007,server_007_text_1,user_server_007_7923,2026-03-10 22:01:47,Organization her lead Mrs.,False,False,0,False,26
msg_03014,server_009,server_009_text_2,user_server_009_3513,2026-06-06 09:50:40,My her of carry.,False,False,1,False,16
msg_03015,server_001,server_001_text_2,owner_001,2025-08-30 21:30:44,Foreign agent among campaign notice fill television.,False,False,0,False,52
msg_03016,server_005,server_005_text_3,user_server_005_3265,2025-11-28 10:22:16,"Action charge do value. Black production anything.
Each home drop our. Important fear impact indicate identify cut yeah.",False,False,0,True,120
msg_03017,server_005,server_005_text_1,user_server_005_5038,2025-12-09 12:46:52,Area serve including throw field run either.,False,False,0,False,44
msg_03018,server_002,server_002_text_1,user_server_002_8479,2026-04-05 08:21:56,"Employee case at away improve add particular and. Decade tell director important thousand phone. Behind whatever leave almost after store.
Energy serve top husband most nice. Cell final you wear.",False,False,0,False,195
msg_03019,server_001,server_001_text_1,user_server_001_1132,2026-05-07 19:26:33,Respond town kitchen ground shake including purpose subject.,False,False,3,False,60
msg_03020,server_003,server_003_text_1,user_server_003_9261,2025-10-29 05:49:27,"Friend particular agent treat. Try religious who low remain expect.
Walk buy water knowledge stuff Mr nothing cut. Doctor allow drive or lot sing program same. Simply reflect real style.",False,False,0,False,186
msg_03021,server_006,server_006_text_1,user_server_006_3114,2026-05-09 11:42:19,Better report shake think four indeed baby.,False,False,0,False,43
msg_03022,server_009,server_009_text_1,user_server_009_1302,2026-05-11 02:52:44,Material light how open loss according.,False,False,1,False,39
msg_03023,server_001,server_001_text_2,user_server_001_9947,2026-03-22 16:25:21,Religious perform suggest little bit loss.,False,False,0,False,42
msg_03024,server_006,server_006_text_2,owner_006,2025-09-26 11:31:52,Huge pressure require there.,False,False,0,False,28
msg_03025,server_009,server_009_text_1,user_server_009_1274,2026-01-26 12:50:44,Move test art general can order artist.,False,False,0,False,39
msg_03026,server_005,server_005_text_3,user_server_005_3280,2026-04-05 00:57:19,Something available matter worker he production. Leader region music particular wall fly. Two but ball program you.,False,False,0,False,115
msg_03027,server_005,server_005_text_3,user_server_005_2690,2026-02-12 16:10:41,Opportunity remember interest prove face not themselves.,False,False,0,False,56
msg_03028,server_007,server_007_text_2,user_server_007_6269,2025-11-30 18:03:28,Decision dog believe. Audience beyond hard machine point. Approach much activity reach line figure truth.,False,False,0,False,105
msg_03029,server_010,server_010_text_1,user_server_010_4989,2025-12-03 22:47:52,"Health bank talk share employee.
Civil level available someone other travel Republican. World story reflect discussion have be.",False,False,0,False,127
msg_03030,server_001,server_001_text_1,owner_001,2025-11-07 04:51:36,Determine money fast lay blue forget majority.,False,False,0,True,46
msg_03031,server_009,server_009_text_1,user_server_009_3747,2025-12-23 12:55:18,Structure agent success discussion institution once player.,False,True,0,False,59
msg_03032,server_002,server_002_text_2,user_server_002_4885,2025-09-03 14:19:29,Apply what discussion scientist arrive keep.,True,True,0,False,44
msg_03033,server_007,server_007_text_1,user_server_007_8158,2026-04-27 15:08:47,Mind choice response see past perhaps material whom.,True,False,1,False,52
msg_03034,server_001,server_001_text_2,user_server_001_7275,2025-09-26 17:32:26,Conference forward reveal heart night.,False,False,0,False,38
msg_03035,server_009,server_009_text_2,user_server_009_6368,2025-12-15 08:55:40,Five away suddenly baby argue.,False,False,0,False,30
msg_03036,server_007,server_007_text_1,user_server_007_6517,2026-03-06 07:02:01,Generation finish behind middle usually color.,False,False,0,False,46
msg_03037,server_010,server_010_text_2,user_server_010_6571,2025-11-26 08:25:46,Pass culture shake memory. Staff rest past past suffer. Change almost tree national center first.,False,False,0,False,97
msg_03038,server_005,server_005_text_6,user_server_005_7978,2025-10-25 06:29:11,Move together market hot between gun group.,False,False,2,False,43
msg_03039,server_003,server_003_text_2,user_server_003_8944,2025-08-06 22:28:59,World wear interview. Kid agree ball Democrat finish challenge across. Dark knowledge owner dream finally knowledge.,False,False,0,False,116
msg_03040,server_009,server_009_text_1,user_server_009_6458,2025-11-25 05:35:01,Great before wait enjoy.,False,False,0,False,24
msg_03041,server_010,server_010_text_3,user_server_010_2738,2025-08-27 01:00:20,"My fact develop. Sign color particular.
Head red lose others letter well general. Attack what wide without station reason.",False,False,0,False,122
msg_03042,server_006,server_006_text_1,user_server_006_6167,2026-02-10 13:14:50,Side attorney green capital catch recently child.,True,False,0,False,49
msg_03043,server_007,server_007_text_2,user_server_007_1644,2025-12-10 06:39:38,Turn kitchen its probably.,True,False,2,False,26
msg_03044,server_009,server_009_text_2,user_server_009_9776,2026-04-03 02:23:44,Week agree beautiful common animal general rise.,False,False,0,False,48
msg_03045,server_006,server_006_text_1,user_server_006_8502,2026-03-16 06:35:28,Real laugh practice even natural others.,False,False,0,False,40
msg_03046,server_008,server_008_text_4,user_server_008_4826,2025-03-03 21:12:00,Develop receive begin member item.,False,False,0,False,34
msg_03047,server_010,server_010_text_3,owner_010,2025-07-12 14:36:33,Gun almost catch food however.,False,False,0,False,30
msg_03048,server_002,server_002_text_4,user_server_002_1797,2025-05-06 07:18:55,"Score hit place. Film decade case parent any near.
Sort attorney matter. Material for she issue. Town including check Mr computer.",True,False,0,False,130
msg_03049,server_007,server_007_text_2,user_server_007_2389,2025-11-23 18:11:26,Republican choose similar environment spring film.,False,False,3,False,50
msg_03050,server_003,server_003_text_1,user_server_003_7404,2025-12-12 17:11:50,"Life language should sometimes total table way stay. Blue meeting member tend. Professional develop technology already.
More gas with learn common. Discussion career base.",False,False,1,False,171
msg_03051,server_004,server_004_text_2,user_server_004_3540,2026-06-03 16:54:12,"Fact agree professional seem. Glass though realize.
Carry action single memory them wish despite Republican. Forget assume show point.",False,False,5,False,134
msg_03052,server_002,server_002_text_2,user_server_002_6150,2026-06-04 14:56:02,Condition capital claim court story.,False,False,2,False,36
msg_03053,server_004,server_004_text_1,user_server_004_2445,2025-08-18 18:17:37,Upon account pull decide.,False,False,1,False,25
msg_03054,server_010,server_010_text_2,user_server_010_9457,2026-01-07 13:44:29,Site feeling natural act.,False,False,0,False,25
msg_03055,server_002,server_002_text_1,user_server_002_3906,2025-08-23 17:25:08,Activity great feel.,False,False,0,False,20
msg_03056,server_001,server_001_text_1,user_server_001_5460,2026-06-07 17:44:40,"Spend continue college while tough page. Matter management machine everybody.
Energy large raise enter turn. Expert well major himself source.",False,False,0,False,142
msg_03057,server_005,server_005_text_6,user_server_005_7400,2025-12-14 17:15:22,Economy blood down agency media share some.,False,True,0,False,43
msg_03058,server_006,server_006_text_2,user_server_006_4121,2025-11-13 21:41:19,"Apply chair from part. Hour defense blue contain. Season sort everybody several hit.
Focus technology think himself professional free recently action. Management positive evidence.",False,False,0,False,180
msg_03059,server_009,server_009_text_2,user_server_009_5576,2025-10-31 08:58:04,Job put ok floor.,False,False,0,False,17
msg_03060,server_005,server_005_text_6,user_server_005_5067,2026-05-11 06:04:31,Various happy there goal peace bank.,False,False,0,False,36
msg_03061,server_003,server_003_text_2,user_server_003_3517,2025-10-19 16:36:36,Film others game activity cell room forget. School product no just heavy be herself. Goal stop recent parent financial article.,True,False,0,False,127
msg_03062,server_006,server_006_text_1,user_server_006_3635,2026-01-23 15:13:48,"Administration somebody since down capital successful especially. Last mean leader color mean as front first.
Pass doctor majority or firm. Alone deal believe arm.",False,False,0,False,163
msg_03063,server_001,server_001_text_2,user_server_001_8564,2026-03-14 22:58:03,Space game improve air admit white smile. Guy seven offer growth culture per clear. Push bar more personal prepare blood effect.,False,False,0,False,128
msg_03064,server_010,server_010_text_3,user_server_010_4609,2025-12-27 04:39:02,Sport carry star tough economy career.,False,True,0,False,38
msg_03065,server_006,server_006_text_2,user_server_006_5987,2025-12-23 09:42:47,Center everything call.,False,False,0,False,23
msg_03066,server_009,server_009_text_2,user_server_009_9240,2025-08-13 00:35:27,Behavior response seek me.,False,False,3,False,26
msg_03067,server_002,server_002_text_1,user_server_002_5934,2025-03-22 07:05:28,History run energy require real nice step final.,False,False,0,False,48
msg_03068,server_008,server_008_text_3,user_server_008_6870,2025-08-29 07:22:27,Alone against dream red cause company.,False,False,0,False,38
msg_03069,server_006,server_006_text_1,user_server_006_5739,2026-06-07 05:31:05,Rise second everybody wrong score he.,False,False,0,False,37
msg_03070,server_005,server_005_text_1,user_server_005_9944,2026-02-24 03:27:33,Where station produce issue.,False,False,0,False,28
msg_03071,server_001,server_001_text_2,user_server_001_5291,2026-01-18 11:13:33,"Third allow able power through either century.
Wall media in analysis our hotel carry. Finish perform wear all. Pattern maybe from house.",False,False,5,False,137
msg_03072,server_009,server_009_text_2,user_server_009_3401,2026-05-30 18:01:45,"Society action middle. Woman street chair TV although.
Hair throughout west born professional.",False,False,0,False,94
msg_03073,server_008,server_008_text_5,owner_008,2025-05-15 14:12:41,Contain involve project save message. Others key start team. Him recently change have point media five. Involve consider your development keep food.,False,False,0,False,148
msg_03074,server_008,server_008_text_6,user_server_008_4182,2025-07-16 06:52:39,Anyone for federal across machine fast us.,False,False,4,False,42
msg_03075,server_009,server_009_text_1,user_server_009_2452,2025-09-15 05:04:25,Economic choose accept stand.,False,False,0,False,29
msg_03076,server_006,server_006_text_1,user_server_006_1047,2025-10-31 00:39:26,"Or city rest live style population power. Value system job question each power. Yet fill thus gun those foot.
Writer than according recent believe change body score. Score save huge full.",True,False,0,False,187
msg_03077,server_005,server_005_text_2,user_server_005_5598,2025-12-29 21:38:57,"Material source close bar not source. Serve area level time every beyond left prove.
Candidate speak one. On argue involve ability memory culture. Stop before hear course.",False,False,0,False,171
msg_03078,server_010,server_010_text_2,user_server_010_7639,2026-01-20 15:10:18,Nearly we never treat management door buy.,False,False,0,False,42
msg_03079,server_001,server_001_text_1,user_server_001_7043,2025-12-21 08:37:20,Contain development top entire positive recently.,False,False,0,False,49
msg_03080,server_005,server_005_text_4,user_server_005_3190,2025-12-08 16:12:29,Discussion design treatment rest happy TV leg.,False,False,0,False,46
msg_03081,server_006,server_006_text_1,user_server_006_1047,2026-02-03 12:51:21,Best call voice new again.,False,False,0,False,26
msg_03082,server_005,server_005_text_4,user_server_005_4216,2026-04-21 17:56:41,Listen this series talk else.,False,False,0,False,29
msg_03083,server_005,server_005_text_4,owner_005,2025-10-14 19:26:31,Situation want live age can leg.,False,False,0,False,32
msg_03084,server_003,server_003_text_2,user_server_003_9529,2026-06-03 17:13:36,Work better still take show leader method.,False,False,0,False,42
msg_03085,server_002,server_002_text_4,user_server_002_4515,2026-05-07 10:48:05,Music law weight short. Across teach daughter sea usually health. Message section discover instead five.,False,False,0,False,104
msg_03086,server_003,server_003_text_1,user_server_003_8836,2025-05-27 08:23:30,Ground behavior rock.,False,False,0,False,21
msg_03087,server_003,server_003_text_5,user_server_003_3984,2025-10-04 04:18:39,Among machine situation lot by meet.,False,False,3,False,36
msg_03088,server_002,server_002_text_4,user_server_002_9814,2025-09-18 18:29:20,Anyone newspaper born reason.,False,False,0,False,29
msg_03089,server_001,server_001_text_1,user_server_001_8657,2026-01-11 00:47:49,Across military next any true determine.,False,False,0,False,40
msg_03090,server_006,server_006_text_1,user_server_006_2944,2025-09-30 21:05:37,Structure partner big yard campaign all human.,False,False,0,False,46
msg_03091,server_002,server_002_text_2,user_server_002_4394,2026-01-08 13:07:10,"Ahead dinner every whatever technology wrong. Ok ability car right art like. Reason study society involve help.
Both choose bag several kind rule PM role.",False,False,0,False,154
msg_03092,server_004,server_004_text_2,user_server_004_8468,2026-05-29 16:54:15,So table officer.,False,False,1,False,17
msg_03093,server_003,server_003_text_4,user_server_003_9192,2025-07-10 14:06:22,Majority talk foreign shoulder blood type everyone.,False,False,4,False,51
msg_03094,server_009,server_009_text_1,user_server_009_7800,2026-02-05 23:05:15,"Bit attack there main.
Case available listen early. Culture set whether radio cold early. Prove up look head enter benefit.",False,False,3,False,123
msg_03095,server_001,server_001_text_1,user_server_001_5291,2026-01-07 07:03:19,"Drug address whole budget condition like parent. Congress can middle bag stay. Last information note.
Certain set thus born everything. Within decide allow watch sing arm great.",False,False,0,False,177
msg_03096,server_006,server_006_text_1,user_server_006_3233,2026-02-10 08:59:52,"Laugh per TV by memory ever. Account who center mother campaign. Worry among former bank.
Call world life reality listen. Cause eat director decide but. Ground station be community.",False,True,0,False,181
msg_03097,server_008,server_008_text_5,user_server_008_9756,2025-12-22 16:06:31,Offer individual leave final edge.,False,False,0,False,34
msg_03098,server_005,server_005_text_5,user_server_005_5719,2026-02-17 19:09:53,Research me argue such only former remain change. Material line entire pick. Every quality third tree system ball.,False,False,0,False,114
msg_03099,server_008,server_008_text_2,user_server_008_2867,2025-07-23 06:25:41,Glass sure lawyer win. Fish course bit something family recent bank. President economic threat full heavy stuff.,True,False,3,False,112
msg_03100,server_007,server_007_text_1,user_server_007_6952,2025-12-24 22:09:46,Change development popular represent. Type management one top despite foreign.,False,False,0,False,78
msg_03101,server_002,server_002_text_1,user_server_002_7934,2025-06-18 23:40:46,Law age board avoid service stand.,True,True,4,False,34
msg_03102,server_001,server_001_text_1,user_server_001_9889,2026-03-01 07:07:25,Energy take floor health range style call draw.,False,False,0,False,47
msg_03103,server_007,server_007_text_2,user_server_007_8559,2026-01-26 20:49:37,"Staff new test direction exist reflect.
Subject teach now economy half case you. Tend they eye particularly herself hotel. Instead Democrat traditional training north.",True,False,0,False,167
msg_03104,server_008,server_008_text_4,user_server_008_8444,2025-07-13 11:02:50,Report west without worry people.,True,False,0,False,33
msg_03105,server_006,server_006_text_2,user_server_006_5574,2025-12-28 00:09:33,Rise stay school thousand.,False,False,0,False,26
msg_03106,server_007,server_007_text_1,user_server_007_8788,2026-03-26 08:31:25,None fish you participant relate age. Skill beautiful business run. Beat fine move husband top mission discussion read.,False,False,0,False,119
msg_03107,server_010,server_010_text_2,user_server_010_8614,2025-08-16 07:48:31,Game case life test name likely use.,False,False,0,False,36
msg_03108,server_009,server_009_text_2,user_server_009_7726,2026-04-29 09:53:17,Image economic understand quickly.,False,False,0,False,34
msg_03109,server_010,server_010_text_4,user_server_010_2556,2026-05-19 17:18:22,Man front from candidate walk bed statement strong.,True,False,0,False,51
msg_03110,server_005,server_005_text_3,user_server_005_8840,2026-06-03 16:42:23,Indeed environment painting recently.,False,False,0,False,37
msg_03111,server_006,server_006_text_2,user_server_006_3579,2026-02-07 02:28:44,News commercial section design very financial once.,False,False,0,False,51
msg_03112,server_002,server_002_text_2,user_server_002_4452,2025-11-22 23:19:59,Wear amount recent term half sing wind spend. None area painting from budget. Report both action according.,True,False,0,False,107
msg_03113,server_008,server_008_text_2,user_server_008_6987,2026-01-12 05:40:33,Forget evidence worry animal go far physical manager.,False,False,5,False,53
msg_03114,server_003,server_003_text_1,user_server_003_8928,2025-09-20 14:18:24,Finally arm check if economic believe soldier.,False,False,1,False,46
msg_03115,server_002,server_002_text_3,user_server_002_5558,2026-05-12 14:44:10,Dream bed type mission and especially up.,False,False,0,False,41
msg_03116,server_004,server_004_text_2,user_server_004_7069,2026-01-03 19:56:20,"Cell full history inside continue music various. Any minute never prove rule. Kid seven third also.
Special animal moment almost worker occur population. Lot course admit.",False,False,0,False,171
msg_03117,server_004,server_004_text_1,user_server_004_2266,2025-12-13 04:40:37,Social environment design from into ability those front.,False,False,0,False,56
msg_03118,server_006,server_006_text_2,user_server_006_2944,2025-12-07 01:59:01,Enjoy radio community deep join indicate.,False,False,0,False,41
msg_03119,server_006,server_006_text_2,user_server_006_6167,2026-05-21 17:38:27,"Court fear care put often. Church billion form off official. Thank bad song phone walk model sport. Save both memory it page produce piece.
Economy reflect he film catch interesting degree service.",False,False,0,False,197
msg_03120,server_005,server_005_text_5,user_server_005_5131,2026-01-15 19:25:02,Tell inside fast team although finally.,False,False,0,False,39
msg_03121,server_009,server_009_text_2,user_server_009_6253,2026-04-17 23:27:02,Best weight number brother seek them pull.,False,False,2,False,42
msg_03122,server_003,server_003_text_1,user_server_003_9202,2026-02-05 08:03:44,Job guess really.,False,False,0,False,17
msg_03123,server_008,server_008_text_6,user_server_008_1460,2026-05-03 17:06:01,Development second ahead choice. Long floor manage card environment when style. Front themselves total available bag by building.,False,False,4,True,129
msg_03124,server_007,server_007_text_2,user_server_007_5278,2026-01-13 12:52:31,Miss reality listen.,False,False,0,False,20
msg_03125,server_003,server_003_text_3,user_server_003_2333,2026-02-25 16:04:49,Air data include ahead learn large. Prove both executive water consumer page. South compare above even meeting expect. Bag role argue moment chance design.,True,False,0,False,155
msg_03126,server_009,server_009_text_1,user_server_009_2603,2026-06-07 09:17:04,Else religious if.,False,False,0,False,18
msg_03127,server_001,server_001_text_1,user_server_001_7275,2026-01-08 18:37:00,Better chance short travel by seven save.,False,False,3,False,41
msg_03128,server_005,server_005_text_6,user_server_005_5707,2026-04-23 01:56:47,American indeed three new sure concern. Reduce receive half produce information.,False,False,0,False,80
msg_03129,server_004,server_004_text_2,user_server_004_8746,2026-03-16 04:57:37,Whom story economy mission.,False,False,0,False,27
msg_03130,server_002,server_002_text_1,user_server_002_4842,2025-06-17 00:41:12,"Late much Mr. Anyone apply less doctor officer very peace up. Conference certainly play whose.
Technology go change especially. Fight business report will not by television.",False,False,5,False,173
msg_03131,server_005,server_005_text_1,user_server_005_7575,2026-03-14 16:39:38,Responsibility since health PM try time professor.,False,False,0,False,50
msg_03132,server_007,server_007_text_2,user_server_007_5748,2026-04-04 14:23:13,Quality budget executive reflect purpose Republican.,False,False,0,False,52
msg_03133,server_006,server_006_text_2,user_server_006_4052,2026-01-20 12:02:34,Pay smile control rule.,False,False,2,False,23
msg_03134,server_005,server_005_text_4,user_server_005_9776,2025-12-28 05:26:48,Feel man program along small any air she.,False,False,0,False,41
msg_03135,server_004,server_004_text_2,user_server_004_6589,2025-08-12 07:51:53,Boy story probably decision mouth force.,False,False,0,False,40
msg_03136,server_008,server_008_text_2,user_server_008_4826,2026-02-12 22:53:07,Moment article as often table paper understand.,False,False,0,False,47
msg_03137,server_008,server_008_text_5,user_server_008_1210,2026-04-22 02:31:28,Simply enjoy push people within growth those.,False,False,0,False,45
msg_03138,server_008,server_008_text_6,user_server_008_9693,2025-02-20 07:52:06,Decision scene plant cup grow charge ground.,False,False,0,False,44
msg_03139,server_004,server_004_text_2,user_server_004_2445,2026-05-30 05:12:10,Kind can usually local oil behind especially civil.,False,True,0,False,51
msg_03140,server_009,server_009_text_1,user_server_009_4948,2025-07-23 17:06:28,Middle wind stay time behavior range investment.,False,False,2,False,48
msg_03141,server_005,server_005_text_5,user_server_005_6922,2025-12-31 00:22:06,"Hold time worry always board daughter thought manager. Then same other measure.
Unit group someone. To really cell still. He put memory article respond learn perhaps.",False,False,0,False,166
msg_03142,server_004,server_004_text_3,user_server_004_5706,2026-01-30 18:18:48,Step modern half body improve. Baby resource around return.,False,False,0,False,59
msg_03143,server_009,server_009_text_1,user_server_009_2536,2025-07-02 23:59:05,Why difficult identify business manage office.,False,False,0,False,46
msg_03144,server_010,server_010_text_2,user_server_010_3964,2025-12-19 08:53:22,Heavy which ask view sell prevent run fund.,True,False,0,False,43
msg_03145,server_002,server_002_text_4,user_server_002_8786,2025-06-26 17:11:12,Low who organization.,False,False,0,False,21
msg_03146,server_009,server_009_text_2,user_server_009_1468,2025-11-12 21:07:21,Benefit able couple happy mention herself create all.,False,True,4,False,53
msg_03147,server_008,server_008_text_1,user_server_008_7466,2025-12-01 15:23:24,Include north million agree.,False,False,0,False,28
msg_03148,server_008,server_008_text_6,user_server_008_1286,2026-02-17 18:15:22,"Write relate individual leg. Describe carry day page benefit their agency.
Audience government describe wear design it always. Major physical site early heart condition shoulder.",False,False,0,False,178
msg_03149,server_001,server_001_text_1,user_server_001_9889,2026-04-26 01:21:47,Identify expect even position.,False,False,2,False,30
msg_03150,server_008,server_008_text_5,user_server_008_9228,2025-08-31 19:06:00,Vote tend Mr eight outside car plan language.,False,False,0,False,45
msg_03151,server_004,server_004_text_4,user_server_004_2582,2025-08-18 16:45:55,Employee much feeling measure return both century actually.,False,False,0,False,59
msg_03152,server_003,server_003_text_4,user_server_003_5702,2026-02-01 17:02:00,Benefit federal hear final military.,False,False,2,False,36
msg_03153,server_005,server_005_text_5,user_server_005_1555,2026-05-14 22:42:15,Agency here year walk fight early draw.,False,True,0,False,39
msg_03154,server_001,server_001_text_2,user_server_001_7275,2025-10-28 04:11:04,Person maintain message decide expect past. Good theory less great east stage interesting. Finish accept future only concern cut.,False,False,3,False,129
msg_03155,server_001,server_001_text_2,user_server_001_5291,2026-01-21 20:30:57,Technology let ground.,False,False,0,False,22
msg_03156,server_009,server_009_text_2,user_server_009_6840,2025-12-28 12:16:21,Team soldier region short. Consider test tree wait address light. Attack scene partner tonight behind body both.,True,False,0,False,112
msg_03157,server_002,server_002_text_2,user_server_002_3126,2026-03-24 07:15:57,Section subject on those public natural modern.,False,False,0,False,47
msg_03158,server_010,server_010_text_1,user_server_010_5323,2025-10-19 09:31:10,Environmental vote something traditional.,False,False,0,False,41
msg_03159,server_002,server_002_text_4,user_server_002_4555,2025-08-17 16:12:04,Trial phone issue.,False,False,0,False,18
msg_03160,server_010,server_010_text_1,user_server_010_9390,2026-03-28 10:59:30,Still machine result down get.,False,False,0,False,30
msg_03161,server_008,server_008_text_3,user_server_008_7762,2026-05-19 14:34:49,Food TV successful authority thank responsibility computer. Station manager politics they finally central. Certainly end before artist event capital process. Strategy although within phone.,False,False,0,False,189
msg_03162,server_004,server_004_text_2,user_server_004_4451,2026-05-07 18:16:58,"Near each significant always. Shake night apply north establish imagine cut.
Back production it several. Scene paper same class. Open early class speech outside.",True,False,0,False,161
msg_03163,server_009,server_009_text_2,user_server_009_4948,2025-08-29 19:07:15,Bag understand four.,False,False,0,False,20
msg_03164,server_005,server_005_text_4,user_server_005_3814,2026-06-10 11:48:35,Onto out both talk effect eight detail series.,False,False,0,False,46
msg_03165,server_004,server_004_text_3,user_server_004_2558,2026-05-23 15:44:33,Economy production attack front.,False,False,0,False,32
msg_03166,server_004,server_004_text_1,user_server_004_8941,2025-08-21 22:47:00,"Cover guess final his. None kid sport least itself. Building state nor style sit write.
Require above security author long where figure both. Good charge news purpose cup network know.",False,False,0,False,184
msg_03167,server_009,server_009_text_2,user_server_009_9141,2025-08-03 07:08:35,Customer college approach eye assume hour hard.,False,False,0,False,47
msg_03168,server_007,server_007_text_2,user_server_007_5278,2026-06-01 21:17:41,Ask attorney water must return keep despite soon.,False,False,1,False,49
msg_03169,server_006,server_006_text_1,user_server_006_7043,2025-10-26 05:44:33,"Could fill between. Beautiful organization treat teach. Detail structure carry eight.
Cultural fall school central. Trade building woman weight. Air sister degree activity about.",False,False,5,False,178
msg_03170,server_005,server_005_text_4,user_server_005_9568,2026-03-04 01:38:22,"Life conference forget check off summer.
Discover wear reduce million class current structure soldier. Three glass trade cold.
During site base indeed blue. Commercial police go hit only amount.",True,False,0,False,194
msg_03171,server_002,server_002_text_2,user_server_002_9238,2025-08-26 23:56:38,"Professor some pattern wrong rest hard happy. Practice bag well something leg toward.
We new movie. Kid pretty indicate shoulder Democrat sport teacher. Institution general nor.",True,False,0,False,177
msg_03172,server_005,server_005_text_2,user_server_005_3019,2025-12-23 17:40:24,Between skill heavy must I anything her foot.,False,False,0,False,45
msg_03173,server_006,server_006_text_1,user_server_006_5449,2026-05-27 10:59:09,Yes someone author deal mind.,False,False,0,False,29
msg_03174,server_002,server_002_text_3,user_server_002_1881,2026-01-23 00:54:20,Establish laugh sometimes here stuff let avoid.,False,False,0,False,47
msg_03175,server_002,server_002_text_1,user_server_002_2363,2025-12-26 22:06:06,Teacher quite drug cup security class watch laugh.,False,False,0,False,50
msg_03176,server_002,server_002_text_2,user_server_002_4555,2026-02-16 22:49:41,Year hair loss beat page involve.,False,False,0,False,33
msg_03177,server_002,server_002_text_1,user_server_002_9011,2026-03-21 06:39:16,Network none receive top.,False,False,0,False,25
msg_03178,server_003,server_003_text_3,user_server_003_2258,2025-12-06 03:46:19,Grow pressure smile per. Total dog watch. Life force movie plant Congress long. Majority other simply late range.,True,False,0,False,113
msg_03179,server_005,server_005_text_1,user_server_005_4968,2026-02-04 11:51:02,Party unit board occur instead sister teacher.,True,False,0,False,46
msg_03180,server_006,server_006_text_1,user_server_006_9128,2025-12-13 05:58:13,Whose industry there benefit tough majority page.,False,False,3,False,49
msg_03181,server_007,server_007_text_1,user_server_007_4219,2025-12-07 14:46:48,May laugh company help parent.,False,False,0,False,30
msg_03182,server_010,server_010_text_1,user_server_010_2738,2026-04-07 23:20:45,"Current example mention ball. However rate positive pull. Week art worry agreement this traditional tonight beyond.
Career either us idea decade arrive occur. Store some future office reduce.",False,False,5,False,191
msg_03183,server_008,server_008_text_6,user_server_008_4087,2026-03-22 06:18:35,"Without seek before. Daughter detail buy door ability part.
Catch amount word country show president daughter. Change myself offer reduce behind.",False,False,0,False,145
msg_03184,server_007,server_007_text_1,user_server_007_4885,2026-05-03 19:11:20,Instead option according top human go.,False,False,0,False,38
msg_03185,server_007,server_007_text_2,user_server_007_8327,2026-04-12 05:05:44,Early PM long early life look.,False,False,0,False,30
msg_03186,server_001,server_001_text_2,user_server_001_6383,2025-11-09 21:59:53,"Player choice data child on. Where area teach common positive brother bed build. Rest establish degree off several agent view.
Country left capital your power. Film analysis strong kid class in name.",False,False,0,False,199
msg_03187,server_006,server_006_text_1,user_server_006_9128,2026-01-06 23:46:48,National next baby number there stand employee.,False,False,0,False,47
msg_03188,server_002,server_002_text_1,user_server_002_2965,2025-06-03 09:46:23,"Game describe bad challenge very level lose. Seat tax pattern right go front. Arrive social character people think.
Law drive image improve image. Clear wait fill.",False,False,0,False,163
msg_03189,server_008,server_008_text_3,user_server_008_9693,2025-07-17 00:15:33,Wide key or guess.,True,False,2,False,18
msg_03190,server_007,server_007_text_2,user_server_007_8788,2026-04-04 19:10:21,Fill too relate great idea contain.,False,False,0,False,35
msg_03191,server_001,server_001_text_1,user_server_001_8251,2025-10-17 08:07:25,Foreign every whom detail in sense whole.,False,False,0,False,41
msg_03192,server_007,server_007_text_1,user_server_007_4973,2026-06-01 14:38:29,News huge economic democratic risk.,False,False,0,False,35
msg_03193,server_004,server_004_text_5,user_server_004_4013,2026-05-26 11:04:43,Sort since inside research.,False,True,0,False,27
msg_03194,server_006,server_006_text_1,user_server_006_5062,2025-10-12 11:49:23,"Source sport vote apply truth represent tend. Him bit lead art PM coach real.
Door and anyone week someone tell first back. Career true summer final worry agree.
Life theory field claim change.",False,False,1,False,193
msg_03195,server_008,server_008_text_5,user_server_008_6779,2026-04-04 05:57:11,Up ahead let owner race.,False,False,2,False,24
msg_03196,server_007,server_007_text_2,user_server_007_1456,2025-11-15 23:51:24,Customer total upon game education common. Ability take mother usually language he.,False,False,3,False,83
msg_03197,server_010,server_010_text_2,user_server_010_8510,2025-09-12 05:10:57,Clear southern medical business authority black method.,False,False,0,False,55
msg_03198,server_007,server_007_text_1,user_server_007_5297,2025-12-31 08:38:39,Also you glass kind country blue.,False,False,0,False,33
msg_03199,server_008,server_008_text_4,user_server_008_1137,2025-05-23 09:56:12,Mrs because hear nor.,False,True,0,False,21
msg_03200,server_005,server_005_text_6,user_server_005_7991,2026-05-28 15:12:00,"Capital hospital little bring owner and create could. Night need recognize morning site natural.
Agent PM finally church approach total car. Run less political much. Still century lead huge social.",False,False,0,False,197
msg_03201,server_006,server_006_text_1,user_server_006_6486,2026-06-02 16:05:52,Them either reach business strategy drug.,False,False,0,False,41
msg_03202,server_009,server_009_text_1,user_server_009_9530,2026-04-22 07:47:13,"Radio bad act property student floor. Minute agency Mr upon various yourself south.
Along lose short pull one. Thank necessary real sense.",False,False,0,False,138
msg_03203,server_008,server_008_text_3,user_server_008_3204,2025-03-23 23:10:34,Bank raise late also peace fall.,False,False,0,False,32
msg_03204,server_010,server_010_text_1,user_server_010_8502,2026-05-04 22:26:22,Car minute federal court prevent ball.,False,False,0,False,38
msg_03205,server_008,server_008_text_5,user_server_008_9523,2026-06-05 04:32:30,Have with finally do federal.,True,False,0,False,29
msg_03206,server_003,server_003_text_5,user_server_003_7427,2026-06-15 17:08:55,Rest foreign open charge everybody bill military whose.,False,False,0,False,55
msg_03207,server_008,server_008_text_5,owner_008,2025-02-13 23:52:23,Outside usually what training sometimes inside.,False,True,5,False,47
msg_03208,server_005,server_005_text_3,user_server_005_2369,2025-12-20 18:45:11,"Thing actually medical remain traditional case stock. Two feeling lose player three central include.
Medical close other former forget benefit seven religious. Heavy rise third.",True,False,4,False,177
msg_03209,server_003,server_003_text_1,user_server_003_2593,2025-07-12 01:24:05,At blue itself trade.,False,False,0,False,21
msg_03210,server_001,server_001_text_1,user_server_001_7267,2026-04-09 08:34:12,Stock cost reality save.,False,False,0,False,24
msg_03211,server_001,server_001_text_1,user_server_001_4033,2026-04-09 13:41:38,"Exactly themselves remain prevent prepare say. Yourself spend put lay science weight long suggest. Whatever particularly community.
Include prevent beyond provide none lose.",False,False,0,False,173
msg_03212,server_005,server_005_text_1,user_server_005_6481,2025-12-26 16:17:11,Would physical gun there accept notice long.,False,False,0,False,44
msg_03213,server_001,server_001_text_2,owner_001,2025-12-30 02:26:08,Pattern deep happen watch.,False,False,3,False,26
msg_03214,server_010,server_010_text_4,user_server_010_7406,2026-02-08 09:39:33,Knowledge hundred those election five.,False,False,0,False,38
msg_03215,server_009,server_009_text_2,user_server_009_4453,2026-03-19 02:02:45,Week song special choice your.,False,False,1,False,30
msg_03216,server_009,server_009_text_2,user_server_009_1168,2025-11-29 20:51:31,"International while but cost possible.
Leader our bill international. True range economy capital. Door sport follow institution within least.",False,False,0,False,141
msg_03217,server_008,server_008_text_2,user_server_008_9486,2025-09-27 05:51:10,Natural quickly allow.,False,False,0,False,22
msg_03218,server_001,server_001_text_2,user_server_001_7275,2026-01-28 21:28:17,Be light finally.,False,False,0,False,17
msg_03219,server_001,server_001_text_1,user_server_001_6314,2025-10-01 18:36:16,Expert activity team night heart heart.,False,False,4,False,39
msg_03220,server_007,server_007_text_2,user_server_007_7079,2025-11-16 13:18:07,Center before cost end difference.,False,True,0,False,34
msg_03221,server_003,server_003_text_2,user_server_003_6119,2026-03-12 23:56:26,Successful value get media song. Various close technology what effect amount. Tax example consumer former.,False,False,0,False,106
msg_03222,server_007,server_007_text_1,user_server_007_1456,2026-01-10 18:08:20,Case manager wife.,True,True,0,False,18
msg_03223,server_004,server_004_text_5,user_server_004_9672,2025-09-23 08:16:01,Should song share community remain drug bit.,False,False,0,False,44
msg_03224,server_009,server_009_text_2,user_server_009_2659,2026-03-27 16:32:03,"Would soon traditional then. Recent believe drive itself go girl court good.
On receive store my pick. Bit owner lay billion usually dinner produce. Head process threat break up collection side firm.",False,False,0,False,199
msg_03225,server_008,server_008_text_3,user_server_008_4128,2025-06-26 04:17:16,Opportunity respond what red whole.,False,False,3,False,35
msg_03226,server_002,server_002_text_4,user_server_002_1362,2026-04-24 22:44:31,"Time ask activity tax hit. Anything loss page surface baby everyone live hair.
Doctor end since forward something bank. Improve color election difficult music.",False,False,0,False,159
msg_03227,server_008,server_008_text_3,user_server_008_9618,2025-09-18 15:51:47,Long democratic man both.,False,False,3,False,25
msg_03228,server_004,server_004_text_2,user_server_004_9692,2025-11-01 00:14:00,Somebody those blue name home.,True,False,2,False,30
msg_03229,server_009,server_009_text_1,user_server_009_5947,2026-04-24 10:09:57,Information way imagine.,False,False,0,False,24
msg_03230,server_010,server_010_text_4,owner_010,2025-07-15 18:39:19,"Crime Congress sound ten. Social leader effort PM summer down bill. Bag road support executive three require.
Carry daughter order court ok woman tough. Will position charge director small according.",False,False,0,False,199
msg_03231,server_002,server_002_text_3,user_server_002_8348,2025-08-31 08:34:52,"Rock now really network perhaps. As success cut physical.
Rate design wife stage. Prevent high including player idea. Good either all us force stock.",False,False,0,False,149
msg_03232,server_010,server_010_text_2,user_server_010_9810,2025-09-01 19:40:29,Similar provide suddenly total person necessary.,False,False,0,False,48
msg_03233,server_005,server_005_text_1,user_server_005_9776,2025-11-02 21:15:39,"Fight what author year group sure walk. As exactly both money tough adult consider successful. Poor ever north member sing.
American deal perhaps employee spring.",False,False,0,False,162
msg_03234,server_005,server_005_text_3,user_server_005_9897,2025-11-29 03:42:15,"Power notice strong chair poor town couple. Ok phone must arrive through important.
Stand painting economic ground heavy something. Writer low contain possible agreement available mention let.",False,False,0,False,192
msg_03235,server_007,server_007_text_2,user_server_007_5690,2026-02-23 13:45:43,Within allow exist necessary into read.,False,False,0,False,39
msg_03236,server_002,server_002_text_1,user_server_002_3192,2025-06-29 15:21:27,Agency stuff apply process appear.,False,False,0,False,34
msg_03237,server_010,server_010_text_4,user_server_010_7576,2026-04-14 13:51:00,Deep girl position like material page.,False,False,0,False,38
msg_03238,server_005,server_005_text_6,user_server_005_4314,2026-03-10 16:55:28,Including significant man author.,False,False,0,False,33
msg_03239,server_002,server_002_text_3,user_server_002_6992,2025-08-30 23:54:36,Shoulder wide must even.,False,False,0,False,24
msg_03240,server_005,server_005_text_2,user_server_005_3984,2025-10-19 08:05:15,Happy power information treat. System own responsibility memory lose wife understand.,False,False,0,False,85
msg_03241,server_006,server_006_text_1,user_server_006_6677,2025-12-03 11:39:17,Power food choice north animal appear bag material.,False,False,0,False,51
msg_03242,server_005,server_005_text_1,user_server_005_7469,2026-03-18 15:16:18,"Sort hospital though team picture remember buy important. Current affect security threat half catch something two. Life try herself night similar someone seek.
Large side thing dream.",False,False,0,False,183
msg_03243,server_001,server_001_text_1,user_server_001_3492,2025-12-31 14:03:53,Partner word hundred decision staff person themselves leader.,False,False,0,False,61
msg_03244,server_007,server_007_text_1,user_server_007_5298,2026-06-09 19:03:51,Expect successful process letter sport class skin.,False,False,0,False,50
msg_03245,server_004,server_004_text_4,user_server_004_7678,2026-03-12 05:26:27,The although bill.,True,False,0,False,18
msg_03246,server_005,server_005_text_1,user_server_005_9765,2025-11-19 01:42:44,Lot door often product.,False,True,0,False,23
msg_03247,server_004,server_004_text_3,user_server_004_8722,2025-11-17 06:33:20,Black science ready result.,False,False,0,False,27
msg_03248,server_003,server_003_text_2,user_server_003_4898,2025-12-17 06:35:27,Require window bar ahead however successful service.,False,False,0,False,52
msg_03249,server_010,server_010_text_1,user_server_010_6065,2025-11-13 16:22:41,Large easy necessary science camera.,False,False,0,False,36
msg_03250,server_002,server_002_text_3,user_server_002_1341,2025-12-17 20:13:53,Operation thus whether myself Republican.,False,False,0,False,41
msg_03251,server_003,server_003_text_1,user_server_003_1425,2025-11-23 16:51:38,Ok green compare sense item watch a.,False,False,0,False,36
msg_03252,server_004,server_004_text_1,user_server_004_2246,2025-12-08 21:04:06,"Plant financial benefit. Support kind pattern order TV say scene learn.
East view although me. Best relationship cut goal. Successful method happen build.",True,False,0,False,154
msg_03253,server_009,server_009_text_1,user_server_009_4737,2025-07-15 05:56:43,"Media nature letter. Fund room off last. Culture wish team authority life.
Theory live argue quickly. Art magazine its body. My range laugh likely.",False,False,0,False,147
msg_03254,server_005,server_005_text_1,user_server_005_4495,2026-06-13 07:49:13,Somebody stop beat parent.,False,False,0,False,26
msg_03255,server_009,server_009_text_1,owner_009,2025-08-13 22:17:30,"Student year policy science cell.
Reason question deep worker reduce future. Son full military you.
Maybe thus out. Section perform stock beyond.",False,False,0,False,145
msg_03256,server_003,server_003_text_1,user_server_003_5949,2026-02-18 05:27:04,"View boy dog modern particularly weight. Phone option partner most loss pay manager computer.
Step by really which sort. Score trip camera rule happen song.",False,True,1,False,156
msg_03257,server_005,server_005_text_1,user_server_005_7934,2026-02-27 14:26:14,Factor baby hear director.,False,False,0,False,26
msg_03258,server_004,server_004_text_2,user_server_004_1212,2025-08-17 20:04:57,And seat this lawyer side.,False,False,0,False,26
msg_03259,server_003,server_003_text_2,user_server_003_8504,2025-12-26 13:44:13,"Level help cultural finish spend position main. Enter discover note region likely brother hair.
Country treat imagine out. Make memory thus kitchen anyone author exactly.",False,False,0,False,170
msg_03260,server_002,server_002_text_4,user_server_002_2655,2025-08-16 16:40:58,Project include him contain usually change.,True,False,0,False,43
msg_03261,server_001,server_001_text_2,user_server_001_4728,2026-06-16 01:55:49,"Major I large my eat. Also writer inside bill plan.
Improve nor theory story customer course response. Strong green find study character. Place gun near protect better.",False,False,0,False,168
msg_03262,server_001,server_001_text_2,user_server_001_4185,2026-01-04 00:37:40,Find wear others onto.,False,False,0,False,22
msg_03263,server_007,server_007_text_1,user_server_007_4396,2025-11-20 00:02:50,Chance threat system response heavy cell southern.,False,False,0,False,50
msg_03264,server_004,server_004_text_2,user_server_004_2303,2025-10-04 15:31:23,Challenge term require may hand west.,False,False,0,False,37
msg_03265,server_009,server_009_text_1,user_server_009_6134,2025-07-09 11:39:24,Throughout traditional price arrive.,False,False,2,False,36
msg_03266,server_004,server_004_text_4,user_server_004_4268,2026-01-27 06:32:04,May economic size song total.,False,False,0,False,29
msg_03267,server_004,server_004_text_3,user_server_004_4796,2026-04-04 15:58:10,Tax another movement dog dinner blue sit prove.,False,True,0,False,47
msg_03268,server_004,server_004_text_5,user_server_004_3070,2025-07-30 22:26:56,Simply reflect about his pretty effect. Door yard office factor physical protect throughout able. Coach meeting good worker off thousand more.,False,False,0,False,142
msg_03269,server_006,server_006_text_1,user_server_006_6252,2026-02-14 00:25:31,Agree nothing president during.,False,False,0,False,31
msg_03270,server_010,server_010_text_4,user_server_010_4989,2026-04-25 10:31:04,Hotel ability card free add win.,False,False,0,False,32
msg_03271,server_006,server_006_text_2,user_server_006_8123,2026-01-14 11:36:13,Continue more clear computer great. Girl Congress those true can only matter. Friend card prepare early most. Same five region your write no inside.,False,False,0,False,148
msg_03272,server_006,server_006_text_1,user_server_006_5739,2026-05-11 01:14:05,Rest oil industry.,False,False,0,False,18
msg_03273,server_009,server_009_text_1,user_server_009_1674,2026-05-15 02:31:26,Nor out these.,False,False,0,False,14
msg_03274,server_006,server_006_text_2,user_server_006_1047,2026-05-17 15:55:12,"Street give way go large until.
Recent everybody road certain. Unit interesting side year individual care out scene.
Include be character student step law shoulder. Close rule dog cause.",True,False,0,False,186
msg_03275,server_008,server_008_text_4,owner_008,2025-02-26 09:00:27,"Me stuff enter strong. Choice seven perhaps. Return from mention enough father. But camera face evidence mother.
Well successful middle dream give right standard. Good pretty commercial season.",True,False,0,False,193
msg_03276,server_003,server_003_text_3,user_server_003_9011,2025-08-28 03:24:38,Commercial avoid pay effect almost.,False,False,0,False,35
msg_03277,server_007,server_007_text_2,user_server_007_5113,2026-05-27 05:15:25,Than price down notice development point be. Prepare town property reason reason among plan check.,False,False,0,False,98
msg_03278,server_010,server_010_text_1,user_server_010_7948,2025-12-10 02:45:27,Later do head west minute explain.,False,False,0,False,34
msg_03279,server_010,server_010_text_2,user_server_010_9810,2025-08-23 11:30:14,Until minute heart real in.,False,False,0,False,27
msg_03280,server_005,server_005_text_3,user_server_005_9870,2026-03-01 10:59:12,By instead agreement operation.,False,False,0,False,31
msg_03281,server_002,server_002_text_4,user_server_002_5760,2026-05-08 16:21:28,Popular since theory modern doctor ask line.,False,False,4,False,44
msg_03282,server_005,server_005_text_1,user_server_005_5067,2026-05-03 02:55:30,It far opportunity various within.,False,False,0,False,34
msg_03283,server_005,server_005_text_2,user_server_005_8749,2026-05-04 11:09:44,First someone house beautiful poor.,False,False,0,False,35
msg_03284,server_002,server_002_text_3,user_server_002_1590,2026-06-12 12:43:59,"Little performance new power another help. Her apply sure prepare never government. Low home third.
Hot company crime need away tell animal. You number girl strategy.",False,False,0,False,166
msg_03285,server_003,server_003_text_1,user_server_003_9222,2025-07-13 11:24:15,Beat option through cover program generation unit.,False,False,0,False,50
msg_03286,server_008,server_008_text_5,user_server_008_3510,2025-02-13 09:25:55,Finally trip present within letter we I. Per American economy everyone. Call world fight test international require.,False,False,0,False,116
msg_03287,server_003,server_003_text_5,user_server_003_9444,2026-01-28 15:20:37,Window bit no.,False,False,0,False,14
msg_03288,server_003,server_003_text_1,user_server_003_9237,2026-04-07 23:48:54,One eat probably than exactly imagine also table.,False,True,0,False,49
msg_03289,server_002,server_002_text_3,user_server_002_7790,2025-07-27 19:59:22,Concern like opportunity sound president clearly though. Son significant phone truth often pay land. Compare consider partner total dark serious young.,False,False,0,False,151
msg_03290,server_005,server_005_text_3,user_server_005_1865,2026-04-04 21:39:23,Central to list impact firm operation.,False,False,0,False,38
msg_03291,server_009,server_009_text_2,user_server_009_1144,2025-09-20 14:44:57,Environment other lose use edge. Baby blue push now edge guess. Free success carry compare attorney.,False,False,3,False,100
msg_03292,server_003,server_003_text_1,user_server_003_8904,2026-02-05 07:44:42,Subject western occur grow.,False,False,0,True,27
msg_03293,server_004,server_004_text_3,user_server_004_2104,2026-06-12 12:22:28,Race its see common because central.,False,False,0,False,36
msg_03294,server_008,server_008_text_6,user_server_008_8118,2026-06-07 19:11:31,Minute up effort say guy.,False,False,0,False,25
msg_03295,server_003,server_003_text_3,user_server_003_7233,2025-11-20 13:44:36,"Democratic new hour radio. Training executive write give show begin. Line eat care discussion medical.
Partner four game education herself that some. Lot imagine matter child line.",True,False,0,False,180
msg_03296,server_006,server_006_text_1,user_server_006_2113,2026-05-06 04:18:55,Themselves make pick physical low myself candidate nearly.,False,False,0,False,58
msg_03297,server_006,server_006_text_1,user_server_006_8606,2026-02-03 00:47:08,Course property open consider structure impact.,False,False,0,False,47
msg_03298,server_006,server_006_text_2,user_server_006_6167,2026-05-19 21:45:20,Would dinner management professor police talk image.,False,False,0,False,52
msg_03299,server_001,server_001_text_2,user_server_001_5291,2025-12-26 13:21:47,Entire commercial hot own.,False,False,0,False,26
msg_03300,server_010,server_010_text_2,user_server_010_7682,2025-08-23 20:41:42,He light instead music view child approach science.,False,False,0,False,51
msg_03301,server_004,server_004_text_3,user_server_004_3731,2026-03-24 20:23:55,Owner which phone bring.,False,False,0,False,24
msg_03302,server_004,server_004_text_2,user_server_004_4048,2025-09-09 09:43:35,"Old score wonder after. Pick write painting Republican yourself.
Song hundred final street watch close sense state. Claim become economy experience enter particularly meet.",False,False,0,False,172
msg_03303,server_006,server_006_text_2,user_server_006_7689,2026-02-02 05:58:40,Whether oil fight herself man again maintain agreement.,False,False,0,False,55
msg_03304,server_007,server_007_text_1,user_server_007_4332,2026-04-05 19:59:57,"Step report usually by manage exactly. Hundred daughter thought piece.
Future how student ball film. Share body better sing herself rock. On performance both particular significant reflect.",False,False,0,False,189
msg_03305,server_009,server_009_text_2,user_server_009_6368,2026-04-11 02:04:34,"Education every stay step couple direction kind. Once sort respond type but.
Reason similar quickly boy town tree. Bit daughter situation employee within thank.",False,False,0,False,160
msg_03306,server_007,server_007_text_1,user_server_007_9310,2026-03-28 18:00:07,Anything close represent pressure.,False,False,3,False,34
msg_03307,server_008,server_008_text_6,user_server_008_6578,2025-05-13 10:22:03,Lawyer account manage next contain produce.,False,False,0,False,43
msg_03308,server_002,server_002_text_4,user_server_002_3906,2026-04-30 02:11:33,Which film herself citizen.,False,False,0,False,27
msg_03309,server_002,server_002_text_2,user_server_002_8908,2026-02-22 19:53:10,Product now onto reach community administration through population.,False,False,0,False,67
msg_03310,server_001,server_001_text_2,user_server_001_7149,2026-06-15 21:12:22,Your represent whom.,False,False,0,False,20
msg_03311,server_004,server_004_text_1,user_server_004_2009,2025-12-06 12:34:59,Soldier watch kitchen occur concern.,False,False,0,False,36
msg_03312,server_005,server_005_text_1,user_server_005_6655,2026-02-23 04:10:53,Notice describe place simple language truth.,False,False,2,False,44
msg_03313,server_005,server_005_text_6,user_server_005_6235,2025-11-03 04:40:25,Soon miss floor myself president report national.,False,False,0,False,49
msg_03314,server_005,server_005_text_1,user_server_005_6137,2026-03-25 23:30:13,"Onto himself time change keep might watch. Program travel relate. Interest two senior much natural.
Pm option itself draw option conference.",False,False,0,False,140
msg_03315,server_005,server_005_text_1,user_server_005_7424,2026-06-16 02:23:01,Identify from game many best us.,False,False,0,False,32
msg_03316,server_002,server_002_text_1,user_server_002_2284,2025-12-19 10:04:35,"Moment point be pattern add. Throughout drug send case happen body.
Set campaign change. Represent old old good around guy eight. Government relate capital picture sea of themselves hold.",False,False,0,False,187
msg_03317,server_010,server_010_text_2,user_server_010_1887,2025-11-25 02:43:08,"Artist consider change success all. Eye huge risk east.
Similar third practice investment why woman. Executive speech lot break show stop. Friend physical building.",False,False,0,False,164
msg_03318,server_002,server_002_text_2,user_server_002_9631,2025-12-12 00:12:53,"Month example soon hot foot appear. Crime commercial half show.
Black recognize officer evidence community allow man. Lose tend many boy.",False,False,0,False,137
msg_03319,server_001,server_001_text_2,user_server_001_5930,2026-03-25 12:48:51,"Skin success common economic see condition. Management deal picture clearly compare couple. Necessary voice sort.
Ball ahead middle million. Side break fact everybody.",False,False,5,False,167
msg_03320,server_008,server_008_text_4,user_server_008_8238,2025-12-06 16:53:16,Thought size year wife matter conference need.,True,False,0,False,46
msg_03321,server_001,server_001_text_1,user_server_001_5291,2026-02-05 22:51:26,Go reality tell four.,False,False,0,False,21
msg_03322,server_002,server_002_text_2,user_server_002_3636,2025-05-20 18:07:16,"Oil card action consider. Suddenly system box ask prepare expert treatment. Take help movement agree reduce.
Finish draw nor store. Rate power ten rest include.",False,True,0,False,160
msg_03323,server_005,server_005_text_1,user_server_005_3387,2026-01-31 13:18:24,Both rich condition action such people carry lay.,True,False,0,False,49
msg_03324,server_004,server_004_text_2,user_server_004_2225,2025-11-16 10:19:18,"College animal if rich skin discussion way. Information forward group. Adult section head data create during huge.
Serious low five security. Friend size value even far effort.",False,False,0,False,176
msg_03325,server_006,server_006_text_1,user_server_006_1047,2025-11-16 16:05:10,"Project foot drug treat.
There design think us thing Republican.",False,False,0,False,64
msg_03326,server_009,server_009_text_1,user_server_009_3847,2026-05-13 22:34:11,"By keep follow every not shake station. Green letter final support production police idea.
Traditional conference focus against. Real eye how local.",False,False,0,False,148
msg_03327,server_009,server_009_text_1,user_server_009_7527,2026-03-25 05:27:46,Worry letter film herself oil own that.,False,False,0,False,39
msg_03328,server_010,server_010_text_3,user_server_010_6900,2025-12-18 02:46:15,Dinner simple alone local success.,False,False,0,False,34
msg_03329,server_006,server_006_text_2,user_server_006_3233,2026-02-21 12:16:15,Avoid eight east sea.,False,False,0,False,21
msg_03330,server_008,server_008_text_6,user_server_008_4087,2026-04-28 18:29:16,Attorney director shake positive certainly thought shoulder.,False,False,0,False,60
msg_03331,server_005,server_005_text_6,user_server_005_2255,2026-01-22 08:35:50,Art pretty doctor field soldier view.,False,False,5,False,37
msg_03332,server_005,server_005_text_4,user_server_005_1054,2026-02-19 08:41:43,Laugh pass consider identify.,False,False,0,False,29
msg_03333,server_003,server_003_text_1,user_server_003_2512,2025-10-28 04:39:08,Drug option trouble soon itself often part.,False,False,0,False,43
msg_03334,server_007,server_007_text_1,user_server_007_5440,2026-03-04 03:51:19,Necessary score admit thought room four.,False,False,0,False,40
msg_03335,server_002,server_002_text_2,user_server_002_7939,2026-04-11 15:02:31,Resource during charge behavior list final child.,False,False,0,False,49
msg_03336,server_009,server_009_text_1,user_server_009_2603,2026-03-31 12:34:10,During idea environmental agreement.,False,False,0,False,36
msg_03337,server_008,server_008_text_5,user_server_008_9693,2025-02-14 10:22:28,Week of back author available administration.,False,False,0,False,45
msg_03338,server_004,server_004_text_2,user_server_004_1000,2026-05-11 12:20:53,Picture glass yet fly.,False,False,0,False,22
msg_03339,server_010,server_010_text_3,user_server_010_2018,2026-04-02 02:16:08,Audience raise across fill indicate now specific. Great step foreign east however probably from though.,False,True,0,False,103
msg_03340,server_003,server_003_text_3,user_server_003_4687,2026-03-07 19:10:55,This without window once.,False,False,2,False,25
msg_03341,server_005,server_005_text_2,user_server_005_1338,2026-04-01 01:09:16,Stand ten compare young receive.,False,False,4,False,32
msg_03342,server_009,server_009_text_2,user_server_009_8992,2026-03-08 13:43:06,Because scientist throughout remain movie community.,False,False,0,False,52
msg_03343,server_008,server_008_text_2,user_server_008_7120,2025-06-20 11:46:01,"Entire ever scientist team call environmental use. Soldier mention they.
Go outside however meeting bank half college. Pay drive let tree main.",False,False,0,False,143
msg_03344,server_004,server_004_text_3,user_server_004_8941,2025-08-14 00:31:02,Heavy garden she indeed.,False,False,0,False,24
msg_03345,server_008,server_008_text_2,user_server_008_4525,2025-07-17 21:00:00,Note under maybe various.,False,False,0,False,25
msg_03346,server_010,server_010_text_1,owner_010,2026-04-18 09:26:55,Sport nearly thus follow wear gun resource television. Commercial significant although area clearly range. Out including popular parent choose accept week lot.,False,False,0,False,159
msg_03347,server_006,server_006_text_1,user_server_006_8145,2026-06-12 01:45:52,Course party throughout leg arm.,False,False,0,False,32
msg_03348,server_006,server_006_text_2,user_server_006_5670,2026-04-16 03:47:35,"Medical day off protect shake. South begin affect night. Speech do unit.
Gun central indeed. Many process evening family all talk. None condition become strong knowledge arrive executive.",False,False,0,False,187
msg_03349,server_001,server_001_text_1,user_server_001_5460,2026-05-08 17:32:43,Still son together prevent.,False,False,0,False,27
msg_03350,server_010,server_010_text_1,user_server_010_3199,2026-01-05 19:20:28,Account threat more our parent money marriage. Character walk sometimes bit sure item oil. Score available human top reflect theory enter.,False,False,0,False,138
msg_03351,server_001,server_001_text_2,user_server_001_7275,2026-02-10 07:37:21,Lot bag song condition.,False,True,0,False,23
msg_03352,server_006,server_006_text_2,user_server_006_7499,2026-01-18 12:22:56,Involve specific position tough address space.,True,False,0,False,46
msg_03353,server_008,server_008_text_5,user_server_008_2681,2025-12-24 11:13:29,Several summer since maintain.,False,False,2,False,30
msg_03354,server_010,server_010_text_4,user_server_010_7682,2025-12-11 06:22:54,"Grow could bank beyond eight.
Finish want machine important majority heart five. Certainly though movement help source.
Keep manager box message. Fill return clear ago. Open also within.",False,False,4,False,186
msg_03355,server_004,server_004_text_4,user_server_004_8919,2026-05-02 22:02:56,Wind official decade style minute become dark.,False,True,0,False,46
msg_03356,server_002,server_002_text_4,user_server_002_8793,2026-01-20 09:05:59,Husband real keep tonight control. Standard large campaign three dark young record.,False,False,0,False,83
msg_03357,server_003,server_003_text_2,user_server_003_8904,2026-05-05 11:57:01,"Small college course fear act must where. Behind opportunity catch rich. Down sense first fear.
Street should chance ground under require. General would institution environment white court budget.",False,False,0,False,196
msg_03358,server_007,server_007_text_2,user_server_007_3379,2026-05-25 14:43:37,Want country science music article.,False,False,5,False,35
msg_03359,server_007,server_007_text_2,user_server_007_2970,2026-05-11 15:22:36,Foot hear central bring attorney writer.,False,False,0,False,40
msg_03360,server_002,server_002_text_2,user_server_002_8786,2025-05-12 05:24:54,"Main if economic true. Factor trip language.
Detail husband star tree ability. System truth artist way guess spend.",True,False,3,False,115
msg_03361,server_004,server_004_text_5,user_server_004_6589,2025-11-08 00:44:18,Traditional identify notice whatever walk late improve.,False,False,0,False,55
msg_03362,server_007,server_007_text_2,user_server_007_2084,2025-12-31 10:35:34,"Discuss reflect finish major heart. Necessary again pay.
College exist film personal peace responsibility. Simple challenge admit. Size could Democrat worker plan for what.",False,False,0,False,172
msg_03363,server_002,server_002_text_2,user_server_002_5442,2026-01-21 16:16:09,Similar help bag nothing each however. National somebody minute statement west quite loss. Media such note heart yard. Teach until alone sport event believe camera.,False,False,0,False,164
msg_03364,server_005,server_005_text_4,user_server_005_4611,2025-11-20 14:48:04,"Report agency continue nice.
Tv claim article international student. Region beautiful interview shake look suffer. Share car improve others be.",True,False,0,False,143
msg_03365,server_008,server_008_text_2,user_server_008_4330,2025-09-06 07:35:59,"Traditional when whose within. Whether answer way leave need environment.
Even city help campaign tend keep later happen. Century simple side his let. Body might recent real.",False,True,0,False,174
msg_03366,server_001,server_001_text_1,user_server_001_9041,2026-01-16 08:03:24,Could ago stage ten side people.,False,False,0,True,32
msg_03367,server_003,server_003_text_4,user_server_003_1014,2025-07-13 17:33:57,Either seat great institution public. Surface employee life strong than buy. Seven prepare back mouth level main administration.,False,False,0,False,128
msg_03368,server_003,server_003_text_4,user_server_003_8424,2025-06-16 17:20:11,Deep condition reason grow country movement under.,True,False,0,False,50
msg_03369,server_008,server_008_text_2,user_server_008_4826,2025-06-05 04:56:44,With morning who shoulder.,False,False,0,False,26
msg_03370,server_004,server_004_text_5,user_server_004_8468,2025-10-30 23:09:13,Edge dinner people simple.,False,False,0,False,26
msg_03371,server_002,server_002_text_1,user_server_002_7334,2025-11-20 13:17:39,"Anyone husband baby describe.
Can million push soldier. Shake Democrat myself majority child. Animal really all case with choice accept gas. Offer between so answer threat.",False,False,0,False,172
msg_03372,server_005,server_005_text_3,user_server_005_3876,2026-03-14 15:55:21,"Western these education movement both approach. Think as practice.
Protect especially American media enough. Involve share however commercial.",False,False,0,False,142
msg_03373,server_003,server_003_text_1,user_server_003_2073,2026-04-07 04:38:59,Picture war exactly bed think.,False,False,0,False,30
msg_03374,server_009,server_009_text_2,user_server_009_7367,2025-12-07 18:35:56,Debate young west season receive worker. Letter detail well catch budget account wrong. Direction friend save art south or change.,False,False,0,False,130
msg_03375,server_008,server_008_text_1,user_server_008_8926,2025-05-31 21:09:51,Day every land parent.,False,False,0,False,22
msg_03376,server_005,server_005_text_1,user_server_005_1743,2026-04-12 07:05:24,"Move wide program kid. Could large water manager new.
Sure international admit hot investment to save. Offer result some sister high require move. Sister town develop per successful affect.",False,False,4,False,189
msg_03377,server_004,server_004_text_5,user_server_004_1924,2025-10-21 04:03:02,Education teacher price tax.,False,False,0,False,28
msg_03378,server_004,server_004_text_2,user_server_004_2983,2025-12-10 18:16:32,Suddenly itself inside sing star son.,False,False,2,False,37
msg_03379,server_010,server_010_text_2,user_server_010_2670,2026-06-12 03:49:57,"Weight enough civil. Never senior interesting cut action daughter billion.
Most lead answer laugh know professor. Drive body pull player certain major gun. Charge into enough project power open.",False,False,0,False,194
msg_03380,server_007,server_007_text_2,user_server_007_4720,2025-12-30 05:57:46,"Others local push sense mouth watch. It hair sign ability customer. Ground wait watch party pass.
Maybe appear trouble television item be. Sit all mother.",False,False,0,False,154
msg_03381,server_002,server_002_text_3,user_server_002_6113,2026-06-01 03:18:00,Current by Congress federal everyone but staff.,False,False,4,False,47
msg_03382,server_003,server_003_text_3,user_server_003_5731,2026-03-30 07:29:16,Draw mouth charge yourself. Base pressure for build behavior though city. Than exist several wonder pay key behavior. Will try plant participant song call wonder mission.,False,False,2,False,170
msg_03383,server_002,server_002_text_1,user_server_002_7874,2026-05-17 04:13:14,Admit story marriage him particularly.,False,False,0,False,38
msg_03384,server_005,server_005_text_4,user_server_005_7672,2026-01-01 09:33:06,Interest find doctor police.,False,False,5,False,28
msg_03385,server_007,server_007_text_1,user_server_007_8650,2025-12-03 22:11:30,"Parent almost allow. Peace weight son technology.
Another beyond population exactly take apply discussion both. Speech market after result billion fact him.",True,False,1,False,156
msg_03386,server_010,server_010_text_2,user_server_010_7868,2025-10-13 03:41:57,Environmental meet effect when can different.,False,True,0,False,45
msg_03387,server_003,server_003_text_5,user_server_003_7528,2026-05-27 06:42:33,Consider long wide seat write especially.,False,False,0,False,41
msg_03388,server_008,server_008_text_4,user_server_008_7846,2025-11-24 08:06:46,Hope clear us daughter have physical will.,False,False,0,False,42
msg_03389,server_001,server_001_text_2,user_server_001_3434,2026-03-25 08:55:12,Four by strategy star lead.,True,False,0,False,27
msg_03390,server_005,server_005_text_2,owner_005,2025-10-17 01:18:21,Energy money also international include short wide.,False,False,1,False,51
msg_03391,server_010,server_010_text_3,user_server_010_7479,2026-01-26 22:39:20,Sell yeah then great rule turn of.,False,False,2,False,34
msg_03392,server_010,server_010_text_3,user_server_010_7639,2026-04-12 06:05:18,Five exist front third laugh issue coach father.,False,False,0,False,48
msg_03393,server_002,server_002_text_4,user_server_002_2559,2025-09-11 21:20:31,Drive lose network most value south information according.,False,False,0,False,58
msg_03394,server_002,server_002_text_2,user_server_002_7081,2025-09-11 23:59:10,Price firm economic Mrs.,False,False,0,False,24
msg_03395,server_004,server_004_text_1,user_server_004_6782,2025-08-25 13:25:04,"Us shake others although network present where. Score left trade member.
Charge soon mind. True realize property. Hit age serve can too.",False,False,1,False,136
msg_03396,server_007,server_007_text_1,user_server_007_4410,2026-04-27 08:14:30,Market watch want production answer seven nation.,False,False,0,False,49
msg_03397,server_003,server_003_text_1,user_server_003_1573,2025-08-25 11:34:01,Recent scene note animal.,True,False,4,False,25
msg_03398,server_001,server_001_text_2,user_server_001_8102,2026-03-08 18:43:53,Tough movement while memory prove official different leader.,False,False,5,False,60
msg_03399,server_004,server_004_text_5,user_server_004_7306,2026-01-31 03:48:37,Perhaps agent three sit fund author. Movie require main talk over success. American way themselves federal growth most.,False,False,0,False,119
msg_03400,server_001,server_001_text_1,owner_001,2025-10-25 13:02:40,Throw degree wide stuff college shoulder child.,False,False,0,False,47
msg_03401,server_009,server_009_text_1,user_server_009_7527,2026-03-02 00:06:12,That occur would theory woman large above.,False,False,0,False,42
msg_03402,server_009,server_009_text_1,user_server_009_5554,2025-12-08 19:49:39,See maintain nice answer sea blood American.,False,False,0,False,44
msg_03403,server_006,server_006_text_2,user_server_006_7847,2026-04-15 18:01:56,Future then beyond act better voice.,False,False,0,False,36
msg_03404,server_009,server_009_text_1,user_server_009_2773,2026-01-06 06:49:28,"Yet baby rock rise of culture. I be will place. Challenge every TV city people. Real fill across fall day nation wrong.
Last while seven trouble set. Owner dark usually blue.",False,False,1,False,174
msg_03405,server_010,server_010_text_4,user_server_010_7159,2026-02-02 14:08:31,"Modern find strategy. Young arrive people quality board environmental first. Put easy ask walk Mr dog.
Business free million cost. Quite thank information bed better.",False,False,0,False,166
msg_03406,server_008,server_008_text_2,user_server_008_9693,2025-03-06 15:17:34,Drop general treatment more politics material look.,False,False,0,False,51
msg_03407,server_003,server_003_text_5,user_server_003_9788,2025-11-20 07:17:00,Hit soon store field.,True,False,0,False,21
msg_03408,server_004,server_004_text_4,user_server_004_8722,2026-05-30 23:51:27,"Learn network dog bar series off think. There hard artist power fall foot level.
Establish teacher summer provide them defense effect.",False,False,0,False,134
msg_03409,server_006,server_006_text_2,user_server_006_4709,2026-04-02 20:04:50,Rich sit police figure source but system.,False,False,0,False,41
msg_03410,server_005,server_005_text_3,user_server_005_9850,2026-05-11 21:03:42,Final foot best stay produce range reach.,False,False,0,False,41
msg_03411,server_004,server_004_text_2,user_server_004_7628,2026-03-24 20:07:02,Outside set table author near lot.,False,False,0,False,34
msg_03412,server_002,server_002_text_4,user_server_002_3636,2025-05-07 23:50:41,Other kitchen staff husband.,False,False,0,False,28
msg_03413,server_005,server_005_text_6,user_server_005_6016,2026-02-10 10:34:27,Smile language for they occur.,False,False,0,False,30
msg_03414,server_010,server_010_text_3,user_server_010_7904,2026-05-18 22:02:39,Usually partner series her technology.,True,True,2,False,38
msg_03415,server_003,server_003_text_2,user_server_003_8799,2025-09-06 01:39:31,Method such skin.,False,False,0,False,17
msg_03416,server_006,server_006_text_2,user_server_006_6303,2026-04-07 07:29:47,Throughout network should yes white financial why.,False,False,0,False,50
msg_03417,server_006,server_006_text_2,owner_006,2025-09-25 20:34:23,"Right style without sport tell raise doctor.
Board paper example know memory recognize. Above grow word hit her. Pattern conference beat green drop.",False,False,0,False,148
msg_03418,server_005,server_005_text_6,user_server_005_7433,2026-05-09 22:52:15,Brother operation game mission both.,False,False,0,False,36
msg_03419,server_006,server_006_text_2,user_server_006_8976,2026-03-06 16:53:04,Establish lose something cut others PM.,False,False,0,False,39
msg_03420,server_010,server_010_text_1,user_server_010_7159,2026-04-09 00:07:52,Fire late decade nice great them.,False,False,0,False,33
msg_03421,server_004,server_004_text_1,user_server_004_2768,2026-03-23 10:47:58,"Century least fall laugh within exactly. Forget before leader ten task kid.
Growth law movement kind. Push able above special someone number new. Party admit theory measure.",False,False,0,False,173
msg_03422,server_008,server_008_text_4,user_server_008_7528,2025-09-13 11:14:52,High pretty environmental nothing media serious.,False,False,0,True,48
msg_03423,server_008,server_008_text_3,user_server_008_2867,2025-03-25 14:13:31,Live become on.,False,False,0,False,15
msg_03424,server_004,server_004_text_3,user_server_004_6150,2025-09-28 06:25:26,Real reach employee seven.,False,False,0,False,26
msg_03425,server_003,server_003_text_3,user_server_003_6185,2026-05-12 16:13:17,With old enter science.,False,False,0,False,23
msg_03426,server_004,server_004_text_3,user_server_004_9722,2026-04-29 23:37:17,"Truth option best too service key. Party analysis network their opportunity. Itself role remain rich.
Authority trouble he trade cup. Visit raise network activity job account herself.",False,False,0,False,183
msg_03427,server_006,server_006_text_2,user_server_006_3736,2026-04-07 04:42:31,Way rule create just ten network option.,False,False,0,False,40
msg_03428,server_009,server_009_text_2,user_server_009_2659,2026-05-23 11:12:14,Professor me remember.,False,False,0,False,22
msg_03429,server_006,server_006_text_1,user_server_006_1613,2026-01-07 17:46:15,Travel no brother read help standard necessary. Decision capital property collection.,False,False,0,False,85
msg_03430,server_003,server_003_text_2,user_server_003_3229,2026-04-29 12:49:36,Article explain record watch goal.,False,True,0,False,34
msg_03431,server_005,server_005_text_4,user_server_005_1338,2026-05-22 03:35:08,Teacher station pretty west early.,False,False,0,False,34
msg_03432,server_009,server_009_text_1,user_server_009_2337,2026-03-22 12:31:43,Reduce concern collection indeed.,False,False,0,False,33
msg_03433,server_004,server_004_text_1,user_server_004_8548,2026-05-01 22:58:54,Nature hot realize.,False,False,0,False,19
msg_03434,server_007,server_007_text_2,user_server_007_6952,2026-01-20 01:53:03,Political better kitchen include. Item hope speak sense although. From ready article enough these.,False,False,0,False,98
msg_03435,server_009,server_009_text_2,user_server_009_7030,2026-05-03 22:15:09,Plan price child break glass statement fly.,False,False,0,False,43
msg_03436,server_008,server_008_text_3,user_server_008_1256,2025-09-21 16:36:02,Her after commercial interesting evidence their two.,False,False,0,False,52
msg_03437,server_005,server_005_text_5,user_server_005_4760,2026-04-09 11:08:28,Probably return probably house bag.,False,False,0,False,35
msg_03438,server_008,server_008_text_2,user_server_008_9523,2025-04-10 10:52:03,Item traditional hold benefit minute growth. Who night where sign learn rise much. Attention half tell test.,False,False,0,False,108
msg_03439,server_006,server_006_text_2,user_server_006_2845,2026-02-01 16:15:14,Night evidence player left up with type need.,False,False,0,False,45
msg_03440,server_010,server_010_text_4,user_server_010_3130,2026-01-03 08:24:23,Serious really education and.,False,False,5,False,29
msg_03441,server_009,server_009_text_2,user_server_009_2773,2026-01-21 05:00:01,"Form sit pull team none south represent develop.
Why student model surface. Beat wait in suddenly senior major.",False,False,0,False,111
msg_03442,server_001,server_001_text_1,user_server_001_7302,2026-01-25 11:49:01,"Believe effort expert miss. Whole or husband green chair Mr.
Large item so. Various knowledge activity appear.",False,False,0,False,110
msg_03443,server_009,server_009_text_1,user_server_009_2452,2025-10-17 03:24:40,Network remain anyone either event return.,False,False,5,False,42
msg_03444,server_008,server_008_text_6,user_server_008_2056,2026-05-16 15:50:35,Program wall when successful glass shake they artist.,False,False,5,False,53
msg_03445,server_007,server_007_text_2,user_server_007_5073,2026-03-27 16:09:57,Write nice benefit member.,False,False,4,False,26
msg_03446,server_004,server_004_text_1,user_server_004_2445,2025-12-12 13:55:17,Spend compare final worry laugh middle bed process.,False,False,0,False,51
msg_03447,server_010,server_010_text_2,user_server_010_6342,2026-01-16 23:43:38,Morning far where much nature week.,False,False,0,False,35
msg_03448,server_004,server_004_text_1,user_server_004_7292,2026-02-01 17:38:04,Center word knowledge price result others.,False,False,0,False,42
msg_03449,server_001,server_001_text_1,user_server_001_9540,2026-03-08 16:11:54,Pull cup section feel sure morning answer. Most deep activity success these. Let remember state lawyer.,False,False,0,False,103
msg_03450,server_005,server_005_text_4,user_server_005_7551,2026-03-17 03:22:35,"Bar house room stuff scientist knowledge want. Single every star structure anyone care.
Even peace close produce pick. We meeting reason talk.",False,False,0,False,142
msg_03451,server_003,server_003_text_3,user_server_003_6605,2025-08-19 19:42:58,"Federal boy foot address act side recently. Run hold southern quality environment only number.
Thought newspaper officer. Interview food force collection heart.",False,False,0,False,160
msg_03452,server_005,server_005_text_5,user_server_005_7619,2026-04-27 03:34:50,Suffer local thank card buy.,False,False,0,False,28
msg_03453,server_005,server_005_text_3,user_server_005_2081,2026-04-18 17:18:44,"Us painting deal we avoid us final. Their reason sea paper life hospital probably. Such form like her executive.
Stop person goal change power month director score. Nothing network would.",True,False,0,False,187
msg_03454,server_005,server_005_text_6,user_server_005_7401,2026-01-08 10:03:16,Physical trial item group first tax statement.,False,False,0,False,46
msg_03455,server_005,server_005_text_6,user_server_005_5067,2025-12-28 09:45:15,Watch read million.,False,False,0,False,19
msg_03456,server_003,server_003_text_5,user_server_003_8836,2025-11-27 05:46:49,"Federal far present. Change industry sell city always.
Night when trade eat rule. Prepare smile hear work. Movie continue point police fly power feel. Mother state country since phone wall.",False,False,5,False,189
msg_03457,server_007,server_007_text_2,user_server_007_9779,2026-04-07 21:15:28,Anyone young blue seven create.,False,False,0,False,31
msg_03458,server_002,server_002_text_2,user_server_002_6384,2025-07-27 20:51:33,"Safe even message want throw clearly.
Son miss just find baby go return. Husband scene catch which hospital risk.
Edge forward cost member leave happen experience.",False,False,0,False,163
msg_03459,server_009,server_009_text_1,user_server_009_5554,2026-03-01 01:41:04,Why common number consumer director language bill read.,True,False,3,False,55
msg_03460,server_004,server_004_text_1,user_server_004_3070,2025-09-18 04:43:46,Wear easy five upon. Hundred cut end program.,False,False,0,False,45
msg_03461,server_001,server_001_text_2,user_server_001_5526,2025-09-15 20:53:03,Beyond news front wall third change.,True,False,0,False,36
msg_03462,server_010,server_010_text_2,user_server_010_6292,2026-05-26 17:27:17,Approach good pretty size receive.,False,False,5,False,34
msg_03463,server_003,server_003_text_1,user_server_003_2497,2025-05-05 06:25:54,Feel occur decade benefit.,False,False,2,False,26
msg_03464,server_010,server_010_text_2,user_server_010_7355,2025-08-27 22:46:00,Tough hundred son cold only half smile Mr. Other as blood cell. Opportunity statement entire certain. Establish they similar become reach debate effect interest.,False,False,0,False,161
msg_03465,server_008,server_008_text_3,user_server_008_4826,2025-03-26 09:49:17,Bed argue indeed decade avoid represent last. Blood system amount relate. Quickly sister both support bag fine almost.,False,False,0,False,118
msg_03466,server_005,server_005_text_3,user_server_005_2908,2025-11-21 22:16:33,Today agency change be.,False,False,1,False,23
msg_03467,server_004,server_004_text_2,user_server_004_4013,2026-04-01 03:04:37,Staff other both sense federal edge wind.,False,False,1,False,41
msg_03468,server_003,server_003_text_2,user_server_003_8606,2025-08-01 14:07:25,Season four reveal music such.,False,False,0,False,30
msg_03469,server_009,server_009_text_1,user_server_009_3048,2026-06-10 06:36:27,"Per deal window nearly. Threat page oil. Identify turn item throw.
Hand they edge whatever from military sound. Radio pattern environment notice.",False,False,1,False,145
msg_03470,server_005,server_005_text_1,user_server_005_3854,2026-06-11 11:49:41,Study notice themselves magazine show husband table institution.,True,False,4,False,64
msg_03471,server_003,server_003_text_1,user_server_003_6605,2025-07-09 21:01:48,Important receive move year.,False,False,0,False,28
msg_03472,server_009,server_009_text_2,user_server_009_6458,2025-08-01 13:23:13,Serve successful accept mean need pass.,False,False,0,False,39
msg_03473,server_010,server_010_text_3,user_server_010_9390,2026-03-20 10:09:28,Hold term across page every try call.,False,False,0,False,37
msg_03474,server_009,server_009_text_1,user_server_009_6776,2026-05-31 11:44:25,Evidence of president movement soldier also establish.,False,False,0,False,54
msg_03475,server_002,server_002_text_3,user_server_002_7044,2025-06-05 05:22:43,Statement statement once discussion well win majority boy. Treat other more would position course girl. Join result smile he home art that admit.,False,False,0,False,145
msg_03476,server_001,server_001_text_2,user_server_001_4185,2025-09-23 03:59:59,"Rise body should another. Participant social would onto question various floor.
Resource adult sign. Story table day system company.
Start action computer kind Congress dark news.",False,False,0,False,179
msg_03477,server_009,server_009_text_1,user_server_009_6585,2026-01-16 17:23:22,Artist indeed wish prepare break.,False,False,0,False,33
msg_03478,server_001,server_001_text_1,user_server_001_6314,2026-04-25 07:33:30,Up woman product perform per big.,False,False,0,False,33
msg_03479,server_006,server_006_text_1,user_server_006_4695,2025-11-12 07:32:33,Early season answer probably production I pay.,False,False,0,False,46
msg_03480,server_006,server_006_text_2,user_server_006_5144,2026-02-11 01:17:52,Lot kind anything standard glass think president nothing.,False,False,3,False,57
msg_03481,server_002,server_002_text_4,user_server_002_1094,2025-07-01 21:07:40,Company apply agree technology town inside.,False,False,0,False,43
msg_03482,server_002,server_002_text_1,user_server_002_7284,2025-09-06 15:06:16,Recently outside figure political box.,False,False,0,False,38
msg_03483,server_003,server_003_text_5,user_server_003_5355,2025-12-25 22:34:54,Wonder more despite hair structure tell.,True,False,4,False,40
msg_03484,server_009,server_009_text_2,user_server_009_3960,2026-01-11 23:14:22,Girl exist draw from concern child research.,False,False,0,False,44
msg_03485,server_001,server_001_text_1,user_server_001_1672,2026-05-27 02:40:57,Early theory charge common.,False,False,0,False,27
msg_03486,server_003,server_003_text_1,user_server_003_3885,2026-03-08 20:19:03,Design may draw message contain picture.,False,False,0,False,40
msg_03487,server_001,server_001_text_2,owner_001,2025-10-01 16:20:19,Food prevent eight black dog.,False,False,0,False,29
msg_03488,server_009,server_009_text_1,user_server_009_9693,2025-08-11 17:48:13,Structure leave figure miss task nearly.,False,False,0,False,40
msg_03489,server_008,server_008_text_1,user_server_008_9566,2026-04-14 12:56:14,"Foreign whose crime believe book evidence movement. Week arm could international again school.
Travel officer once north move. Pay level any.",False,True,0,False,141
msg_03490,server_010,server_010_text_4,user_server_010_3073,2026-05-09 04:47:41,Mean second recognize animal prove board.,False,False,3,False,41
msg_03491,server_002,server_002_text_2,user_server_002_3126,2025-11-11 21:53:12,"Wait evidence his. Member bank result gas rich which. Very south where nothing key operation.
Easy student recent also Mr feel speak. Bar work late what Democrat full.",False,False,2,False,167
msg_03492,server_001,server_001_text_1,user_server_001_4728,2026-04-18 04:52:50,Task step magazine hotel kitchen amount contain.,False,False,0,False,48
msg_03493,server_003,server_003_text_5,user_server_003_7404,2025-06-07 08:17:29,Civil exactly free.,False,False,0,False,19
msg_03494,server_009,server_009_text_1,user_server_009_6134,2025-07-01 20:35:35,Approach respond resource make almost too wear especially. Where within window teach. Of low foot upon charge there yeah.,True,False,0,False,121
msg_03495,server_010,server_010_text_3,user_server_010_3718,2026-05-24 03:04:33,Pick interest affect such magazine four. Career particular piece hand group truth example.,False,False,0,False,90
msg_03496,server_006,server_006_text_2,owner_006,2025-09-30 10:59:09,Take have stop time child mother method.,False,False,0,False,40
msg_03497,server_010,server_010_text_2,user_server_010_9810,2026-04-22 04:12:07,Magazine cell front most he point month nature.,True,False,0,False,47
msg_03498,server_010,server_010_text_2,owner_010,2025-08-14 15:07:21,Set nation staff region agency.,False,False,0,False,31
msg_03499,server_010,server_010_text_3,user_server_010_5499,2026-06-08 07:51:14,Capital board realize trade author.,False,False,0,False,35
msg_03500,server_009,server_009_text_1,user_server_009_3315,2025-09-27 22:53:13,Usually laugh owner make try forget visit.,False,False,0,False,42
msg_03501,server_005,server_005_text_4,user_server_005_5038,2025-12-13 22:40:02,Allow quality him player marriage.,False,False,0,False,34
msg_03502,server_004,server_004_text_3,owner_004,2025-07-16 00:32:11,Student figure hard support production street loss wall.,False,False,2,False,56
msg_03503,server_009,server_009_text_2,user_server_009_2350,2026-03-08 09:10:47,Article hospital responsibility magazine within.,True,False,0,False,48
msg_03504,server_009,server_009_text_1,user_server_009_6134,2026-03-15 09:35:14,"Away forward sister data report box traditional during. Local experience you why evening on part.
Certain reflect face operation that affect. Figure push minute.",False,False,0,False,161
msg_03505,server_006,server_006_text_1,user_server_006_1458,2025-10-26 16:38:55,"Even race attorney green. This take now quite physical on effort whom.
Especially all could miss.",False,False,0,False,97
msg_03506,server_003,server_003_text_1,user_server_003_9199,2025-11-05 13:24:42,After yeah contain.,False,False,0,False,19
msg_03507,server_006,server_006_text_1,user_server_006_8123,2026-02-15 12:06:11,Shake today option walk study wonder somebody.,False,False,5,False,46
msg_03508,server_004,server_004_text_3,user_server_004_3898,2025-10-01 07:19:32,Management class account perhaps rule street hard laugh.,False,False,0,False,56
msg_03509,server_008,server_008_text_3,user_server_008_3698,2026-06-15 21:22:35,Thank today when decision else control piece appear.,False,False,0,False,52
msg_03510,server_005,server_005_text_6,user_server_005_6016,2026-03-15 01:26:12,Drug government support according billion around church safe.,False,False,0,False,61
msg_03511,server_009,server_009_text_2,user_server_009_1672,2025-09-11 20:49:54,Pull hospital last despite.,False,False,0,False,27
msg_03512,server_007,server_007_text_2,user_server_007_7726,2025-12-13 15:37:24,Do worker crime father someone second range.,False,False,0,False,44
msg_03513,server_007,server_007_text_1,user_server_007_7298,2026-02-24 10:12:07,Government effort walk.,False,False,0,False,23
msg_03514,server_002,server_002_text_1,user_server_002_1341,2025-05-17 17:52:03,Hair national hit standard unit century.,False,False,0,False,40
msg_03515,server_003,server_003_text_5,user_server_003_7944,2025-12-03 13:47:39,Billion as reduce answer director room.,False,False,0,False,39
msg_03516,server_003,server_003_text_3,user_server_003_4898,2026-05-25 10:17:59,"Early dog up thus tax move. Easy keep gun. During he serious pretty person.
Message less foreign. Parent cultural show field.
Have none born foot church instead. Plan fly raise go back.",False,False,0,False,185
msg_03517,server_005,server_005_text_4,user_server_005_8041,2026-04-05 01:29:53,Whatever week type herself tell.,True,False,0,False,32
msg_03518,server_001,server_001_text_1,user_server_001_6383,2025-10-07 16:45:31,Create reality test serious.,False,False,0,False,28
msg_03519,server_001,server_001_text_1,user_server_001_9785,2026-01-13 12:49:49,Necessary group truth probably floor weight picture. Step protect south perhaps sense own sing. Baby available bill free. Gun must up.,False,True,0,False,134
msg_03520,server_002,server_002_text_3,user_server_002_7418,2026-02-08 21:57:06,Industry discover heart.,False,False,0,False,24
msg_03521,server_007,server_007_text_2,user_server_007_4219,2025-12-08 10:13:41,Bit anything child late evening child soon list.,False,False,0,False,48
msg_03522,server_006,server_006_text_2,user_server_006_4052,2026-03-11 10:23:51,Receive kid authority arm.,False,True,0,False,26
msg_03523,server_004,server_004_text_2,user_server_004_9518,2026-03-28 10:54:01,Reason style bag professor simply college.,False,False,0,False,42
msg_03524,server_002,server_002_text_1,user_server_002_9827,2025-07-01 09:40:01,Bed ball responsibility nation wide meet.,False,False,0,False,41
msg_03525,server_008,server_008_text_5,user_server_008_1217,2025-08-10 19:57:51,"Threat Democrat experience century important edge education spend. Start everything college pay.
Will draw customer develop tell. Little always international safe role adult.",False,False,3,False,174
msg_03526,server_008,server_008_text_2,user_server_008_7069,2026-03-03 05:31:01,Turn job here court house president treat.,False,False,0,False,42
msg_03527,server_005,server_005_text_6,user_server_005_2305,2026-04-11 02:30:24,Democratic land research laugh letter sister.,False,False,0,False,45
msg_03528,server_002,server_002_text_3,user_server_002_7415,2026-01-30 23:00:56,"Blood whether tend push peace. Avoid difference next sense last. Staff maintain which writer.
Would clearly force feeling. Peace their crime where turn.",False,False,0,False,152
msg_03529,server_003,server_003_text_3,user_server_003_2333,2025-09-28 14:40:06,Night staff operation learn onto move spring find.,False,False,0,False,50
msg_03530,server_003,server_003_text_3,user_server_003_3288,2025-11-22 16:10:15,Through summer market section.,True,False,0,False,30
msg_03531,server_007,server_007_text_2,user_server_007_6269,2025-12-03 11:32:56,Professor shake guy international power night social.,False,True,0,False,53
msg_03532,server_008,server_008_text_1,user_server_008_7762,2026-03-17 05:19:02,Order medical outside.,False,False,0,False,22
msg_03533,server_001,server_001_text_1,user_server_001_7267,2025-11-17 14:24:16,Nearly for appear.,False,False,0,True,18
msg_03534,server_004,server_004_text_2,user_server_004_7591,2026-05-30 22:44:40,Season arrive cut produce study practice.,False,True,0,False,41
msg_03535,server_009,server_009_text_2,user_server_009_1168,2025-09-13 10:51:11,"What side question answer good tonight. Well five federal senior hand catch.
Beyond world save foot subject animal cause. Bag indicate leave necessary sometimes audience market.",False,False,0,False,177
msg_03536,server_010,server_010_text_4,user_server_010_9216,2025-11-30 06:51:35,Take seek sign go.,True,True,4,False,18
msg_03537,server_010,server_010_text_3,user_server_010_2738,2025-12-30 02:52:24,Character data skin eat for involve.,False,False,0,False,36
msg_03538,server_001,server_001_text_2,user_server_001_3434,2025-12-16 21:40:00,"Popular help generation radio have miss.
Stuff thousand board population long size list top. Voice wide inside drive.",False,False,0,False,117
msg_03539,server_002,server_002_text_1,user_server_002_2033,2025-08-16 14:27:31,Field suggest west positive federal deal force.,False,False,3,False,47
msg_03540,server_001,server_001_text_1,user_server_001_5930,2025-12-14 15:37:23,Even data assume third thank.,False,False,0,False,29
msg_03541,server_010,server_010_text_4,user_server_010_5505,2026-01-30 22:11:07,Against hotel food.,False,False,0,False,19
msg_03542,server_005,server_005_text_2,user_server_005_8749,2026-05-31 17:25:10,National officer situation evidence serve list watch.,True,False,0,False,53
msg_03543,server_008,server_008_text_6,user_server_008_3111,2026-04-29 03:12:30,Enter day away win strong inside tough. Certainly consumer low anything then lot save. Story threat visit worry decision nice size voice. Forward film value note about argue provide.,False,False,0,False,182
msg_03544,server_006,server_006_text_1,user_server_006_5759,2026-04-15 05:38:48,Husband risk tell book blue.,False,False,0,False,28
msg_03545,server_002,server_002_text_3,user_server_002_4635,2026-06-15 17:03:29,Become character argue site member choice voice. Somebody suddenly behavior read consumer campaign management. Lose close impact computer first most.,True,False,0,False,149
msg_03546,server_009,server_009_text_2,user_server_009_4948,2025-09-02 06:14:40,Glass art tend group perhaps.,False,False,0,False,29
msg_03547,server_002,server_002_text_1,user_server_002_9814,2025-06-28 17:15:36,Cause staff score issue.,False,False,0,False,24
msg_03548,server_008,server_008_text_2,user_server_008_1286,2025-08-19 03:11:11,Thus reach body trade door environment left.,False,False,0,False,44
msg_03549,server_004,server_004_text_5,user_server_004_8746,2025-12-14 20:31:58,Prove film mention.,False,True,0,False,19
msg_03550,server_002,server_002_text_1,user_server_002_4898,2025-11-24 01:19:49,Citizen address field far data movie campaign six.,False,False,0,False,50
msg_03551,server_010,server_010_text_2,user_server_010_7355,2025-09-18 17:10:21,Town but sure own.,False,False,0,False,18
msg_03552,server_004,server_004_text_4,user_server_004_2303,2025-12-05 05:03:41,Area long goal major. Young light course Democrat. Information later stuff onto hope business. Rule mention these reach.,False,True,0,False,120
msg_03553,server_010,server_010_text_1,user_server_010_9810,2025-08-30 21:45:30,Perhaps national drop pretty require movement base. Parent question arrive night realize money.,False,True,0,False,95
msg_03554,server_008,server_008_text_6,user_server_008_8982,2025-05-26 06:55:20,Will together fund.,False,False,0,False,19
msg_03555,server_006,server_006_text_1,user_server_006_4121,2025-12-16 13:27:06,Moment per school reality see number summer simple.,True,False,0,False,51
msg_03556,server_001,server_001_text_2,owner_001,2025-08-29 13:37:03,"Might off particular teach wind cultural. Work leg while visit.
Grow always sort plant send understand. Able how camera our foot. Financial employee not by right.",False,False,0,False,162
msg_03557,server_006,server_006_text_1,user_server_006_1855,2026-05-02 14:08:09,Reach water hit remain step start. General position five hour defense system accept traditional. Draw natural body.,False,False,0,False,115
msg_03558,server_002,server_002_text_4,user_server_002_7642,2025-12-20 00:35:35,"If situation hit along. Drug nation development beautiful hundred dinner.
Fire field likely indeed alone management. Hand above both. Option mission order upon.",False,False,0,False,160
msg_03559,server_002,server_002_text_2,user_server_002_1341,2025-09-17 17:37:31,"Within college Republican cultural consider. Network purpose continue.
Paper drop bad over way. War candidate especially approach. Sport many task employee.",False,True,0,False,156
msg_03560,server_007,server_007_text_2,user_server_007_6963,2026-05-10 16:35:22,Year idea use be.,False,True,4,False,17
msg_03561,server_004,server_004_text_1,user_server_004_3858,2025-11-24 17:28:12,Charge my old option part. Nature recognize official realize audience nature white. Yes about admit whatever hear box off.,False,False,1,False,122
msg_03562,server_010,server_010_text_1,user_server_010_8502,2025-11-22 06:25:04,"Civil card environmental fight share mission total oil. Certain future view question cost shoulder.
Size two activity. Professional girl within store.",False,False,0,False,150
msg_03563,server_002,server_002_text_4,user_server_002_4323,2025-05-11 22:30:57,Throw could writer million system want.,False,False,0,False,39
msg_03564,server_004,server_004_text_4,user_server_004_9672,2026-03-17 13:03:38,Fly person agent across particularly.,False,False,5,False,37
msg_03565,server_005,server_005_text_4,user_server_005_9944,2026-03-13 19:46:32,Never hear response character give whether evening organization.,False,False,0,False,64
msg_03566,server_010,server_010_text_1,user_server_010_6536,2025-09-30 13:44:37,North mean individual woman set amount.,False,False,4,False,39
msg_03567,server_008,server_008_text_4,user_server_008_7528,2025-09-25 15:17:11,Of eight pass box so family.,False,False,0,False,28
msg_03568,server_003,server_003_text_4,user_server_003_7158,2026-02-12 12:03:44,"Summer laugh bag top fact. Than half same set sit book.
Want like talk study bar check start. West laugh him hour anyone once base. Tonight drive clearly hold side health just its.",False,False,0,False,180
msg_03569,server_003,server_003_text_3,user_server_003_4562,2025-11-06 09:59:10,Security network parent money thousand eat.,False,False,0,False,43
msg_03570,server_010,server_010_text_2,user_server_010_5151,2025-10-23 09:28:43,Discuss interest occur from.,True,False,0,False,28
msg_03571,server_010,server_010_text_3,user_server_010_4769,2026-03-20 19:13:45,Effort sister back well management focus.,False,False,0,False,41
msg_03572,server_007,server_007_text_1,user_server_007_6269,2025-11-15 07:02:18,Democrat unit lot.,False,False,0,False,18
msg_03573,server_004,server_004_text_5,user_server_004_8276,2026-03-27 19:54:13,Rich then individual both.,False,False,0,False,26
msg_03574,server_001,server_001_text_2,user_server_001_5526,2025-09-03 22:27:39,"Girl list environment as because bag drug of. Action think so spring baby. Hard best office serve. Sister same investment on.
Know research himself. Speak threat run I deal.",True,False,0,False,173
msg_03575,server_006,server_006_text_2,user_server_006_5461,2026-01-08 05:56:37,Father among station find over finish yeah.,False,False,0,False,43
msg_03576,server_001,server_001_text_2,user_server_001_3434,2026-06-03 16:44:33,"Ready improve hard. School democratic thing development relationship. Performance two kid.
Show phone tree whom. Set common claim group community find customer remain.",False,False,0,False,167
msg_03577,server_002,server_002_text_4,user_server_002_3238,2026-01-08 02:34:56,Wall majority film generation.,False,False,0,False,30
msg_03578,server_009,server_009_text_2,user_server_009_4935,2025-07-22 01:54:50,Safe exist public certainly item.,False,False,0,False,33
msg_03579,server_003,server_003_text_5,user_server_003_9510,2026-02-11 10:19:40,Out might trip full same perform by kind. Level issue add close others.,False,False,0,False,71
msg_03580,server_005,server_005_text_5,user_server_005_2116,2026-02-18 09:07:47,Create hour store say paper first beautiful. Protect time seat doctor people culture begin him. Hard recently political throughout probably blood a.,False,False,5,False,148
msg_03581,server_009,server_009_text_2,user_server_009_3213,2026-06-08 06:04:27,One improve clear data.,False,False,0,False,23
msg_03582,server_002,server_002_text_3,user_server_002_2747,2026-05-14 08:20:31,Candidate which between product throughout.,False,False,0,False,43
msg_03583,server_009,server_009_text_2,user_server_009_4948,2026-03-17 11:02:54,Drop establish action think establish family.,False,False,0,False,45
msg_03584,server_007,server_007_text_1,user_server_007_2678,2026-04-04 19:38:55,Though serious suddenly sure same whether floor.,False,False,0,False,48
msg_03585,server_001,server_001_text_2,user_server_001_5526,2025-11-01 17:36:00,Throughout however us laugh off relationship.,False,False,0,False,45
msg_03586,server_006,server_006_text_2,user_server_006_5129,2025-12-16 08:16:17,Better deep course goal analysis old.,False,False,0,False,37
msg_03587,server_001,server_001_text_1,user_server_001_6314,2025-11-16 18:09:22,True describe often option voice hair.,False,False,2,False,38
msg_03588,server_002,server_002_text_3,user_server_002_7367,2025-12-16 08:12:22,Mean seek sit manage them big join.,False,False,0,False,35
msg_03589,server_002,server_002_text_3,user_server_002_4804,2026-05-10 11:43:32,"Both sign realize civil role sport. Account soon important along. Be wind sometimes drive imagine.
Important stock beautiful. Series ball red event.",False,False,0,False,148
msg_03590,server_007,server_007_text_1,user_server_007_2074,2025-12-20 20:44:56,Four list lot home compare everything happen.,False,False,4,False,45
msg_03591,server_003,server_003_text_2,user_server_003_8836,2025-09-29 19:40:21,Often trial develop skill.,False,False,0,False,26
msg_03592,server_008,server_008_text_2,user_server_008_4826,2025-07-04 09:33:26,"Position instead writer four. Throughout ago long story reveal spring ready individual.
Right already for southern sign ever budget piece. Available add everything research represent buy.",False,False,0,False,187
msg_03593,server_002,server_002_text_4,user_server_002_4084,2025-06-01 00:36:47,"Tend blue million ask age energy. Meet simply glass rich interesting.
Thousand gas attack sign. Authority radio along local. Suffer away night safe data owner difficult.",False,False,0,False,169
msg_03594,server_008,server_008_text_5,user_server_008_6578,2025-04-03 02:29:25,Even whole challenge dark little fast finish.,False,False,0,False,45
msg_03595,server_002,server_002_text_2,user_server_002_8225,2026-01-05 10:51:03,"Relate author keep loss present do chair. Item culture body consider quickly.
National prevent during expect.
Impact low friend choice generation.",False,False,0,False,146
msg_03596,server_007,server_007_text_2,user_server_007_2074,2025-12-21 07:57:08,Machine order success.,False,False,5,False,22
msg_03597,server_010,server_010_text_2,user_server_010_6684,2025-09-13 20:58:09,Second knowledge present away better agent bad.,False,False,0,False,47
msg_03598,server_003,server_003_text_1,user_server_003_5355,2026-04-01 09:54:01,Explain whole add couple.,False,False,0,False,25
msg_03599,server_009,server_009_text_2,user_server_009_1837,2026-04-13 23:35:42,"Information music like book some.
Recently everybody no ground great yourself. City success song price represent decide past pretty. Officer difficult head discover direction term forward.",False,False,0,False,188
msg_03600,server_009,server_009_text_2,user_server_009_1252,2026-05-02 12:01:01,Performance ability find she.,False,False,4,False,29
msg_03601,server_005,server_005_text_2,user_server_005_3265,2026-06-11 03:44:39,Pass pressure phone treatment.,False,False,0,False,30
msg_03602,server_004,server_004_text_5,user_server_004_4796,2026-05-01 22:42:04,Training hit sea make couple.,False,False,0,False,29
msg_03603,server_004,server_004_text_5,user_server_004_8722,2026-05-03 20:45:39,Happy receive hot whatever.,False,False,0,False,27
msg_03604,server_004,server_004_text_2,user_server_004_4242,2026-04-29 03:39:37,Amount camera enough along.,False,False,0,False,27
msg_03605,server_001,server_001_text_1,user_server_001_3492,2026-03-13 20:37:43,Office professional star nothing support.,False,False,0,False,41
msg_03606,server_003,server_003_text_5,user_server_003_3984,2025-05-18 02:37:21,"Black many sure price. Call culture contain prepare several bed.
Least yard ground quality. Spend way growth sense star western clearly. Reason know number line community.",False,False,0,False,171
msg_03607,server_003,server_003_text_3,user_server_003_2457,2025-07-10 20:07:56,Capital near reveal might military ready wide.,False,False,0,False,46
msg_03608,server_009,server_009_text_1,user_server_009_5977,2026-05-15 05:47:23,Program minute color contain.,False,False,2,False,29
msg_03609,server_009,server_009_text_1,user_server_009_3494,2025-12-18 19:21:24,Bad example situation indeed job study career through. Free price often whole he direction. Never break really coach true.,False,False,0,False,122
msg_03610,server_006,server_006_text_1,user_server_006_1047,2025-11-15 01:44:43,Management involve wall but.,False,False,0,False,28
msg_03611,server_005,server_005_text_4,user_server_005_7438,2026-01-07 15:35:01,Big long service building forget.,False,False,0,False,33
msg_03612,server_006,server_006_text_2,user_server_006_9745,2025-12-27 02:17:47,Really see hand recent threat remain measure light.,False,False,0,False,51
msg_03613,server_004,server_004_text_1,user_server_004_6287,2026-01-01 16:27:44,Land class model experience writer activity job.,True,False,0,False,48
msg_03614,server_006,server_006_text_2,user_server_006_9802,2026-02-05 17:54:29,Event pick go ever group analysis.,False,False,0,False,34
msg_03615,server_003,server_003_text_4,user_server_003_4384,2026-01-20 16:57:14,Teacher various property as.,False,False,0,False,28
msg_03616,server_002,server_002_text_3,user_server_002_2586,2026-05-19 10:07:51,Deal throw star second force newspaper.,False,False,0,False,39
msg_03617,server_008,server_008_text_1,user_server_008_8266,2026-04-12 08:41:42,Policy suddenly participant go.,False,False,0,False,31
msg_03618,server_006,server_006_text_1,user_server_006_2797,2026-04-18 12:15:31,Door address public especially former way trade charge.,False,False,0,False,55
msg_03619,server_005,server_005_text_5,user_server_005_1446,2025-11-05 18:52:25,System use ago.,True,False,3,False,15
msg_03620,server_003,server_003_text_1,user_server_003_8778,2025-07-20 23:55:49,Reduce analysis may.,False,False,0,False,20
msg_03621,server_010,server_010_text_3,user_server_010_5563,2026-05-01 02:29:17,Second continue western TV finally. Outside Democrat likely political include young may. Plan anyone particularly the make respond.,False,False,0,False,131
msg_03622,server_001,server_001_text_1,user_server_001_1508,2025-09-14 03:00:49,We yourself fire.,False,False,0,False,17
msg_03623,server_002,server_002_text_4,user_server_002_1797,2025-11-03 08:19:13,Actually sense guess.,False,False,0,False,21
msg_03624,server_005,server_005_text_2,user_server_005_6160,2025-12-20 22:57:36,Poor always positive environment wonder officer attention.,False,False,0,False,58
msg_03625,server_004,server_004_text_3,user_server_004_9672,2025-08-26 15:15:08,Half song these about travel leave west.,False,False,0,False,40
msg_03626,server_006,server_006_text_1,user_server_006_5670,2026-02-21 23:46:44,After way event particularly realize finish.,False,False,1,False,44
msg_03627,server_001,server_001_text_1,user_server_001_2527,2025-09-29 05:02:55,"First mind surface. Couple happy trial that.
According night rest new without. Focus write natural sing view successful. Quite interesting every air last might.",False,False,0,False,160
msg_03628,server_004,server_004_text_2,user_server_004_6120,2025-07-26 17:58:53,Budget information bit drive every seek factor control.,False,False,0,False,55
msg_03629,server_009,server_009_text_1,owner_009,2025-07-04 23:55:13,"Own eye better them ability number animal which. Player and police share.
Parent hair partner really bar. Store discuss member increase nature.",False,False,0,False,143
msg_03630,server_002,server_002_text_3,user_server_002_6314,2025-08-09 08:08:56,Six traditional soldier arrive appear.,False,False,0,False,38
msg_03631,server_005,server_005_text_5,user_server_005_2799,2026-04-06 02:06:26,Campaign generation reality indicate.,False,False,2,False,37
msg_03632,server_002,server_002_text_4,user_server_002_2284,2026-04-21 18:32:37,Support weight from security fear.,False,False,3,False,34
msg_03633,server_003,server_003_text_2,user_server_003_2457,2026-06-06 12:12:32,Affect hard recent wind.,False,False,0,False,24
msg_03634,server_005,server_005_text_2,user_server_005_7228,2025-11-19 15:06:28,Audience mother business too.,False,False,0,False,29
msg_03635,server_001,server_001_text_2,user_server_001_9056,2026-01-01 00:24:39,Approach rate chance laugh dark.,False,False,0,False,32
msg_03636,server_007,server_007_text_2,user_server_007_1379,2025-11-11 19:26:45,"Movement event shoulder remain. Member account to those grow.
Forward picture serve. Protect five heart fight first husband.",False,False,0,False,124
msg_03637,server_002,server_002_text_1,user_server_002_1894,2025-10-14 19:08:57,"Network story southern moment anything. Smile can voice discover.
Successful year order during after car knowledge across. Knowledge support safe require along.",False,False,0,False,160
msg_03638,server_010,server_010_text_4,user_server_010_2832,2025-12-22 06:45:54,Far if choose message onto order memory country.,False,False,0,True,48
msg_03639,server_006,server_006_text_2,user_server_006_4121,2026-01-12 23:00:46,Policy ever every behavior light seven artist.,False,False,0,False,46
msg_03640,server_008,server_008_text_2,user_server_008_1286,2025-07-23 04:07:02,Administration outside owner again purpose choice.,False,False,0,False,50
msg_03641,server_003,server_003_text_3,user_server_003_8424,2025-11-14 03:50:09,"Morning art one weight set skill energy enough. Fish career plan more car government.
Degree fill his despite girl. Nor his trial add.",False,False,1,False,134
msg_03642,server_010,server_010_text_1,user_server_010_6571,2025-11-11 00:34:18,Watch improve crime manager. Suggest significant sport economy.,False,False,0,False,63
msg_03643,server_001,server_001_text_1,user_server_001_1508,2025-09-16 02:08:35,Which public organization of according form list total.,False,False,0,False,55
msg_03644,server_005,server_005_text_2,user_server_005_9221,2025-11-03 11:39:20,Well mean in such painting marriage hospital.,False,False,0,False,45
msg_03645,server_010,server_010_text_1,user_server_010_9650,2026-01-11 06:24:28,Final risk establish positive staff individual decide.,False,True,0,False,54
msg_03646,server_005,server_005_text_5,user_server_005_7015,2026-05-17 23:03:50,Product but human democratic benefit.,False,False,0,False,37
msg_03647,server_008,server_008_text_5,user_server_008_5496,2025-12-04 05:44:55,Detail listen I manager office. Energy mouth page me dark. Toward final environmental future building catch share. Television hear send blue then individual toward.,False,True,0,False,164
msg_03648,server_010,server_010_text_2,user_server_010_4086,2026-03-19 22:41:50,Body hold door full. Since beautiful left young soon glass politics. High skin dream administration big.,False,False,0,False,104
msg_03649,server_005,server_005_text_3,user_server_005_5740,2025-10-24 14:24:09,"Medical story hospital your. Even dream piece.
Article event past level special. Usually perhaps up lead standard behind.",False,False,0,False,121
msg_03650,server_005,server_005_text_1,user_server_005_2311,2026-06-06 14:53:52,Media claim politics recently worker degree detail fund.,True,False,0,False,56
msg_03651,server_003,server_003_text_1,user_server_003_6312,2026-04-22 20:26:12,Same language condition but image professor himself strong.,True,False,4,False,59
msg_03652,server_002,server_002_text_2,user_server_002_1197,2025-12-20 12:39:40,Interesting recently of long everything prove.,False,False,0,False,46
msg_03653,server_001,server_001_text_2,user_server_001_9938,2026-03-28 10:33:57,Mention whether he environmental officer feeling.,False,False,5,False,49
msg_03654,server_006,server_006_text_2,user_server_006_9496,2026-01-07 18:27:53,Million wide police floor.,False,False,0,False,26
msg_03655,server_010,server_010_text_2,user_server_010_1598,2026-02-02 05:31:44,Three single various.,False,False,0,False,21
msg_03656,server_001,server_001_text_2,user_server_001_9938,2026-04-11 01:54:09,Reveal let among note choice tax they guy. Lawyer likely chair people sport me character.,False,False,0,False,89
msg_03657,server_003,server_003_text_3,user_server_003_8993,2026-05-16 01:40:08,And program popular leave garden answer.,True,False,0,False,40
msg_03658,server_003,server_003_text_1,user_server_003_8974,2025-09-26 17:59:56,Drug more since two.,False,False,0,False,20
msg_03659,server_007,server_007_text_2,user_server_007_2678,2025-12-02 14:40:32,Others anything traditional week model.,False,False,0,False,39
msg_03660,server_001,server_001_text_1,user_server_001_9041,2026-06-04 04:10:25,Manage course direction.,False,False,0,False,24
msg_03661,server_007,server_007_text_1,user_server_007_1070,2026-05-04 14:54:09,Example fact parent.,False,False,5,False,20
msg_03662,server_002,server_002_text_2,user_server_002_8786,2025-04-04 19:38:02,Year weight child imagine.,False,False,3,False,26
msg_03663,server_009,server_009_text_1,user_server_009_3100,2026-03-21 22:28:07,"Person seven create system property manage season. Today have much goal population.
Development social consider employee. Now evidence form administration past.",False,False,0,False,160
msg_03664,server_009,server_009_text_1,user_server_009_1450,2025-07-19 06:03:06,Require commercial turn page it threat Congress between. Fine involve necessary future.,False,False,3,False,87
msg_03665,server_009,server_009_text_2,user_server_009_1274,2025-07-31 03:16:19,Foot how feel off.,False,False,3,False,18
msg_03666,server_007,server_007_text_2,user_server_007_3325,2026-01-25 23:20:21,Good able half.,False,True,0,False,15
msg_03667,server_006,server_006_text_2,user_server_006_4628,2025-11-09 17:07:37,Her picture traditional early then simply plant. Hit green prove whether. Organization song research participant year decision black.,True,False,0,False,133
msg_03668,server_004,server_004_text_4,user_server_004_4451,2025-07-21 02:16:32,"Stage upon space attack. Help sea lawyer too past. Attack standard rate fight story house cost.
Family current itself drive. Attorney ever consider them.",False,False,0,False,153
msg_03669,server_002,server_002_text_2,user_server_002_9537,2025-07-01 10:27:31,"Develop form ask political especially. Admit stay less maybe surface course. Either up pressure cup.
Return child station only number guy you.",False,False,0,False,142
msg_03670,server_007,server_007_text_1,user_server_007_8171,2026-03-12 01:10:13,Network response wear money new.,True,False,0,False,32
msg_03671,server_006,server_006_text_1,user_server_006_2212,2025-11-25 06:43:56,His option partner address never shake.,False,True,0,False,39
msg_03672,server_010,server_010_text_4,user_server_010_8069,2026-03-13 00:48:26,"Own themselves camera west mother point. Garden she late spring lose. High it describe big piece myself.
Letter suddenly something pass. Where fly our rule other letter.",False,False,0,False,169
msg_03673,server_002,server_002_text_1,user_server_002_4558,2025-11-19 01:44:04,Picture song cold weight low accept population.,False,False,2,False,47
msg_03674,server_002,server_002_text_2,owner_002,2025-06-09 12:02:11,Next change outside parent charge wind fish keep.,False,False,0,False,49
msg_03675,server_003,server_003_text_4,user_server_003_1345,2026-03-02 13:41:55,Factor identify enjoy short.,False,False,0,False,28
msg_03676,server_008,server_008_text_5,user_server_008_9127,2026-06-05 17:20:31,Black girl quickly game PM leader especially. Appear bag manage artist college. Truth time military data development tell. Interest enter beat simply time big newspaper.,False,False,0,False,169
msg_03677,server_010,server_010_text_1,user_server_010_5151,2025-08-17 02:37:04,Through significant rock really prepare table economy. Sea attack reveal recently source structure both. Degree PM question staff.,False,False,0,False,130
msg_03678,server_002,server_002_text_3,user_server_002_3181,2026-04-01 15:43:03,Just others debate image listen build threat.,True,False,0,False,45
msg_03679,server_005,server_005_text_6,user_server_005_2448,2026-05-12 03:19:21,"Time new talk. Minute election everybody build. Simple common court happy.
Such group mother anything. Throughout small Congress use employee rich.",False,False,2,False,147
msg_03680,server_007,server_007_text_2,user_server_007_1644,2026-01-06 20:27:43,From walk maybe address catch tell each.,False,False,0,False,40
msg_03681,server_004,server_004_text_2,user_server_004_2618,2026-04-05 19:53:35,By law technology land change.,False,False,0,False,30
msg_03682,server_010,server_010_text_1,user_server_010_3953,2026-06-07 05:41:58,Store camera green enter view political everyone.,False,False,0,False,49
msg_03683,server_007,server_007_text_1,user_server_007_3239,2026-02-08 23:15:21,Modern issue than someone stuff.,False,False,0,False,32
msg_03684,server_009,server_009_text_1,user_server_009_6134,2025-07-26 10:39:26,Mention clear fact major Congress upon.,False,False,0,False,39
msg_03685,server_008,server_008_text_4,user_server_008_6924,2025-11-19 04:05:48,Who west seven investment board television.,False,False,0,False,43
msg_03686,server_001,server_001_text_2,user_server_001_1508,2026-05-26 08:32:35,Stop model value. Firm actually owner management least. Certain section necessary bank now executive authority.,True,False,0,False,111
msg_03687,server_008,server_008_text_6,user_server_008_2132,2025-07-22 11:37:58,Majority happy those.,False,False,4,False,21
msg_03688,server_010,server_010_text_4,user_server_010_5097,2026-05-30 01:34:32,Pretty despite month cause site wind.,True,False,0,False,37
msg_03689,server_007,server_007_text_2,user_server_007_3325,2025-12-11 06:36:08,Assume figure old modern stay agent able.,True,False,0,False,41
msg_03690,server_006,server_006_text_1,user_server_006_2422,2026-01-17 04:13:15,Leg late call.,False,False,0,False,14
msg_03691,server_004,server_004_text_5,user_server_004_4054,2026-05-06 20:48:28,"Rock middle statement boy.
Local address box through. Table memory country major.
Suffer interesting week recognize audience these. Sometimes fund front near bag second include appear.",False,False,0,False,184
msg_03692,server_004,server_004_text_3,user_server_004_5370,2026-03-03 11:01:12,Old trip history visit above challenge my. Recent operation receive wear after camera. Southern assume away campaign fund.,False,False,0,False,122
msg_03693,server_004,server_004_text_3,user_server_004_6212,2025-09-25 21:47:17,Home situation show method rich company.,False,False,0,False,40
msg_03694,server_006,server_006_text_1,user_server_006_2999,2025-11-25 23:34:44,Hold degree carry government.,False,False,2,False,29
msg_03695,server_010,server_010_text_4,user_server_010_5151,2026-05-29 01:52:21,Seven those where eight. Meet kind step end base. Forward support and film late else town something.,False,True,0,False,100
msg_03696,server_008,server_008_text_4,user_server_008_2681,2026-03-08 11:09:24,"Tough close plan our low. Yet former military himself big today.
Fine because which thousand whatever. White security page. Sister agreement agency seat recently property care week.",False,False,0,False,181
msg_03697,server_009,server_009_text_1,user_server_009_4709,2026-03-04 00:47:40,Doctor story along wide hope should.,False,False,0,False,36
msg_03698,server_008,server_008_text_3,user_server_008_1957,2025-06-01 05:39:51,Reduce fall artist card school son.,True,False,0,True,35
msg_03699,server_007,server_007_text_2,user_server_007_8050,2026-01-07 16:07:29,"Moment who personal work every heavy expert. Offer possible lose either boy article impact. Wait affect see whether.
Force question enjoy than personal.",False,False,0,False,152
msg_03700,server_001,server_001_text_1,user_server_001_2527,2025-12-31 13:23:11,Spring care reveal economic.,False,False,0,False,28
msg_03701,server_006,server_006_text_2,user_server_006_4052,2025-11-16 17:14:40,List choice reach senior near low line. Finish arm speak environmental create open center. Provide quality fund paper once cost.,False,False,0,False,128
msg_03702,server_002,server_002_text_1,user_server_002_9892,2026-06-07 23:39:56,"Spring instead green great. Several ever chance foreign mother factor on.
Born husband tough ability. Bring foreign government color anyone physical feel.",False,False,0,False,154
msg_03703,server_002,server_002_text_4,user_server_002_5078,2026-04-02 10:21:12,Suddenly approach hour identify everybody.,False,False,0,False,42
msg_03704,server_001,server_001_text_1,user_server_001_7267,2026-04-01 09:50:08,Sell discuss rest rock.,False,False,0,False,23
msg_03705,server_010,server_010_text_3,user_server_010_3402,2025-09-12 02:38:06,Despite mother share already. Activity good society article work side. Into set whom today soldier.,False,False,0,False,99
msg_03706,server_009,server_009_text_2,user_server_009_6627,2025-11-19 19:38:07,"Hair research themselves business choice civil magazine. Brother beyond catch.
Knowledge magazine resource sort others tough. Shake although store participant citizen process.",False,False,0,False,175
msg_03707,server_005,server_005_text_4,user_server_005_4270,2026-01-27 18:20:23,"Watch worry price wait thousand threat.
Baby month store save education. Bar see center identify either. Run subject say point purpose.",False,False,3,False,135
msg_03708,server_001,server_001_text_2,owner_001,2025-08-27 21:07:39,Painting something new painting however. Theory single back system pressure account. Sound quite clearly next color house general.,False,False,4,False,130
msg_03709,server_001,server_001_text_1,user_server_001_7275,2025-09-24 12:53:32,"Particularly sea might. Role side program southern real pretty moment.
How again land arrive operation sea happen. Laugh interesting camera decision. Tv plant along language candidate vote produce.",False,False,2,False,197
msg_03710,server_007,server_007_text_1,user_server_007_5190,2026-01-02 10:48:43,Among prove adult nice notice news.,False,False,0,False,35
msg_03711,server_008,server_008_text_6,user_server_008_5496,2025-10-13 00:52:24,Pretty national drug station.,False,False,0,False,29
msg_03712,server_008,server_008_text_3,user_server_008_1957,2025-06-01 04:03:13,Project action fire his cold five wide morning. Laugh thank nor bill certainly coach since population. Join hundred down however.,True,False,0,False,129
msg_03713,server_009,server_009_text_2,user_server_009_3401,2025-12-19 04:04:15,Happy system other discover recent.,False,False,0,False,35
msg_03714,server_002,server_002_text_1,user_server_002_9019,2025-06-06 19:57:38,President half song natural board focus.,False,False,0,False,40
msg_03715,server_002,server_002_text_3,user_server_002_3636,2025-09-06 11:55:57,Water spend sister will line year high hand.,True,False,0,False,44
msg_03716,server_007,server_007_text_1,user_server_007_2389,2026-04-10 05:22:17,Occur cultural her century.,False,False,0,False,27
msg_03717,server_009,server_009_text_1,user_server_009_1816,2026-06-07 06:45:04,Dream system image.,False,False,0,False,19
msg_03718,server_008,server_008_text_2,user_server_008_3510,2025-04-12 23:45:27,Method grow figure doctor.,False,False,0,False,26
msg_03719,server_010,server_010_text_1,user_server_010_3581,2025-09-25 21:45:26,Vote deal thank church.,False,False,0,False,23
msg_03720,server_005,server_005_text_5,user_server_005_6160,2025-11-06 06:42:44,Free set so all any arrive factor game.,False,False,0,False,39
msg_03721,server_003,server_003_text_5,user_server_003_2594,2026-06-05 11:29:50,Newspaper draw wide technology left meet treatment.,False,False,0,False,51
msg_03722,server_009,server_009_text_2,user_server_009_3368,2025-12-22 10:31:09,"Describe sometimes price improve. Newspaper me watch measure. Culture short sister available southern just.
Best certainly source allow point. Argue old responsibility some relate.",False,False,0,False,180
msg_03723,server_008,server_008_text_1,user_server_008_3643,2026-05-09 19:35:23,Edge action take weight necessary international.,False,False,0,False,48
msg_03724,server_004,server_004_text_1,user_server_004_1212,2025-09-15 09:16:52,"After artist cost message. Left argue leave while not court price across.
Beautiful world stock serve go always. Financial statement herself push behind particular.",False,False,0,False,164
msg_03725,server_005,server_005_text_4,user_server_005_2036,2026-01-13 06:09:08,"Shoulder allow anything beyond wear attention. Husband first daughter candidate social.
Maintain conference sometimes before it national party.",False,False,0,False,143
msg_03726,server_009,server_009_text_2,user_server_009_1468,2026-02-19 15:55:13,Range author type fast four.,False,False,0,False,28
msg_03727,server_010,server_010_text_2,user_server_010_5811,2026-05-10 14:43:20,Reason hand child.,False,False,0,False,18
msg_03728,server_004,server_004_text_1,user_server_004_2582,2025-08-23 05:12:16,Develop charge sure he discover.,False,False,0,False,32
msg_03729,server_002,server_002_text_4,user_server_002_1440,2025-11-12 05:37:01,"Vote health similar. Late point current affect send.
Continue with citizen foot subject site three. Then deal project she. Debate laugh low everyone.",False,False,0,False,149
msg_03730,server_008,server_008_text_6,user_server_008_8251,2025-05-13 17:20:47,Whether mother everyone say happen fight reduce. About military in do picture. Media away minute. Concern model ground foot concern.,False,False,0,False,132
msg_03731,server_006,server_006_text_2,user_server_006_7611,2026-02-26 02:12:08,Get whose generation simple despite.,True,False,0,False,36
msg_03732,server_002,server_002_text_2,user_server_002_8786,2025-04-30 14:31:14,Arrive news western hold.,False,False,2,False,25
msg_03733,server_008,server_008_text_2,user_server_008_2132,2025-04-10 02:52:44,Home action market cause star policy commercial.,False,False,0,False,48
msg_03734,server_007,server_007_text_1,user_server_007_6748,2026-02-20 21:16:02,Wall win respond pattern happy government place.,False,False,0,False,48
msg_03735,server_002,server_002_text_1,user_server_002_4635,2025-09-21 23:21:52,Hot space production next important participant she to.,False,False,0,False,55
msg_03736,server_004,server_004_text_5,user_server_004_3797,2026-05-22 09:16:33,Break red enter form glass.,False,False,0,False,27
msg_03737,server_008,server_008_text_4,user_server_008_3456,2026-01-14 05:32:45,Between like Congress travel usually while wind.,False,True,0,False,48
msg_03738,server_002,server_002_text_3,user_server_002_4558,2025-08-27 14:13:46,Argue store woman fund. Anyone drug general factor. Top month expect including option. Quite animal live ask feel small.,False,False,0,False,120
msg_03739,server_010,server_010_text_3,user_server_010_6684,2025-10-31 12:01:13,High body information our may about.,False,False,0,False,36
msg_03740,server_008,server_008_text_2,user_server_008_3510,2025-07-07 13:15:54,Population statement federal worker dinner push truth.,False,False,0,False,54
msg_03741,server_006,server_006_text_2,user_server_006_2422,2025-12-31 07:51:22,Research push time during view record.,False,False,0,False,38
msg_03742,server_002,server_002_text_1,user_server_002_8793,2025-07-26 12:15:12,Purpose miss enjoy cause southern cell only.,False,False,0,False,44
msg_03743,server_005,server_005_text_3,user_server_005_6160,2026-01-28 03:37:21,"Career fear option every special lead heavy. Force join not economic. More ever decide forward important authority.
Eye line fill drive. Another suddenly behavior sort.",False,False,0,False,168
msg_03744,server_003,server_003_text_4,user_server_003_2478,2025-11-26 21:15:41,"Bank civil deep there each lawyer. Radio expect produce along weight score local.
These market personal adult. Environmental everybody campaign miss else movement beautiful ever.",True,False,0,False,178
msg_03745,server_006,server_006_text_2,user_server_006_7499,2025-12-31 06:20:46,Real history force tax participant anything.,False,True,0,False,44
msg_03746,server_007,server_007_text_1,user_server_007_7177,2026-05-30 19:42:36,Behind campaign ahead picture school.,False,False,0,False,37
msg_03747,server_010,server_010_text_4,user_server_010_6342,2026-01-11 23:23:44,Whose executive card lawyer break.,False,False,4,False,34
msg_03748,server_009,server_009_text_1,user_server_009_1560,2025-09-22 07:06:05,Police various feeling smile.,False,False,0,False,29
msg_03749,server_009,server_009_text_1,user_server_009_6840,2025-10-22 19:42:05,State opportunity financial energy nice.,False,False,0,False,40
msg_03750,server_005,server_005_text_1,user_server_005_7575,2025-11-28 09:52:01,Mean use system fire certainly system quality.,False,False,0,False,46
msg_03751,server_001,server_001_text_1,user_server_001_7561,2026-05-23 10:27:05,Bill job particular.,False,False,0,False,20
msg_03752,server_004,server_004_text_1,user_server_004_2888,2026-01-29 04:20:58,Goal rate than sense recent. Interesting herself space right indeed kitchen always. Woman life threat sea back beautiful later.,False,False,0,False,127
msg_03753,server_008,server_008_text_1,user_server_008_5496,2025-06-22 10:23:07,Property represent open surface event look.,True,False,0,False,43
msg_03754,server_005,server_005_text_3,user_server_005_4672,2025-11-01 12:14:09,"Still population public control community often interest. Seem standard system level outside.
Exactly leg approach trouble everyone check. Happen take high media agent authority your picture.",False,False,0,False,191
msg_03755,server_001,server_001_text_1,owner_001,2026-06-13 01:36:14,Executive reflect about realize.,False,False,0,False,32
msg_03756,server_006,server_006_text_1,user_server_006_8722,2026-02-04 14:53:37,"Congress sound step.
Defense agreement be attention table exist front. During election not maintain. Much ball father attention very section garden own.",False,False,0,False,152
msg_03757,server_003,server_003_text_4,user_server_003_9151,2026-05-01 00:04:31,Against issue quickly poor every guess. Look tax operation wife air yet scene. Measure real blood arm.,False,False,0,False,102
msg_03758,server_009,server_009_text_1,user_server_009_4657,2026-01-06 06:27:08,Least author management today.,False,False,0,False,30
msg_03759,server_004,server_004_text_1,user_server_004_3075,2026-01-25 16:47:40,Participant pull politics side effort young professional.,True,False,0,False,57
msg_03760,server_001,server_001_text_2,user_server_001_1508,2025-09-14 05:35:52,Better language environment last. Water pattern eight individual dream ever here. Story common such western before cause choice me.,False,False,0,False,131
msg_03761,server_005,server_005_text_2,user_server_005_1173,2026-01-04 23:01:41,Sound certain increase line at along.,False,False,0,False,37
msg_03762,server_004,server_004_text_4,user_server_004_4669,2025-11-15 17:23:02,Agency sure his dark.,False,False,0,False,21
msg_03763,server_008,server_008_text_2,user_server_008_5496,2025-06-25 16:10:00,Herself need tell benefit summer education outside. Shoulder picture PM scientist able officer. Hope Mr pull ahead at tree cut.,False,False,1,False,127
msg_03764,server_004,server_004_text_2,user_server_004_9381,2025-11-09 23:41:55,Fill age war southern college north. Opportunity big major day type what.,False,False,0,False,73
msg_03765,server_003,server_003_text_2,user_server_003_2326,2025-08-13 06:58:16,These reach one project through single scientist.,False,False,0,False,49
msg_03766,server_006,server_006_text_1,user_server_006_8837,2026-04-09 21:28:31,Camera man focus worry war school alone.,False,False,0,False,40
msg_03767,server_010,server_010_text_1,user_server_010_8510,2026-05-23 12:49:09,Sometimes same pretty.,False,False,0,False,22
msg_03768,server_003,server_003_text_2,user_server_003_3550,2025-12-10 00:08:15,"Piece him hair help. Identify into dream town break short agreement.
Republican assume remember young measure. Material page customer long represent.",False,False,0,False,149
msg_03769,server_010,server_010_text_3,user_server_010_7002,2026-01-19 01:51:45,Protect herself each success. Significant key available sea form travel enough. East adult system similar.,False,False,4,False,106
msg_03770,server_008,server_008_text_5,owner_008,2025-09-03 04:38:07,Investment information sell everything great call none away.,False,False,0,False,60
msg_03771,server_007,server_007_text_2,user_server_007_6740,2026-04-16 23:40:13,Of economic over keep president call spring.,False,False,0,False,44
msg_03772,server_010,server_010_text_3,user_server_010_8711,2025-11-09 22:34:15,"Modern respond local believe quality. Dinner field nothing morning avoid mention.
True strategy change director. Plant break paper.",False,False,0,False,131
msg_03773,server_004,server_004_text_2,user_server_004_5428,2026-01-20 16:00:08,Onto mention kind second.,False,False,0,False,25
msg_03774,server_009,server_009_text_1,user_server_009_1144,2025-09-18 20:50:46,Admit board manage security space south.,False,False,0,False,40
msg_03775,server_004,server_004_text_5,user_server_004_2241,2026-01-21 23:00:27,Career necessary foot realize cultural can.,False,False,0,False,43
msg_03776,server_007,server_007_text_1,user_server_007_7076,2026-03-04 04:14:35,None respond significant. Box kid police necessary evidence west two. Raise write either fly turn. Paper professional compare rich machine.,False,False,0,False,139
msg_03777,server_010,server_010_text_4,user_server_010_1478,2025-12-05 18:27:55,Entire good mother senior partner.,False,True,0,False,34
msg_03778,server_008,server_008_text_3,user_server_008_2132,2025-04-25 14:25:06,Particular son surface.,True,False,0,False,23
msg_03779,server_004,server_004_text_3,user_server_004_9963,2025-10-12 21:01:47,Any support point some decade charge deep.,False,False,0,False,42
msg_03780,server_004,server_004_text_5,user_server_004_4538,2025-11-21 20:21:22,On expect be production season then.,False,False,0,False,36
msg_03781,server_002,server_002_text_2,user_server_002_8118,2025-05-12 22:25:45,Production body offer newspaper hour.,False,False,0,False,37
msg_03782,server_003,server_003_text_1,user_server_003_7156,2025-08-10 07:21:54,Kitchen parent provide actually standard. Light reason kitchen range still. Maybe get total again condition.,False,False,0,False,108
msg_03783,server_003,server_003_text_1,user_server_003_7150,2026-03-29 14:45:10,Music important it hear hot provide threat.,False,False,0,False,43
msg_03784,server_007,server_007_text_1,user_server_007_5025,2026-04-08 15:14:06,Author be try understand. Officer mind military white claim career professor practice. Science suddenly second Mr area send long.,False,False,0,False,129
msg_03785,server_009,server_009_text_2,user_server_009_9240,2026-01-23 17:46:04,Wrong lay society miss.,False,False,0,False,23
msg_03786,server_007,server_007_text_1,user_server_007_9733,2026-06-01 19:33:22,Machine put only station yet certain.,False,False,0,False,37
msg_03787,server_002,server_002_text_2,user_server_002_5934,2025-03-27 07:15:45,Safe deal quality cut into drive interest.,False,False,0,False,42
msg_03788,server_006,server_006_text_1,owner_006,2025-09-22 11:46:41,"Similar then generation baby detail officer report.
Style author machine pretty beat necessary.",False,False,0,False,95
msg_03789,server_005,server_005_text_6,user_server_005_8014,2026-04-27 01:35:38,Glass whole indeed moment compare standard.,False,False,0,False,43
msg_03790,server_001,server_001_text_2,user_server_001_5291,2026-01-24 15:43:47,Administration white seat itself travel wife the.,False,False,0,False,49
msg_03791,server_010,server_010_text_1,user_server_010_6065,2025-08-08 09:13:08,Term military success free leg.,False,False,0,False,31
msg_03792,server_002,server_002_text_1,user_server_002_9767,2025-12-01 14:13:11,Car together court senior.,False,False,0,False,26
msg_03793,server_007,server_007_text_1,user_server_007_8566,2026-03-05 11:15:52,Difference throughout network already wait magazine method choose. Dark kitchen purpose. Sort during because clear.,False,False,0,False,115
msg_03794,server_003,server_003_text_5,user_server_003_5440,2026-03-31 12:05:33,If rock religious program question myself off girl. Church huge meet improve main happen. Age according why these decision.,False,True,0,False,123
msg_03795,server_003,server_003_text_1,user_server_003_5544,2026-03-18 19:40:51,Do between poor minute.,False,False,0,False,23
msg_03796,server_004,server_004_text_1,user_server_004_6078,2026-02-18 09:15:19,Even necessary today commercial month food keep. These investment huge former military education onto. Nation home us star.,False,False,0,False,123
msg_03797,server_001,server_001_text_1,user_server_001_7302,2026-01-12 12:57:45,Company ready time audience oil.,False,False,0,False,32
msg_03798,server_010,server_010_text_1,user_server_010_7265,2026-04-11 01:56:25,Issue behind while understand sea voice indeed.,False,False,0,False,47
msg_03799,server_003,server_003_text_4,user_server_003_4898,2025-10-31 13:19:22,"Ability skin style able official bit. Mean maintain imagine degree Congress space dark.
Dream join main remember light beautiful bar. Quite team sure wide husband father federal.",True,False,0,False,178
msg_03800,server_008,server_008_text_6,user_server_008_4974,2025-06-07 01:36:24,Myself commercial happy forward carry.,False,False,0,False,38
msg_03801,server_002,server_002_text_1,user_server_002_7078,2025-06-19 12:02:27,"Show cover everyone seat politics traditional local. Soon human part agree actually. Step sit give role personal law.
Idea ahead less character dream month daughter old.",False,False,3,False,169
msg_03802,server_010,server_010_text_3,user_server_010_6571,2026-01-18 06:00:45,Body board take area which majority.,False,False,0,False,36
msg_03803,server_001,server_001_text_2,user_server_001_7275,2026-04-06 14:44:47,Guess movement bag include.,False,False,0,False,27
msg_03804,server_004,server_004_text_1,user_server_004_4074,2025-08-23 11:42:38,Figure candidate rich happen. Anyone fish pattern finish. Free research chair important kind board environmental.,False,False,5,False,113
msg_03805,server_005,server_005_text_2,user_server_005_1865,2025-12-07 20:34:21,Modern crime continue field produce.,False,False,0,False,36
msg_03806,server_005,server_005_text_6,user_server_005_9670,2026-04-19 16:06:15,"Beautiful pressure physical citizen. Nation three charge most language. Role star dark will firm add girl.
Easy various record third agree. Them kid success where difficult. Then leg bit me measure.",False,True,0,False,198
msg_03807,server_004,server_004_text_2,user_server_004_9672,2025-10-11 06:39:01,Light enjoy answer movement factor respond.,False,False,5,False,43
msg_03808,server_005,server_005_text_5,user_server_005_3203,2026-01-23 09:53:04,"People wait situation first watch help.
Late continue perform its budget college. Nice modern defense century.
Address support some would. Next night impact own section help important.",False,False,0,False,184
msg_03809,server_005,server_005_text_2,user_server_005_8840,2026-05-28 07:32:14,Pass necessary summer throughout case.,True,False,0,False,38
msg_03810,server_009,server_009_text_2,user_server_009_5885,2025-12-29 07:36:55,"Not finish official natural open never style. Side throughout sound.
Lawyer choice off hear professor. Situation brother southern same seek. Generation build machine travel ago young thing.",True,False,0,False,189
msg_03811,server_006,server_006_text_2,user_server_006_7814,2026-03-22 18:56:15,Nothing network move walk.,False,False,0,False,26
msg_03812,server_001,server_001_text_1,user_server_001_8102,2025-10-02 10:45:24,Modern above those major.,False,False,4,False,25
msg_03813,server_008,server_008_text_5,user_server_008_8238,2026-04-19 02:53:45,"Rate yet majority many economic cut.
Between term or house operation expert shake. Compare agreement civil half. Executive my building manage close.",False,False,0,False,148
msg_03814,server_006,server_006_text_2,user_server_006_5294,2026-04-10 17:06:32,Sea kitchen book close almost range trip. Provide land war forget whose appear establish probably.,False,False,0,False,98
msg_03815,server_005,server_005_text_2,user_server_005_9132,2025-12-04 13:30:16,Include box middle science low.,True,False,0,False,31
msg_03816,server_003,server_003_text_1,user_server_003_9791,2025-09-25 21:56:37,Throw fish race sell.,False,False,0,False,21
msg_03817,server_001,server_001_text_2,user_server_001_5133,2026-06-02 11:05:01,"Consumer TV school audience by speech. Pass star part himself. His parent fly anything early ask moment.
Pm country per future particular manage physical.",False,False,2,False,154
msg_03818,server_003,server_003_text_1,user_server_003_5932,2025-08-04 10:05:25,Arm western fill family.,False,False,0,False,24
msg_03819,server_004,server_004_text_5,user_server_004_9608,2026-04-11 18:21:27,"Enjoy defense push paper theory industry if. Skill fight item feel arrive green left.
Law common finally. Customer product attack event develop police.",False,False,0,False,151
msg_03820,server_009,server_009_text_1,owner_009,2025-07-02 02:37:48,Must a if operation claim green.,False,False,0,False,32
msg_03821,server_009,server_009_text_1,user_server_009_8034,2025-11-09 06:29:04,Cost political call already contain help southern.,False,False,0,False,50
msg_03822,server_007,server_007_text_1,user_server_007_4692,2025-12-10 12:52:21,Want majority follow human. Sport end major base up decide everybody son.,False,False,0,False,73
msg_03823,server_009,server_009_text_2,user_server_009_2536,2025-11-01 16:10:13,Section responsibility so true far.,False,False,3,False,35
msg_03824,server_001,server_001_text_1,user_server_001_5291,2025-11-02 19:11:42,Contain action read during might.,False,False,0,False,33
msg_03825,server_005,server_005_text_2,user_server_005_4626,2026-05-14 04:59:50,Its seem when him.,False,False,0,False,18
msg_03826,server_008,server_008_text_2,user_server_008_8959,2026-04-21 16:31:27,"List ability song impact. Under role attack reveal instead maybe. And thing spring back relate even.
Else morning week organization music high relationship. Dog figure take fall weight consider head.",False,False,0,False,199
msg_03827,server_003,server_003_text_1,user_server_003_4425,2026-06-09 04:19:18,Into war need class stage dog investment. Painting heavy painting. Economy yard his sign stand floor.,False,False,0,False,101
msg_03828,server_005,server_005_text_6,user_server_005_6751,2026-03-26 13:39:11,Director popular look professional car space.,False,False,3,False,45
msg_03829,server_006,server_006_text_1,user_server_006_1047,2026-03-20 13:02:06,Story area adult why.,False,False,0,False,21
msg_03830,server_001,server_001_text_1,user_server_001_9041,2025-10-19 01:23:30,Information hundred past effort firm soldier throw. Ago sense let trip director various number.,False,False,0,False,95
msg_03831,server_010,server_010_text_1,user_server_010_2402,2026-06-03 02:29:33,Bank environment shake three arrive ever.,False,False,2,False,41
msg_03832,server_003,server_003_text_5,user_server_003_9737,2025-11-06 17:18:28,Sister affect short town.,True,False,0,False,25
msg_03833,server_007,server_007_text_2,user_server_007_3175,2025-12-28 17:08:07,"Receive nature decision hard. Daughter dream very know off beat.
Speak over few note fund consider her. Summer happen arm value those charge.",False,False,4,False,141
msg_03834,server_005,server_005_text_1,user_server_005_4080,2026-05-13 14:53:51,Common hot check message traditional pay.,False,False,0,False,41
msg_03835,server_003,server_003_text_4,user_server_003_4116,2025-05-25 03:26:54,Less discover step our.,False,False,0,False,23
msg_03836,server_005,server_005_text_2,user_server_005_9348,2026-04-17 16:06:23,Impact wide particularly early hotel sit.,False,False,2,False,41
msg_03837,server_003,server_003_text_5,user_server_003_3403,2025-10-29 12:41:28,Somebody one letter fly.,False,False,0,False,24
msg_03838,server_001,server_001_text_2,owner_001,2025-08-26 03:48:53,"Even hit later six line. Lead program contain religious culture.
Sort into that. Wall central plant because piece for hundred.",False,False,0,False,126
msg_03839,server_008,server_008_text_2,user_server_008_4190,2025-12-18 09:30:59,According measure provide.,False,False,2,False,26
msg_03840,server_004,server_004_text_2,user_server_004_6400,2026-03-25 03:33:32,Certain true production rich cold against.,False,False,0,False,42
msg_03841,server_001,server_001_text_1,user_server_001_9041,2025-10-13 00:11:53,Then international citizen.,True,False,0,False,27
msg_03842,server_009,server_009_text_1,user_server_009_2536,2025-07-14 21:45:19,"Gas deep him tell hour surface discover. Cut high ten reflect among window. Baby recognize it firm catch.
Fall about agency wide man art. Security wrong training recognize forward step fish finally.",False,False,0,False,198
msg_03843,server_010,server_010_text_3,user_server_010_7682,2025-07-17 09:01:33,Early different task prepare.,False,True,0,False,29
msg_03844,server_004,server_004_text_1,user_server_004_7556,2026-04-27 19:52:06,Option history man begin.,False,False,0,False,25
msg_03845,server_010,server_010_text_4,user_server_010_5907,2025-08-07 02:49:51,Everything sister entire Mrs culture himself woman. When past responsibility time. Family dark audience night ground my.,False,False,0,False,120
msg_03846,server_009,server_009_text_1,user_server_009_7008,2026-06-05 10:54:17,Way either all throw pressure more red improve.,False,False,0,False,47
msg_03847,server_005,server_005_text_5,user_server_005_7338,2025-11-25 07:26:10,Deep voice company process possible health.,False,False,0,False,43
msg_03848,server_010,server_010_text_4,user_server_010_9810,2025-07-26 17:28:09,Last value teacher shake.,False,False,5,False,25
msg_03849,server_007,server_007_text_2,user_server_007_2471,2025-11-26 09:51:15,House general mean professional population break.,False,False,0,False,49
msg_03850,server_004,server_004_text_3,user_server_004_9844,2025-11-04 20:37:01,Dinner base lead edge.,False,True,0,False,22
msg_03851,server_007,server_007_text_2,user_server_007_4410,2026-02-04 03:47:27,Ahead behavior money let wrong keep take. Small lay assume agree gas. Lay design morning before produce draw toward price.,False,False,0,False,122
msg_03852,server_005,server_005_text_1,user_server_005_2257,2026-03-25 02:56:54,Candidate wait practice today training me those.,False,False,0,False,48
msg_03853,server_010,server_010_text_3,user_server_010_6065,2025-08-23 08:21:11,Expect write other continue page.,False,False,0,False,33
msg_03854,server_010,server_010_text_1,user_server_010_8614,2025-10-17 21:03:26,Fund own might argue country daughter.,False,False,0,False,38
msg_03855,server_009,server_009_text_1,user_server_009_3835,2025-08-05 13:59:07,Service possible whole spend check rock half.,False,False,4,False,45
msg_03856,server_003,server_003_text_3,user_server_003_8944,2025-08-22 10:00:48,Describe friend issue including actually growth suddenly woman.,False,False,3,False,63
msg_03857,server_007,server_007_text_2,user_server_007_4364,2026-05-04 15:40:33,Some sing sense south.,False,True,0,False,22
msg_03858,server_001,server_001_text_1,user_server_001_7043,2025-11-02 15:18:07,Wait herself often gas ask enjoy to.,False,False,0,False,36
msg_03859,server_007,server_007_text_2,user_server_007_5430,2026-02-21 21:32:17,Consider option development name campaign raise bank. Late want picture lot will certain.,False,False,0,False,89
msg_03860,server_006,server_006_text_1,user_server_006_8554,2026-02-18 16:12:12,"Drop person item particularly rate method. Lose rule single. Include painting record born cause.
Off notice administration thought city establish nearly.",False,False,0,False,153
msg_03861,server_002,server_002_text_3,user_server_002_7488,2025-06-30 14:43:29,Everyone professional before southern feeling. Almost stage can threat sport notice decide.,False,False,0,False,91
msg_03862,server_003,server_003_text_1,user_server_003_9964,2026-02-20 06:03:54,Between challenge behind dog response other.,False,False,0,False,44
msg_03863,server_005,server_005_text_3,user_server_005_2690,2026-04-26 11:34:49,Create can audience watch situation push.,False,False,3,False,41
msg_03864,server_002,server_002_text_1,user_server_002_7947,2025-10-12 05:21:00,Day mind old argue home place.,False,False,0,False,30
msg_03865,server_001,server_001_text_1,user_server_001_4185,2025-09-09 06:28:42,Goal fact take our character choose feeling food.,False,False,0,False,49
msg_03866,server_005,server_005_text_1,user_server_005_2279,2025-12-01 22:37:59,"Drive instead whom great bag message.
Anything long employee only authority. Support store cup agreement. Great person ten court.",False,False,0,False,129
msg_03867,server_009,server_009_text_2,user_server_009_8156,2026-04-07 07:33:46,"According part run it. Exist point per. Question moment skill according society coach voice.
When approach who hit. International friend turn deal. Interest during note poor able language.",False,False,0,False,188
msg_03868,server_003,server_003_text_2,user_server_003_5949,2026-02-14 20:57:59,"Century four account maintain nation pay food.
Threat TV something bad across single bring. Number spend data seem.
Address both picture measure camera money. Mean letter language across none PM.",False,False,0,False,195
msg_03869,server_008,server_008_text_1,user_server_008_8154,2026-03-16 16:20:08,Impact base mouth never appear pretty.,False,False,0,False,38
msg_03870,server_010,server_010_text_2,user_server_010_2556,2026-03-26 01:30:26,Choice turn task study head foot behind.,False,False,0,False,40
msg_03871,server_002,server_002_text_2,user_server_002_6846,2025-11-09 22:59:12,Summer career teacher hard.,True,False,0,False,27
msg_03872,server_010,server_010_text_4,user_server_010_3627,2026-04-06 11:13:37,Blood everyone end agreement food.,False,True,0,False,34
msg_03873,server_010,server_010_text_2,user_server_010_7159,2026-05-06 05:58:50,Sound energy successful think lay story claim. Bring company class worker certainly blood his or. Image land rule from million spend bag.,False,False,5,False,137
msg_03874,server_004,server_004_text_3,user_server_004_2590,2026-02-25 21:30:58,Scientist serve two network professor list exist.,False,False,4,False,49
msg_03875,server_002,server_002_text_2,user_server_002_7642,2025-06-22 08:38:45,Improve voice body art age down.,False,False,0,False,32
msg_03876,server_008,server_008_text_5,user_server_008_4128,2025-09-27 04:04:10,Him with computer couple fund while.,False,False,0,False,36
msg_03877,server_003,server_003_text_2,user_server_003_6945,2026-04-07 17:41:44,"We purpose process voice hear light activity. Recognize tree sea science.
Anyone fund professor within space. Blood think particular customer to happy.",True,False,0,False,151
msg_03878,server_009,server_009_text_2,user_server_009_2366,2026-06-04 00:13:13,Themselves also teacher court nor. Tree across production inside parent itself I again.,False,False,0,False,87
msg_03879,server_004,server_004_text_5,user_server_004_4760,2025-09-10 01:07:48,"Take fall check stage Republican senior traditional itself. Various pretty whatever fast red.
Recently south something century affect. According measure drop occur.",False,False,0,False,164
msg_03880,server_001,server_001_text_2,user_server_001_5526,2025-09-26 20:05:18,Cut however avoid watch.,True,False,0,False,24
msg_03881,server_009,server_009_text_2,user_server_009_2299,2025-08-07 17:28:07,Throughout money both piece be article candidate.,False,False,3,False,49
msg_03882,server_009,server_009_text_1,user_server_009_2687,2026-05-16 13:42:06,Major thousand stay police.,False,False,2,False,27
msg_03883,server_006,server_006_text_2,user_server_006_7071,2025-12-16 14:06:35,Cell street quickly realize.,False,False,5,False,28
msg_03884,server_002,server_002_text_1,user_server_002_7919,2026-01-27 08:42:15,Rule economy nearly evening fast.,False,False,0,False,33
msg_03885,server_010,server_010_text_3,user_server_010_6684,2025-11-17 11:05:58,Consumer artist themselves Mr feeling nice letter.,False,False,0,False,50
msg_03886,server_002,server_002_text_4,user_server_002_5078,2026-05-06 15:38:40,Director again knowledge data table.,False,False,0,False,36
msg_03887,server_002,server_002_text_3,user_server_002_6384,2026-04-11 03:40:16,Finally even everyone here activity.,False,False,0,False,36
msg_03888,server_005,server_005_text_2,user_server_005_1613,2026-06-07 02:02:06,"Government why positive. Campaign church wrong minute.
Serve others effort under arrive include. Budget exactly drop history interview represent carry go.",False,False,0,False,154
msg_03889,server_007,server_007_text_2,user_server_007_3547,2025-12-05 15:35:59,Guess say shake those sport state kitchen.,False,False,0,False,42
msg_03890,server_001,server_001_text_1,user_server_001_5526,2025-09-29 01:31:54,Treat every no war score.,False,False,0,False,25
msg_03891,server_009,server_009_text_2,user_server_009_6840,2026-03-26 06:49:38,Prove beautiful make.,False,False,0,False,21
msg_03892,server_006,server_006_text_2,user_server_006_4677,2026-01-23 15:41:57,"Impact cover usually condition organization guess. Year around approach investment special nice small baby.
Science especially debate security high source trade. Beyond live election party.",True,False,0,False,189
msg_03893,server_006,server_006_text_2,user_server_006_1613,2025-10-14 20:32:46,Nor bring something agreement argue relate.,False,False,0,False,43
msg_03894,server_004,server_004_text_4,user_server_004_1000,2026-03-23 13:52:11,"Season vote watch much. Although glass impact company central recognize.
Identify why approach despite measure policy. Arm ever despite.",False,False,0,False,136
msg_03895,server_007,server_007_text_2,user_server_007_2274,2026-01-09 08:44:36,Charge out shake finally himself.,False,False,2,False,33
msg_03896,server_001,server_001_text_1,user_server_001_4185,2025-09-04 12:24:47,"Peace stock avoid author. Hour us big response likely audience.
Individual today candidate work. Even practice letter example. That along try business process miss blue.",False,False,0,False,169
msg_03897,server_009,server_009_text_1,user_server_009_2207,2025-12-13 01:12:32,"Bank magazine common try remain may do. Prove process head.
Important most might herself. Lead time box quality. Lay listen skin community politics finally each.",True,True,0,False,161
msg_03898,server_001,server_001_text_2,user_server_001_9041,2026-02-16 06:46:15,Lawyer simply color develop type staff could.,True,False,0,False,45
msg_03899,server_005,server_005_text_6,user_server_005_3248,2026-02-24 05:47:17,Surface training ability.,False,False,0,False,25
msg_03900,server_004,server_004_text_3,user_server_004_7306,2026-02-02 06:25:30,Way clear pass when indeed past.,False,False,0,False,32
msg_03901,server_010,server_010_text_4,user_server_010_6571,2025-12-20 23:26:38,"Fear grow itself. Anyone series city also pull. Accept information piece while.
High cell develop must should. Ever truth control name change ability painting.",False,False,0,True,159
msg_03902,server_008,server_008_text_4,user_server_008_4128,2025-08-11 22:17:15,Road usually hospital life. Brother skill also big management. Side bring lead according. Use section check doctor forward father system.,False,False,0,False,137
msg_03903,server_001,server_001_text_1,user_server_001_9938,2026-03-12 23:00:44,Animal message play find.,False,False,0,False,25
msg_03904,server_008,server_008_text_5,user_server_008_4924,2026-03-03 09:20:38,"Center already represent run. Range item debate movement few once assume.
Several central drug board me federal. Provide threat score experience almost standard.",False,False,0,False,161
msg_03905,server_005,server_005_text_3,user_server_005_2949,2026-03-17 15:11:22,Oil trip message who resource.,False,False,0,False,30
msg_03906,server_002,server_002_text_1,user_server_002_4635,2025-04-30 04:04:16,Management standard save memory government process bring.,False,False,0,False,57
msg_03907,server_008,server_008_text_2,user_server_008_8982,2025-10-10 12:51:30,Lawyer lay bad worry energy red reason.,False,False,0,False,39
msg_03908,server_003,server_003_text_3,user_server_003_5827,2026-02-13 04:37:48,"Million clear message traditional pick room method American. Picture between unit operation your.
Take Mrs model. Once receive indeed establish guy. Rule believe fish onto room.",True,False,0,False,177
msg_03909,server_008,server_008_text_3,user_server_008_6987,2026-04-28 16:15:33,"Human ready agree central wrong energy maybe. Reality change poor across.
Just moment final different past example ready. White summer care draw building mouth establish.",False,False,0,False,170
msg_03910,server_009,server_009_text_2,user_server_009_8662,2026-03-06 04:41:40,Bring five first force leave position.,False,False,0,False,38
msg_03911,server_003,server_003_text_2,user_server_003_8947,2026-04-09 21:24:49,Why until husband scene population piece under big.,False,False,0,False,51
msg_03912,server_003,server_003_text_1,user_server_003_3984,2025-11-28 16:00:35,Speak detail million hear agree.,False,True,0,False,32
msg_03913,server_002,server_002_text_2,user_server_002_7642,2025-06-27 05:33:16,Model enough role police a gas.,False,False,0,False,31
msg_03914,server_006,server_006_text_1,user_server_006_1458,2025-10-01 00:58:57,"Expert evening miss truth. Approach yourself soldier professor front.
Policy court court course eight whose partner.",False,False,0,False,116
msg_03915,server_003,server_003_text_1,user_server_003_9195,2025-06-12 03:02:44,Ability whatever many change stage.,False,False,0,False,35
msg_03916,server_005,server_005_text_6,user_server_005_4737,2026-06-13 22:13:53,Clearly field seek specific color indeed.,False,False,0,False,41
msg_03917,server_006,server_006_text_1,user_server_006_5249,2025-10-24 14:06:59,Attack these item able treatment picture. Red right could us. Court question quickly history several hot all.,False,False,0,False,109
msg_03918,server_003,server_003_text_5,user_server_003_7804,2025-12-15 13:05:15,"Receive easy staff get. Movement manage there something day structure already.
Remain will social. Military reveal past appear often thought. Weight step for look someone cultural even.",False,False,0,False,185
msg_03919,server_008,server_008_text_4,user_server_008_1408,2026-04-20 18:14:02,Small full itself could learn.,False,False,0,False,30
msg_03920,server_008,server_008_text_2,user_server_008_4330,2026-05-29 04:58:04,Soon family ability yeah.,False,False,5,False,25
msg_03921,server_009,server_009_text_1,user_server_009_5397,2025-09-04 06:24:09,Single able fact field movement community group.,False,False,0,False,48
msg_03922,server_001,server_001_text_2,user_server_001_4501,2026-01-27 18:44:28,Million identify stop tell citizen cut offer.,False,False,0,False,45
msg_03923,server_006,server_006_text_2,user_server_006_1821,2026-05-31 19:35:19,Not safe fight citizen difference after.,False,False,0,False,40
msg_03924,server_004,server_004_text_1,user_server_004_6358,2025-08-21 09:09:38,"Tv see as nearly. Little admit key space alone.
Conference piece there left. Benefit hour rise so think.
Affect method wife time visit since push. Summer rise town water ask green doctor.",False,False,0,False,187
msg_03925,server_007,server_007_text_2,user_server_007_6326,2026-04-27 12:04:42,Degree collection smile land green.,False,False,0,False,35
msg_03926,server_004,server_004_text_5,user_server_004_5092,2025-09-16 08:16:11,Glass admit study society challenge. Father strong along phone make debate account who. Collection agency but everything. Mind capital three near hear author brother.,False,False,3,False,166
msg_03927,server_004,server_004_text_2,user_server_004_4229,2025-10-14 03:27:40,You class sound.,True,False,0,False,16
msg_03928,server_005,server_005_text_6,user_server_005_8046,2026-03-13 14:41:03,Wait listen authority loss.,False,False,0,False,27
msg_03929,server_009,server_009_text_1,user_server_009_5979,2026-05-30 19:02:38,Charge control cover various why coach reason.,False,False,0,False,46
msg_03930,server_008,server_008_text_1,user_server_008_9256,2026-05-27 18:29:45,One player trial.,False,False,0,False,17
msg_03931,server_008,server_008_text_6,user_server_008_6977,2026-01-28 17:03:44,"Remain history sell care. Dog environment still later.
Rest challenge series cultural only this. Argue history century every simple loss collection.",False,False,0,False,148
msg_03932,server_008,server_008_text_4,user_server_008_8238,2025-07-20 16:46:46,Lose work meet morning building do. Front push cup leg light cut.,False,False,0,False,65
msg_03933,server_007,server_007_text_1,user_server_007_4645,2026-02-01 02:43:40,Ask new choice international building artist PM.,False,False,0,False,48
msg_03934,server_010,server_010_text_4,user_server_010_8614,2026-05-21 03:11:13,Doctor girl air watch poor it.,False,False,0,False,30
msg_03935,server_008,server_008_text_4,user_server_008_3581,2025-08-08 18:24:52,Citizen significant knowledge common.,False,False,0,False,37
msg_03936,server_002,server_002_text_4,user_server_002_5760,2026-06-05 13:34:07,Left fire great.,False,False,0,False,16
msg_03937,server_007,server_007_text_2,user_server_007_8268,2026-01-02 07:24:49,Even collection material service source whatever never call.,True,False,0,False,60
msg_03938,server_007,server_007_text_2,user_server_007_4739,2026-03-17 06:11:40,"Nature believe high cup book. Official discover business fear star.
No big management. Quite design decide list those traditional. Yes pretty official section seek teacher guy difference.",False,False,0,False,187
msg_03939,server_003,server_003_text_1,user_server_003_1138,2026-04-15 15:43:31,Natural main over trouble situation measure.,False,False,0,False,44
msg_03940,server_008,server_008_text_5,owner_008,2025-02-26 16:23:03,Too always hundred.,False,False,3,False,19
msg_03941,server_005,server_005_text_5,user_server_005_4268,2026-05-23 00:20:43,Those remember page realize. Campaign beautiful care forget take appear visit nation. Station situation media reality officer. People think culture.,False,False,0,False,148
msg_03942,server_002,server_002_text_3,user_server_002_4323,2026-02-23 21:47:50,Authority fast officer rate kind. Lot key worry side perform. Growth way operation news western fly director cell.,False,False,0,False,114
msg_03943,server_001,server_001_text_1,user_server_001_3434,2026-01-29 02:05:21,Marriage action up fear. Wind season decide center. Step attack debate report dinner his fear his.,False,False,0,False,98
msg_03944,server_002,server_002_text_3,user_server_002_3636,2025-10-09 10:14:18,Fill news economy adult rest.,False,False,0,False,29
msg_03945,server_006,server_006_text_1,user_server_006_7763,2026-04-09 09:16:58,Stage choice ahead despite four produce.,False,False,0,False,40
msg_03946,server_003,server_003_text_5,user_server_003_9261,2026-02-01 04:23:04,Interview thing production these kid.,False,False,0,False,37
msg_03947,server_008,server_008_text_2,user_server_008_3510,2026-05-06 22:55:52,Poor rule kid matter town.,False,False,2,False,26
msg_03948,server_003,server_003_text_1,user_server_003_5616,2026-02-27 02:52:45,Drop reveal order thank itself control despite.,False,False,5,False,47
msg_03949,server_008,server_008_text_4,user_server_008_9127,2025-10-14 18:20:46,Their person owner city.,False,False,0,False,24
msg_03950,server_008,server_008_text_6,user_server_008_3897,2026-01-10 05:26:19,Serious mind meeting share ever image person.,False,False,2,False,45
msg_03951,server_003,server_003_text_4,user_server_003_2119,2026-04-02 22:27:35,Wear see kind measure discussion office hotel.,False,True,0,False,46
msg_03952,server_004,server_004_text_2,user_server_004_2301,2025-11-23 19:36:08,Form entire despite stay man executive himself.,False,False,0,False,47
msg_03953,server_008,server_008_text_6,user_server_008_2132,2025-04-09 03:09:03,Someone woman better either wish building task.,False,False,0,False,47
msg_03954,server_005,server_005_text_5,user_server_005_3370,2026-04-19 08:56:27,Community traditional wrong drug feeling young technology.,False,False,2,False,58
msg_03955,server_002,server_002_text_1,user_server_002_9361,2025-09-07 13:06:17,Certain model friend machine never easy plant.,False,False,0,False,46
msg_03956,server_010,server_010_text_4,user_server_010_5097,2026-04-10 10:10:02,"Old reason compare personal yeah. Pressure senior away.
Situation who late particularly everybody price. Page mother call mother.",False,False,0,False,129
msg_03957,server_007,server_007_text_1,user_server_007_2805,2025-10-29 13:01:43,Audience well need summer article society happy. Should friend candidate purpose past. Add way run reach really.,False,False,0,False,112
msg_03958,server_007,server_007_text_2,user_server_007_7177,2026-03-07 14:28:21,Me meet discuss fast hear under.,False,False,0,False,32
msg_03959,server_003,server_003_text_2,user_server_003_3344,2026-03-29 12:19:39,Item pattern drive off see such gun.,False,True,0,False,36
msg_03960,server_005,server_005_text_2,user_server_005_8825,2026-01-04 00:31:26,Pretty kind view.,False,True,4,False,17
msg_03961,server_007,server_007_text_2,user_server_007_1456,2026-01-05 20:46:06,Process toward field which message wall.,False,False,0,False,40
msg_03962,server_006,server_006_text_2,user_server_006_5437,2026-05-06 01:14:17,Young party account feel class.,False,False,1,False,31
msg_03963,server_001,server_001_text_1,user_server_001_9947,2026-02-22 16:15:22,"Number business think ten indicate popular. Democrat hand real manager how thousand though. Prevent necessary join edge.
Surface eat instead without realize bar.",False,False,0,False,161
msg_03964,server_005,server_005_text_3,user_server_005_6235,2025-11-24 19:02:50,When wall ask statement.,False,False,5,False,24
msg_03965,server_009,server_009_text_2,user_server_009_4737,2026-01-06 11:27:09,Me say five establish start.,False,False,0,False,28
msg_03966,server_001,server_001_text_2,user_server_001_6862,2026-02-15 23:40:55,Thing I general she look level wife.,False,False,0,False,36
msg_03967,server_010,server_010_text_1,user_server_010_8087,2025-09-20 20:06:07,Seven medical total position.,False,False,0,False,29
msg_03968,server_001,server_001_text_1,user_server_001_6383,2025-12-11 12:28:44,Your summer south business.,False,False,0,False,27
msg_03969,server_007,server_007_text_1,user_server_007_3147,2025-11-15 14:15:01,Remain class across police toward edge.,False,False,0,False,39
msg_03970,server_007,server_007_text_1,user_server_007_6334,2026-05-06 12:12:25,Language thank live response.,False,False,0,False,29
msg_03971,server_002,server_002_text_1,user_server_002_1185,2026-03-08 09:05:03,Prepare read then eye against.,False,False,0,False,30
msg_03972,server_007,server_007_text_2,user_server_007_7726,2026-03-16 02:08:21,"College recognize role position return east employee message.
Fish kid quite sit possible seat. Could phone test conference other.",False,False,0,False,130
msg_03973,server_002,server_002_text_2,user_server_002_7642,2025-05-12 02:01:11,Season unit through.,False,False,0,False,20
msg_03974,server_002,server_002_text_2,user_server_002_7070,2025-07-23 16:29:15,Amount traditional culture.,False,False,0,False,27
msg_03975,server_008,server_008_text_5,user_server_008_9812,2025-04-08 01:38:02,She contain table experience nearly say.,False,False,0,False,40
msg_03976,server_001,server_001_text_1,user_server_001_9785,2026-03-21 09:23:50,First pay way.,False,False,0,False,14
msg_03977,server_004,server_004_text_3,user_server_004_3075,2025-11-14 22:19:11,Performance vote work.,False,False,1,False,22
msg_03978,server_010,server_010_text_2,user_server_010_6065,2025-08-13 05:09:28,Sense upon short each race popular tax.,True,False,0,False,39
msg_03979,server_004,server_004_text_2,user_server_004_2303,2025-11-21 18:32:38,Shoulder top gas important how cup.,False,False,3,False,35
msg_03980,server_003,server_003_text_4,user_server_003_7819,2025-06-03 17:34:53,Act us effort life big hot information.,False,False,0,False,39
msg_03981,server_010,server_010_text_2,owner_010,2025-07-13 06:23:47,Left year school represent shake road energy.,False,False,0,False,45
msg_03982,server_003,server_003_text_1,user_server_003_6605,2025-05-21 22:15:04,Age surface continue firm public author.,False,False,2,False,40
msg_03983,server_005,server_005_text_4,user_server_005_3984,2025-12-12 09:21:07,National water service apply prove.,False,False,2,False,35
msg_03984,server_001,server_001_text_2,user_server_001_9041,2025-12-22 17:57:26,Fight own idea interesting traditional number. Current population bit debate as remember quality.,False,False,0,False,97
msg_03985,server_009,server_009_text_1,user_server_009_1274,2025-07-06 09:04:14,Human ago nature return strategy goal building.,False,False,0,False,47
msg_03986,server_006,server_006_text_2,user_server_006_7361,2025-10-29 09:47:09,Upon direction minute material.,False,False,0,False,31
msg_03987,server_008,server_008_text_5,user_server_008_3510,2025-06-04 17:27:04,Yes anyone off today enter here window. Final thought quality tax low course interest.,False,False,0,False,86
msg_03988,server_007,server_007_text_2,user_server_007_9121,2026-01-23 23:33:11,Happy politics chair but popular choice enjoy.,True,False,0,False,46
msg_03989,server_006,server_006_text_2,user_server_006_5364,2026-04-23 20:31:25,Enough keep natural price.,False,False,0,False,26
msg_03990,server_008,server_008_text_1,user_server_008_8251,2025-03-13 10:21:57,Place court east.,False,False,0,False,17
msg_03991,server_003,server_003_text_5,user_server_003_6605,2025-05-24 19:32:45,"Improve teach particularly individual. Activity language company better. Whom personal military those simply.
Mission old western. Responsibility forward cultural say. Maybe woman believe cut visit.",True,True,0,False,198
msg_03992,server_003,server_003_text_5,user_server_003_6185,2025-11-06 17:49:11,Their dinner evidence vote.,False,False,0,False,27
msg_03993,server_007,server_007_text_2,user_server_007_7177,2025-12-02 04:44:56,Where television game stay build knowledge state produce.,True,False,0,False,57
msg_03994,server_010,server_010_text_2,user_server_010_5811,2026-04-04 07:36:56,Expert feeling option long sister method. Box participant others treatment front while.,False,True,0,False,87
msg_03995,server_009,server_009_text_2,user_server_009_1545,2026-04-26 10:38:15,Discussion seat but bed. Media thing civil recent show threat. International quickly animal try meeting send.,False,False,0,False,109
msg_03996,server_002,server_002_text_3,user_server_002_3258,2025-12-19 08:24:01,Dream travel key later sit but most.,False,False,0,False,36
msg_03997,server_005,server_005_text_4,user_server_005_4268,2026-04-25 13:09:50,Name Mrs attention black democratic state street.,False,False,0,False,49
msg_03998,server_006,server_006_text_2,user_server_006_3579,2026-03-13 06:45:24,Physical purpose avoid unit city bank.,False,False,0,False,38
msg_03999,server_002,server_002_text_1,user_server_002_1618,2026-05-15 02:52:35,His executive may person.,False,False,3,False,25
msg_04000,server_004,server_004_text_2,user_server_004_2301,2026-05-29 16:01:42,Race yard ahead stay.,False,False,0,False,21
msg_04001,server_006,server_006_text_1,user_server_006_7814,2025-10-24 17:05:05,Family past together name. Star cell operation statement area part guess. Center policy decade.,False,False,0,False,95
msg_04002,server_004,server_004_text_1,user_server_004_6212,2025-10-10 18:42:25,Man art production window throw.,False,False,0,False,32
msg_04003,server_010,server_010_text_4,user_server_010_3205,2026-04-27 10:57:34,Leader store trouble degree hold half general.,False,False,0,False,46
msg_04004,server_005,server_005_text_1,user_server_005_4179,2025-11-18 12:02:31,Begin herself could base.,False,False,0,True,25
msg_04005,server_003,server_003_text_4,user_server_003_6756,2026-04-01 13:23:45,"Easy though size. Law scientist cup left American sure skill.
Then involve official base. Beyond keep meeting simply before.",False,False,0,False,124
msg_04006,server_008,server_008_text_2,user_server_008_5496,2025-03-11 18:32:26,"Produce bad strategy. Board hot me more.
White property national TV nothing small future. Though southern believe care room rest executive everything.",False,False,0,False,150
msg_04007,server_001,server_001_text_2,user_server_001_7275,2025-11-22 07:40:27,Cold national today seven right.,False,True,0,False,32
msg_04008,server_004,server_004_text_3,user_server_004_3964,2026-03-23 04:55:42,Toward thousand attorney bring.,False,False,0,False,31
msg_04009,server_001,server_001_text_1,user_server_001_5719,2026-02-06 14:02:46,History Mrs newspaper start.,False,False,0,False,28
msg_04010,server_003,server_003_text_4,user_server_003_9192,2026-05-28 13:44:09,Other nor son rate memory.,False,False,0,False,26
msg_04011,server_005,server_005_text_1,user_server_005_6160,2025-11-14 16:52:37,Interest former choose again relationship place.,False,False,0,False,48
msg_04012,server_006,server_006_text_2,owner_006,2025-10-06 02:06:47,Series me audience east.,False,False,0,False,24
msg_04013,server_005,server_005_text_6,user_server_005_6655,2025-11-07 07:42:47,Exist stage floor not.,False,False,0,False,22
msg_04014,server_009,server_009_text_2,user_server_009_7488,2025-09-04 14:17:11,"Rich drive final sense.
Modern note special on make leader. List note later term response employee.",False,False,0,False,99
msg_04015,server_004,server_004_text_1,user_server_004_3070,2025-07-28 23:50:56,Room remember science third deal.,False,False,0,False,33
msg_04016,server_008,server_008_text_3,user_server_008_2867,2025-05-14 17:16:37,Make up rate space control part.,False,False,0,False,32
msg_04017,server_005,server_005_text_1,user_server_005_7338,2025-12-14 12:22:15,"Administration produce fear region same. Parent beyond citizen hair check own door. Different somebody support type.
Rule about population must. Time short indeed century.",False,False,0,False,171
msg_04018,server_003,server_003_text_5,user_server_003_9907,2026-04-01 03:53:20,End professor him.,False,False,0,False,18
msg_04019,server_010,server_010_text_3,user_server_010_4086,2026-03-09 17:06:57,Hair fund general join gas leg.,False,True,0,False,31
msg_04020,server_009,server_009_text_2,user_server_009_7846,2025-12-11 10:38:45,"Police what figure drug party nor. Start loss record recent Republican citizen food.
Citizen recently color test nearly so movement. Should five test Congress kitchen born away dog.",False,False,0,False,181
msg_04021,server_008,server_008_text_4,user_server_008_1341,2025-11-15 04:36:44,Source wind leg finish price product east.,False,False,0,False,42
msg_04022,server_010,server_010_text_3,user_server_010_3581,2025-12-12 10:50:23,Soon newspaper condition democratic herself here poor.,False,False,0,False,54
msg_04023,server_007,server_007_text_1,user_server_007_1456,2025-11-07 03:28:37,"Meet including instead when leave effect could fly.
Rock every cell avoid factor the. Very leg case wife middle take safe. Car maybe particular through consider radio stage.",True,False,2,False,173
msg_04024,server_004,server_004_text_1,user_server_004_8746,2026-02-09 18:59:33,I agreement top already tree.,False,False,5,False,29
msg_04025,server_006,server_006_text_2,user_server_006_3736,2025-12-24 22:50:33,Various treat road until enter cell discussion east. Oil night senior social east under staff. Price public itself finish true piece large.,False,False,1,False,139
msg_04026,server_010,server_010_text_1,user_server_010_6065,2025-09-21 01:47:25,Just laugh Mr get outside back brother.,False,False,0,False,39
msg_04027,server_003,server_003_text_5,user_server_003_9755,2026-05-12 17:13:48,Suffer light lot care several wonder society piece.,False,False,0,False,51
msg_04028,server_009,server_009_text_1,user_server_009_4657,2025-08-11 21:26:53,Huge truth song be grow.,False,False,0,False,24
msg_04029,server_005,server_005_text_6,user_server_005_7085,2025-10-19 06:46:38,Education three work may him bar response.,False,True,0,False,42
msg_04030,server_004,server_004_text_4,user_server_004_1506,2026-04-26 00:02:22,Toward personal own half suddenly future imagine.,False,False,2,False,49
msg_04031,server_009,server_009_text_2,user_server_009_9605,2026-05-28 14:52:08,East kind nearly between.,False,False,0,False,25
msg_04032,server_001,server_001_text_1,user_server_001_4185,2025-09-16 20:23:16,Fear whole quality agreement cell.,False,False,5,False,34
msg_04033,server_003,server_003_text_3,user_server_003_3809,2026-03-19 19:19:43,American forget each weight.,False,False,5,False,28
msg_04034,server_006,server_006_text_1,user_server_006_2944,2025-09-30 05:52:37,Action appear soldier star throw.,False,False,0,False,33
msg_04035,server_010,server_010_text_3,user_server_010_5097,2026-02-23 22:56:16,"Method assume nor where hair bag. Research long off. Teacher could old me list.
Else area join knowledge response arm fast.
Public less him health recent side. Safe fact region area significant.",False,False,0,False,194
msg_04036,server_008,server_008_text_2,user_server_008_9618,2025-09-29 18:44:54,"Century under onto interview. Wear really technology that nor significant.
Space perhaps yet expert middle. Eye still both indeed drop skill executive share.",False,False,0,False,157
msg_04037,server_004,server_004_text_3,user_server_004_3969,2026-05-05 17:38:19,"Since fast sometimes attorney federal bill. Ready sometimes will realize.
Western purpose anyone. Picture enter home edge between support.",False,False,0,False,138
msg_04038,server_001,server_001_text_2,user_server_001_3492,2025-12-27 02:54:47,"Real total face education. Later figure arrive energy.
Good same write be experience. Believe anything strategy. Treatment Democrat tonight ask population oil health.",False,False,0,False,166
msg_04039,server_010,server_010_text_1,user_server_010_7559,2026-02-25 20:36:13,Half music suddenly color I tell.,False,False,0,False,33
msg_04040,server_005,server_005_text_4,user_server_005_9432,2026-04-15 20:13:39,Eat budget street eight.,False,False,0,False,24
msg_04041,server_009,server_009_text_1,user_server_009_4644,2025-11-04 22:16:07,Sell piece official.,False,False,0,False,20
msg_04042,server_001,server_001_text_1,user_server_001_8102,2026-03-18 16:46:54,Fine voice father example report relationship capital. Risk arm step lot. My education good.,False,False,3,False,92
msg_04043,server_008,server_008_text_2,user_server_008_1149,2026-01-03 18:58:34,Reach industry at team bag even story.,True,False,0,False,38
msg_04044,server_002,server_002_text_2,user_server_002_1841,2025-04-05 17:01:56,Person white machine development fill traditional network.,False,False,0,False,58
msg_04045,server_002,server_002_text_4,user_server_002_5329,2025-07-02 18:20:17,Go edge eye put some.,False,False,0,False,21
msg_04046,server_005,server_005_text_5,user_server_005_3824,2026-06-08 19:34:05,Where write husband above major.,False,False,0,False,32
msg_04047,server_009,server_009_text_1,user_server_009_7527,2025-10-19 08:40:57,Deal left truth like across something read. Window crime boy live leg attorney start.,False,False,0,False,85
msg_04048,server_009,server_009_text_2,user_server_009_6875,2025-11-22 20:30:18,International laugh artist store.,False,False,0,False,33
msg_04049,server_004,server_004_text_2,user_server_004_8276,2025-12-08 11:13:28,Common Mrs happy if with. Television possible still language already here drop. Detail hotel traditional bill trial. Likely large attention month.,False,False,0,False,146
msg_04050,server_007,server_007_text_2,user_server_007_7079,2026-02-11 05:55:34,Free finally last better marriage college behavior.,False,False,0,False,51
msg_04051,server_010,server_010_text_2,user_server_010_3671,2026-06-09 23:45:37,"Why American out surface. Statement almost term chair also affect customer.
Size choice investment. Executive pattern her among against.",False,False,0,False,136
msg_04052,server_004,server_004_text_3,user_server_004_9381,2025-09-11 00:27:36,Debate wife reach page.,True,False,0,False,23
msg_04053,server_008,server_008_text_2,user_server_008_7120,2026-02-17 02:37:25,Entire toward performance piece begin.,False,False,0,False,38
msg_04054,server_010,server_010_text_4,user_server_010_9810,2026-03-21 16:05:01,Reveal rest wife.,False,False,0,False,17
msg_04055,server_002,server_002_text_1,user_server_002_7164,2025-06-26 09:39:47,"Public yourself there magazine another. Example according author oil or business.
Arrive himself avoid question age. Serve pressure despite guy consider. One enter yet total read ten.",False,True,0,False,183
msg_04056,server_009,server_009_text_1,user_server_009_9605,2025-08-29 13:01:39,"Can sense billion answer day.
News become six relationship various hope fire. Data old charge defense author consumer. Tonight though option consumer lot.",False,False,0,False,154
msg_04057,server_002,server_002_text_3,user_server_002_2063,2026-04-01 18:11:17,Sign manager throughout address movement.,False,False,0,False,41
msg_04058,server_006,server_006_text_2,user_server_006_8202,2025-12-16 09:36:32,Language soldier organization.,False,False,0,False,30
msg_04059,server_004,server_004_text_2,user_server_004_9322,2026-01-17 08:59:47,Blue chair check share newspaper.,False,False,0,False,33
msg_04060,server_001,server_001_text_2,user_server_001_9041,2025-11-10 12:49:05,Bed cell accept effect science smile.,False,False,0,False,37
msg_04061,server_007,server_007_text_1,user_server_007_8676,2026-03-19 10:23:30,"Instead few course ask build stuff. Ago art once ok social wonder will theory.
Realize name various nature strategy admit.",False,False,0,False,122
msg_04062,server_004,server_004_text_5,user_server_004_2320,2026-03-20 03:35:30,"Degree day though economic be recognize eat. Some company trouble what herself. Those what court.
Team need clear teacher. Fish go any material.
Such responsibility money. Draw century fight.",False,False,0,False,191
msg_04063,server_004,server_004_text_1,user_server_004_5092,2025-11-10 12:39:21,Free indicate everybody right little learn.,False,False,0,False,43
msg_04064,server_005,server_005_text_3,user_server_005_5598,2025-11-12 01:57:47,About yeah subject.,False,False,0,False,19
msg_04065,server_010,server_010_text_3,user_server_010_3718,2026-04-22 07:46:39,"And green person everybody maybe consumer behavior.
Part create car feel clear election key Mr. However increase air tax life financial. Whatever past nation government truth only.",False,False,0,True,180
msg_04066,server_010,server_010_text_1,user_server_010_9266,2026-05-27 05:49:20,Range fine difficult media couple medical follow.,False,True,0,False,49
msg_04067,server_009,server_009_text_1,user_server_009_8275,2026-04-21 08:52:30,Energy child front sure never.,False,False,0,False,30
msg_04068,server_004,server_004_text_1,user_server_004_1043,2026-03-04 23:01:06,Impact move until stage actually plan may.,False,False,0,False,42
msg_04069,server_001,server_001_text_1,user_server_001_4185,2025-09-03 10:24:52,Talk coach outside. Apply magazine indicate try cause move political security. Drop name kind center usually result fund.,False,False,0,False,121
msg_04070,server_008,server_008_text_1,user_server_008_8266,2025-12-27 01:13:57,Garden national you often tonight.,False,False,1,False,34
msg_04071,server_004,server_004_text_1,user_server_004_4074,2025-09-04 09:43:49,Employee leg from media.,False,False,0,False,24
msg_04072,server_004,server_004_text_2,user_server_004_9216,2025-07-30 01:59:54,Everyone reason weight cause station not short property.,False,False,0,False,56
msg_04073,server_007,server_007_text_2,user_server_007_6190,2026-04-25 19:26:55,Water company lose. Rule other energy include scientist. Large since door sport analysis peace.,False,True,0,False,95
msg_04074,server_009,server_009_text_1,user_server_009_9605,2025-09-27 05:11:02,American this north weight past American.,False,False,3,False,41
msg_04075,server_006,server_006_text_2,owner_006,2025-09-19 11:02:28,Threat claim save program human whom film.,True,False,0,False,42
msg_04076,server_002,server_002_text_1,user_server_002_3906,2026-05-02 09:18:58,Although society possible one clearly she suddenly appear.,False,False,0,False,58
msg_04077,server_004,server_004_text_5,user_server_004_3858,2025-08-16 09:10:18,"None assume here this team day us beyond. Debate president create good.
Stock yourself small himself. Institution above its me. Know behavior loss begin war. Identify college seven.",False,False,0,False,181
msg_04078,server_001,server_001_text_2,user_server_001_9938,2026-02-13 05:33:30,Another with once management get produce.,False,False,0,False,41
msg_04079,server_007,server_007_text_2,user_server_007_7299,2026-02-19 04:48:53,Few last keep Mrs discuss interview way wall.,True,False,0,False,45
msg_04080,server_002,server_002_text_4,user_server_002_9116,2025-07-24 18:07:30,Least animal conference agree sit.,False,False,0,False,34
msg_04081,server_006,server_006_text_1,user_server_006_1918,2026-04-03 22:52:26,Which little entire. Old top summer high night gun. Director relate event beat each fine.,False,False,0,False,89
msg_04082,server_002,server_002_text_1,user_server_002_2559,2025-10-20 10:52:02,Open present society program practice wrong.,False,False,0,False,44
msg_04083,server_004,server_004_text_2,user_server_004_4054,2026-02-06 05:20:04,"Among church read common set. Suggest relate production around who determine place. War entire expect just may.
Fly hospital although look miss. Tonight lawyer somebody mention trouble improve.",False,False,3,False,193
msg_04084,server_005,server_005_text_1,user_server_005_6518,2026-04-23 10:50:42,Claim question test chance.,False,False,0,False,27
msg_04085,server_002,server_002_text_1,user_server_002_1149,2025-08-12 05:55:09,Democrat cold of play.,False,False,0,False,22
msg_04086,server_004,server_004_text_5,user_server_004_2970,2025-11-27 20:38:27,Leave purpose it.,False,False,0,False,17
msg_04087,server_001,server_001_text_1,user_server_001_5526,2026-03-26 16:53:47,New none author great.,False,False,0,False,22
msg_04088,server_001,server_001_text_1,user_server_001_6383,2025-11-11 15:40:44,Knowledge that kind recently including sea also.,False,False,0,False,48
msg_04089,server_007,server_007_text_1,user_server_007_9923,2026-02-05 02:02:32,Part ten agency position drive wait.,False,False,5,False,36
msg_04090,server_008,server_008_text_5,user_server_008_7846,2026-05-31 16:24:38,Others century teach ground.,False,False,0,False,28
msg_04091,server_001,server_001_text_1,user_server_001_7043,2025-11-09 02:07:48,Film I magazine.,False,False,0,False,16
msg_04092,server_004,server_004_text_1,user_server_004_2819,2026-04-03 02:42:52,Miss director read.,False,True,0,False,19
msg_04093,server_001,server_001_text_1,user_server_001_8102,2026-03-09 08:40:12,Source several clear large policy animal.,True,False,0,False,41
msg_04094,server_008,server_008_text_1,user_server_008_2405,2026-04-11 20:36:40,"Begin join go several determine performance. Response probably hot ahead.
Source brother job listen Mrs nothing. Themselves hold message direction work method difference.",False,False,0,False,170
msg_04095,server_005,server_005_text_3,user_server_005_4728,2026-03-08 12:34:37,"Size pick them of against among together. Employee that box up institution.
Gas never despite like play. Size finish interest. Quite stop Congress though state the different.",False,False,0,False,174
msg_04096,server_008,server_008_text_5,user_server_008_8154,2026-03-06 18:11:51,"Test third thousand must meet see. Kind five long me laugh phone thousand.
Wide possible hope yeah number exist card. Final foot small generation out child.",False,False,0,False,156
msg_04097,server_008,server_008_text_3,user_server_008_9523,2025-12-31 08:27:47,Kid mention trouble wonder big.,False,False,0,False,31
msg_04098,server_005,server_005_text_4,user_server_005_2255,2025-11-30 12:13:41,Ground teach sea interesting lay single head. Establish number head yet treatment modern ground. Trouble whether stand child serve summer traditional.,False,False,1,False,150
msg_04099,server_001,server_001_text_1,user_server_001_8102,2026-01-17 05:55:09,Model raise ground senior pick product. Mean work building peace room suffer.,False,False,3,False,77
msg_04100,server_006,server_006_text_1,user_server_006_8202,2026-01-26 00:04:50,Condition while husband attorney up sound even. Capital economic something pattern total. Writer part teacher wind money.,False,False,1,False,121
msg_04101,server_005,server_005_text_1,user_server_005_4168,2026-03-03 04:37:13,Food recently choose continue most.,False,False,0,False,35
msg_04102,server_008,server_008_text_5,owner_008,2025-02-13 18:59:20,"Plan few high table. Difference a pass country wife push. Toward figure remember.
Become college fine include Congress might. Grow detail animal they. Loss yard tend fight last laugh.",False,False,0,False,183
msg_04103,server_004,server_004_text_2,user_server_004_4502,2026-05-22 21:12:09,Area image suggest news upon list cause Democrat.,False,False,0,False,49
msg_04104,server_008,server_008_text_1,user_server_008_9618,2026-01-19 05:35:04,Green doctor any determine lose natural commercial public.,False,False,0,False,58
msg_04105,server_006,server_006_text_1,user_server_006_2797,2026-06-13 04:38:11,Hold senior candidate stage.,False,False,0,False,28
msg_04106,server_002,server_002_text_1,user_server_002_1994,2025-07-13 07:38:28,Special body section contain film recent court.,False,False,0,False,47
msg_04107,server_010,server_010_text_2,user_server_010_7868,2026-03-09 06:07:14,Near these deep form.,False,False,0,False,21
msg_04108,server_007,server_007_text_1,user_server_007_2656,2025-12-01 16:10:34,Prepare fact film pick oil he difficult.,False,False,1,False,40
msg_04109,server_002,server_002_text_4,user_server_002_7937,2025-06-22 16:29:15,"Art culture safe left. Subject surface outside system region brother down.
Exist eye themselves fill no. Most us international lead however attorney.",False,False,5,False,149
msg_04110,server_003,server_003_text_4,user_server_003_5355,2026-02-26 09:03:22,Free site board shake. Road field nor beautiful moment rule though.,False,False,0,False,67
msg_04111,server_004,server_004_text_5,user_server_004_8158,2025-11-02 00:33:15,Lay sing spring add.,False,False,0,False,20
msg_04112,server_005,server_005_text_2,user_server_005_6072,2026-05-13 19:53:49,Truth seem interview stuff pretty also.,False,False,0,False,39
msg_04113,server_008,server_008_text_4,user_server_008_9812,2025-04-17 15:43:28,Professional buy decide fall up college.,False,False,0,False,40
msg_04114,server_005,server_005_text_2,user_server_005_4626,2026-01-14 04:04:18,Anyone street easy stuff magazine professional. Threat soldier third father trial.,False,False,0,False,82
msg_04115,server_009,server_009_text_1,user_server_009_5959,2026-03-01 10:09:34,Evidence those high table.,False,False,4,False,26
msg_04116,server_003,server_003_text_2,user_server_003_3064,2026-02-24 21:00:20,"Commercial strategy per method operation fund several.
Girl morning some fast month possible land. Yourself customer they edge director this create. Want voice meet occur.
After better organization.",True,False,2,False,198
msg_04117,server_005,server_005_text_1,owner_005,2025-10-22 09:26:35,According society single second.,False,False,0,False,32
msg_04118,server_001,server_001_text_2,user_server_001_2527,2025-09-18 22:21:00,Western return generation blood up daughter. Production prepare despite send ahead care source. Area key drug.,False,False,0,False,110
msg_04119,server_006,server_006_text_1,user_server_006_6606,2026-05-31 07:03:31,Bit small remain plant candidate teach claim director.,False,False,0,False,54
msg_04120,server_010,server_010_text_4,user_server_010_5640,2026-04-09 22:21:06,Ever according rise hour individual message.,False,False,0,False,44
msg_04121,server_010,server_010_text_2,user_server_010_7355,2025-12-31 22:32:01,Kind position drop artist.,False,False,0,False,26
msg_04122,server_009,server_009_text_1,user_server_009_2744,2025-10-03 07:25:19,Behavior soon group foreign all never side.,False,False,0,False,43
msg_04123,server_009,server_009_text_2,user_server_009_4737,2025-11-12 19:04:44,Small eat answer force.,False,False,0,False,23
msg_04124,server_009,server_009_text_2,user_server_009_1674,2026-06-04 08:42:32,After approach rather language use offer.,False,False,0,False,41
msg_04125,server_006,server_006_text_2,user_server_006_2359,2026-06-13 02:05:24,Reason on specific.,False,False,0,False,19
msg_04126,server_010,server_010_text_3,user_server_010_3581,2026-04-18 09:31:39,Leg together learn.,False,False,0,False,19
msg_04127,server_001,server_001_text_2,user_server_001_9821,2026-05-30 11:19:34,Two total run stage meet gun center.,False,False,0,False,36
msg_04128,server_001,server_001_text_2,user_server_001_9821,2026-03-26 21:34:34,Improve already morning of into. Of contain eye could everyone draw. While paper certainly from factor great number tend.,False,False,0,False,121
msg_04129,server_003,server_003_text_1,user_server_003_1351,2025-05-24 05:59:14,Management receive authority describe bar dinner.,False,False,4,False,49
msg_04130,server_005,server_005_text_1,user_server_005_7438,2025-11-13 13:22:34,Represent front area we focus several task.,False,False,5,False,43
msg_04131,server_001,server_001_text_1,user_server_001_6862,2026-02-12 09:41:38,Seek response pattern back ok she admit.,False,False,0,False,40
msg_04132,server_003,server_003_text_2,user_server_003_9791,2026-05-20 07:47:04,"Ball real allow woman. Sign social green type.
List sister ten catch.
Prepare even money within small enter. Ever special skill nearly special stuff here PM. Hotel share national.",False,False,4,False,179
msg_04133,server_007,server_007_text_2,user_server_007_3327,2026-04-27 19:29:04,Floor hard worry bad house.,False,False,0,False,27
msg_04134,server_006,server_006_text_2,user_server_006_8837,2025-11-07 15:41:11,Beat network bit here business contain.,False,False,0,False,39
msg_04135,server_006,server_006_text_2,user_server_006_5364,2026-03-08 09:48:10,Nothing race however.,False,False,0,False,21
msg_04136,server_001,server_001_text_2,user_server_001_1508,2026-01-09 15:53:51,Myself stage several who offer strategy.,False,False,0,False,40
msg_04137,server_005,server_005_text_4,user_server_005_7085,2025-10-22 13:31:31,Pay pass well add.,False,False,0,False,18
msg_04138,server_003,server_003_text_1,user_server_003_3235,2026-04-13 14:16:00,Structure nothing vote sport program.,False,False,0,False,37
msg_04139,server_003,server_003_text_2,user_server_003_7792,2025-12-07 16:51:26,Guy close full. Head then there fast. Consumer though side often finish some person be. Order Mr last lead.,False,False,0,False,107
msg_04140,server_003,server_003_text_1,user_server_003_9222,2025-05-09 07:45:48,Push beautiful sport sense.,True,False,0,False,27
msg_04141,server_002,server_002_text_4,user_server_002_5054,2026-05-11 00:34:23,Them deal tough.,False,False,0,False,16
msg_04142,server_006,server_006_text_1,user_server_006_1760,2025-12-27 02:54:39,"Meeting high use build look response condition.
Degree capital often win morning serve fast. Commercial agency apply daughter. Major long relate however method keep term manager.",False,False,0,False,178
msg_04143,server_009,server_009_text_1,user_server_009_5098,2025-10-16 16:28:47,Indeed see play simple high both.,False,False,2,False,33
msg_04144,server_009,server_009_text_1,user_server_009_8104,2025-12-25 05:43:49,Someone firm away world food role. Themselves arrive how main. Really person option imagine eight special management.,False,False,1,False,117
msg_04145,server_009,server_009_text_2,user_server_009_1272,2026-03-08 05:25:16,"Avoid field current field once information deep check. Policy food money beautiful prevent enough chair.
Painting ability open.",False,False,2,False,127
msg_04146,server_007,server_007_text_1,user_server_007_9779,2025-12-20 14:09:08,Over buy voice factor per.,False,True,0,False,26
msg_04147,server_010,server_010_text_2,user_server_010_4769,2026-05-03 04:43:54,Across manage center report each guess close build.,False,False,0,False,51
msg_04148,server_004,server_004_text_5,user_server_004_5092,2026-01-03 18:32:19,Person present artist something describe civil sport attention.,False,False,0,False,63
msg_04149,server_009,server_009_text_2,user_server_009_7367,2025-08-29 19:53:37,Investment dog Democrat because I actually old.,False,False,0,False,47
msg_04150,server_010,server_010_text_1,user_server_010_7868,2025-11-18 17:15:12,Choose gun year policy series almost.,False,False,0,False,37
msg_04151,server_003,server_003_text_2,user_server_003_3750,2026-04-23 20:42:04,"Society Republican town blood who focus. Of son customer player maybe. Game hospital either surface piece official.
Partner investment yet recognize. Must born various good.",False,False,0,False,173
msg_04152,server_009,server_009_text_1,user_server_009_1357,2025-12-31 01:00:20,"Big not weight least join institution. Audience carry style hit help item ground.
History least example worker. Against me candidate everybody role plant reach. Allow travel show compare.",False,False,2,False,187
msg_04153,server_009,server_009_text_1,user_server_009_6530,2026-06-11 16:57:51,Ready itself raise write.,False,False,0,False,25
msg_04154,server_004,server_004_text_4,user_server_004_4229,2026-03-18 11:40:05,Save decade wrong fear.,False,False,0,False,23
msg_04155,server_008,server_008_text_1,owner_008,2025-03-15 12:52:59,Whom my effect after although share. Relationship herself from medical should game. Film wall peace artist.,True,False,0,False,107
msg_04156,server_005,server_005_text_1,user_server_005_6859,2026-06-01 14:17:25,Area item relate television.,True,False,0,False,28
msg_04157,server_006,server_006_text_2,user_server_006_4677,2026-03-12 18:04:03,"Bit them have fact behind condition. Audience Democrat us seek research might.
Population hear price within. Lot name professor building.",True,False,5,False,137
msg_04158,server_004,server_004_text_2,user_server_004_7250,2025-12-25 14:35:51,Car million later wrong.,False,False,0,False,24
msg_04159,server_010,server_010_text_2,user_server_010_7682,2025-07-15 11:45:19,"Population long compare open want. Foot law recently culture peace. Shake fact drop.
Pull news agreement key. Clearly late eat sea hot between.",False,False,0,False,143
msg_04160,server_007,server_007_text_2,user_server_007_1737,2025-11-22 11:17:55,Growth blood happy list party.,True,False,0,False,30
msg_04161,server_010,server_010_text_4,user_server_010_1887,2025-11-13 21:18:00,Soldier point west current black continue. Audience hand argue commercial everybody work. Value feeling give challenge behind perform fly.,False,False,0,False,138
msg_04162,server_005,server_005_text_6,user_server_005_8041,2026-02-27 16:43:18,Treat enjoy include force catch human decide.,False,False,0,False,45
msg_04163,server_001,server_001_text_1,owner_001,2026-01-06 09:19:39,There dark weight long political instead try.,False,False,0,False,45
msg_04164,server_010,server_010_text_2,user_server_010_9980,2025-09-20 20:20:17,"Enjoy memory draw ago modern. Push exactly purpose interest nice shoulder buy.
Account provide foot firm partner side according before. Instead gun Congress just about boy management list.",False,False,0,False,188
msg_04165,server_004,server_004_text_3,user_server_004_9785,2025-10-27 15:01:25,Agreement shoulder project young road.,True,False,0,False,38
msg_04166,server_003,server_003_text_4,user_server_003_8612,2026-02-25 01:32:12,Every decide huge present campaign he.,False,False,0,False,38
msg_04167,server_010,server_010_text_2,user_server_010_9457,2025-12-04 16:43:35,Fine forget serve goal yard brother standard.,False,False,0,False,45
msg_04168,server_001,server_001_text_1,user_server_001_9540,2026-05-04 11:11:02,Those agreement later region gun note.,False,False,0,False,38
msg_04169,server_003,server_003_text_4,user_server_003_4562,2025-08-15 19:26:54,"Dream you look color tend and collection. Hair including drug arrive tree. Where kid enjoy material yard. Think baby surface loss nearly pay activity.
Green body control middle.",False,False,0,False,177
msg_04170,server_008,server_008_text_4,user_server_008_9812,2025-05-08 12:08:14,Least see year high son.,False,False,0,False,24
msg_04171,server_002,server_002_text_1,user_server_002_7743,2026-03-30 14:52:23,"Bill result college natural summer skill show. Music box keep business increase.
Woman behind form military according show everyone. Democratic lose project market another place.",False,False,0,False,178
msg_04172,server_006,server_006_text_1,user_server_006_9869,2026-03-12 03:30:46,Your sea into sell.,False,False,0,False,19
msg_04173,server_006,server_006_text_2,user_server_006_3635,2026-03-19 20:01:14,"Along expect certain group cut my hard. Its time various lay five. Little military hair pretty sense.
Suddenly moment all pretty. Realize leg method director western.",False,False,3,False,166
msg_04174,server_008,server_008_text_5,user_server_008_6924,2026-05-27 10:59:47,Plan hour always save base effect.,True,False,5,False,34
msg_04175,server_002,server_002_text_1,user_server_002_7488,2025-06-06 22:03:45,Stuff trial teach way local several.,False,False,0,False,36
msg_04176,server_004,server_004_text_2,owner_004,2025-07-18 10:14:27,Toward human nation look factor mean job.,False,True,0,False,41
msg_04177,server_006,server_006_text_1,user_server_006_6252,2026-05-28 00:53:22,"Anyone shake may several beautiful political. Mean staff method president.
No usually because bit blood. Over generation morning.",True,False,2,False,129
msg_04178,server_005,server_005_text_1,user_server_005_2088,2026-04-13 04:41:43,"Already home them notice right. Later skin probably. Hotel camera capital prepare camera edge.
Whom cover author outside my often. Seek sense us think recognize world program.",False,False,0,False,175
msg_04179,server_001,server_001_text_1,owner_001,2025-09-21 23:40:35,City air movie task us represent.,False,False,0,False,33
msg_04180,server_001,server_001_text_2,owner_001,2025-09-01 06:39:10,Standard billion nearly kind during to present different.,False,False,0,False,57
msg_04181,server_002,server_002_text_2,user_server_002_1760,2026-05-29 15:41:28,Receive society white again. See direction just reach. Like career occur someone cover.,False,False,0,False,87
msg_04182,server_001,server_001_text_1,user_server_001_7275,2025-10-11 15:21:58,Include small notice.,False,True,0,False,21
msg_04183,server_009,server_009_text_2,user_server_009_3717,2025-09-19 04:48:04,Nation skin set program effort.,False,False,0,False,31
msg_04184,server_007,server_007_text_1,user_server_007_3147,2025-12-18 21:02:33,Expert drive huge later little effort wrong.,False,False,0,False,44
msg_04185,server_005,server_005_text_2,user_server_005_1036,2026-05-18 16:30:39,Total significant race suggest during. Manager likely defense. Care skin item television.,False,True,0,False,89
msg_04186,server_010,server_010_text_1,user_server_010_7682,2025-07-15 07:38:50,Debate result above.,True,False,0,False,20
msg_04187,server_006,server_006_text_1,user_server_006_9128,2025-09-29 13:02:12,Mouth organization sister past operation somebody trial magazine.,False,False,0,False,65
msg_04188,server_009,server_009_text_2,user_server_009_3835,2025-08-14 15:59:00,Development enjoy necessary behind test.,False,False,4,False,40
msg_04189,server_009,server_009_text_1,user_server_009_2536,2025-06-30 15:58:44,Final human where raise one reduce pressure. Born then call.,True,False,0,False,60
msg_04190,server_002,server_002_text_1,user_server_002_3293,2026-03-06 02:05:07,Thus in suddenly race she among everybody.,False,False,0,False,42
msg_04191,server_005,server_005_text_5,user_server_005_5740,2025-10-29 06:53:37,Movie minute plan discover expert important.,False,False,3,False,44
msg_04192,server_010,server_010_text_1,user_server_010_1887,2025-09-29 11:52:01,Ever per service never turn happy cultural.,True,False,0,False,43
msg_04193,server_003,server_003_text_1,user_server_003_9754,2026-03-12 05:44:03,Director better purpose power garden PM piece.,False,False,0,False,46
msg_04194,server_004,server_004_text_5,user_server_004_3961,2026-06-10 15:12:32,Suddenly oil impact.,False,False,0,False,20
msg_04195,server_005,server_005_text_5,user_server_005_3008,2025-12-30 23:06:48,Tend next mouth within.,False,False,2,False,23
msg_04196,server_004,server_004_text_1,user_server_004_7721,2026-01-27 13:27:14,Open person data order.,False,False,0,False,23
msg_04197,server_010,server_010_text_3,user_server_010_4918,2026-03-01 16:28:39,Sea local bag seem federal north game.,False,False,0,False,38
msg_04198,server_004,server_004_text_1,user_server_004_5549,2025-12-02 08:57:12,Defense strong material do per visit figure long.,False,False,4,False,49
msg_04199,server_008,server_008_text_3,owner_008,2025-09-12 19:51:23,"Rich three simply tell police crime. Shake never stop seek woman.
Action break from model.
Prove task recent step.
Different contain score move pretty development. Whose relationship worry any.",False,False,0,True,193
msg_04200,server_003,server_003_text_1,user_server_003_8799,2025-09-20 16:17:48,Available billion task result really.,False,False,0,True,37
msg_04201,server_004,server_004_text_2,user_server_004_9518,2025-09-13 06:47:31,Thus college simple risk actually realize war.,False,False,0,False,46
msg_04202,server_003,server_003_text_1,user_server_003_4120,2026-04-01 12:16:55,"Group court commercial property ago guy system. Election from fly gun age.
Do itself film big almost. Station education no sister any should.
Player for catch hit religious.",False,False,0,False,173
msg_04203,server_009,server_009_text_1,user_server_009_5878,2025-10-17 14:59:12,Experience church space strong push.,False,False,0,False,36
msg_04204,server_008,server_008_text_6,user_server_008_3246,2026-02-15 00:14:46,Especially military product these.,False,False,0,False,34
msg_04205,server_008,server_008_text_2,user_server_008_1295,2026-02-12 08:46:03,Fear vote behind main or.,False,False,0,False,25
msg_04206,server_008,server_008_text_2,user_server_008_4128,2025-06-16 12:28:38,The opportunity compare news majority body piece billion.,False,True,0,False,57
msg_04207,server_004,server_004_text_5,user_server_004_6589,2025-12-15 10:47:05,"Later night baby.
She treatment billion around. Oil option old place special. Job culture describe third happy different all.",False,False,0,False,125
msg_04208,server_009,server_009_text_1,user_server_009_3913,2026-06-15 20:29:14,Explain sign once forget.,False,False,0,False,25
msg_04209,server_002,server_002_text_1,user_server_002_7406,2026-04-23 03:46:40,Theory newspaper start water allow.,False,False,0,False,35
msg_04210,server_003,server_003_text_3,user_server_003_5726,2026-04-13 15:48:28,Which risk century during star.,False,True,0,False,31
msg_04211,server_003,server_003_text_2,user_server_003_3283,2025-10-02 06:44:09,Discover instead threat imagine bed.,False,False,0,False,36
msg_04212,server_007,server_007_text_2,owner_007,2025-12-14 22:51:03,His child above organization.,True,False,0,False,29
msg_04213,server_002,server_002_text_4,user_server_002_3848,2025-09-03 06:43:49,American memory player put hold others amount.,False,False,0,False,46
msg_04214,server_002,server_002_text_4,user_server_002_5442,2026-02-05 05:05:56,"Small civil service either card offer research.
Rise southern stop majority difference. Skill development various work. Bring cold single put drive begin.",False,False,0,False,154
msg_04215,server_009,server_009_text_2,owner_009,2025-11-10 11:29:49,"Exist particular large agency view once. Party world traditional in.
Need rise operation hair. Technology great party accept raise instead night.",False,False,0,False,145
msg_04216,server_001,server_001_text_1,user_server_001_9041,2025-11-17 09:08:55,Summer today rather land Mrs herself determine his.,False,False,0,False,51
msg_04217,server_001,server_001_text_1,user_server_001_9938,2026-02-23 21:32:46,"No couple trade much. Six because trade put car avoid. Between subject voice operation.
Card identify action five.
Wonder eye go sense teach. Marriage agree walk change however.",False,False,0,False,177
msg_04218,server_003,server_003_text_1,user_server_003_4407,2025-09-30 23:01:17,Bank before show scientist more.,False,False,0,False,32
msg_04219,server_001,server_001_text_2,user_server_001_5460,2026-05-23 18:06:16,Window risk worry world north technology surface some. It rule staff federal. Although region cold civil majority later.,False,False,0,False,120
msg_04220,server_009,server_009_text_2,user_server_009_7230,2026-04-02 11:57:12,Employee crime structure force station.,False,False,0,False,39
msg_04221,server_009,server_009_text_1,user_server_009_9240,2025-12-14 03:52:13,Control issue science something nearly.,False,False,0,False,39
msg_04222,server_009,server_009_text_2,user_server_009_6143,2026-01-05 03:27:23,"Activity door specific trip attorney call. Task office tough base action edge.
Spring ten down blood thus feeling indeed. Art lead night discuss window group enough.",False,False,0,False,165
msg_04223,server_004,server_004_text_3,user_server_004_4912,2026-05-20 20:03:50,Into similar attorney read animal different forget. Face century themselves meet try. Impact order focus thousand color eight view key.,False,False,1,False,135
msg_04224,server_005,server_005_text_3,user_server_005_9221,2026-01-21 13:03:11,Drop impact daughter official able ability detail.,True,False,2,False,50
msg_04225,server_006,server_006_text_2,user_server_006_3635,2026-05-29 14:35:00,"School center factor fear economic. Congress eight summer south power course.
She hope decade maybe. Think land soon political then between wear.
Civil treat enter like he. Trade what control voice.",False,False,0,False,198
msg_04226,server_009,server_009_text_2,user_server_009_1047,2025-11-26 07:50:25,Action player truth.,False,False,0,False,20
msg_04227,server_008,server_008_text_3,user_server_008_8154,2025-07-13 01:59:23,Investment within soldier three.,False,False,0,False,32
msg_04228,server_002,server_002_text_1,user_server_002_2761,2026-03-04 01:43:57,Senior own up.,False,False,2,False,14
msg_04229,server_003,server_003_text_1,user_server_003_2333,2025-10-03 04:44:41,Science respond three month perhaps central message teacher. Already walk foreign myself.,False,False,1,False,89
msg_04230,server_008,server_008_text_3,user_server_008_6870,2025-12-15 08:05:12,Who technology join run each.,False,False,0,False,29
msg_04231,server_002,server_002_text_3,user_server_002_9116,2025-08-20 19:42:08,"Detail it surface security effect. Seem husband million.
Step play time series rest. Analysis these letter respond day strong.",False,False,0,False,126
msg_04232,server_007,server_007_text_1,user_server_007_1761,2025-12-31 10:44:06,Exactly process moment course.,False,False,0,False,30
msg_04233,server_007,server_007_text_1,user_server_007_4645,2025-12-12 12:57:28,Way remember just Republican firm forget artist structure.,True,False,0,False,58
msg_04234,server_008,server_008_text_4,user_server_008_1376,2025-12-27 09:13:55,Model shoulder upon fine.,False,False,4,False,25
msg_04235,server_001,server_001_text_1,user_server_001_6862,2026-01-24 11:37:32,Ready science beautiful contain age thus religious.,True,False,0,False,51
msg_04236,server_002,server_002_text_3,user_server_002_4885,2025-12-07 19:05:02,Summer card tax identify ball.,False,False,1,False,30
msg_04237,server_009,server_009_text_1,user_server_009_3368,2025-08-15 09:39:45,Probably of least yourself.,False,False,0,False,27
msg_04238,server_008,server_008_text_5,user_server_008_1957,2026-02-11 15:08:44,Majority sense knowledge very bag consumer. Wide choice enough soon should six. Town paper what green. Those sound include during space analysis character.,False,False,0,False,155
msg_04239,server_003,server_003_text_5,user_server_003_4549,2026-04-24 18:54:07,Quality sister machine land drop.,False,False,0,False,33
msg_04240,server_002,server_002_text_1,user_server_002_4707,2025-10-04 13:09:44,"Yard exist personal there. Mrs into school idea. Room unit choose race study leave new.
State opportunity recent. Forward share son successful media throw.",False,True,0,False,155
msg_04241,server_009,server_009_text_2,user_server_009_4010,2026-05-22 21:16:04,"Career smile value speak pay.
Customer thus so require husband share concern. Site mouth almost. Hand pattern newspaper beautiful simply.",False,False,0,False,137
msg_04242,server_010,server_010_text_4,user_server_010_9810,2025-07-21 08:59:58,Southern nation return risk two.,False,False,0,False,32
msg_04243,server_004,server_004_text_3,user_server_004_1212,2026-01-07 06:36:53,Land task space size month lawyer.,False,False,0,False,34
msg_04244,server_005,server_005_text_6,user_server_005_2102,2026-05-29 11:44:25,Head several born part.,False,False,0,True,23
msg_04245,server_002,server_002_text_1,user_server_002_3636,2025-05-10 13:16:15,Power ten eight.,False,False,3,False,16
msg_04246,server_007,server_007_text_2,user_server_007_5113,2026-05-02 04:30:53,Technology figure direction fear.,False,False,0,False,33
msg_04247,server_006,server_006_text_1,user_server_006_8318,2025-12-04 06:31:45,Positive dream teach what fire top.,False,False,3,False,35
msg_04248,server_005,server_005_text_4,user_server_005_4700,2026-04-02 17:10:26,"Staff simple chair some control table. Color size Mrs number home challenge. Hotel and bed no kid somebody.
Act goal open. Once ever our house ask protect explain. Door paper like food car.",False,True,0,False,189
msg_04249,server_006,server_006_text_1,user_server_006_7689,2025-12-21 16:59:13,Election white student entire.,False,False,0,False,30
msg_04250,server_006,server_006_text_1,user_server_006_6167,2026-03-22 07:50:11,Poor soon organization energy positive. Seek require provide professor time itself where product. Determine whatever history support provide. Run morning term why answer writer teacher.,False,False,0,False,185
msg_04251,server_006,server_006_text_2,user_server_006_5249,2025-11-19 15:17:49,Himself close half we debate about. Tough tough generation whatever doctor manager.,True,False,0,False,83
msg_04252,server_006,server_006_text_2,user_server_006_6167,2026-01-16 05:14:25,Fish that suffer guess law himself ok.,False,True,0,False,38
msg_04253,server_008,server_008_text_1,user_server_008_9812,2025-03-17 13:09:35,Fill beautiful window approach.,False,False,0,False,31
msg_04254,server_004,server_004_text_1,user_server_004_2970,2025-10-29 04:12:55,Group life exactly peace hold western about.,False,False,0,False,44
msg_04255,server_002,server_002_text_2,owner_002,2025-03-20 05:23:19,"Allow beautiful join all. Whom hope design figure important state.
War interest try lot listen American. Including list easy always reflect budget. Think commercial rest itself.",False,False,0,False,177
msg_04256,server_008,server_008_text_1,user_server_008_4625,2026-04-20 04:06:09,"Throw enter true force. Almost for eat talk relationship spend.
Mission develop family baby then keep. Chair event whose short seem. Spring star box discover.",False,False,4,False,158
msg_04257,server_009,server_009_text_2,user_server_009_5878,2026-03-11 08:56:30,"Quality close production day. Nothing price office everyone. Structure red successful network former model.
Responsibility rich guess war beat peace. According minute bring house collection reveal.",False,False,0,False,197
msg_04258,server_010,server_010_text_3,user_server_010_8614,2025-10-21 11:27:38,Memory city family too score.,False,True,0,False,29
msg_04259,server_004,server_004_text_1,user_server_004_4229,2025-09-17 21:46:28,Space industry least low if cell.,False,False,0,False,33
msg_04260,server_006,server_006_text_1,owner_006,2025-12-02 05:48:16,"Member rich security material. Spend much manage. Least benefit authority eight during.
Accept adult month sense meet task degree. According voice system low someone.",False,False,2,False,166
msg_04261,server_009,server_009_text_1,user_server_009_1450,2025-12-01 01:42:11,Baby hope look card. Message success other already wait. Rock full right American throughout particular relationship spend.,False,False,0,False,123
msg_04262,server_009,server_009_text_2,user_server_009_2189,2026-03-05 16:16:58,Those threat break yet.,False,False,0,False,23
msg_04263,server_004,server_004_text_5,user_server_004_3105,2026-01-11 07:22:38,Reason course beat reason better day school.,False,False,0,False,44
msg_04264,server_009,server_009_text_2,user_server_009_3315,2025-10-31 06:18:23,Power add range drop wrong find consumer artist.,False,False,0,False,48
msg_04265,server_005,server_005_text_4,user_server_005_2036,2026-05-06 19:15:06,Land maintain doctor able they plan consumer.,False,False,0,False,45
msg_04266,server_009,server_009_text_1,user_server_009_6134,2025-07-07 07:36:19,Poor party easy book American thing himself today. Outside exist approach institution American together range physical. Show professor no senior future option.,False,False,0,False,159
msg_04267,server_003,server_003_text_3,user_server_003_8361,2026-02-14 22:26:11,"Prepare American fund western to raise. Choice its space hour.
Economic north purpose you add. Public may begin truth full reflect.",True,False,0,False,131
msg_04268,server_004,server_004_text_5,user_server_004_8919,2025-11-16 17:46:43,Several recently clearly community cold guess stop.,False,False,0,False,51
msg_04269,server_009,server_009_text_2,user_server_009_1413,2025-09-22 19:34:06,"Threat evening fall material. We low whose leader popular. We successful guy along.
Current man possible direction same newspaper.",False,False,0,False,130
msg_04270,server_009,server_009_text_2,user_server_009_2600,2025-09-06 01:28:18,Accept hour outside indicate laugh.,False,False,0,False,35
msg_04271,server_003,server_003_text_1,user_server_003_2922,2026-02-07 22:53:01,Ask loss avoid officer value.,True,False,0,False,29
msg_04272,server_007,server_007_text_1,user_server_007_1725,2025-12-04 06:34:47,Total hour individual staff discuss scene career.,False,False,2,False,49
msg_04273,server_001,server_001_text_1,user_server_001_9889,2026-01-16 20:51:04,Change our resource million safe task.,False,False,0,False,38
msg_04274,server_004,server_004_text_3,user_server_004_8591,2025-12-16 21:59:53,Require cost exactly card population subject serve property.,False,False,4,False,60
msg_04275,server_008,server_008_text_1,user_server_008_9812,2025-07-28 03:15:45,"Reflect card authority baby. Service maybe contain dog grow beat. Five attention most more baby.
Leg tough decide expert by must. Next take operation certainly guess there.",False,True,0,False,172
msg_04276,server_003,server_003_text_1,user_server_003_4485,2025-09-14 16:35:50,Show become back describe finally.,False,False,0,False,34
msg_04277,server_010,server_010_text_2,user_server_010_9810,2026-02-27 15:13:40,Brother under whose bring look.,False,False,0,False,31
msg_04278,server_001,server_001_text_2,user_server_001_9540,2026-04-16 02:58:01,Couple this mouth coach fly.,False,False,0,False,28
msg_04279,server_003,server_003_text_4,user_server_003_2694,2026-02-21 07:16:58,"Necessary professional hard nation. Whom public may form spring sing like.
A direction threat right evening blood. Ever win add inside analysis her song performance. Up crime line have.",False,False,0,False,185
msg_04280,server_007,server_007_text_1,user_server_007_2465,2026-01-21 15:32:09,Travel goal quality financial police such role.,False,False,0,False,47
msg_04281,server_009,server_009_text_1,user_server_009_7710,2026-02-26 22:21:48,"Training property TV draw. Rich sometimes hotel box director. Water four data marriage boy type technology.
Something democratic couple sometimes. Enjoy join article interest table ability you.",False,False,1,False,193
msg_04282,server_001,server_001_text_2,user_server_001_3361,2026-04-26 07:37:48,"Ago notice point gun. Campaign billion dark head help range.
Response whatever computer international marriage. Argue either charge address just huge night.",False,False,0,False,156
msg_04283,server_005,server_005_text_4,user_server_005_1627,2025-11-09 09:49:09,House force small different public.,False,False,1,False,35
msg_04284,server_004,server_004_text_1,user_server_004_4054,2026-02-12 06:03:59,Author however deep less realize thousand board computer.,False,False,0,False,57
msg_04285,server_010,server_010_text_3,user_server_010_1740,2025-12-30 10:37:10,Prevent be language day fish likely.,False,False,0,False,36
msg_04286,server_009,server_009_text_2,user_server_009_4809,2026-03-19 15:03:46,Son relationship contain serious source all task.,False,False,0,False,49
msg_04287,server_007,server_007_text_1,user_server_007_8869,2026-04-22 13:00:12,"Yard fill pattern actually base because. Stand everybody easy positive real official street. Which nature choice office music.
Paper kid meet.",False,False,0,False,142
msg_04288,server_001,server_001_text_1,user_server_001_1132,2026-04-05 17:44:33,Eye surface hair until.,False,False,0,False,23
msg_04289,server_004,server_004_text_1,user_server_004_9785,2026-03-06 01:59:55,Watch yourself provide nature.,False,False,0,False,30
msg_04290,server_009,server_009_text_1,user_server_009_6840,2025-09-23 05:44:09,History town true.,False,False,4,False,18
msg_04291,server_003,server_003_text_1,user_server_003_9873,2026-06-13 12:20:23,Knowledge certain office majority.,False,False,0,False,34
msg_04292,server_006,server_006_text_1,user_server_006_4677,2026-05-08 06:35:59,"Trouble Congress man third specific. Center quickly professional some whom position care name.
Partner color later service song such. Three score sit measure. Artist eye strong speak miss body two.",False,False,3,False,197
msg_04293,server_010,server_010_text_1,user_server_010_7355,2026-02-27 00:41:48,Wear then early no.,False,False,0,False,19
msg_04294,server_001,server_001_text_2,user_server_001_2527,2026-01-19 20:11:27,Big soon establish bed cover lead few.,False,False,0,False,38
msg_04295,server_003,server_003_text_4,user_server_003_5145,2026-03-16 00:37:23,"Media movie mission can kid season. Save manage election west.
Make success vote choose. Alone economic anything most.",False,True,0,False,118
msg_04296,server_008,server_008_text_2,user_server_008_5565,2026-03-04 06:25:47,Learn foot least ago store.,False,False,0,False,27
msg_04297,server_007,server_007_text_2,user_server_007_9951,2026-05-28 10:02:33,Individual him relationship poor.,False,False,0,False,33
msg_04298,server_003,server_003_text_5,user_server_003_7662,2025-07-17 22:32:43,Personal example draw hold campaign kid.,True,False,0,False,40
msg_04299,server_002,server_002_text_2,user_server_002_8601,2026-01-15 23:51:09,Growth action deep six.,False,False,0,False,23
msg_04300,server_010,server_010_text_3,user_server_010_6848,2026-04-26 08:05:57,Else in structure news again prevent ability. Care election nor important drive. Seem agree night special end.,False,False,0,False,110
msg_04301,server_007,server_007_text_1,user_server_007_8235,2026-04-02 19:10:51,Population form instead something record type.,False,False,0,False,46
msg_04302,server_006,server_006_text_2,user_server_006_3233,2026-02-14 20:23:31,Security land cup tell spend process six.,False,False,0,False,41
msg_04303,server_001,server_001_text_1,user_server_001_6139,2026-01-16 01:48:10,Include consumer business should.,False,False,0,True,33
msg_04304,server_001,server_001_text_2,user_server_001_9889,2025-12-06 02:33:15,Still pass plan source property smile scientist.,False,False,0,True,48
msg_04305,server_001,server_001_text_2,user_server_001_1508,2025-09-30 11:41:05,"Customer card music provide these. Middle author likely nation manager real.
Themselves arm far name. Throw above consider physical. Month these other imagine bit someone.",False,False,0,False,171
msg_04306,server_005,server_005_text_2,user_server_005_5352,2026-03-26 03:40:54,Manager side ball south return need attack.,False,False,0,False,43
msg_04307,server_006,server_006_text_1,user_server_006_8318,2026-04-27 17:36:21,Point station production chance open.,False,False,0,False,37
msg_04308,server_006,server_006_text_1,user_server_006_2113,2026-03-29 02:46:29,"Reflect prevent describe resource. Career campaign central.
Human by page dinner already among whole. Participant account wish interesting. Expect assume herself store while into.",False,False,0,False,179
msg_04309,server_003,server_003_text_5,user_server_003_8652,2026-01-07 05:59:54,Rest eat house remain protect window.,False,False,0,False,37
msg_04310,server_008,server_008_text_4,user_server_008_7601,2025-10-10 04:19:30,Wall affect cost before recent.,True,False,0,False,31
msg_04311,server_007,server_007_text_1,user_server_007_4973,2026-01-17 02:22:14,Area note stop point unit hospital clearly option.,True,False,0,False,50
msg_04312,server_009,server_009_text_2,user_server_009_6444,2026-02-11 21:05:37,Discussion feel lot accept professional several.,False,False,0,False,48
msg_04313,server_002,server_002_text_2,user_server_002_2524,2026-03-31 21:33:25,Doctor go manager the live include.,False,False,4,False,35
msg_04314,server_009,server_009_text_1,user_server_009_6134,2025-07-02 02:43:28,Sometimes ever organization cup.,True,False,0,False,32
msg_04315,server_003,server_003_text_2,user_server_003_3798,2026-01-25 21:42:47,"At different own stand push window. Wear dream safe discover machine question.
Hear thank able. Where employee her film debate.
News reach during. Whatever near happen citizen page against good.",False,False,0,False,194
msg_04316,server_009,server_009_text_1,user_server_009_3199,2026-02-25 07:47:54,Model itself strong our up heart goal. Degree eye number pay half individual there. Lose example whether answer fly. Alone town land itself point agree low.,False,False,0,False,156
msg_04317,server_009,server_009_text_2,user_server_009_4117,2025-09-03 08:20:30,"Series expert green score family dream authority. Major throughout writer upon some. Project short sing car.
Trade although rate today send figure technology Mrs. Require personal show reflect.",False,False,0,False,193
msg_04318,server_009,server_009_text_2,user_server_009_7230,2026-04-14 18:41:35,Nice sell wonder more executive look race.,False,False,0,False,42
msg_04319,server_002,server_002_text_1,user_server_002_7499,2026-03-05 02:06:55,Until opportunity human go economy those.,False,False,0,False,41
msg_04320,server_005,server_005_text_2,user_server_005_9583,2025-12-07 23:48:39,Recognize person inside phone memory better pick.,False,False,0,False,49
msg_04321,server_005,server_005_text_3,user_server_005_1865,2026-02-09 21:43:43,Bar than not student sea read director support.,True,False,0,False,47
msg_04322,server_010,server_010_text_3,user_server_010_7974,2026-04-20 05:22:52,Task explain join page game remain view.,False,False,0,False,40
msg_04323,server_001,server_001_text_2,owner_001,2025-12-16 03:04:32,Much clear while many.,False,False,0,False,22
msg_04324,server_002,server_002_text_3,user_server_002_3258,2025-09-29 11:01:42,Newspaper candidate likely these none trial south.,False,False,0,False,50
msg_04325,server_004,server_004_text_2,user_server_004_1000,2025-08-12 10:21:12,Early present keep step. Subject material manager heavy for blue occur already.,False,False,0,False,79
msg_04326,server_001,server_001_text_1,user_server_001_5291,2025-12-18 21:58:30,Sign arm face practice individual artist.,False,False,0,False,41
msg_04327,server_003,server_003_text_1,user_server_003_2052,2026-03-30 23:14:28,Early traditional usually rest save eat.,False,False,0,False,40
msg_04328,server_005,server_005_text_6,user_server_005_3984,2025-11-05 15:37:29,Physical seven six move father ready necessary even.,False,False,4,False,52
msg_04329,server_005,server_005_text_3,user_server_005_5736,2026-02-05 22:44:09,"Media someone wrong. Window require worker mean shoulder. Source reason red claim its very.
Single not degree since brother walk upon. Or avoid person. Difference few itself question.",False,False,3,False,183
msg_04330,server_003,server_003_text_2,user_server_003_4027,2025-11-18 17:10:49,Future stand sister argue itself how.,False,False,0,False,37
msg_04331,server_007,server_007_text_2,user_server_007_4219,2026-02-14 05:49:22,"Beautiful produce one east professor evening. Learn hope people wife Democrat.
Meet begin table produce my. Single spend movie once. Necessary might under structure end.",False,False,0,False,169
msg_04332,server_010,server_010_text_4,user_server_010_4086,2025-11-13 19:26:34,Her loss listen education all environment.,False,False,0,False,42
msg_04333,server_004,server_004_text_3,user_server_004_2483,2026-01-24 13:23:20,Once you peace.,False,False,0,False,15
msg_04334,server_004,server_004_text_5,user_server_004_1385,2026-02-12 14:23:10,Popular edge star situation artist. Head quite short past to born. Behind thus case wind but prove always.,False,False,0,False,106
msg_04335,server_006,server_006_text_1,user_server_006_3736,2026-03-03 21:18:31,Risk reduce him choice no very since or.,False,False,0,False,40
msg_04336,server_009,server_009_text_2,user_server_009_1450,2025-07-10 12:15:18,Present manage interest. Pull never hospital dog information finish.,False,False,0,False,68
msg_04337,server_004,server_004_text_3,user_server_004_2303,2025-08-19 18:22:12,Answer country yard later should government trip.,False,False,0,False,49
msg_04338,server_002,server_002_text_4,user_server_002_9537,2025-08-28 22:04:23,Real both include face investment.,False,False,0,False,34
msg_04339,server_005,server_005_text_6,user_server_005_2357,2026-04-13 06:18:28,A produce run vote system.,False,False,0,False,26
msg_04340,server_007,server_007_text_2,user_server_007_2361,2026-06-12 03:26:36,Doctor sure generation new past idea.,False,False,0,False,37
msg_04341,server_004,server_004_text_2,user_server_004_2805,2026-04-19 08:04:05,Class significant fear not toward.,False,False,0,False,34
msg_04342,server_001,server_001_text_2,user_server_001_2527,2025-09-18 18:33:59,Statement decide despite should federal amount art.,False,False,0,False,51
msg_04343,server_008,server_008_text_6,user_server_008_7968,2026-03-03 22:12:07,Imagine only case.,False,False,0,False,18
msg_04344,server_010,server_010_text_1,user_server_010_8614,2025-12-11 09:07:36,Drop control themselves item. Idea bad yard contain size. None film enjoy for little upon news product.,False,False,0,False,103
msg_04345,server_002,server_002_text_3,user_server_002_4485,2026-04-12 02:17:32,Minute common some born tree yet billion international.,False,False,0,False,55
msg_04346,server_004,server_004_text_2,user_server_004_1722,2025-12-02 06:02:58,Great according sometimes natural body personal.,False,False,0,False,48
msg_04347,server_008,server_008_text_6,user_server_008_1286,2025-07-09 20:14:17,Couple still value city.,False,False,3,False,24
msg_04348,server_004,server_004_text_4,user_server_004_3280,2025-09-02 21:57:17,"Chance goal billion trial product. Customer oil employee Mrs reduce. Region rule key accept along party provide.
Far fund work because of. Notice movement know card.",False,False,0,False,165
msg_04349,server_010,server_010_text_3,user_server_010_5907,2025-10-06 02:51:26,Plan official step.,False,False,0,False,19
msg_04350,server_009,server_009_text_1,user_server_009_9266,2026-05-05 04:52:02,Dog peace center instead.,False,False,5,False,25
msg_04351,server_009,server_009_text_2,user_server_009_1532,2026-01-19 14:13:03,Write small certain eight bed whatever raise.,False,True,4,False,45
msg_04352,server_003,server_003_text_3,user_server_003_9222,2025-05-18 21:16:28,Range detail fact whom player front southern.,False,False,0,False,45
msg_04353,server_010,server_010_text_4,user_server_010_9686,2026-01-03 14:42:02,"All news investment exist fear. Institution others site number decide. Job though model.
Scientist right just build though miss body. Morning everything over picture. Dinner for five safe memory.",False,False,5,False,195
msg_04354,server_009,server_009_text_1,user_server_009_3847,2026-01-27 13:26:05,Debate such more anyone.,False,False,5,False,24
msg_04355,server_009,server_009_text_1,user_server_009_5098,2025-12-22 01:25:36,Property according daughter nothing watch put entire.,False,True,0,False,53
msg_04356,server_009,server_009_text_1,user_server_009_1413,2026-05-23 15:45:01,Second large character theory property half able.,False,False,0,False,49
msg_04357,server_005,server_005_text_2,user_server_005_5762,2026-01-06 11:47:17,Myself amount have have hand color hair.,True,False,0,False,40
msg_04358,server_008,server_008_text_3,user_server_008_1295,2026-02-07 03:53:53,Computer scientist style no only lawyer.,False,False,0,False,40
msg_04359,server_005,server_005_text_4,user_server_005_8825,2025-12-27 03:54:58,Else task fish morning.,False,False,2,False,23
msg_04360,server_002,server_002_text_1,user_server_002_7776,2025-10-11 05:08:33,Class environment old should use draw say.,False,False,0,True,42
msg_04361,server_010,server_010_text_3,user_server_010_7265,2026-03-16 18:37:33,"Son by hour position common cover old old. Section at role approach. Bank reach fund image some.
Night citizen social soldier social where finally. Budget could yard tell society room.",False,False,4,False,184
msg_04362,server_005,server_005_text_5,user_server_005_8206,2026-05-16 04:45:22,Fine yeah write there price under.,False,False,0,False,34
msg_04363,server_004,server_004_text_5,user_server_004_8276,2025-09-22 14:00:05,World everyone suddenly certain world.,False,False,0,False,38
msg_04364,server_003,server_003_text_5,user_server_003_3424,2025-08-15 04:01:21,"If manager thousand tell certain. Step sister magazine present. Surface compare will its.
Adult item gas operation modern role.
Season himself student. Choose college move back effect.",False,False,0,False,184
msg_04365,server_003,server_003_text_5,user_server_003_7977,2025-08-18 15:20:50,Young provide guess throw. Attention house forget ahead pull manage. Arm social no record opportunity same create.,False,False,0,False,114
msg_04366,server_008,server_008_text_6,user_server_008_9486,2025-11-17 11:50:59,Relationship class success.,False,False,0,False,27
msg_04367,server_004,server_004_text_5,user_server_004_6120,2025-11-30 08:37:22,Important fast true daughter most describe.,False,False,4,False,43
msg_04368,server_009,server_009_text_1,user_server_009_6458,2025-08-03 17:06:15,Ready eye hotel available.,False,False,0,False,26
msg_04369,server_002,server_002_text_4,user_server_002_3258,2026-01-23 18:25:45,Education glass a fund between rule something.,False,False,0,False,46
msg_04370,server_004,server_004_text_3,user_server_004_9216,2025-10-17 05:53:35,Make central seat book itself pick.,False,False,0,False,35
msg_04371,server_009,server_009_text_1,user_server_009_3960,2025-08-31 07:39:05,Modern choice writer music.,False,False,0,False,27
msg_04372,server_008,server_008_text_4,user_server_008_9812,2026-03-06 14:07:13,Machine course market.,True,False,0,False,22
msg_04373,server_009,server_009_text_1,user_server_009_3726,2025-10-27 16:51:02,Country away computer sort few.,False,False,0,False,31
msg_04374,server_001,server_001_text_2,user_server_001_4728,2026-05-30 09:46:31,Little send brother bit.,False,False,0,False,24
msg_04375,server_002,server_002_text_3,user_server_002_6384,2025-12-05 21:05:23,Tend someone there better.,False,False,0,False,26
msg_04376,server_002,server_002_text_2,user_server_002_4452,2025-07-27 19:22:04,Open learn win pass see police recently.,False,False,0,False,40
msg_04377,server_010,server_010_text_1,user_server_010_9980,2025-10-20 22:20:01,Night shake again rise risk only.,False,False,0,False,33
msg_04378,server_007,server_007_text_1,user_server_007_9668,2026-02-27 22:34:29,Page whom idea guy anyone forward wall. Focus do parent threat majority fund cover. Report cultural consumer data end.,False,False,0,False,118
msg_04379,server_001,server_001_text_1,user_server_001_2527,2025-11-02 02:00:45,"Special language voice well claim. Congress chance daughter edge.
Serve large and need a fight. Wife say whole.
Together management myself little again deal themselves. Either gun staff maybe.",False,False,5,False,192
msg_04380,server_009,server_009_text_2,owner_009,2025-07-03 03:38:27,"Minute machine think another. Owner time positive leg year would mouth yet. Section including against because space.
From me help. Effort final deal accept traditional either that professor.",False,False,0,False,190
msg_04381,server_005,server_005_text_3,user_server_005_2305,2026-01-12 12:12:24,Voice fire about rule.,False,False,4,False,22
msg_04382,server_007,server_007_text_2,user_server_007_4645,2026-02-28 02:08:48,"Other marriage member. Bag discover chair me apply.
Few meeting anything identify. Local picture beyond.",False,False,5,False,104
msg_04383,server_005,server_005_text_4,user_server_005_3203,2026-03-04 00:07:47,"Pick too something relate shoulder reveal. Take bed away stuff wide.
Night large entire growth home key personal. Month best assume senior begin build system.
Us debate sit allow measure news.",False,False,0,True,192
msg_04384,server_006,server_006_text_2,user_server_006_5144,2025-12-13 20:06:26,"Pattern fill type idea. Present where wide design if that bill. Land put need raise.
Sing short state. Trouble main TV good kitchen direction.",False,False,0,False,142
msg_04385,server_001,server_001_text_2,user_server_001_7274,2026-04-14 06:47:11,They rich rate early record.,True,False,4,False,28
msg_04386,server_003,server_003_text_2,user_server_003_4077,2025-09-20 20:29:02,Door democratic drug address run special.,False,False,0,False,41
msg_04387,server_005,server_005_text_1,user_server_005_5352,2026-03-25 13:17:17,Our hundred happen before.,False,False,0,False,26
msg_04388,server_007,server_007_text_2,user_server_007_8788,2026-03-25 04:23:43,Contain build over hit civil source.,False,True,5,False,36
msg_04389,server_005,server_005_text_6,user_server_005_4831,2026-04-12 22:06:40,Glass hard pretty dinner shake spend school.,False,False,0,False,44
msg_04390,server_004,server_004_text_5,user_server_004_1212,2025-11-25 09:53:17,Role memory improve four stuff.,False,False,0,False,31
msg_04391,server_001,server_001_text_2,owner_001,2026-03-25 08:10:16,Ever address agent yard.,False,False,0,False,24
msg_04392,server_006,server_006_text_1,user_server_006_1569,2026-02-12 03:18:44,"Majority rest lose foot left write. Front vote coach let range of college skill.
Lawyer low happen. Return plant look realize situation. If along sell mind whole prove man.",False,False,0,False,172
msg_04393,server_009,server_009_text_1,user_server_009_2207,2026-01-19 01:35:43,Blood small language trip.,False,False,0,False,26
msg_04394,server_005,server_005_text_6,user_server_005_1338,2026-02-14 18:09:08,Police might factor store special political.,False,False,0,False,44
msg_04395,server_001,server_001_text_2,user_server_001_7691,2026-06-02 08:03:36,Life three remember bank especially some raise.,False,False,0,False,47
msg_04396,server_003,server_003_text_1,user_server_003_9810,2025-09-01 13:05:59,Line figure front plant voice suffer concern.,True,False,0,False,45
msg_04397,server_009,server_009_text_1,user_server_009_3033,2025-07-25 08:29:55,"Point whole chair set debate movie nor. Position find general computer center loss or.
Buy inside season blood assume.
Affect pay home.",False,False,0,False,135
msg_04398,server_007,server_007_text_2,user_server_007_8268,2026-05-10 03:11:36,"Face level image even idea try. Base sign truth past hit structure expect. Lawyer threat space have.
Floor fear already service. North series maybe follow can floor.",False,False,0,False,165
msg_04399,server_004,server_004_text_1,user_server_004_6287,2025-12-31 09:27:43,Make reach great billion need total reach.,False,False,0,False,42
msg_04400,server_007,server_007_text_2,user_server_007_6841,2026-03-17 08:28:49,"New them only still visit throw surface. Within attention manager few spring east either.
Good daughter six allow so without activity. Area line box despite.",False,False,0,False,157
msg_04401,server_009,server_009_text_2,user_server_009_2083,2026-04-30 15:14:17,Night across occur though.,False,False,0,False,26
msg_04402,server_004,server_004_text_1,user_server_004_7923,2026-01-28 11:08:26,"Do human center he hand. Camera save threat huge. Full door prepare magazine.
Inside before number significant. Nice increase rather tend movement project. Claim face including seem.",False,False,0,False,182
msg_04403,server_007,server_007_text_2,user_server_007_1737,2025-11-23 02:50:58,Such present game actually.,False,False,0,False,27
msg_04404,server_002,server_002_text_1,user_server_002_5581,2026-04-20 09:54:14,Major probably main beautiful less. Decade day true her need present. At onto far certain enter become.,False,False,0,False,103
msg_04405,server_002,server_002_text_2,user_server_002_1807,2025-07-08 21:13:45,Seven particular decade model court reflect laugh through.,False,False,0,False,58
msg_04406,server_003,server_003_text_5,user_server_003_1775,2026-04-12 11:07:06,Parent school great lot machine movie.,True,False,2,False,38
msg_04407,server_001,server_001_text_2,user_server_001_6383,2026-03-31 01:53:19,Any official majority source bit allow.,False,False,0,False,39
msg_04408,server_002,server_002_text_3,user_server_002_3024,2026-02-11 03:51:29,"Activity professor customer material total truth still them.
Knowledge never community best explain loss suggest. Wish develop kind issue book. Only individual imagine rise involve little black.",False,False,0,False,194
msg_04409,server_010,server_010_text_2,user_server_010_6571,2026-06-13 16:24:11,Reality force myself go could himself inside.,False,False,0,False,45
msg_04410,server_004,server_004_text_4,user_server_004_7386,2026-03-11 06:23:12,Back man hour particularly.,False,False,0,False,27
msg_04411,server_004,server_004_text_4,user_server_004_2983,2025-10-05 05:48:11,Benefit long cup fire.,False,True,3,False,22
msg_04412,server_008,server_008_text_3,user_server_008_1137,2025-05-09 18:28:00,"Somebody discussion now you lose within. Economic reflect day individual law. His record voice material.
Them focus country together. Over management common option.
Us economic professor west.",False,False,0,False,192
msg_04413,server_003,server_003_text_1,user_server_003_6192,2026-05-13 14:51:34,Identify maintain feel player book even. Night someone movement case song plan care leader. Quickly near despite close image necessary.,False,False,0,False,135
msg_04414,server_004,server_004_text_1,user_server_004_5844,2025-12-07 21:59:04,Former fly measure size only.,False,False,0,False,29
msg_04415,server_007,server_007_text_2,user_server_007_5985,2026-01-31 02:13:36,"Eat through present. Itself voice edge design share wind. Cold cover option paper us behavior.
About discover develop front really man. Challenge include help pass hot example high.",True,False,0,False,181
msg_04416,server_005,server_005_text_2,user_server_005_9132,2026-05-04 23:18:04,Republican picture people whose.,False,False,0,False,32
msg_04417,server_003,server_003_text_1,user_server_003_6633,2026-04-25 04:03:34,"Agent him record cup. Low price whose mouth.
Today teacher conference should not whose. Whose property move especially.
Southern staff challenge.",False,False,0,False,145
msg_04418,server_006,server_006_text_2,user_server_006_2987,2026-03-23 23:21:53,"Need support great necessary garden accept rich. Girl much firm myself affect call.
Will yeah tax town military stock. Institution off doctor theory middle hour care.",False,False,0,False,166
msg_04419,server_004,server_004_text_1,user_server_004_9844,2025-11-15 14:41:10,At hold fact police right.,True,False,0,False,26
msg_04420,server_001,server_001_text_1,user_server_001_5712,2026-03-16 21:42:54,Art group light various spend present morning.,False,False,0,False,46
msg_04421,server_006,server_006_text_2,user_server_006_4052,2025-11-19 07:08:26,Security for contain century behind. Inside past we truth public whole building clear. Miss million skill seat. Live beyond speech nice while.,False,False,0,False,142
msg_04422,server_009,server_009_text_2,user_server_009_9863,2025-10-06 14:47:45,Stage own plant debate any price.,False,False,0,False,33
msg_04423,server_005,server_005_text_3,user_server_005_1443,2026-04-02 17:01:18,Reveal table leg positive forget.,False,False,0,False,33
msg_04424,server_010,server_010_text_2,user_server_010_1099,2026-04-05 06:46:15,Toward strong city another garden security.,True,False,0,False,43
msg_04425,server_010,server_010_text_2,user_server_010_9980,2025-09-15 02:36:50,Also animal professional media executive agreement city.,False,False,5,False,56
msg_04426,server_010,server_010_text_4,user_server_010_7682,2025-12-06 22:00:00,My oil answer once particularly growth operation.,False,False,0,False,49
msg_04427,server_006,server_006_text_2,user_server_006_7829,2026-04-09 06:45:18,Assume away color matter state old stay some.,True,False,2,False,45
msg_04428,server_009,server_009_text_1,user_server_009_1672,2025-08-07 00:57:49,State guess class.,False,False,0,False,18
msg_04429,server_006,server_006_text_2,user_server_006_3083,2026-02-28 09:36:00,Difference future many.,False,False,3,False,23
msg_04430,server_009,server_009_text_2,user_server_009_9845,2026-05-02 16:05:22,Beautiful garden base.,False,False,0,False,22
msg_04431,server_007,server_007_text_1,user_server_007_9733,2026-01-30 10:59:20,Price budget bad name me.,False,False,0,False,25
msg_04432,server_002,server_002_text_4,user_server_002_7642,2025-03-23 17:49:35,Customer medical buy.,False,False,0,False,21
msg_04433,server_004,server_004_text_1,user_server_004_7701,2026-03-31 19:03:15,With treat magazine wish bad.,False,False,0,False,29
msg_04434,server_009,server_009_text_1,user_server_009_7527,2025-07-14 09:03:12,"Tree music education certain board. My thus big technology father however. Quickly pick consumer computer run thank.
Take beat southern parent debate full. Hard fill cost center both.",False,False,3,False,183
msg_04435,server_001,server_001_text_1,owner_001,2025-08-31 15:46:32,Everything large teach way.,False,False,0,False,27
msg_04436,server_001,server_001_text_2,user_server_001_2527,2025-09-13 04:03:29,Page matter wear same never local save.,False,False,0,False,39
msg_04437,server_009,server_009_text_1,user_server_009_5963,2025-12-20 06:21:33,Go growth across everybody through.,True,False,4,False,35
msg_04438,server_003,server_003_text_2,user_server_003_7662,2025-10-21 05:15:41,Difference word explain herself image boy look wonder.,False,False,0,False,54
msg_04439,server_010,server_010_text_2,user_server_010_8087,2025-09-16 08:27:53,Stay interest check especially indeed off. Other former report energy ago scene world. See language physical various total true Republican.,False,False,0,False,139
msg_04440,server_001,server_001_text_2,user_server_001_5930,2025-10-17 12:22:49,Yourself race area cell better research visit again.,False,False,0,False,52
msg_04441,server_002,server_002_text_2,user_server_002_4323,2025-09-14 20:46:22,"Tough station moment spend design. Choice might build cause. Phone minute arrive design radio.
Remember well look learn crime public. Material value account end sit beautiful.",False,False,0,False,175
msg_04442,server_008,server_008_text_3,user_server_008_8444,2025-09-04 16:08:58,Simple mind want several budget.,False,False,0,False,32
msg_04443,server_002,server_002_text_1,user_server_002_4323,2025-06-15 07:30:25,Feeling work way Democrat majority nature learn source.,False,False,0,False,55
msg_04444,server_009,server_009_text_2,user_server_009_6806,2026-01-03 14:21:39,General try no professor.,False,False,0,False,25
msg_04445,server_005,server_005_text_6,user_server_005_3472,2025-12-27 21:16:41,Summer less onto must weight. Far interest beyond concern. If you when it include around.,False,False,0,False,89
msg_04446,server_002,server_002_text_1,user_server_002_7939,2025-05-09 10:40:23,"Paper young speak bag office future enough.
Stay center more good court must start clearly.
Effort remember so end between data. Whatever involve friend range media. Much position different his.",False,False,3,False,194
msg_04447,server_006,server_006_text_2,user_server_006_3736,2025-09-26 07:21:33,"Agent data after across set serious. Eat west short rule owner space security.
Four moment think enter. Recent stay foot begin animal. Party summer movie may media east.",True,False,0,False,169
msg_04448,server_002,server_002_text_2,user_server_002_5581,2026-01-14 04:40:06,Go nothing important join population medical beyond.,False,False,0,False,52
msg_04449,server_005,server_005_text_6,user_server_005_7677,2026-03-01 01:43:27,Send father pretty approach.,False,False,0,False,28
msg_04450,server_004,server_004_text_2,user_server_004_9722,2025-07-19 15:20:57,Ahead community change kid can. Away word site share administration story decision respond. Computer record own should focus model.,False,False,0,True,131
msg_04451,server_008,server_008_text_2,owner_008,2025-08-14 10:01:06,Officer look one standard idea get.,False,False,3,False,35
msg_04452,server_009,server_009_text_1,user_server_009_1910,2025-12-25 06:22:13,"Actually already cause next type never somebody pass.
Everybody movement local single wish nature box.
Technology stuff evidence writer. Later throughout husband movement.",False,False,5,False,171
msg_04453,server_002,server_002_text_1,user_server_002_1841,2025-05-06 11:45:23,Operation class position.,False,False,0,False,25
msg_04454,server_001,server_001_text_2,user_server_001_4824,2026-04-03 22:52:30,Know white fight five more value.,False,False,0,False,33
msg_04455,server_007,server_007_text_2,user_server_007_3680,2026-02-10 17:04:15,Huge safe own class.,False,False,3,False,20
msg_04456,server_001,server_001_text_1,user_server_001_6862,2025-11-18 00:48:31,Thousand meet smile fire moment now light.,False,False,0,False,42
msg_04457,server_002,server_002_text_3,user_server_002_4707,2025-08-24 23:56:54,Store by end large top thousand history compare.,False,False,0,False,48
msg_04458,server_001,server_001_text_1,owner_001,2025-09-16 13:00:34,Stand bit edge plan probably challenge act Republican. Under argue prove beautiful. Would treat yourself buy human north wall.,False,False,0,False,126
msg_04459,server_003,server_003_text_1,user_server_003_4102,2025-09-30 22:16:24,Piece people step mind can onto report.,False,False,1,False,39
msg_04460,server_008,server_008_text_2,user_server_008_4625,2025-11-15 01:21:46,"Interest site responsibility. Piece even charge until table.
View might local. Site claim give argue war.",False,False,0,False,105
msg_04461,server_002,server_002_text_4,user_server_002_6319,2026-04-14 13:37:02,"Oil manager measure crime century. City behind stand. Live pretty recent us food process. Born network strong seven all.
Arm crime staff reflect skin skin. Direction effect her.",False,False,0,False,177
msg_04462,server_004,server_004_text_4,user_server_004_3964,2026-02-04 05:49:52,"Choice thus around travel analysis huge.
Door including within road road. Shake morning finish too get test blood. Address movie prevent result.
Quickly whom station. Station like so.",False,False,1,False,183
msg_04463,server_010,server_010_text_2,user_server_010_2402,2025-12-21 21:46:17,Every movie degree such leg reach grow.,False,True,0,False,39
msg_04464,server_008,server_008_text_2,user_server_008_1125,2025-12-05 13:34:49,Produce single none cost design.,False,False,0,False,32
msg_04465,server_008,server_008_text_4,user_server_008_9271,2025-12-08 12:16:07,Need adult write term head.,False,False,0,False,27
msg_04466,server_005,server_005_text_1,user_server_005_2369,2025-12-10 10:38:48,"Mr already over kitchen kid question. For note eye animal class.
Table generation avoid pass stage financial. Up garden turn less sound. Couple she there. Really apply I eight it single live than.",False,False,0,False,196
msg_04467,server_005,server_005_text_1,user_server_005_7575,2026-01-19 00:49:11,Officer last American range table we movie.,True,False,0,False,43
msg_04468,server_009,server_009_text_1,user_server_009_7074,2025-10-25 23:03:25,World leg lay property four performance company.,False,False,0,False,48
msg_04469,server_002,server_002_text_3,user_server_002_3703,2026-04-16 21:24:54,Become on budget owner.,False,False,0,False,23
msg_04470,server_009,server_009_text_2,user_server_009_8275,2026-04-20 11:22:32,Research similar sign focus second enough.,False,True,0,False,42
msg_04471,server_003,server_003_text_2,user_server_003_9195,2025-06-22 03:39:27,Coach capital account political enjoy they high reason.,True,False,2,False,55
msg_04472,server_006,server_006_text_2,user_server_006_2212,2025-10-23 01:38:54,Establish stock this without herself instead.,False,False,0,False,45
msg_04473,server_004,server_004_text_2,user_server_004_7591,2026-06-04 04:54:29,Student assume focus evidence.,False,True,0,False,30
msg_04474,server_009,server_009_text_2,user_server_009_6855,2026-04-27 15:14:11,"Rich part computer fall. Lot rise good service lay sense. You many recent agency might.
Use body free likely anything Mr. Ask win director listen.",False,False,0,True,146
msg_04475,server_002,server_002_text_1,user_server_002_4707,2026-01-27 04:36:45,Produce its situation police what fear.,False,False,0,False,39
msg_04476,server_007,server_007_text_1,user_server_007_1834,2025-12-22 21:11:17,Would lose anything into democratic strategy increase. Major care nothing.,False,False,0,False,74
msg_04477,server_007,server_007_text_2,user_server_007_3547,2025-12-13 07:12:35,Including sport final.,False,False,0,False,22
msg_04478,server_006,server_006_text_2,owner_006,2025-10-19 14:16:26,"Soldier news nearly positive. Young interesting Mrs ahead.
Stay miss action score drug. Public character create occur later cold late yeah. Member response education.",False,False,0,False,166
msg_04479,server_003,server_003_text_1,user_server_003_9289,2026-04-27 10:05:59,Analysis section matter cell player.,False,False,0,False,36
msg_04480,server_002,server_002_text_2,user_server_002_7415,2026-02-25 16:09:26,Around speech deal also.,False,False,0,False,24
msg_04481,server_008,server_008_text_4,user_server_008_3510,2025-02-13 23:52:52,Race nation according well value.,False,True,0,False,33
msg_04482,server_007,server_007_text_1,user_server_007_6269,2025-11-07 16:03:51,Attack cultural exist building week court herself fight.,False,False,3,False,56
msg_04483,server_002,server_002_text_4,user_server_002_3636,2025-04-02 09:50:19,Class media future whether.,False,False,1,False,27
msg_04484,server_006,server_006_text_2,user_server_006_4677,2026-06-05 10:08:23,Because answer class company dog support because camera.,False,False,0,False,56
msg_04485,server_009,server_009_text_1,user_server_009_8739,2026-01-22 00:59:51,"Police down case morning key tree. Half but city kind far parent likely. Third job couple site else agent.
List professor nation part. Evidence tend beautiful buy.",False,False,0,False,163
msg_04486,server_006,server_006_text_1,user_server_006_2845,2025-12-27 18:36:11,Anything feeling month she.,False,False,1,False,27
msg_04487,server_001,server_001_text_1,user_server_001_8102,2026-02-04 14:14:52,"Executive himself hear watch last. Theory building firm man buy. Grow change clear technology guy.
Nice garden democratic. Exist policy bill enjoy.",False,False,5,False,147
msg_04488,server_010,server_010_text_2,user_server_010_1478,2025-11-10 09:35:51,Dog but ok home cup receive entire.,False,False,0,False,35
msg_04489,server_010,server_010_text_4,user_server_010_3331,2025-12-16 18:58:15,Enjoy situation firm adult nor eye big simply.,False,False,0,False,46
msg_04490,server_009,server_009_text_1,user_server_009_2536,2025-11-29 08:33:36,Ball itself forward political beat house hear.,False,False,0,False,46
msg_04491,server_008,server_008_text_1,user_server_008_7120,2025-05-08 05:30:55,Energy citizen life.,False,False,5,False,20
msg_04492,server_002,server_002_text_4,user_server_002_4062,2026-04-29 02:34:10,"Believe stop ability clearly bring. Quite thing board build. Reach gun allow add.
Item set represent fly stage run current. Technology message wind outside line.",False,False,0,False,161
msg_04493,server_005,server_005_text_2,user_server_005_3018,2026-04-05 09:13:21,Sure contain list impact deal voice.,False,False,0,False,36
msg_04494,server_009,server_009_text_1,owner_009,2025-08-09 13:52:53,Leg floor fast chair agree officer professional.,False,False,0,False,48
msg_04495,server_001,server_001_text_2,user_server_001_5291,2026-02-27 08:54:05,"Develop indeed traditional may. My hundred move return bill end my. Certainly best offer adult.
Discussion its return service. Around region laugh.",False,False,5,False,147
msg_04496,server_001,server_001_text_2,user_server_001_7971,2026-02-26 18:35:18,Adult no surface condition area image side.,False,False,0,False,43
msg_04497,server_005,server_005_text_6,user_server_005_5876,2025-11-18 05:47:45,Executive idea material the character medical. Recognize management safe opportunity system. Spend know set station. Defense daughter economic matter why executive.,False,False,0,False,164
msg_04498,server_003,server_003_text_1,user_server_003_5827,2025-11-02 01:38:47,Sit chair safe everybody very. Drop Mr choose who investment attack ability city. Defense happen fill eight some. Generation charge remember onto feeling or.,False,False,2,False,157
msg_04499,server_006,server_006_text_2,user_server_006_4677,2025-12-25 02:09:05,Another might fire stuff.,False,False,0,False,25
msg_04500,server_003,server_003_text_1,user_server_003_9444,2026-01-22 18:14:55,"Evening ten when movie least attorney cut. Economic present school stuff talk human.
Continue hold such save pass upon. Police how want beautiful. Project use dog range begin police blue.",False,False,0,False,187
msg_04501,server_010,server_010_text_1,user_server_010_6684,2025-08-30 04:44:06,Need west home.,True,False,0,False,15
msg_04502,server_005,server_005_text_6,user_server_005_6481,2026-06-12 19:32:50,South investment suffer against company.,False,False,0,False,40
msg_04503,server_009,server_009_text_2,user_server_009_6134,2025-10-01 23:06:24,Place of cultural culture under.,False,False,0,False,32
msg_04504,server_008,server_008_text_6,user_server_008_3359,2026-02-21 13:47:02,A maybe before growth morning institution provide big.,True,False,0,False,54
msg_04505,server_004,server_004_text_5,user_server_004_6567,2025-12-15 07:37:11,"Cold thousand quickly result great. Source west can list suddenly reason likely.
Exactly form play view. Concern degree among truth. Agree hair religious music time raise staff billion.",False,False,0,False,185
msg_04506,server_005,server_005_text_2,user_server_005_9592,2025-12-20 21:48:47,Short for line research Democrat civil possible. Account student special group own. Whose add serve example bring. Thing trial water second free.,True,False,0,False,145
msg_04507,server_003,server_003_text_1,user_server_003_2578,2025-06-30 12:15:22,Develop job democratic show.,True,False,0,False,28
msg_04508,server_001,server_001_text_1,user_server_001_3434,2026-04-22 00:03:43,"Tonight woman perform young reach program short. Enter heart have writer help. Risk cold material city economic true television.
Sit lead bit middle live send help. Just according agree piece.",False,False,0,False,192
msg_04509,server_010,server_010_text_3,user_server_010_7948,2026-03-29 22:52:08,Claim choose century camera its character bad.,False,False,0,False,46
msg_04510,server_004,server_004_text_3,user_server_004_6589,2025-08-18 23:01:35,"International responsibility nothing raise. Democratic position computer reason.
Light return rock there. Live staff information day former one. Be right face can might front.",True,False,0,False,175
msg_04511,server_008,server_008_text_4,user_server_008_8251,2025-05-18 04:29:34,Though property another with cultural glass argue.,False,False,0,False,50
msg_04512,server_007,server_007_text_2,user_server_007_5690,2025-12-01 04:39:11,Mean however rate since control sister surface.,False,False,0,False,47
msg_04513,server_007,server_007_text_1,user_server_007_4720,2026-03-07 08:29:09,Cut gun kind list. Author watch campaign outside main another assume. Even information quickly owner employee give price. Room word agreement bank nation ahead.,False,False,5,False,160
msg_04514,server_003,server_003_text_3,user_server_003_7884,2026-06-05 17:56:50,"Accept standard because gun leave computer.
Full factor name force me now will east. Student speak realize. She allow you relate.
Building even buy allow get.",False,False,0,False,158
msg_04515,server_005,server_005_text_2,user_server_005_2811,2026-06-06 11:43:41,Threat here they everything least raise.,False,False,0,False,40
msg_04516,server_002,server_002_text_2,user_server_002_3636,2025-05-09 13:22:13,Career someone owner respond easy.,False,False,0,False,34
msg_04517,server_004,server_004_text_1,owner_004,2025-10-17 06:35:58,"Test prevent outside the this add affect. Tend few degree. Bad event tax spring meet official direction.
Lead best after sing individual carry.",False,False,0,False,143
msg_04518,server_005,server_005_text_3,user_server_005_3370,2026-02-15 22:08:01,Base control minute total certainly ability.,False,False,0,False,44
msg_04519,server_010,server_010_text_1,user_server_010_1661,2026-06-02 12:44:26,"Toward quite they statement left beyond. Paper by building agency start wall.
In appear true section medical price. Yeah certainly business of these benefit leave group.",False,False,1,False,169
msg_04520,server_004,server_004_text_4,user_server_004_6540,2025-10-10 07:27:44,Production attorney left little full make five.,False,False,0,False,47
msg_04521,server_003,server_003_text_4,user_server_003_1453,2026-04-24 00:49:05,Medical page organization.,False,False,0,False,26
msg_04522,server_001,server_001_text_2,user_server_001_1339,2026-05-23 08:27:47,Happen want minute town property.,False,False,0,False,33
msg_04523,server_003,server_003_text_1,user_server_003_6119,2026-02-27 20:43:58,"Population itself second operation those. Dinner seek people although.
Good whom consider follow sometimes. Customer know soon reality. Them after floor collection possible unit effort.",False,False,0,False,185
msg_04524,server_005,server_005_text_5,user_server_005_2889,2025-10-29 12:14:03,Attention same expert PM over accept today.,False,False,0,False,43
msg_04525,server_002,server_002_text_2,user_server_002_7044,2025-09-18 10:51:48,Small here author personal.,False,False,0,False,27
msg_04526,server_003,server_003_text_2,user_server_003_4126,2026-02-28 07:55:09,Source vote yeah we have order happy.,False,False,0,False,37
msg_04527,server_002,server_002_text_4,user_server_002_7947,2026-04-02 00:45:11,Person defense back include smile manage.,False,True,0,False,41
msg_04528,server_002,server_002_text_1,user_server_002_7642,2025-04-23 10:29:01,Seek million discussion free.,False,False,0,False,29
msg_04529,server_006,server_006_text_2,user_server_006_9128,2025-09-27 19:39:07,Base respond safe case arrive how education.,False,True,0,False,44
msg_04530,server_008,server_008_text_6,user_server_008_5496,2025-05-10 12:16:47,Another so party.,True,False,0,False,17
msg_04531,server_009,server_009_text_1,user_server_009_1450,2025-08-23 20:43:19,"Perhaps stay employee land threat hair party.
Sport type level tend become. Summer sign officer ability eat.
Cold lot simple hair nation usually.",False,True,2,False,145
msg_04532,server_009,server_009_text_1,user_server_009_5878,2026-02-16 18:07:06,"Hit great again rather.
Product important military key full. Over music another let thought. Card strategy sell break information mother response.",False,False,4,False,146
msg_04533,server_005,server_005_text_5,user_server_005_8182,2026-04-12 09:12:44,"Wear concern risk their require. Development send miss yourself.
Meet condition road on. Early cell especially themselves allow star turn.",False,False,0,False,138
msg_04534,server_005,server_005_text_5,user_server_005_4968,2026-03-15 10:51:43,Building court travel end media bill risk. Remember fast company specific enough coach challenge. Mouth dark themselves article about.,False,False,3,False,134
msg_04535,server_004,server_004_text_2,user_server_004_4760,2026-02-01 12:55:14,Information community agent law throw great.,False,False,0,False,44
msg_04536,server_003,server_003_text_2,user_server_003_4898,2025-09-18 11:06:53,Reach plant beyond everyone.,False,False,0,False,28
msg_04537,server_001,server_001_text_1,user_server_001_2527,2025-12-31 03:18:08,Simply new generation service owner describe nor quickly.,False,False,0,False,57
msg_04538,server_009,server_009_text_1,user_server_009_3706,2025-12-17 14:41:39,Wrong season learn keep. Effort career campaign safe hard. Performance language at history anything travel course science. Gas price doctor argue country should.,False,False,0,False,161
msg_04539,server_008,server_008_text_4,user_server_008_3282,2025-12-24 09:01:45,To them notice medical.,False,False,0,False,23
msg_04540,server_002,server_002_text_1,user_server_002_3703,2025-08-07 15:53:38,Decision city cell anyone look shoulder.,False,False,0,False,40
msg_04541,server_001,server_001_text_2,user_server_001_5526,2025-09-08 01:00:12,Chair group live action listen.,False,False,0,False,31
msg_04542,server_007,server_007_text_2,user_server_007_6740,2026-03-13 10:51:38,Kid will week go happen let.,False,False,0,False,28
msg_04543,server_008,server_008_text_4,user_server_008_5496,2025-02-26 02:08:24,Moment drop college guy interesting.,False,False,0,False,36
msg_04544,server_001,server_001_text_1,user_server_001_5930,2025-11-16 06:36:17,Town economic knowledge public.,False,False,0,False,31
msg_04545,server_009,server_009_text_1,owner_009,2025-06-29 00:27:45,Compare technology thus change.,False,False,0,False,31
msg_04546,server_006,server_006_text_1,user_server_006_5987,2026-06-13 08:09:48,Always those heart couple very why point maybe.,False,False,0,False,47
msg_04547,server_005,server_005_text_3,user_server_005_3984,2025-12-25 01:50:15,Without financial economy experience simple save.,True,False,0,False,49
msg_04548,server_008,server_008_text_3,user_server_008_8959,2026-03-23 07:19:45,"Probably tree personal season pressure cover. Involve figure trip never blood opportunity budget glass.
Still heart wonder international director space. Enjoy and charge decade then.",False,False,0,False,182
msg_04549,server_009,server_009_text_1,user_server_009_9304,2026-04-13 04:39:58,"Simply process truth better them. Rest floor vote.
Player concern place teach approach I open seven. Account money cold understand cover. Listen myself throw everything nice.",False,False,0,False,174
msg_04550,server_007,server_007_text_2,user_server_007_7869,2026-06-15 16:04:55,Officer reveal risk budget yeah growth away.,False,False,0,False,44
msg_04551,server_007,server_007_text_1,user_server_007_5313,2026-06-14 10:34:22,Sometimes fill figure attention six hear most.,False,False,0,False,46
msg_04552,server_010,server_010_text_3,user_server_010_9810,2025-07-20 04:16:00,Concern meeting necessary list else adult image.,False,False,1,False,48
msg_04553,server_006,server_006_text_1,user_server_006_2359,2026-04-22 11:31:19,Special produce maintain imagine wear raise.,False,False,0,False,44
msg_04554,server_005,server_005_text_4,user_server_005_5191,2026-03-04 05:57:18,Despite address question consider image security your.,False,False,4,False,54
msg_04555,server_002,server_002_text_2,user_server_002_8786,2025-07-13 19:03:16,Deep while field past stock class great.,False,False,0,False,40
msg_04556,server_009,server_009_text_1,user_server_009_4809,2025-08-29 09:14:42,Hair remember care over public.,False,False,0,False,31
msg_04557,server_002,server_002_text_1,owner_002,2025-04-15 15:52:46,Consider down add art black.,False,False,1,False,28
msg_04558,server_006,server_006_text_1,user_server_006_1047,2026-03-15 05:03:49,Capital last ago watch.,False,False,2,False,23
msg_04559,server_003,server_003_text_2,user_server_003_8361,2025-12-02 10:20:54,Claim beyond parent simply understand able then.,True,False,0,False,48
msg_04560,server_009,server_009_text_2,user_server_009_6530,2025-11-16 14:31:21,Live anything job edge.,False,False,0,False,23
msg_04561,server_007,server_007_text_2,user_server_007_3584,2025-10-29 23:08:01,During share nothing amount couple.,False,False,2,False,35
msg_04562,server_010,server_010_text_1,user_server_010_6292,2026-03-06 11:20:37,"Must best be yet loss. Education star can analysis full wonder. Happy degree ask quality expert beat education. Impact nature training something culture.
Across star difference worry.",False,False,0,False,183
msg_04563,server_004,server_004_text_5,user_server_004_9856,2026-05-17 07:19:04,Pm mother can.,False,False,0,False,14
msg_04564,server_008,server_008_text_1,user_server_008_9812,2025-06-17 10:27:25,Meet forget present.,False,False,0,False,20
msg_04565,server_009,server_009_text_1,user_server_009_3880,2026-02-16 01:35:54,Fast surface study fall order outside.,False,False,2,False,38
msg_04566,server_003,server_003_text_4,user_server_003_9907,2026-04-30 22:49:11,Sea class throughout might.,False,False,0,False,27
msg_04567,server_009,server_009_text_2,user_server_009_6286,2025-10-22 21:42:12,Concern race law.,False,False,0,False,17
msg_04568,server_009,server_009_text_2,user_server_009_2806,2026-05-23 22:02:12,"Avoid old take really happy. Since toward fund list.
Catch even technology local expect. Product bill war authority ago lose dream.",False,False,0,False,131
msg_04569,server_006,server_006_text_2,user_server_006_7814,2026-04-05 07:48:08,Partner candidate too student child organization.,False,False,0,False,49
msg_04570,server_001,server_001_text_1,user_server_001_6383,2025-11-01 08:05:14,Computer whose become into.,True,False,0,False,27
msg_04571,server_006,server_006_text_1,user_server_006_5987,2026-01-12 01:14:44,Live partner particularly class any discussion.,False,False,0,False,47
msg_04572,server_001,server_001_text_2,user_server_001_2527,2025-09-29 23:46:12,Person cultural stop democratic. Century agency life important. Ever head chance next hold box meet listen. Management color can notice table exist.,False,False,0,False,148
msg_04573,server_001,server_001_text_2,user_server_001_7302,2026-05-26 14:49:22,Yourself everybody citizen pretty whom explain tonight look.,False,False,0,False,60
msg_04574,server_007,server_007_text_2,user_server_007_5190,2026-03-13 04:15:31,He become billion however involve owner tend. Huge politics particularly program wife significant room. Chair play big group skin.,False,False,0,False,130
msg_04575,server_005,server_005_text_3,user_server_005_5707,2026-03-19 06:07:34,Agent reflect line stage military fine outside manager. Agent shoulder tree religious next skin but.,False,False,0,False,100
msg_04576,server_003,server_003_text_4,owner_003,2025-05-16 17:21:35,Spring type light nation.,True,False,0,False,25
msg_04577,server_010,server_010_text_1,user_server_010_5097,2026-05-22 17:26:43,Until interest food ten.,False,False,0,False,24
msg_04578,server_005,server_005_text_6,user_server_005_2896,2026-04-13 15:29:01,Possible prepare speech billion give measure wait.,True,False,2,False,50
msg_04579,server_001,server_001_text_2,user_server_001_8102,2025-09-22 05:50:52,Treatment customer certainly purpose.,False,False,0,False,37
msg_04580,server_010,server_010_text_2,user_server_010_7682,2025-07-26 08:41:33,Role player process suggest. Level then him sell. Party performance catch successful interview. Write especially sense really.,False,False,0,False,126
msg_04581,server_005,server_005_text_4,user_server_005_3882,2026-01-31 13:59:50,"Evening often situation make goal. Foot laugh pull article sort only.
Lot up situation special. Where wish itself part who. House half after position security throw.",False,False,3,False,165
msg_04582,server_006,server_006_text_2,user_server_006_8901,2026-03-27 10:36:01,Available nice couple exist.,False,False,0,False,28
msg_04583,server_009,server_009_text_1,user_server_009_1220,2025-10-01 17:43:36,Upon capital event.,False,False,0,False,19
msg_04584,server_003,server_003_text_5,user_server_003_5145,2025-07-05 00:17:22,Act difference worker model strategy.,False,False,1,False,37
msg_04585,server_005,server_005_text_3,user_server_005_1359,2026-01-26 23:04:02,"Power unit parent. Gun between actually fast. Step support bag writer relationship. Life term model trouble like woman.
Sell many resource. Soldier place fact music great speak beyond.",False,False,0,False,184
msg_04586,server_005,server_005_text_5,user_server_005_9221,2025-10-26 03:07:24,Million across thousand radio.,False,False,0,False,30
msg_04587,server_001,server_001_text_2,user_server_001_9041,2025-10-16 16:10:11,Land through down can who.,False,False,0,False,26
msg_04588,server_010,server_010_text_4,user_server_010_2738,2025-08-20 04:59:19,Conference place might sign order area.,False,False,0,False,39
msg_04589,server_001,server_001_text_2,user_server_001_9056,2026-04-05 05:51:22,Weight study try recent above medical note.,False,False,0,False,43
msg_04590,server_007,server_007_text_2,user_server_007_9121,2025-11-19 03:29:09,Arrive leave she organization attorney wrong shake. Ground money design will group employee fine imagine. From change address consider billion billion why. Skin national affect agent mother.,True,False,0,False,190
msg_04591,server_004,server_004_text_1,user_server_004_5092,2026-05-16 19:21:46,Rock item general. Life rich research yourself. Loss spend hair by feeling within.,False,False,1,False,82
msg_04592,server_004,server_004_text_5,user_server_004_7348,2026-05-15 19:09:28,Mind open marriage over. Play role economic gas. Measure design easy Congress figure land soon.,False,False,0,False,95
msg_04593,server_009,server_009_text_2,user_server_009_2744,2025-10-29 02:26:03,Message night call section become spring about.,False,False,0,False,47
msg_04594,server_007,server_007_text_1,owner_007,2025-11-29 09:15:44,"Team kid wear. Give speech all laugh too blue its. Himself price easy show teacher here past.
Half be apply way what.
College team memory change very improve. Suddenly two time back activity serve.",False,False,0,True,197
msg_04595,server_006,server_006_text_1,user_server_006_2212,2025-10-03 16:31:35,In little material allow law million job.,False,False,4,False,41
msg_04596,server_010,server_010_text_4,user_server_010_3073,2026-03-10 00:20:55,Step source above especially news least.,False,False,0,False,40
msg_04597,server_005,server_005_text_4,user_server_005_1743,2026-06-09 14:50:57,Hundred paper question interesting feeling.,True,True,0,False,43
msg_04598,server_002,server_002_text_3,user_server_002_8265,2025-12-14 19:21:17,Edge health a point experience actually.,False,False,0,False,40
msg_04599,server_010,server_010_text_3,owner_010,2025-08-20 21:43:54,Special country save once challenge forward question.,False,False,0,False,53
msg_04600,server_010,server_010_text_1,user_server_010_1953,2026-04-21 05:36:33,"Teach husband fear. Interest continue create heart. Discover talk under protect option.
Language back with with similar enjoy air. Suffer threat dog name energy general news.",False,False,0,False,174
msg_04601,server_008,server_008_text_6,user_server_008_4190,2026-03-27 13:05:03,Decision senior movie.,False,False,0,False,22
msg_04602,server_007,server_007_text_2,user_server_007_2233,2026-04-11 02:22:07,"Half shake my success after put. Should area street off morning.
Size grow far close. Seven federal radio enter team participant.",False,False,0,False,129
msg_04603,server_001,server_001_text_2,owner_001,2025-08-28 22:06:34,Available subject social paper concern. Forward open another article beat.,False,False,0,False,74
msg_04604,server_002,server_002_text_1,user_server_002_6319,2026-05-14 19:54:49,"Inside half suggest current ten my past.
Month reach life court. Subject worker lose determine.",True,False,0,False,95
msg_04605,server_008,server_008_text_3,user_server_008_3581,2026-02-05 15:21:01,"Resource result ability care. Smile attorney book surface executive four movie people. Laugh poor suddenly collection unit allow imagine war.
Whose if while hospital interview Republican building.",False,False,0,False,196
msg_04606,server_003,server_003_text_3,user_server_003_7294,2025-11-14 20:46:28,Important worker not American.,False,False,3,False,30
msg_04607,server_005,server_005_text_5,user_server_005_7934,2026-04-09 22:05:55,Mean yeah maintain guess mean.,False,False,0,False,30
msg_04608,server_004,server_004_text_5,user_server_004_2370,2026-03-13 12:11:47,Board occur sport majority.,False,False,0,False,27
msg_04609,server_002,server_002_text_2,user_server_002_7488,2025-11-07 02:16:08,Total report draw turn kitchen dinner.,False,True,0,False,38
msg_04610,server_002,server_002_text_1,user_server_002_3185,2025-07-16 17:40:03,Consumer get past television run.,False,False,0,False,33
msg_04611,server_001,server_001_text_1,owner_001,2025-08-28 00:49:12,Lawyer also character.,False,False,0,False,22
msg_04612,server_002,server_002_text_2,user_server_002_2655,2025-10-23 03:19:31,Education her control cold try your.,True,False,0,False,36
msg_04613,server_010,server_010_text_2,user_server_010_6900,2025-11-16 06:56:28,Bank hotel pay day.,False,False,4,False,19
msg_04614,server_007,server_007_text_1,user_server_007_9645,2025-10-31 13:41:55,Cause appear improve threat major space. Pressure mention discuss step my inside west. Upon Congress reality vote stand almost tend. Laugh law piece meet.,False,False,0,False,154
msg_04615,server_004,server_004_text_1,user_server_004_1924,2025-10-13 00:10:56,"Statement main I pick. Notice attention note sit run energy tell own.
Take because food soon door name can. Father glass law garden determine those plant. Bag mention game write.",False,False,2,False,178
msg_04616,server_003,server_003_text_4,user_server_003_2326,2025-06-09 12:11:35,"Similar coach power trial parent. Test his performance. Technology happen culture seem president.
Fish none need. Significant group brother add hotel authority.",True,False,0,False,160
msg_04617,server_007,server_007_text_1,user_server_007_3379,2026-01-03 01:28:50,Left career western side better.,False,False,0,False,32
msg_04618,server_002,server_002_text_1,user_server_002_8248,2025-12-30 20:03:53,Responsibility money class site defense remain take.,False,False,0,False,52
msg_04619,server_010,server_010_text_3,user_server_010_7904,2026-05-03 15:48:23,"Test too cost small itself another. Huge less view product late them.
Generation minute however court music. Difference pull before chair environmental protect door.",False,False,2,False,165
msg_04620,server_008,server_008_text_3,user_server_008_1137,2025-11-16 18:13:44,Cup score one my while vote. Positive though strategy type computer. Behind way ability black.,False,False,0,False,94
msg_04621,server_003,server_003_text_5,user_server_003_8947,2025-09-22 02:26:52,Education less accept but figure head.,True,False,0,False,38
msg_04622,server_001,server_001_text_1,user_server_001_6314,2026-04-17 01:55:26,Today enjoy choice do.,False,False,0,False,22
msg_04623,server_010,server_010_text_2,user_server_010_9810,2026-06-04 10:22:24,They particularly issue.,False,False,4,False,24
msg_04624,server_008,server_008_text_3,user_server_008_7846,2026-03-21 19:41:24,Option stuff very natural another lay.,False,False,0,False,38
msg_04625,server_008,server_008_text_6,user_server_008_8444,2026-02-26 21:58:01,Door shake difficult management modern education.,False,False,0,False,49
msg_04626,server_007,server_007_text_2,user_server_007_7901,2026-03-15 20:23:13,Change lay realize range practice. Special admit experience clearly leave accept degree. Beyond authority small myself day right.,False,False,0,False,129
msg_04627,server_006,server_006_text_1,user_server_006_8202,2026-05-07 23:43:15,Understand son standard. Senior later audience certainly almost talk door. Political test attack discover energy.,False,False,0,False,113
msg_04628,server_002,server_002_text_1,user_server_002_5336,2026-04-10 03:18:49,Wall so first action let close.,False,False,0,False,31
msg_04629,server_005,server_005_text_4,user_server_005_2116,2026-02-14 16:41:39,Finally above answer store focus win own total.,False,False,3,False,47
msg_04630,server_005,server_005_text_5,user_server_005_7672,2026-06-15 05:13:33,"Black increase rate oil whom. Career wind business act administration.
Child cover assume director east add. Fill rest everything bill. Many control dark practice.",False,False,0,False,163
msg_04631,server_008,server_008_text_1,user_server_008_4330,2025-10-11 12:33:05,Boy wonder trip ground miss.,False,False,0,False,28
msg_04632,server_002,server_002_text_1,user_server_002_3224,2025-07-29 10:09:56,"Politics sing shake identify. Lot public cause clearly.
Response international myself happen put. Cut let happen pull career local.",False,False,4,False,131
msg_04633,server_003,server_003_text_4,user_server_003_1479,2025-08-09 14:30:21,Media task add subject audience whatever reveal.,False,True,0,False,48
msg_04634,server_010,server_010_text_1,user_server_010_3199,2025-11-24 08:24:54,"Against weight bill student. Several section myself rest.
Price west ten choice arm attorney. Apply age whole side food trouble management. Others war arrive because feeling.",False,False,0,False,174
msg_04635,server_003,server_003_text_2,user_server_003_1479,2025-08-20 14:14:17,Teach unit pass.,False,False,0,False,16
msg_04636,server_003,server_003_text_1,user_server_003_1584,2026-01-24 04:23:53,"Free each serve yourself laugh power girl. Around often side treat with.
Lot look investment push suggest.
Rich drop top simple strong my. Candidate alone mission hour cover may house.",False,False,0,False,184
msg_04637,server_003,server_003_text_2,user_server_003_5723,2025-08-29 18:30:42,"Usually shake member finish born physical. Field help test use man. Right if during way region kitchen.
Available show kind parent way theory accept up. Maybe clear edge over employee often.",False,False,5,False,190
msg_04638,server_003,server_003_text_3,user_server_003_3885,2026-05-09 09:01:21,Suddenly customer continue oil.,False,False,3,False,31
msg_04639,server_009,server_009_text_2,user_server_009_1450,2025-08-03 08:44:20,One available I treatment who college.,False,False,0,False,38
msg_04640,server_008,server_008_text_5,user_server_008_7528,2025-09-07 01:32:02,Religious project up too.,False,False,3,False,25
msg_04641,server_006,server_006_text_2,user_server_006_7071,2025-11-08 07:58:24,Analysis newspaper big bar.,False,False,0,False,27
msg_04642,server_007,server_007_text_2,user_server_007_8050,2026-05-28 15:13:34,Power tree with voice I build. Off avoid although any. These medical before kind fear discover.,False,False,0,False,95
msg_04643,server_006,server_006_text_2,user_server_006_2765,2026-06-10 10:59:04,Company item woman choice before admit.,False,False,0,False,39
msg_04644,server_001,server_001_text_1,user_server_001_5325,2026-04-30 17:57:57,Order you forget. Here home on pass however market establish see. Country kid mention film machine six. World car girl property detail.,False,False,4,False,135
msg_04645,server_002,server_002_text_4,user_server_002_4675,2025-05-31 02:57:54,"Public next voice single type perhaps. Weight space group good could laugh.
Expect late wear view. To teach thank.",True,False,0,False,114
msg_04646,server_008,server_008_text_4,user_server_008_1137,2025-08-09 16:10:12,Interest finish region although machine among usually. Several do guess likely yourself its collection drug. Along similar concern girl. Difficult cup section have.,True,False,0,False,164
msg_04647,server_001,server_001_text_1,user_server_001_7275,2025-10-12 14:29:14,How physical as should firm guess.,False,False,0,False,34
msg_04648,server_002,server_002_text_2,user_server_002_4842,2026-01-30 14:54:22,At fear take employee seem computer.,False,False,0,False,36
msg_04649,server_001,server_001_text_2,user_server_001_4501,2026-02-15 01:37:24,Ever game member ability herself field. Image protect feel yourself society law. Moment if our that character investment value. Together before scientist so set follow radio continue.,False,False,0,False,183
msg_04650,server_005,server_005_text_6,user_server_005_5740,2025-11-09 09:16:23,Behavior them protect single.,False,False,0,False,29
msg_04651,server_009,server_009_text_2,user_server_009_1274,2026-03-19 01:41:35,Laugh customer else summer.,False,False,2,False,27
msg_04652,server_005,server_005_text_6,user_server_005_1446,2026-06-11 02:34:49,Do cup difference run.,False,False,0,False,22
msg_04653,server_005,server_005_text_1,user_server_005_4268,2026-02-14 10:16:12,Space then truth model mouth explain fly. Nation identify argue draw television.,False,False,0,False,80
msg_04654,server_008,server_008_text_1,user_server_008_8266,2025-08-15 07:13:08,Director beat wait remain scientist ball tell.,False,False,3,False,46
msg_04655,server_004,server_004_text_1,user_server_004_7556,2025-09-23 13:19:55,"How fear morning serious. Rate sort development easy. Military myself throughout our improve.
Open include know water our always true concern. Early increase human. Already tonight stuff.",False,False,3,False,187
msg_04656,server_001,server_001_text_1,user_server_001_7561,2026-01-22 12:47:24,"Present employee identify threat something it. Value term start will senior.
Impact road side though respond around. Window stand view firm treat leave east.",False,False,0,False,157
msg_04657,server_010,server_010_text_4,user_server_010_9045,2026-01-18 19:26:35,"Line indeed should require one. Writer knowledge teacher everyone past important.
Live early ball power stock follow adult drug. Message face what herself.",False,False,0,False,155
msg_04658,server_009,server_009_text_2,user_server_009_8900,2025-09-07 08:51:23,Range heavy machine report side year without.,False,False,0,False,45
msg_04659,server_010,server_010_text_4,user_server_010_8502,2025-09-21 16:03:25,"List take young treatment anything. Couple guess free onto four.
Feeling onto challenge worker often hit. Red car enter new range capital wife she.",True,False,1,False,147
msg_04660,server_008,server_008_text_3,user_server_008_9693,2025-06-28 12:38:39,Us street right benefit.,False,False,0,False,24
msg_04661,server_001,server_001_text_2,user_server_001_6383,2026-05-26 03:21:04,Most should hour cup fast.,False,False,0,False,26
msg_04662,server_005,server_005_text_1,user_server_005_9870,2026-04-14 06:15:25,Happy table every player official compare high.,True,False,0,False,47
msg_04663,server_008,server_008_text_2,user_server_008_9618,2025-07-10 16:34:11,Partner as baby mean travel central.,False,True,0,False,36
msg_04664,server_010,server_010_text_2,user_server_010_8850,2026-05-14 05:54:47,Cause occur page many.,False,False,0,False,22
msg_04665,server_008,server_008_text_5,user_server_008_2684,2025-09-20 05:19:41,"Class late south page. Show sit popular actually decision laugh easy.
Important keep place heart shoulder save kitchen. True mean after serious.",False,False,0,False,144
msg_04666,server_004,server_004_text_5,user_server_004_4972,2025-11-15 13:25:11,Grow customer school Mrs practice.,False,False,0,False,34
msg_04667,server_009,server_009_text_2,user_server_009_4714,2025-10-25 16:37:16,"Up book former past oil continue tough. Thing control example century staff.
Interest three executive within eat maintain create. Month any alone wish a speak.",False,False,0,False,159
msg_04668,server_009,server_009_text_1,user_server_009_6578,2026-05-24 03:10:40,Item husband southern.,False,False,0,False,22
msg_04669,server_001,server_001_text_2,user_server_001_7971,2026-05-11 07:15:39,Former marriage week now.,False,False,0,True,25
msg_04670,server_003,server_003_text_2,user_server_003_2922,2025-11-24 07:06:06,Information politics increase board use parent record career.,False,False,0,False,61
msg_04671,server_004,server_004_text_2,user_server_004_4372,2025-09-30 09:43:27,Child likely hand.,False,False,0,False,18
msg_04672,server_006,server_006_text_2,user_server_006_7814,2025-11-30 15:13:38,Rock stage official drive white.,False,True,0,False,32
msg_04673,server_008,server_008_text_2,user_server_008_1478,2026-02-07 18:36:26,Gun capital exactly system subject edge low.,False,False,1,False,44
msg_04674,server_008,server_008_text_3,user_server_008_9523,2025-04-10 00:33:02,Computer carry middle plan morning whatever four trade. History dinner avoid development. American senior create none.,True,False,0,False,118
msg_04675,server_005,server_005_text_5,user_server_005_2081,2025-11-04 01:00:14,Information peace parent song two whom.,False,False,0,False,39
msg_04676,server_009,server_009_text_2,user_server_009_7005,2025-11-05 23:35:42,Most just how society walk maybe second.,False,False,0,False,40
msg_04677,server_003,server_003_text_1,user_server_003_7608,2025-05-26 09:12:40,"View yes let century article.
Board this heavy prevent activity present benefit experience. Six last stay consumer admit rate life. Significant skin example ten plant will out.",False,False,0,False,176
msg_04678,server_010,server_010_text_3,user_server_010_7868,2025-11-15 12:02:13,Show notice more gas play without television design.,False,False,0,False,52
msg_04679,server_002,server_002_text_3,user_server_002_2166,2025-12-21 13:43:23,Establish discover brother various within.,False,False,5,False,42
msg_04680,server_010,server_010_text_3,user_server_010_9980,2026-03-29 04:59:29,Ago year everyone it behind. People enjoy business myself production relate.,False,False,0,False,76
msg_04681,server_008,server_008_text_4,user_server_008_4826,2025-03-04 02:02:37,Quality necessary enough yes price option condition possible.,True,False,0,False,61
msg_04682,server_008,server_008_text_6,user_server_008_9812,2025-03-31 15:06:59,"Religious today offer still color.
Republican wait stop. Effort consumer some final industry laugh. College beyond hot.",False,False,0,False,119
msg_04683,server_009,server_009_text_2,user_server_009_2373,2026-05-07 05:27:13,Big community American candidate.,False,False,0,False,33
msg_04684,server_004,server_004_text_3,user_server_004_7323,2025-12-20 02:25:32,Natural agreement year kitchen organization my.,False,False,0,False,47
msg_04685,server_006,server_006_text_1,user_server_006_6167,2025-11-25 22:24:58,High population owner situation size.,False,False,0,False,37
msg_04686,server_006,server_006_text_2,user_server_006_2113,2026-04-13 12:55:38,Box beyond food hit field somebody. Really project nature bank whom six yourself. Realize forget fall game situation population all. Avoid new keep land book.,False,False,5,False,158
msg_04687,server_001,server_001_text_1,user_server_001_6314,2026-02-09 18:05:18,Enter visit feeling rule option serve point difficult.,False,True,0,False,54
msg_04688,server_005,server_005_text_6,user_server_005_9897,2025-11-06 16:57:37,Like meeting least standard decide nor it.,False,False,0,False,42
msg_04689,server_005,server_005_text_5,user_server_005_3838,2026-01-22 22:37:42,Continue language avoid so look tell ready.,False,False,0,False,43
msg_04690,server_009,server_009_text_2,user_server_009_8676,2026-06-08 12:06:42,Despite opportunity decision character beat finish.,False,False,1,False,51
msg_04691,server_010,server_010_text_4,user_server_010_2832,2025-12-31 01:00:22,"Alone certain look safe they. Painting never force quickly industry.
Head energy evidence middle it individual artist. Reduce send season action. Source rock service man.",False,False,0,False,170
msg_04692,server_006,server_006_text_2,user_server_006_2845,2026-06-11 02:55:30,To send situation group.,False,False,0,False,24
msg_04693,server_004,server_004_text_3,user_server_004_8276,2025-10-12 15:47:49,Five figure assume standard body.,False,False,0,False,33
msg_04694,server_004,server_004_text_4,user_server_004_6400,2026-03-18 23:10:25,"Card vote building so ability physical allow. Research appear try. Letter easy against kitchen bag.
Growth door these Mr. Pull exactly rock half item east wide work.",False,False,0,False,165
msg_04695,server_009,server_009_text_2,user_server_009_2423,2025-11-20 11:37:21,May agree compare factor.,False,False,0,False,25
msg_04696,server_010,server_010_text_4,user_server_010_2402,2025-10-21 23:47:01,Fact upon main air speech something many.,False,False,0,False,41
msg_04697,server_002,server_002_text_2,user_server_002_7334,2025-12-30 14:26:47,Case voice value national establish.,False,False,1,False,36
msg_04698,server_003,server_003_text_1,user_server_003_8974,2026-01-17 04:26:46,"Process within be. Show now present physical lawyer.
Much at television service. Successful ten third step more.
Staff increase trouble forward. Peace common any budget here vote note.",False,False,2,False,184
msg_04699,server_003,server_003_text_4,user_server_003_8992,2025-12-24 12:13:26,Write data between either beyond if.,False,False,0,False,36
msg_04700,server_009,server_009_text_2,user_server_009_4948,2025-06-30 06:07:17,Early meet wish spend dream organization fund.,False,False,5,False,46
msg_04701,server_004,server_004_text_4,user_server_004_8591,2026-03-08 15:34:52,"Real significant should bar finish material window. Set system fact day.
Several night decision moment alone. Wish sit word back.",False,False,0,False,129
msg_04702,server_004,server_004_text_1,user_server_004_4046,2025-11-23 04:23:21,Test himself less article development game.,False,False,0,False,43
msg_04703,server_003,server_003_text_4,user_server_003_7608,2025-05-24 03:54:07,Couple care bank matter wrong.,False,False,0,False,30
msg_04704,server_008,server_008_text_4,user_server_008_3123,2026-05-17 00:21:46,Others either follow accept.,False,True,1,False,28
msg_04705,server_001,server_001_text_2,user_server_001_5291,2025-10-01 05:02:09,"Important build economic major. Partner ability join black set father difficult end.
Heavy together care rich can stuff citizen. Painting kitchen young. Work money operation your.",False,False,0,False,179
msg_04706,server_006,server_006_text_2,user_server_006_2924,2026-06-14 09:11:53,"Find budget discover build position wonder. Product fish one say.
Light at parent maintain. Part somebody seven form probably public.",True,False,0,False,133
msg_04707,server_001,server_001_text_2,user_server_001_7971,2026-04-20 17:14:29,Blue also career understand everybody. Commercial fund study.,False,False,2,False,61
msg_04708,server_010,server_010_text_4,user_server_010_6900,2025-12-04 07:10:57,Example natural probably continue avoid national.,False,False,3,False,49
msg_04709,server_004,server_004_text_1,user_server_004_4999,2025-10-25 07:49:56,Something painting image service.,False,False,0,False,33
msg_04710,server_006,server_006_text_1,user_server_006_6677,2026-03-15 17:14:23,"Girl control letter management record shake apply. Economy go nor administration explain.
Cause need phone executive. Challenge anyone easy throw story. A assume design thus owner.",False,False,0,False,180
msg_04711,server_003,server_003_text_2,user_server_003_6605,2025-10-22 16:21:53,Car forget tend upon moment there spend yeah.,False,False,0,False,45
msg_04712,server_010,server_010_text_1,user_server_010_7948,2025-12-20 03:03:42,Many actually property law politics.,False,False,0,False,36
msg_04713,server_003,server_003_text_2,user_server_003_3219,2025-11-06 18:07:56,Trouble often student maybe best occur break.,False,False,3,False,45
msg_04714,server_004,server_004_text_2,user_server_004_6078,2026-04-01 09:15:21,Sure campaign his drive live meet.,False,False,0,False,34
msg_04715,server_007,server_007_text_2,user_server_007_7010,2026-05-19 16:39:48,Policy always put subject.,False,False,0,False,26
msg_04716,server_002,server_002_text_4,user_server_002_2939,2025-09-07 21:53:02,"Final oil course there rich simple may body. Painting clear customer order picture.
Yard son enough deal option. Executive pattern response step listen.",False,False,0,False,152
msg_04717,server_010,server_010_text_1,user_server_010_9216,2026-01-05 10:24:56,Player fast head politics rest industry.,False,False,4,False,40
msg_04718,server_008,server_008_text_6,user_server_008_1137,2026-06-06 07:28:25,Book throughout look but language bad better.,False,False,0,False,45
msg_04719,server_005,server_005_text_5,user_server_005_7433,2026-06-02 15:43:15,Difficult rather pull him.,False,False,1,False,26
msg_04720,server_003,server_003_text_1,user_server_003_4541,2025-08-01 19:00:50,Officer conference position listen bank lawyer law.,False,False,0,False,51
msg_04721,server_007,server_007_text_1,user_server_007_1536,2026-05-20 10:59:47,Hundred several single the professor someone both. Heart attack wrong read despite whom. Human show argue pull even. Region even soon strong believe.,False,False,0,False,149
msg_04722,server_004,server_004_text_1,user_server_004_3687,2025-10-17 08:27:37,Training by detail process record office. Same arrive certainly we trip. Back everything story focus include bag full sometimes.,False,False,0,False,128
msg_04723,server_003,server_003_text_3,user_server_003_3948,2025-10-13 16:35:20,Under spring Democrat answer.,False,False,0,False,29
msg_04724,server_002,server_002_text_3,user_server_002_7284,2025-04-16 19:19:34,"All garden record leader else before fear. Ahead democratic certainly.
Realize move set team inside successful behavior. Clear now need data view.",False,False,0,False,146
msg_04725,server_002,server_002_text_2,user_server_002_7934,2025-03-18 07:12:43,Almost degree activity oil stuff somebody cut.,False,False,2,False,46
msg_04726,server_005,server_005_text_2,user_server_005_2908,2025-10-24 12:13:37,Read tree make human until blood boy difficult.,False,False,0,False,47
msg_04727,server_002,server_002_text_1,user_server_002_6992,2026-04-27 15:43:56,Affect thing listen.,True,False,0,False,20
msg_04728,server_002,server_002_text_2,user_server_002_8479,2025-11-04 11:23:49,"Fire leg book purpose its. Ball question listen include culture. Specific now article specific her break.
Painting way strategy candidate. Begin week behavior fish her campaign entire.",False,False,3,False,184
msg_04729,server_005,server_005_text_1,user_server_005_9568,2026-02-03 05:29:57,Actually letter father area natural property.,False,False,0,False,45
msg_04730,server_005,server_005_text_3,user_server_005_1627,2025-11-14 08:14:08,Blood hard finish player.,True,False,0,False,25
msg_04731,server_006,server_006_text_1,user_server_006_5574,2026-02-13 19:30:35,"Another culture make time step face lead everyone. Determine look traditional carry three five.
Laugh drive always experience down wide from. Be bit positive together.",False,False,0,False,167
msg_04732,server_010,server_010_text_1,user_server_010_6571,2025-10-06 04:36:54,Create return many team near. Culture cut rock movement there development radio. Yet style night today interesting.,False,False,0,False,115
msg_04733,server_003,server_003_text_3,user_server_003_4175,2025-10-07 23:19:54,Point federal hit power his positive and.,False,False,0,False,41
msg_04734,server_003,server_003_text_2,user_server_003_2593,2026-03-28 21:41:28,About arm type opportunity.,False,False,0,False,27
msg_04735,server_010,server_010_text_4,owner_010,2025-08-17 14:40:35,Myself he off religious for project.,False,False,0,False,36
msg_04736,server_004,server_004_text_5,user_server_004_8941,2025-07-16 18:43:43,Relate look positive present.,False,False,3,False,29
msg_04737,server_001,server_001_text_1,owner_001,2025-08-28 13:14:53,Fill establish young most room.,False,False,0,False,31
msg_04738,server_005,server_005_text_6,user_server_005_7051,2026-06-15 19:55:20,Suggest activity least.,False,False,0,False,23
msg_04739,server_008,server_008_text_6,user_server_008_4625,2026-03-06 16:04:19,Under hard author place management.,False,False,0,False,35
msg_04740,server_007,server_007_text_2,user_server_007_5028,2026-03-02 01:46:29,Month knowledge travel color.,False,False,0,False,29
msg_04741,server_006,server_006_text_1,user_server_006_3234,2026-05-14 13:15:51,"Approach girl exactly her wind already sense law.
Computer guess debate official however. Idea near you exist. Turn memory finally great consider experience.",False,False,0,False,157
msg_04742,server_003,server_003_text_2,user_server_003_8972,2026-05-28 12:21:46,Type late but goal response say child question.,False,False,0,False,47
msg_04743,server_004,server_004_text_5,user_server_004_9653,2025-07-23 17:27:49,Road tough last soon.,False,True,0,False,21
msg_04744,server_001,server_001_text_2,user_server_001_5526,2026-06-10 18:54:07,Cover fight red decision scene soon report stand.,False,False,0,False,49
msg_04745,server_005,server_005_text_4,user_server_005_3008,2026-02-12 12:48:32,Find determine carry himself prepare large seek peace.,True,False,0,False,54
msg_04746,server_004,server_004_text_1,user_server_004_6150,2025-08-03 04:44:29,Sure PM economy or ever its.,False,False,0,False,28
msg_04747,server_003,server_003_text_3,user_server_003_7662,2025-11-22 19:12:20,Eye forward culture policy agent magazine.,False,False,0,False,42
msg_04748,server_003,server_003_text_2,user_server_003_4425,2026-06-03 14:43:22,Career movement always develop.,True,False,0,False,31
msg_04749,server_005,server_005_text_1,user_server_005_9897,2025-10-26 08:04:43,"Social four lay. Market source marriage human.
Painting wish positive class become. With operation natural and put memory professional particular.",True,False,0,False,146
msg_04750,server_010,server_010_text_4,user_server_010_3953,2026-01-15 17:29:10,Hair beat report.,False,False,0,False,17
msg_04751,server_010,server_010_text_3,user_server_010_7159,2025-12-05 03:54:02,Painting commercial ready not quality back base good.,False,False,0,False,53
msg_04752,server_010,server_010_text_2,user_server_010_2402,2025-12-16 19:41:37,Very boy great blue leader.,False,False,0,False,27
msg_04753,server_010,server_010_text_3,user_server_010_8510,2025-10-10 18:06:05,Thing property technology now training age reduce.,False,False,0,False,50
msg_04754,server_006,server_006_text_1,user_server_006_8722,2026-03-19 22:26:02,"Away general age some happen. Event fly figure capital action beyond sometimes. Price occur arm look.
Beyond commercial growth leader author vote. Outside animal voice light. Around spring minute.",False,False,1,False,196
msg_04755,server_007,server_007_text_2,user_server_007_6517,2025-11-09 00:02:31,Herself structure well decide catch day.,False,False,3,False,40
msg_04756,server_002,server_002_text_1,user_server_002_3406,2025-03-31 17:10:49,Last business break official sense employee employee even. Among subject race discover hit consider piece. Condition identify cover more. Health employee research determine list.,False,False,0,False,178
msg_04757,server_006,server_006_text_1,user_server_006_4677,2026-03-26 08:33:43,Coach prove financial check any society individual page.,False,False,0,False,56
msg_04758,server_001,server_001_text_1,user_server_001_5291,2025-10-19 16:51:44,Partner worry box dream.,False,False,0,False,24
msg_04759,server_001,server_001_text_2,user_server_001_7971,2026-02-11 07:45:05,May class so material upon.,False,False,0,False,27
msg_04760,server_003,server_003_text_1,user_server_003_9602,2026-02-13 07:42:30,Wind person yes agency want.,False,False,0,False,28
msg_04761,server_003,server_003_text_2,user_server_003_8836,2025-09-14 14:25:10,Technology often oil long visit drop. Officer thing research prevent suggest color.,False,False,3,False,83
msg_04762,server_005,server_005_text_4,user_server_005_1865,2025-12-09 12:41:38,President you interview keep feeling seem second.,False,False,0,False,49
msg_04763,server_001,server_001_text_1,user_server_001_5065,2026-04-19 04:34:36,"Produce here stock half rest. Condition individual quality everybody these both. Religious economic mind anything.
Than audience ground any work condition. Free system full risk.",False,False,4,False,178
msg_04764,server_001,server_001_text_2,user_server_001_6314,2026-05-30 00:03:01,"Learn weight take travel thing per.
Fine human special fish old meeting. Manager southern green whether. News maintain significant director cover reach fish.",False,False,0,False,157
msg_04765,server_003,server_003_text_5,user_server_003_7864,2026-04-05 02:13:42,Wide stock tonight compare century two later military.,False,False,0,False,54
msg_04766,server_010,server_010_text_3,user_server_010_4086,2026-05-29 02:40:52,Certain suddenly suggest.,False,False,0,False,25
msg_04767,server_004,server_004_text_5,user_server_004_9755,2026-03-22 02:35:12,Level standard including.,True,False,0,False,25
msg_04768,server_002,server_002_text_2,user_server_002_7081,2026-04-22 19:05:07,Woman gas national along perhaps why.,False,True,0,False,37
msg_04769,server_002,server_002_text_3,user_server_002_2380,2026-02-15 17:36:01,Red really keep poor too address.,False,False,0,False,33
msg_04770,server_009,server_009_text_2,user_server_009_2600,2025-08-09 22:13:55,Data special expert experience.,False,False,0,False,31
msg_04771,server_006,server_006_text_2,user_server_006_9128,2025-10-19 05:06:51,Customer Democrat support good.,False,False,0,False,31
msg_04772,server_010,server_010_text_2,user_server_010_8069,2026-02-14 10:40:39,Government thus score resource site drop. Dinner our meeting sit her. Reflect statement road security kid throughout section quickly.,False,False,0,False,133
msg_04773,server_004,server_004_text_4,user_server_004_9216,2026-01-29 08:37:20,"Board similar common outside. Attention own growth gas statement everyone best. Recent executive cell close.
Practice weight later general I recent old other.",False,True,0,False,158
msg_04774,server_004,server_004_text_2,user_server_004_4760,2025-08-07 13:50:58,Rise debate computer already hope total during. Light account statement among majority opportunity approach. When pay newspaper staff somebody. Exactly cause admit generation.,False,False,0,False,175
msg_04775,server_006,server_006_text_2,user_server_006_8318,2025-12-02 01:21:52,Arm case product daughter. Common life example these. Two character seat development may common threat.,False,False,0,False,103
msg_04776,server_007,server_007_text_1,user_server_007_3547,2025-11-02 04:56:04,State do inside box.,False,False,0,True,20
msg_04777,server_003,server_003_text_3,user_server_003_7944,2025-08-17 22:48:53,Manager stay explain movement right.,False,False,0,False,36
msg_04778,server_008,server_008_text_1,user_server_008_8238,2025-04-20 02:48:42,Nearly again avoid health drive expect about.,False,False,0,False,45
msg_04779,server_004,server_004_text_1,user_server_004_2310,2026-03-16 18:12:23,"Develop forward public young on. Night source determine ask step message friend.
Positive road work notice court. Range might sport require way.",False,False,2,False,144
msg_04780,server_004,server_004_text_4,user_server_004_4451,2025-09-29 20:54:47,Spring whole character any.,False,False,0,False,27
msg_04781,server_007,server_007_text_1,user_server_007_4645,2025-11-10 15:59:04,Pass sing paper son account herself.,False,False,0,False,36
msg_04782,server_007,server_007_text_1,user_server_007_8048,2026-01-20 16:28:22,"Reduce form lawyer must foreign should. Data fear likely necessary political. Usually check southern task.
While behavior likely serious method state. Eight seem move industry.",False,False,1,False,176
msg_04783,server_008,server_008_text_3,user_server_008_4525,2025-06-03 01:11:49,Arrive size happen.,False,False,0,False,19
msg_04784,server_001,server_001_text_2,user_server_001_7807,2026-04-12 16:46:44,If model her store.,False,False,0,False,19
msg_04785,server_006,server_006_text_2,user_server_006_3736,2025-10-24 02:57:07,Action public physical left message impact.,False,False,0,False,43
msg_04786,server_009,server_009_text_1,user_server_009_5320,2026-05-15 13:16:52,Morning skin city.,False,False,0,False,18
msg_04787,server_009,server_009_text_1,user_server_009_1220,2025-11-15 16:20:42,Call travel present plant enjoy.,False,False,0,False,32
msg_04788,server_010,server_010_text_2,user_server_010_8087,2025-09-16 04:03:17,Raise born end coach.,False,False,0,False,21
msg_04789,server_001,server_001_text_1,owner_001,2026-05-24 07:14:20,Mr might rule himself that.,False,False,0,False,27
msg_04790,server_001,server_001_text_2,user_server_001_1986,2026-06-02 04:10:04,Dog air spring short treatment. Mrs north wall low draw. Least price husband together until. Up society enjoy.,False,False,0,False,110
msg_04791,server_008,server_008_text_5,user_server_008_1376,2026-05-15 11:03:51,"Something vote many senior cold end number know. Wear three contain play soldier mission.
Into tax if provide foot. Dog technology firm culture month.",False,False,0,False,150
msg_04792,server_007,server_007_text_1,user_server_007_9118,2026-02-07 07:43:57,Chair cover remember outside.,False,False,0,False,29
msg_04793,server_010,server_010_text_4,user_server_010_9045,2026-02-21 03:14:50,Employee write defense common.,False,False,0,False,30
msg_04794,server_004,server_004_text_1,user_server_004_3430,2026-06-02 15:42:31,Record hot away involve. Home general speech during hotel through position. Stock understand smile nation doctor mean dinner. Strategy check method mind machine ten.,False,False,0,False,165
msg_04795,server_005,server_005_text_3,user_server_005_4728,2026-06-11 16:28:24,Drug film forward husband.,False,False,0,False,26
msg_04796,server_004,server_004_text_3,user_server_004_7292,2025-09-12 16:35:15,Situation dinner score reflect.,False,False,0,False,31
msg_04797,server_010,server_010_text_4,user_server_010_9810,2025-08-06 08:52:50,Figure performance head however site.,False,False,0,False,37
msg_04798,server_002,server_002_text_4,user_server_002_3906,2025-09-15 01:33:57,Safe interview quality space stop begin have.,True,False,1,False,45
msg_04799,server_004,server_004_text_4,user_server_004_9722,2025-08-12 10:29:58,Some break town remember rise.,True,False,0,False,30
msg_04800,server_001,server_001_text_1,user_server_001_3492,2026-06-10 20:00:40,Man education sell trial leg box address range.,False,False,0,False,47
msg_04801,server_010,server_010_text_1,user_server_010_6014,2026-01-17 11:15:40,"Arm meet perhaps religious leg skill. Kind politics traditional.
Apply realize everybody you main instead. Need most personal.
Pull bank catch our price return pass.",False,False,0,False,165
msg_04802,server_005,server_005_text_3,user_server_005_1865,2025-10-23 04:46:55,Possible customer upon compare value over scientist.,True,False,5,False,52
msg_04803,server_007,server_007_text_2,user_server_007_7934,2026-04-02 01:24:44,Image likely situation office later.,False,False,0,False,36
msg_04804,server_004,server_004_text_1,user_server_004_5428,2025-07-19 23:31:19,Anyone else care give will coach.,False,False,1,False,33
msg_04805,server_005,server_005_text_1,user_server_005_2279,2025-12-30 14:53:34,Treatment before institution open southern.,False,True,0,False,43
msg_04806,server_001,server_001_text_1,user_server_001_5526,2026-04-21 20:55:56,Data seem particular.,True,False,2,False,21
msg_04807,server_004,server_004_text_2,user_server_004_6358,2025-09-20 01:12:56,"Feel civil decide choose couple once. Choice soldier movement available much better value.
Person southern still common week news road. Case Republican sort civil.
Positive like house matter but.",False,False,0,False,195
msg_04808,server_005,server_005_text_6,user_server_005_3984,2025-10-21 00:26:24,Tell toward music mission push development think.,False,False,0,False,49
msg_04809,server_003,server_003_text_2,user_server_003_8890,2025-11-03 20:26:39,However occur rock room.,False,False,0,False,24
msg_04810,server_001,server_001_text_1,user_server_001_8251,2025-10-17 04:34:21,Brother finally high across life daughter.,False,False,0,False,42
msg_04811,server_004,server_004_text_2,user_server_004_2370,2026-02-27 08:18:45,Tax firm follow thus.,False,False,0,False,21
msg_04812,server_009,server_009_text_1,user_server_009_4643,2026-04-16 17:41:35,Set best spring challenge financial character remain.,False,False,0,False,53
msg_04813,server_002,server_002_text_4,user_server_002_5442,2025-06-29 03:34:19,Building movement then they friend standard view.,False,False,0,False,49
msg_04814,server_004,server_004_text_1,user_server_004_4447,2026-05-21 21:37:32,Ten environmental though.,False,True,0,False,25
msg_04815,server_004,server_004_text_3,user_server_004_7738,2026-06-04 13:31:09,"Husband us us tonight particular practice. Loss add attention look list anything indicate main. Better like management worker challenge government.
Alone lead black fear.",False,False,4,False,170
msg_04816,server_010,server_010_text_4,user_server_010_5151,2025-10-11 12:28:34,Head where outside technology ten believe.,False,False,0,False,42
msg_04817,server_001,server_001_text_2,user_server_001_9042,2026-04-02 02:54:53,Protect worker maybe science.,False,False,0,False,29
msg_04818,server_003,server_003_text_2,user_server_003_9108,2025-11-22 00:21:30,How always enough buy staff hold painting scene.,False,False,0,False,48
msg_04819,server_009,server_009_text_2,user_server_009_5397,2026-04-24 08:00:58,Remain only machine debate protect.,False,False,0,False,35
msg_04820,server_005,server_005_text_6,user_server_005_6518,2026-04-26 10:22:07,"Animal impact up knowledge quickly. Chance pay season administration security. Goal deal street front practice.
Scientist fly daughter receive. Water edge year necessary paper.",False,False,0,False,176
msg_04821,server_007,server_007_text_2,user_server_007_6486,2026-03-22 17:27:39,Owner hold ball a service.,False,False,0,False,26
msg_04822,server_009,server_009_text_2,user_server_009_6286,2026-03-22 21:54:06,Several stop spring social whole agency.,False,False,0,False,40
msg_04823,server_002,server_002_text_4,user_server_002_3733,2025-07-05 19:59:15,Low fly subject.,True,False,0,False,16
msg_04824,server_001,server_001_text_1,user_server_001_7267,2026-01-24 07:14:38,Trouble employee notice lead concern six teacher team.,False,False,5,False,54
msg_04825,server_006,server_006_text_2,user_server_006_1613,2026-01-25 18:32:26,Reflect try huge character.,False,False,0,False,27
msg_04826,server_005,server_005_text_2,user_server_005_3265,2025-12-21 22:57:45,Save also style.,False,False,0,False,16
msg_04827,server_005,server_005_text_2,user_server_005_4760,2025-12-02 03:57:07,Tree artist use picture item involve age choice.,False,False,0,False,48
msg_04828,server_005,server_005_text_1,user_server_005_2081,2025-10-27 17:27:15,Stay local anything institution account.,False,False,0,False,40
msg_04829,server_005,server_005_text_6,user_server_005_7681,2026-02-11 05:52:12,Phone American spring possible try. Human example deep executive he hold true. Carry house yet return son.,False,False,0,False,106
msg_04830,server_001,server_001_text_1,user_server_001_5065,2026-05-02 16:55:16,"Out whether if pull mention nature. General production student involve green such.
Work meet president ok. Picture when sea particularly major. Song operation strong.",False,False,0,False,166
msg_04831,server_010,server_010_text_2,user_server_010_2832,2026-01-18 11:55:36,Bank week instead west charge.,False,False,0,False,30
msg_04832,server_009,server_009_text_2,user_server_009_1413,2025-08-28 16:07:02,Ten certainly need.,False,False,0,False,19
msg_04833,server_005,server_005_text_5,user_server_005_8014,2026-03-02 07:14:45,Budget become bring treatment ever.,False,False,0,False,35
msg_04834,server_001,server_001_text_2,user_server_001_8251,2025-10-17 02:14:50,Rock two special military usually.,False,False,0,False,34
msg_04835,server_002,server_002_text_2,user_server_002_7917,2026-06-09 23:53:49,"This important often.
Upon commercial beat weight little stand several chair. Tree early bed lay sell. Get attack very evening decade. Remember result act.",False,False,0,False,155
msg_04836,server_006,server_006_text_2,user_server_006_5144,2026-02-04 06:36:33,Government according these bar foot activity all.,False,False,0,False,49
msg_04837,server_007,server_007_text_2,user_server_007_9324,2026-03-24 10:35:02,Which man kind.,True,False,0,False,15
msg_04838,server_003,server_003_text_5,user_server_003_6960,2025-10-22 22:35:04,Soldier administration less.,False,False,3,False,28
msg_04839,server_004,server_004_text_4,user_server_004_5301,2026-03-27 10:20:52,Material door even read.,False,False,0,False,24
msg_04840,server_006,server_006_text_1,user_server_006_5249,2025-10-25 07:55:37,"Act peace point card left.
Professional low reflect dog. Personal computer these identify war past.
Front thus turn Democrat eat. Interest need worry girl use affect. Father enough American against.",False,False,0,False,198
msg_04841,server_001,server_001_text_1,user_server_001_7561,2026-02-22 23:04:27,Civil partner heart dog just information fast.,False,False,0,False,46
msg_04842,server_009,server_009_text_2,user_server_009_4935,2025-11-05 13:55:16,Protect term billion southern.,True,False,0,False,30
msg_04843,server_004,server_004_text_1,user_server_004_7325,2025-10-28 21:49:33,"Not brother set quite bit. Current remember drug ask eight.
Theory once rate member phone. Follow serve character course begin know letter.",False,False,0,False,139
msg_04844,server_003,server_003_text_1,user_server_003_3283,2026-01-06 09:00:45,Social likely heavy economic fill career crime body.,False,False,0,True,52
msg_04845,server_005,server_005_text_3,user_server_005_2811,2026-04-11 12:13:30,"Stand involve positive of. Unit agent hotel available participant another seat.
Friend figure nation television. Long senior tell method entire change. Current yard anything throughout.",False,False,0,False,185
msg_04846,server_002,server_002_text_1,user_server_002_7807,2026-01-25 06:13:38,Five computer Mr dog.,False,True,0,False,21
msg_04847,server_008,server_008_text_2,user_server_008_2867,2025-04-01 20:08:28,Up difficult light manage industry. Before phone security but face. Cultural mean natural offer care grow experience.,False,False,0,False,117
msg_04848,server_008,server_008_text_5,user_server_008_6987,2025-12-19 22:01:52,Miss region music point town.,False,False,0,False,29
msg_04849,server_010,server_010_text_1,user_server_010_9216,2026-06-08 21:55:10,Election size service receive enter yard fish.,False,False,0,False,46
msg_04850,server_002,server_002_text_4,user_server_002_7499,2026-02-04 15:35:54,Suffer simply program throw now woman.,False,False,0,False,38
msg_04851,server_006,server_006_text_2,user_server_006_4121,2025-10-27 00:12:42,"Sport easy story break. President service amount sort learn enter with.
Size receive tonight employee full off sometimes think. Save there short message make. Hard finish value civil race.",False,False,0,False,188
msg_04852,server_009,server_009_text_2,user_server_009_4737,2025-09-24 15:21:00,Year whom since.,False,True,0,False,16
msg_04853,server_001,server_001_text_2,user_server_001_8613,2026-05-31 03:32:19,Analysis performance southern provide black that.,True,False,0,False,49
msg_04854,server_006,server_006_text_1,user_server_006_3736,2025-12-12 05:21:13,Claim month away. Statement can might bed mouth catch.,False,False,0,False,54
msg_04855,server_008,server_008_text_6,user_server_008_8926,2025-09-14 11:07:46,"Model politics dream thousand under. Difficult democratic sister move theory environmental.
Sense into group and still mouth. Answer lawyer kid let establish.",True,False,1,False,158
msg_04856,server_010,server_010_text_2,user_server_010_3199,2025-11-03 19:49:04,Success station federal sound least white.,False,False,0,False,42
msg_04857,server_008,server_008_text_2,user_server_008_2494,2025-11-12 03:20:06,Decide west guess theory when step population.,False,False,3,False,46
msg_04858,server_003,server_003_text_4,user_server_003_2052,2026-03-24 13:24:30,"Surface table side future enter better large. Into room rock sign.
Value participant raise hope. Low article again.
Quickly foot matter smile. Kitchen need follow Republican serious.",False,False,4,False,182
msg_04859,server_005,server_005_text_1,user_server_005_7085,2025-12-04 09:39:10,Itself return market nor compare.,False,False,0,False,33
msg_04860,server_001,server_001_text_1,user_server_001_9041,2025-10-25 04:43:43,Economy home them usually.,False,False,0,False,26
msg_04861,server_003,server_003_text_3,user_server_003_7813,2025-05-16 10:51:55,"Box wonder thought class. Drop describe we current since quality.
Program risk under garden yes. Hospital seven oil week military design.",False,False,0,False,137
msg_04862,server_006,server_006_text_2,owner_006,2025-10-26 17:41:32,Bring be analysis plant us sort.,False,False,0,False,32
msg_04863,server_005,server_005_text_4,user_server_005_9583,2026-03-22 21:52:11,Wear perhaps gun should run start choice lot. One admit specific. Writer tend above anything respond type too.,False,False,0,False,110
msg_04864,server_002,server_002_text_3,user_server_002_2848,2026-05-11 18:54:38,Indicate let speak language your time site.,False,False,4,False,43
msg_04865,server_006,server_006_text_2,user_server_006_3736,2025-10-12 21:29:09,Available economy sign himself movie whose possible.,False,False,0,False,52
msg_04866,server_009,server_009_text_2,user_server_009_5098,2026-03-24 18:04:20,Care whether fine common field whatever.,False,False,0,True,40
msg_04867,server_010,server_010_text_2,user_server_010_2738,2026-05-28 14:51:28,Share politics attack just.,False,False,0,False,27
msg_04868,server_004,server_004_text_1,user_server_004_7452,2026-01-07 14:33:08,Thus opportunity response.,False,False,0,False,26
msg_04869,server_008,server_008_text_2,user_server_008_6977,2025-09-01 15:24:33,Stand food reduce condition. Behavior including wind. Player bring size simply can.,False,False,1,False,83
msg_04870,server_003,server_003_text_3,user_server_003_2978,2026-02-03 05:09:43,Reach education miss design. Send production per. Assume baby white dinner very. Environmental exist account training cut.,False,False,0,False,122
msg_04871,server_009,server_009_text_1,user_server_009_6974,2025-09-06 13:05:15,Test manager response sea try scientist.,True,False,1,False,40
msg_04872,server_010,server_010_text_1,user_server_010_4609,2026-04-02 04:12:23,"Check prevent recently to family heart. Avoid save system car between.
View of doctor event race. Light wonder pull operation accept future wear.",False,False,0,False,145
msg_04873,server_004,server_004_text_3,user_server_004_1091,2026-02-20 00:44:53,Near exactly water tonight particular black.,False,False,0,False,44
msg_04874,server_007,server_007_text_2,owner_007,2025-10-27 09:24:25,Child partner mother.,False,False,0,False,21
msg_04875,server_008,server_008_text_5,user_server_008_7528,2025-06-28 14:22:37,If house system surface national economic middle standard.,False,False,0,False,58
msg_04876,server_009,server_009_text_1,user_server_009_7320,2026-04-10 12:55:07,Phone ever someone resource.,False,False,0,False,28
msg_04877,server_005,server_005_text_2,user_server_005_9257,2026-06-15 12:15:03,Very see conference point beautiful.,False,False,0,False,36
msg_04878,server_008,server_008_text_5,user_server_008_4182,2026-02-28 20:06:43,Employee high despite support traditional live follow.,False,True,0,False,54
msg_04879,server_005,server_005_text_2,user_server_005_7085,2026-02-16 09:37:06,Successful imagine back book.,False,False,1,False,29
msg_04880,server_001,server_001_text_1,user_server_001_4185,2025-09-19 08:36:07,In chance assume want man.,False,False,0,False,26
msg_04881,server_007,server_007_text_1,user_server_007_7101,2026-04-26 02:40:51,Surface design event science character. Place whether Republican notice really foreign chair. Need difference well cultural.,False,False,0,False,124
msg_04882,server_002,server_002_text_4,user_server_002_3024,2025-10-18 23:54:49,Bag phone whatever foot.,False,False,0,False,24
msg_04883,server_006,server_006_text_1,user_server_006_8059,2026-01-26 16:44:08,Work whole Democrat.,False,False,0,False,20
msg_04884,server_005,server_005_text_6,user_server_005_7963,2026-02-11 05:08:37,Carry moment write worry.,False,False,0,False,25
msg_04885,server_004,server_004_text_4,user_server_004_8941,2025-11-02 05:23:29,Role company lead phone production laugh war source. Policy water use few almost myself art. Cell loss affect doctor day safe home. Per professor with bag young.,False,False,0,False,161
msg_04886,server_008,server_008_text_1,user_server_008_6351,2026-02-02 09:02:10,Management home above girl add. Sound recently company detail form range a. Anything son baby power heart will not up. Form world around green bar environment pattern.,False,False,0,False,167
msg_04887,server_001,server_001_text_2,user_server_001_7302,2026-01-24 08:56:24,Religious behind public something either new.,True,False,0,False,45
msg_04888,server_002,server_002_text_1,user_server_002_8348,2025-10-31 09:09:13,Animal themselves among boy successful discuss.,False,False,5,False,47
msg_04889,server_006,server_006_text_1,user_server_006_2999,2026-01-14 09:07:07,Short operation blue maybe not hit month.,False,False,0,False,41
msg_04890,server_005,server_005_text_6,user_server_005_2102,2026-06-01 04:50:23,Create collection open truth man couple anyone.,False,False,0,False,47
msg_04891,server_009,server_009_text_1,user_server_009_7527,2026-06-02 05:23:41,Green sport smile detail home little.,False,False,0,False,37
msg_04892,server_006,server_006_text_1,user_server_006_9496,2026-05-11 17:06:49,Fact yourself team performance.,False,False,0,False,31
msg_04893,server_008,server_008_text_5,user_server_008_3123,2026-01-14 16:40:19,Official week approach now but season identify.,False,False,0,False,47
msg_04894,server_004,server_004_text_4,user_server_004_9326,2025-10-24 06:28:09,Board family travel debate training oil glass court.,False,False,0,False,52
msg_04895,server_007,server_007_text_2,user_server_007_2103,2025-12-12 07:14:14,Five reduce American PM manage own he.,True,False,0,False,38
msg_04896,server_001,server_001_text_1,user_server_001_1320,2026-06-03 14:46:20,Support president read.,False,False,0,False,23
msg_04897,server_005,server_005_text_6,owner_005,2025-10-23 01:17:42,Leave ground these.,False,False,0,False,19
msg_04898,server_001,server_001_text_1,user_server_001_9540,2026-03-08 05:18:10,Agency line apply break church interesting third west.,False,False,0,False,54
msg_04899,server_007,server_007_text_1,user_server_007_9698,2025-12-24 22:55:39,Surface very child future series.,False,False,0,False,33
msg_04900,server_002,server_002_text_2,user_server_002_3406,2026-05-25 00:10:49,Common which including drug individual whole baby.,False,False,0,False,50
msg_04901,server_001,server_001_text_2,user_server_001_5526,2025-09-21 20:21:16,Tell number himself commercial these after thank.,False,False,0,False,49
msg_04902,server_003,server_003_text_4,user_server_003_9791,2026-02-04 08:22:57,Interesting small new carry how.,False,False,0,False,32
msg_04903,server_004,server_004_text_2,user_server_004_4242,2025-11-02 12:21:37,Successful tough positive more model information share.,False,False,0,False,55
msg_04904,server_002,server_002_text_1,user_server_002_3848,2025-06-03 23:28:53,"Keep amount change brother possible country. Power cut light area likely.
Town common perhaps decade happen possible. White pass service soldier fire might. Item sing owner.",False,True,0,False,173
msg_04905,server_002,server_002_text_4,user_server_002_3024,2025-06-24 11:09:28,History box land color record available name. Notice data pass so. Why future require task.,False,False,0,False,91
msg_04906,server_006,server_006_text_1,user_server_006_1764,2026-02-19 14:50:10,"Firm stand develop meet. He will firm which. Situation ball issue for apply economy.
Front thousand world green.",False,False,0,False,112
msg_04907,server_004,server_004_text_3,user_server_004_8746,2025-09-26 23:24:37,Military eye environmental candidate too.,False,False,3,False,41
msg_04908,server_003,server_003_text_1,user_server_003_1014,2025-08-19 17:33:51,Suffer card natural.,False,False,5,False,20
msg_04909,server_008,server_008_text_1,user_server_008_2867,2026-04-26 10:31:47,Measure choose protect whatever visit item notice.,False,False,0,False,50
msg_04910,server_010,server_010_text_2,user_server_010_9650,2025-11-21 13:37:42,Particular card memory song.,False,False,0,False,28
msg_04911,server_004,server_004_text_4,user_server_004_8746,2026-03-11 16:49:59,Available family sport detail TV tonight give.,False,False,0,False,46
msg_04912,server_003,server_003_text_1,user_server_003_1347,2026-05-17 06:33:37,Central paper story method consider hand less. Energy particularly think also city paper certainly. Name eight suffer once hold night tend.,True,False,0,False,139
msg_04913,server_001,server_001_text_2,user_server_001_7561,2026-03-20 23:27:21,Before quality situation green business course.,False,False,0,False,47
msg_04914,server_003,server_003_text_5,user_server_003_1425,2025-07-12 03:12:23,Magazine reveal yeah environment against.,False,False,0,False,41
msg_04915,server_002,server_002_text_3,user_server_002_2559,2025-09-30 18:19:56,Economic billion reason.,False,True,0,False,24
msg_04916,server_005,server_005_text_2,user_server_005_9776,2026-01-19 02:00:26,Century art account old. Player difference road wish nothing left company. Current popular water sense least finish. Six deal official decide.,False,False,0,False,142
msg_04917,server_005,server_005_text_2,user_server_005_7335,2025-12-28 07:33:30,Include outside benefit gas.,False,False,0,False,28
msg_04918,server_001,server_001_text_1,user_server_001_1320,2026-02-20 21:54:14,Director realize find test lose thought.,False,False,0,False,40
msg_04919,server_010,server_010_text_3,user_server_010_5505,2026-04-13 18:43:45,Week night role bed practice.,True,False,0,False,29
msg_04920,server_008,server_008_text_2,user_server_008_2132,2025-06-16 16:19:43,Entire beautiful newspaper every quality soon start.,False,False,0,False,52
msg_04921,server_001,server_001_text_1,user_server_001_5712,2026-02-19 22:59:49,Traditional must exist know task day civil.,True,False,0,False,43
msg_04922,server_006,server_006_text_2,user_server_006_3114,2026-02-28 17:17:49,Size anything kind partner national within far buy.,False,False,0,False,51
msg_04923,server_010,server_010_text_4,user_server_010_6536,2025-11-06 01:01:02,"Sister TV lot couple order carry floor still. Manage race letter his. Experience free piece wall record ground.
Court deal piece cell step million employee. Pattern second machine include.",False,False,3,False,188
msg_04924,server_001,server_001_text_2,user_server_001_6383,2025-10-09 12:11:17,Medical production power why continue local.,False,False,0,True,44
msg_04925,server_007,server_007_text_2,user_server_007_4013,2026-01-08 11:00:17,"Long onto hair. Expert than so board.
Necessary quality now soon. Tell bit score candidate movie raise.
Analysis plan important far.",False,False,5,False,132
msg_04926,server_010,server_010_text_4,user_server_010_4609,2025-09-13 17:32:47,Lead she kid popular.,False,False,0,False,21
msg_04927,server_009,server_009_text_1,user_server_009_7281,2026-04-22 12:49:48,Decide program finally pressure same character land.,False,False,0,False,52
msg_04928,server_004,server_004_text_5,user_server_004_7912,2026-01-12 03:54:30,Whose end worry recognize share detail.,False,False,0,False,39
msg_04929,server_005,server_005_text_3,user_server_005_7934,2026-04-11 14:24:24,Watch director glass take contain lot occur.,False,False,0,False,44
msg_04930,server_006,server_006_text_1,user_server_006_9690,2026-05-20 11:57:47,"Mind when score fact who. Realize hair involve than. Generation fly movie executive again. Smile thus respond politics.
Year language different mission history. Base audience have whether.",False,False,0,False,188
msg_04931,server_002,server_002_text_3,user_server_002_1094,2025-07-17 12:11:45,Draw never audience four.,False,False,0,False,25
msg_04932,server_003,server_003_text_1,user_server_003_9737,2025-08-15 13:24:39,In save shake that impact wide.,False,False,0,False,31
msg_04933,server_009,server_009_text_1,user_server_009_4643,2026-01-23 23:05:35,Why campaign anything learn.,False,False,3,False,28
msg_04934,server_010,server_010_text_2,user_server_010_3440,2026-05-13 20:10:41,Level continue property affect nearly himself.,False,False,0,False,46
msg_04935,server_002,server_002_text_3,user_server_002_3807,2025-11-02 08:12:51,"Prove usually agree participant. Never light Republican war while.
Both computer behind goal. Scientist everyone for hard. Indicate city organization various.
Assume chair whether various want.",False,False,0,False,193
msg_04936,server_009,server_009_text_1,user_server_009_1674,2026-02-13 05:45:26,Over here either respond I.,False,False,0,False,27
msg_04937,server_008,server_008_text_5,user_server_008_3581,2025-08-26 05:45:58,Inside imagine item factor happy no purpose.,False,False,0,False,44
msg_04938,server_010,server_010_text_4,user_server_010_6536,2026-03-20 06:50:39,Kind else until choose large million.,False,False,3,False,37
msg_04939,server_005,server_005_text_6,user_server_005_4268,2025-11-15 15:31:52,Popular daughter pull between.,False,False,0,False,30
msg_04940,server_003,server_003_text_1,user_server_003_9261,2026-01-24 21:40:04,Allow politics sort himself sea social place.,False,False,0,False,45
msg_04941,server_007,server_007_text_2,user_server_007_8788,2026-04-17 07:40:06,"Item language change sure carry. Include stay pattern mission. Time degree worry popular rise general.
Whatever charge also any bar sport.",False,False,0,False,138
msg_04942,server_006,server_006_text_1,user_server_006_8608,2026-05-25 07:25:35,Last keep exist respond place those peace.,False,False,0,False,42
msg_04943,server_004,server_004_text_3,user_server_004_3858,2025-09-29 20:58:18,"Step easy dark man it sing. Practice office air table. Happy finally since future.
Chance others network born authority. Security everything already strategy food money red prepare.",False,False,0,False,181
msg_04944,server_003,server_003_text_3,user_server_003_9230,2026-04-25 11:50:34,Wrong yet budget two strong likely sure.,False,False,0,False,40
msg_04945,server_010,server_010_text_3,user_server_010_6014,2026-02-02 18:51:11,Watch check team perform sound bag issue. Modern late write. Successful fund protect fine huge challenge. Minute smile middle form reduce relate sure him.,False,False,0,True,154
msg_04946,server_010,server_010_text_2,user_server_010_2018,2026-02-15 21:51:56,Develop dinner of himself social. Bank really young light ten prove debate. Dark measure official role old discover power. Manage success smile artist.,False,False,0,False,151
msg_04947,server_006,server_006_text_1,user_server_006_9869,2026-02-17 01:28:18,Account culture off heavy center bar eat imagine.,False,False,0,False,49
msg_04948,server_009,server_009_text_2,user_server_009_1168,2025-12-17 10:34:57,"Imagine school out appear prepare left billion.
Music task six traditional pretty away. Guess also fine writer foot. Bed law first.",False,False,0,False,131
msg_04949,server_002,server_002_text_1,user_server_002_1660,2025-09-01 03:51:19,Safe nothing according item. Impact surface stay loss leave at notice. Finish director too trade.,False,False,0,False,97
msg_04950,server_009,server_009_text_1,user_server_009_1778,2026-02-11 23:55:25,Space draw rather own.,False,False,5,False,22
msg_04951,server_004,server_004_text_5,user_server_004_8050,2025-08-08 15:22:28,"Protect contain I go. Believe report result artist executive. Population nor several bank.
Able despite message gun. Some agency inside finally. Authority kitchen as time can concern car.",False,False,0,False,187
msg_04952,server_009,server_009_text_1,user_server_009_7676,2025-10-11 08:20:02,"Cold stuff score draw live role consumer. Leader he no. Produce international federal.
Real act success quite speak stuff. Claim Congress line technology early. Factor see pick various.",False,False,0,False,185
msg_04953,server_008,server_008_text_3,user_server_008_6261,2026-03-05 23:43:51,Truth now thank capital important member.,False,True,0,False,41
msg_04954,server_004,server_004_text_5,user_server_004_2445,2026-01-15 03:48:45,To later change left PM hit.,True,False,0,False,28
msg_04955,server_001,server_001_text_2,user_server_001_4033,2026-05-16 13:46:21,"Not soon each interest.
Listen enough voice everything.
Study model interesting leg. Short involve report seven want deep. Education enjoy heavy line industry name seem.",False,False,0,False,169
msg_04956,server_008,server_008_text_5,user_server_008_7069,2026-02-05 11:57:44,Rich many possible interest watch.,False,False,0,True,34
msg_04957,server_006,server_006_text_1,user_server_006_4628,2025-11-19 23:58:18,Student help long style degree career information.,True,False,1,False,50
msg_04958,server_001,server_001_text_2,user_server_001_7267,2026-01-17 07:35:56,Bar should without want else.,False,False,0,False,29
msg_04959,server_007,server_007_text_1,user_server_007_2274,2026-04-27 19:51:45,Help game eat movement deal option perform.,False,False,0,False,43
msg_04960,server_010,server_010_text_4,user_server_010_3402,2026-01-06 22:27:24,Head role until well.,True,False,0,False,21
msg_04961,server_010,server_010_text_3,user_server_010_7355,2025-09-12 17:37:12,Exactly daughter maintain receive.,False,False,0,False,34
msg_04962,server_002,server_002_text_3,user_server_002_2761,2025-12-16 00:44:43,Continue just amount per miss.,False,False,0,False,30
msg_04963,server_010,server_010_text_4,user_server_010_9650,2025-12-06 14:59:48,Idea visit look police thought.,False,False,3,False,31
msg_04964,server_006,server_006_text_2,user_server_006_5987,2026-01-24 00:12:38,Sign cultural eat bring center enjoy.,False,False,0,False,37
msg_04965,server_002,server_002_text_2,user_server_002_3347,2025-10-07 22:46:33,Term service seem price.,False,False,0,False,24
msg_04966,server_009,server_009_text_1,user_server_009_9708,2026-02-06 22:47:29,"Certainly role because dark series own. Worker sound fish coach. Alone age home theory pull work career move.
Dinner effort air under pay go television. Other design set soldier.",False,False,0,False,178
msg_04967,server_009,server_009_text_2,user_server_009_2335,2026-04-04 08:24:46,Certain involve go food race.,False,False,0,False,29
msg_04968,server_009,server_009_text_2,user_server_009_4935,2025-07-15 08:07:25,Look foreign home official Republican amount.,False,False,0,False,45
msg_04969,server_007,server_007_text_2,user_server_007_4219,2026-04-26 03:23:28,Friend some risk style look lot hold.,False,False,0,False,37
msg_04970,server_008,server_008_text_6,user_server_008_3204,2025-11-21 23:36:57,Manager mention lead response claim owner around responsibility. Song ahead this must help sell make. Culture face hand parent theory.,False,False,0,False,134
msg_04971,server_009,server_009_text_1,user_server_009_2189,2025-11-21 05:36:38,Suffer hard third sound wonder.,False,False,0,False,31
msg_04972,server_005,server_005_text_3,user_server_005_3190,2026-04-15 08:39:57,Address sister understand mouth.,False,False,0,False,32
msg_04973,server_002,server_002_text_3,user_server_002_2438,2026-05-06 09:21:01,Edge charge step leg.,True,False,0,False,21
msg_04974,server_010,server_010_text_3,user_server_010_7682,2026-01-29 13:58:20,Body country really author. Despite process official south. Mind evening small.,False,False,0,False,79
msg_04975,server_007,server_007_text_2,user_server_007_3327,2026-02-28 07:00:11,Public but fly score sister pretty room.,False,False,5,False,40
msg_04976,server_007,server_007_text_2,user_server_007_5430,2026-01-31 09:36:19,"Answer range service husband century. Party detail threat figure manage speak. Dark loss full analysis miss exactly.
He fine five table federal. Century meeting hot visit most really easy.",False,False,0,False,188
msg_04977,server_004,server_004_text_2,user_server_004_2805,2026-06-15 09:24:08,Public thank power community series free know.,False,False,4,False,46
msg_04978,server_007,server_007_text_2,user_server_007_2805,2025-11-17 23:46:32,Successful wonder from above food none site.,False,False,0,False,44
msg_04979,server_008,server_008_text_4,user_server_008_5616,2026-06-07 19:17:45,Tough five turn financial night enough focus.,False,False,0,False,45
msg_04980,server_006,server_006_text_2,user_server_006_6252,2026-03-29 03:33:13,Direction authority continue radio create win through.,True,True,0,False,54
msg_04981,server_001,server_001_text_1,user_server_001_5526,2025-09-17 01:41:30,Ground election behind into energy.,True,False,0,False,35
msg_04982,server_010,server_010_text_4,user_server_010_7682,2025-07-14 22:35:17,Best rather strategy company do or assume.,False,False,0,False,42
msg_04983,server_010,server_010_text_3,user_server_010_7682,2025-08-01 22:13:13,Garden sort fund full politics church. About before budget business executive.,False,False,0,False,78
msg_04984,server_005,server_005_text_4,user_server_005_8825,2026-02-27 05:51:34,Customer hold deep open employee box.,True,False,0,False,37
msg_04985,server_010,server_010_text_3,user_server_010_7974,2026-04-02 01:45:39,Whose join evidence billion.,False,False,0,False,28
msg_04986,server_004,server_004_text_3,user_server_004_6729,2026-03-14 07:51:03,To leg popular from the.,True,False,0,False,24
msg_04987,server_004,server_004_text_5,user_server_004_3964,2025-11-25 02:48:42,"Bed degree assume at care. Summer commercial any stop law than. Exist physical end serve.
Top enough like dinner brother brother. Throughout fund top model. Other nice such large.",False,False,0,False,179
msg_04988,server_004,server_004_text_4,user_server_004_2384,2026-04-08 02:11:32,"Customer newspaper partner possible cost customer money. Improve send likely standard central travel four travel.
Help less arrive turn more Mrs work there.",False,False,0,False,156
msg_04989,server_002,server_002_text_4,user_server_002_4519,2026-02-03 23:53:45,Street newspaper shoulder inside move term hear wall. Person now action or. At author born other candidate son everybody.,False,False,0,False,121
msg_04990,server_009,server_009_text_2,user_server_009_2423,2026-05-12 17:21:32,Get different start determine figure class doctor.,True,False,0,False,50
msg_04991,server_007,server_007_text_2,user_server_007_3147,2025-12-04 01:33:36,Term tell attack mother.,False,False,0,False,24
msg_04992,server_009,server_009_text_1,user_server_009_1450,2026-05-22 17:36:06,Action rise feeling able.,False,False,0,False,25
msg_04993,server_002,server_002_text_3,user_server_002_4485,2025-10-28 18:36:40,Walk product your lose not.,True,False,0,False,27
msg_04994,server_004,server_004_text_2,user_server_004_9907,2026-03-20 13:21:55,Color need high move politics film make.,False,False,0,False,40
msg_04995,server_007,server_007_text_1,user_server_007_2312,2025-11-26 05:33:41,Common phone white only natural. Rate tell natural best. Character data child another this lose bit.,False,False,0,False,100
msg_04996,server_001,server_001_text_2,user_server_001_2527,2025-09-27 20:41:40,Material enter sign sit join firm clear. Property front seat production teacher capital however.,False,False,0,False,96
msg_04997,server_006,server_006_text_2,user_server_006_3996,2026-04-27 14:39:02,Crime section first then hour.,False,False,0,False,30
msg_04998,server_004,server_004_text_1,user_server_004_4372,2026-01-05 08:09:48,Expert culture exist wish behind foot.,False,False,0,False,38
msg_04999,server_010,server_010_text_3,user_server_010_1598,2026-02-24 16:44:13,Outside hold major I industry boy important.,False,False,0,False,44
msg_05000,server_010,server_010_text_3,user_server_010_3953,2026-02-22 21:45:34,Send indicate move church society despite single.,False,False,0,False,49
